{"FFC_sans_bias60": {"write": {"device_start": -1, "host_queued_start": 1585579226.255584, "device_queued": -1, "device_end": -1, "host_queued_end": 1585579226.264588}, "device": "gpu", "nd_range": {"device_start": 1585579161.0766032, "device_end": 1585579161.0790699}, "cmdq": 2, "read": {"device_start": -1, "device_end": -1}}, "FFC_sans_bias4": {"write": {"device_start": -1, "host_queued_start": 1585579226.248945, "device_queued": -1, "device_end": -1, "host_queued_end": 1585579226.264588}, "device": "gpu", "nd_range": {"device_start": 1585579161.0714, "device_end": 1585579161.0720034}, "cmdq": 0, "read": {"device_start": -1, "device_end": -1}}, "FFC_sans_bias7": {"write": {"device_start": 1585579161.0787063, "host_queued_start": 1585579226.256932, "device_queued": 1585579161.0639296, "device_end": 1585579161.078737, "host_queued_end": 1585579226.264588}, "device": "gpu", "nd_range": {"device_start": 1585579161.0787587, "device_end": 1585579161.0805445}, "cmdq": 4, "read": {"device_start": 1585579161.080548, "device_end": 1585579161.0805714}}, "FFC_sans_bias6": {"write": {"device_start": -1, "host_queued_start": 1585579226.25362, "device_queued": -1, "device_end": -1, "host_queued_end": 1585579226.264588}, "device": "gpu", "nd_range": {"device_start": 1585579161.0755856, "device_end": 1585579161.076196}, "cmdq": 1, "read": {"device_start": -1, "device_end": -1}}, "FFC_sans_bias1": {"write": {"device_start": 1585579161.0598183, "host_queued_start": 1585579226.222766, "device_queued": 1585579161.0596776, "device_end": 1585579161.0598438, "host_queued_end": 1585579226.264588}, "device": "gpu", "nd_range": {"device_start": 1585579161.0598474, "device_end": 1585579161.0608077}, "cmdq": 4, "read": {"device_start": -1, "device_end": -1}}, "FFC_sans_bias0": {"write": {"device_start": 1585579161.059737, "host_queued_start": 1585579226.221679, "device_queued": 1585579161.0596519, "device_end": 1585579161.059793, "host_queued_end": 1585579226.264588}, "device": "gpu", "nd_range": {"device_start": 1585579161.0597987, "device_end": 1585579161.0604038}, "cmdq": 3, "read": {"device_start": -1, "device_end": -1}}, "FFC_sans_bias2": {"write": {"device_start": 1585579161.0599937, "host_queued_start": 1585579226.223826, "device_queued": 1585579161.0598946, "device_end": 1585579161.0600626, "host_queued_end": 1585579226.264588}, "device": "gpu", "nd_range": {"device_start": 1585579161.0600665, "device_end": 1585579161.0613751}, "cmdq": 0, "read": {"device_start": -1, "device_end": -1}}, "FFC_sans_bias61": {"write": {"device_start": 1585579161.080236, "host_queued_start": 1585579226.263426, "device_queued": 1585579161.0649235, "device_end": 1585579161.0802615, "host_queued_end": 1585579226.264588}, "device": "gpu", "nd_range": {"device_start": 1585579161.08028, "device_end": 1585579161.0824459}, "cmdq": 0, "read": {"device_start": 1585579161.0830777, "device_end": 1585579161.083107}}, "FFC_sans_bias52": {"write": {"device_start": 1585579161.0807378, "host_queued_start": 1585579226.262339, "device_queued": 1585579161.0646222, "device_end": 1585579161.0807686, "host_queued_end": 1585579226.264588}, "device": "gpu", "nd_range": {"device_start": 1585579161.0807822, "device_end": 1585579161.0829318}, "cmdq": 4, "read": {"device_start": 1585579161.082941, "device_end": 1585579161.082963}}, "FFC_sans_bias9": {"write": {"device_start": 1585579161.060072, "host_queued_start": 1585579226.225031, "device_queued": 1585579161.059952, "device_end": 1585579161.0601327, "host_queued_end": 1585579226.264588}, "device": "gpu", "nd_range": {"device_start": 1585579161.0601993, "device_end": 1585579161.0617986}, "cmdq": 1, "read": {"device_start": -1, "device_end": -1}}, "coalesced_transpose39": {"write": {"device_start": -1, "host_queued_start": 1585579226.247685, "device_queued": -1, "device_end": -1, "host_queued_end": 1585579226.264588}, "device": "gpu", "nd_range": {"device_start": 1585579161.0715108, "device_end": 1585579161.0723705}, "cmdq": 1, "read": {"device_start": -1, "device_end": -1}}, "FFC_sans_bias55": {"write": {"device_start": 1585579161.0677354, "host_queued_start": 1585579226.242931, "device_queued": 1585579161.0617366, "device_end": 1585579161.0677612, "host_queued_end": 1585579226.264588}, "device": "gpu", "nd_range": {"device_start": 1585579161.0677683, "device_end": 1585579161.0700753}, "cmdq": 3, "read": {"device_start": -1, "device_end": -1}}, "FFC_sans_bias54": {"write": {"device_start": 1585579161.067255, "host_queued_start": 1585579226.241879, "device_queued": 1585579161.061721, "device_end": 1585579161.0672815, "host_queued_end": 1585579226.264588}, "device": "gpu", "nd_range": {"device_start": 1585579161.0672877, "device_end": 1585579161.0695584}, "cmdq": 2, "read": {"device_start": -1, "device_end": -1}}, "FFC_sans_bias56": {"write": {"device_start": 1585579161.0667992, "host_queued_start": 1585579226.240797, "device_queued": 1585579161.0616932, "device_end": 1585579161.0668252, "host_queued_end": 1585579226.264588}, "device": "gpu", "nd_range": {"device_start": 1585579161.066841, "device_end": 1585579161.0691075}, "cmdq": 1, "read": {"device_start": -1, "device_end": -1}}, "FFC_sans_bias51": {"write": {"device_start": -1, "host_queued_start": 1585579226.255261, "device_queued": -1, "device_end": -1, "host_queued_end": 1585579226.264588}, "device": "gpu", "nd_range": {"device_start": 1585579161.0762064, "device_end": 1585579161.0781255}, "cmdq": 1, "read": {"device_start": -1, "device_end": -1}}, "softmax23": {"write": {"device_start": -1, "host_queued_start": 1585579226.252007, "device_queued": -1, "device_end": -1, "host_queued_end": 1585579226.264588}, "device": "gpu", "nd_range": {"device_start": 1585579161.0734527, "device_end": 1585579161.0752797}, "cmdq": 0, "read": {"device_start": -1, "device_end": -1}}, "FFC_sans_bias37": {"write": {"device_start": 1585579161.0644236, "host_queued_start": 1585579226.235561, "device_queued": 1585579161.0610764, "device_end": 1585579161.064449, "host_queued_end": 1585579226.264588}, "device": "gpu", "nd_range": {"device_start": 1585579161.064465, "device_end": 1585579161.0666924}, "cmdq": 1, "read": {"device_start": -1, "device_end": -1}}, "empty62": {"write": {"device_start": 1585579161.059566, "host_queued_start": 1585579226.219853, "device_queued": 1585579161.0594347, "device_end": 1585579161.0596411, "host_queued_end": 1585579226.264588}, "device": "gpu", "nd_range": {"device_start": 1585579161.0597072, "device_end": 1585579161.0597131}, "cmdq": 1, "read": {"device_start": -1, "device_end": -1}}, "FFC_sans_bias70": {"write": {"device_start": 1585579161.081707, "host_queued_start": 1585579226.264483, "device_queued": 1585579161.064998, "device_end": 1585579161.0817382, "host_queued_end": 1585579226.264588}, "device": "gpu", "nd_range": {"device_start": 1585579161.0817502, "device_end": 1585579161.0833526}, "cmdq": 1, "read": {"device_start": 1585579161.0833592, "device_end": 1585579161.0833814}}, "FFC_sans_bias58": {"write": {"device_start": -1, "host_queued_start": 1585579226.250924, "device_queued": -1, "device_end": -1, "host_queued_end": 1585579226.264588}, "device": "gpu", "nd_range": {"device_start": 1585579161.0739515, "device_end": 1585579161.0753553}, "cmdq": 1, "read": {"device_start": -1, "device_end": -1}}, "softmax41": {"write": {"device_start": -1, "host_queued_start": 1585579226.252502, "device_queued": -1, "device_end": -1, "host_queued_end": 1585579226.264588}, "device": "gpu", "nd_range": {"device_start": 1585579161.074904, "device_end": 1585579161.075696}, "cmdq": 2, "read": {"device_start": -1, "device_end": -1}}, "FFC_sans_bias11": {"write": {"device_start": 1585579161.0604663, "host_queued_start": 1585579226.227155, "device_queued": 1585579161.0601459, "device_end": 1585579161.060497, "host_queued_end": 1585579226.264588}, "device": "gpu", "nd_range": {"device_start": 1585579161.060501, "device_end": 1585579161.0627959}, "cmdq": 3, "read": {"device_start": -1, "device_end": -1}}, "FFC_sans_bias10": {"write": {"device_start": 1585579161.0601516, "host_queued_start": 1585579226.226067, "device_queued": 1585579161.059967, "device_end": 1585579161.0601761, "host_queued_end": 1585579226.264588}, "device": "gpu", "nd_range": {"device_start": 1585579161.0602214, "device_end": 1585579161.0623355}, "cmdq": 2, "read": {"device_start": -1, "device_end": -1}}, "coalesced_transpose3": {"write": {"device_start": -1, "host_queued_start": 1585579226.24642, "device_queued": -1, "device_end": -1, "host_queued_end": 1585579226.264588}, "device": "gpu", "nd_range": {"device_start": 1585579161.0695593, "device_end": 1585579161.0713367}, "cmdq": 2, "read": {"device_start": -1, "device_end": -1}}, "FFC_sans_bias34": {"write": {"device_start": 1585579161.0791962, "host_queued_start": 1585579226.260135, "device_queued": 1585579161.0641935, "device_end": 1585579161.0792272, "host_queued_end": 1585579226.264588}, "device": "gpu", "nd_range": {"device_start": 1585579161.079244, "device_end": 1585579161.0809963}, "cmdq": 2, "read": {"device_start": 1585579161.0809987, "device_end": 1585579161.0810213}}, "FFC_sans_bias15": {"write": {"device_start": -1, "host_queued_start": 1585579226.253947, "device_queued": -1, "device_end": -1, "host_queued_end": 1585579226.264588}, "device": "gpu", "nd_range": {"device_start": 1585579161.075707, "device_end": 1585579161.0765927}, "cmdq": 2, "read": {"device_start": -1, "device_end": -1}}, "FFC_sans_bias31": {"write": {"device_start": -1, "host_queued_start": 1585579226.249926, "device_queued": -1, "device_end": -1, "host_queued_end": 1585579226.264588}, "device": "gpu", "nd_range": {"device_start": 1585579161.071529, "device_end": 1585579161.0729876}, "cmdq": 3, "read": {"device_start": -1, "device_end": -1}}, "FFC_sans_bias16": {"write": {"device_start": 1585579161.077714, "host_queued_start": 1585579226.25799, "device_queued": 1585579161.0641556, "device_end": 1585579161.0777447, "host_queued_end": 1585579226.264588}, "device": "gpu", "nd_range": {"device_start": 1585579161.0777662, "device_end": 1585579161.080039}, "cmdq": 0, "read": {"device_start": 1585579161.080042, "device_end": 1585579161.0800657}}, "FFC_sans_bias19": {"write": {"device_start": 1585579161.061514, "host_queued_start": 1585579226.229233, "device_queued": 1585579161.0603776, "device_end": 1585579161.061544, "host_queued_end": 1585579226.264588}, "device": "gpu", "nd_range": {"device_start": 1585579161.0615501, "device_end": 1585579161.0637794}, "cmdq": 0, "read": {"device_start": -1, "device_end": -1}}, "FFC_sans_bias18": {"write": {"device_start": 1585579161.0609493, "host_queued_start": 1585579226.228196, "device_queued": 1585579161.0601678, "device_end": 1585579161.06098, "host_queued_end": 1585579226.264588}, "device": "gpu", "nd_range": {"device_start": 1585579161.060987, "device_end": 1585579161.0632846}, "cmdq": 4, "read": {"device_start": -1, "device_end": -1}}, "coalesced_transpose30": {"write": {"device_start": -1, "host_queued_start": 1585579226.247377, "device_queued": -1, "device_end": -1, "host_queued_end": 1585579226.264588}, "device": "gpu", "nd_range": {"device_start": 1585579161.0710375, "device_end": 1585579161.071386}, "cmdq": 0, "read": {"device_start": -1, "device_end": -1}}, "FFC_sans_bias69": {"write": {"device_start": -1, "host_queued_start": 1585579226.25591, "device_queued": -1, "device_end": -1, "host_queued_end": 1585579226.264588}, "device": "gpu", "nd_range": {"device_start": 1585579161.0771718, "device_end": 1585579161.079553}, "cmdq": 3, "read": {"device_start": -1, "device_end": -1}}, "FFC_sans_bias38": {"write": {"device_start": 1585579161.0648735, "host_queued_start": 1585579226.236612, "device_queued": 1585579161.0611014, "device_end": 1585579161.0649004, "host_queued_end": 1585579226.264588}, "device": "gpu", "nd_range": {"device_start": 1585579161.0649066, "device_end": 1585579161.0671518}, "cmdq": 2, "read": {"device_start": -1, "device_end": -1}}, "coalesced_transpose57": {"write": {"device_start": -1, "host_queued_start": 1585579226.24831, "device_queued": -1, "device_end": -1, "host_queued_end": 1585579226.264588}, "device": "gpu", "nd_range": {"device_start": 1585579161.0713646, "device_end": 1585579161.0714238}, "cmdq": 3, "read": {"device_start": -1, "device_end": -1}}, "empty26": {"write": {"device_start": 1585579161.0592036, "host_queued_start": 1585579226.216483, "device_queued": 1585579161.0590403, "device_end": 1585579161.0592752, "host_queued_end": 1585579226.264588}, "device": "gpu", "nd_range": {"device_start": 1585579161.059362, "device_end": 1585579161.0593722}, "cmdq": 2, "read": {"device_start": -1, "device_end": -1}}, "coalesced_transpose12": {"write": {"device_start": -1, "host_queued_start": 1585579226.246747, "device_queued": -1, "device_end": -1, "host_queued_end": 1585579226.264588}, "device": "gpu", "nd_range": {"device_start": 1585579161.0700767, "device_end": 1585579161.0713637}, "cmdq": 3, "read": {"device_start": -1, "device_end": -1}}, "empty44": {"write": {"device_start": 1585579161.0593882, "host_queued_start": 1585579226.218165, "device_queued": 1585579161.0592883, "device_end": 1585579161.0594473, "host_queued_end": 1585579226.264588}, "device": "gpu", "nd_range": {"device_start": 1585579161.0594525, "device_end": 1585579161.059457}, "cmdq": 4, "read": {"device_start": -1, "device_end": -1}}, "coalesced_transpose21": {"write": {"device_start": -1, "host_queued_start": 1585579226.247059, "device_queued": -1, "device_end": -1, "host_queued_end": 1585579226.264588}, "device": "gpu", "nd_range": {"device_start": 1585579161.0705419, "device_end": 1585579161.0713685}, "cmdq": 4, "read": {"device_start": -1, "device_end": -1}}, "FFC_sans_bias36": {"write": {"device_start": 1585579161.0639005, "host_queued_start": 1585579226.234487, "device_queued": 1585579161.061003, "device_end": 1585579161.0639253, "host_queued_end": 1585579226.264588}, "device": "gpu", "nd_range": {"device_start": 1585579161.0639305, "device_end": 1585579161.066174}, "cmdq": 0, "read": {"device_start": -1, "device_end": -1}}, "softmax14": {"write": {"device_start": -1, "host_queued_start": 1585579226.251759, "device_queued": -1, "device_end": -1, "host_queued_end": 1585579226.264588}, "device": "gpu", "nd_range": {"device_start": 1585579161.074429, "device_end": 1585579161.0756795}, "cmdq": 4, "read": {"device_start": -1, "device_end": -1}}, "FFC_sans_bias13": {"write": {"device_start": -1, "host_queued_start": 1585579226.249276, "device_queued": -1, "device_end": -1, "host_queued_end": 1585579226.264588}, "device": "gpu", "nd_range": {"device_start": 1585579161.0723846, "device_end": 1585579161.0739398}, "cmdq": 1, "read": {"device_start": -1, "device_end": -1}}, "empty8": {"write": {"device_start": 1585579161.0589576, "host_queued_start": 1585579226.214592, "device_queued": 1585579161.0588415, "device_end": 1585579161.0589855, "host_queued_end": 1585579226.264588}, "device": "gpu", "nd_range": {"device_start": 1585579161.0589886, "device_end": 1585579161.059011}, "cmdq": 0, "read": {"device_start": -1, "device_end": -1}}, "FFC_sans_bias42": {"write": {"device_start": -1, "host_queued_start": 1585579226.25494, "device_queued": -1, "device_end": -1, "host_queued_end": 1585579226.264588}, "device": "gpu", "nd_range": {"device_start": 1585579161.075731, "device_end": 1585579161.0775921}, "cmdq": 0, "read": {"device_start": -1, "device_end": -1}}, "FFC_sans_bias43": {"write": {"device_start": 1585579161.0796602, "host_queued_start": 1585579226.261232, "device_queued": 1585579161.0643446, "device_end": 1585579161.0796905, "host_queued_end": 1585579226.264588}, "device": "gpu", "nd_range": {"device_start": 1585579161.0797067, "device_end": 1585579161.0819557}, "cmdq": 3, "read": {"device_start": 1585579161.0819597, "device_end": 1585579161.0819838}}, "FFC_sans_bias40": {"write": {"device_start": -1, "host_queued_start": 1585579226.250248, "device_queued": -1, "device_end": -1, "host_queued_end": 1585579226.264588}, "device": "gpu", "nd_range": {"device_start": 1585579161.072405, "device_end": 1585579161.0744166}, "cmdq": 4, "read": {"device_start": -1, "device_end": -1}}, "softmax32": {"write": {"device_start": -1, "host_queued_start": 1585579226.252254, "device_queued": -1, "device_end": -1, "host_queued_end": 1585579226.264588}, "device": "gpu", "nd_range": {"device_start": 1585579161.0753663, "device_end": 1585579161.0755754}, "cmdq": 1, "read": {"device_start": -1, "device_end": -1}}, "FFC_sans_bias47": {"write": {"device_start": 1585579161.0662746, "host_queued_start": 1585579226.239752, "device_queued": 1585579161.0614831, "device_end": 1585579161.0663013, "host_queued_end": 1585579226.264588}, "device": "gpu", "nd_range": {"device_start": 1585579161.0663097, "device_end": 1585579161.0686035}, "cmdq": 0, "read": {"device_start": -1, "device_end": -1}}, "FFC_sans_bias45": {"write": {"device_start": 1585579161.0652988, "host_queued_start": 1585579226.237652, "device_queued": 1585579161.0612266, "device_end": 1585579161.0653245, "host_queued_end": 1585579226.264588}, "device": "gpu", "nd_range": {"device_start": 1585579161.06534, "device_end": 1585579161.0676262}, "cmdq": 3, "read": {"device_start": -1, "device_end": -1}}, "softmax50": {"write": {"device_start": -1, "host_queued_start": 1585579226.252751, "device_queued": -1, "device_end": -1, "host_queued_end": 1585579226.264588}, "device": "gpu", "nd_range": {"device_start": 1585579161.0753078, "device_end": 1585579161.075516}, "cmdq": 3, "read": {"device_start": -1, "device_end": -1}}, "FFC_sans_bias33": {"write": {"device_start": -1, "host_queued_start": 1585579226.254615, "device_queued": -1, "device_end": -1, "host_queued_end": 1585579226.264588}, "device": "gpu", "nd_range": {"device_start": 1585579161.0763807, "device_end": 1585579161.0785773}, "cmdq": 4, "read": {"device_start": -1, "device_end": -1}}, "FFC_sans_bias63": {"write": {"device_start": 1585579161.0692122, "host_queued_start": 1585579226.246076, "device_queued": 1585579161.0622234, "device_end": 1585579161.0692384, "host_queued_end": 1585579226.264588}, "device": "gpu", "nd_range": {"device_start": 1585579161.0692546, "device_end": 1585579161.0715098}, "cmdq": 1, "read": {"device_start": -1, "device_end": -1}}, "FFC_sans_bias49": {"write": {"device_start": -1, "host_queued_start": 1585579226.250581, "device_queued": -1, "device_end": -1, "host_queued_end": 1585579226.264588}, "device": "gpu", "nd_range": {"device_start": 1585579161.0720158, "device_end": 1585579161.0734403}, "cmdq": 0, "read": {"device_start": -1, "device_end": -1}}, "FFC_sans_bias64": {"write": {"device_start": 1585579161.0682473, "host_queued_start": 1585579226.243985, "device_queued": 1585579161.0617697, "device_end": 1585579161.0682728, "host_queued_end": 1585579226.264588}, "device": "gpu", "nd_range": {"device_start": 1585579161.068289, "device_end": 1585579161.07054}, "cmdq": 4, "read": {"device_start": -1, "device_end": -1}}, "FFC_sans_bias65": {"write": {"device_start": 1585579161.0686996, "host_queued_start": 1585579226.245036, "device_queued": 1585579161.062164, "device_end": 1585579161.0687246, "host_queued_end": 1585579226.264588}, "device": "gpu", "nd_range": {"device_start": 1585579161.0687296, "device_end": 1585579161.0710325}, "cmdq": 0, "read": {"device_start": -1, "device_end": -1}}, "FFC_sans_bias67": {"write": {"device_start": -1, "host_queued_start": 1585579226.251245, "device_queued": -1, "device_end": -1, "host_queued_end": 1585579226.264588}, "device": "gpu", "nd_range": {"device_start": 1585579161.0724807, "device_end": 1585579161.0748928}, "cmdq": 2, "read": {"device_start": -1, "device_end": -1}}, "FFC_sans_bias24": {"write": {"device_start": -1, "host_queued_start": 1585579226.254278, "device_queued": -1, "device_end": -1, "host_queued_end": 1585579226.264588}, "device": "gpu", "nd_range": {"device_start": 1585579161.0757177, "device_end": 1585579161.0771618}, "cmdq": 3, "read": {"device_start": -1, "device_end": -1}}, "FFC_sans_bias25": {"write": {"device_start": 1585579161.0793421, "host_queued_start": 1585579226.259057, "device_queued": 1585579161.064416, "device_end": 1585579161.0793731, "host_queued_end": 1585579226.264588}, "device": "gpu", "nd_range": {"device_start": 1585579161.0793934, "device_end": 1585579161.0815098}, "cmdq": 1, "read": {"device_start": 1585579161.0815196, "device_end": 1585579161.0815425}}, "FFC_sans_bias27": {"write": {"device_start": 1585579161.0624418, "host_queued_start": 1585579226.231353, "device_queued": 1585579161.0605872, "device_end": 1585579161.0624673, "host_queued_end": 1585579226.264588}, "device": "gpu", "nd_range": {"device_start": 1585579161.0624745, "device_end": 1585579161.064769}, "cmdq": 2, "read": {"device_start": -1, "device_end": -1}}, "FFC_sans_bias20": {"write": {"device_start": 1585579161.06193, "host_queued_start": 1585579226.230278, "device_queued": 1585579161.060537, "device_end": 1585579161.0619602, "host_queued_end": 1585579226.264588}, "device": "gpu", "nd_range": {"device_start": 1585579161.061964, "device_end": 1585579161.0642407}, "cmdq": 1, "read": {"device_start": -1, "device_end": -1}}, "FFC_sans_bias22": {"write": {"device_start": -1, "host_queued_start": 1585579226.249599, "device_queued": -1, "device_end": -1, "host_queued_end": 1585579226.264588}, "device": "gpu", "nd_range": {"device_start": 1585579161.0714207, "device_end": 1585579161.072469}, "cmdq": 2, "read": {"device_start": -1, "device_end": -1}}, "softmax68": {"write": {"device_start": -1, "host_queued_start": 1585579226.253294, "device_queued": -1, "device_end": -1, "host_queued_end": 1585579226.264588}, "device": "gpu", "nd_range": {"device_start": 1585579161.0752907, "device_end": 1585579161.0754962}, "cmdq": 0, "read": {"device_start": -1, "device_end": -1}}, "softmax5": {"write": {"device_start": -1, "host_queued_start": 1585579226.251504, "device_queued": -1, "device_end": -1, "host_queued_end": 1585579226.264588}, "device": "gpu", "nd_range": {"device_start": 1585579161.0729995, "device_end": 1585579161.0752969}, "cmdq": 3, "read": {"device_start": -1, "device_end": -1}}, "FFC_sans_bias28": {"write": {"device_start": 1585579161.062902, "host_queued_start": 1585579226.232392, "device_queued": 1585579161.0606053, "device_end": 1585579161.0629272, "host_queued_end": 1585579226.264588}, "device": "gpu", "nd_range": {"device_start": 1585579161.0629358, "device_end": 1585579161.0651915}, "cmdq": 3, "read": {"device_start": -1, "device_end": -1}}, "FFC_sans_bias29": {"write": {"device_start": 1585579161.063396, "host_queued_start": 1585579226.233449, "device_queued": 1585579161.0606377, "device_end": 1585579161.0634215, "host_queued_end": 1585579226.264588}, "device": "gpu", "nd_range": {"device_start": 1585579161.0634303, "device_end": 1585579161.0657372}, "cmdq": 4, "read": {"device_start": -1, "device_end": -1}}, "empty17": {"write": {"device_start": 1585579161.0591168, "host_queued_start": 1585579226.215638, "device_queued": 1585579161.059016, "device_end": 1585579161.059173, "host_queued_end": 1585579226.264588}, "device": "gpu", "nd_range": {"device_start": 1585579161.0593345, "device_end": 1585579161.0593657}, "cmdq": 1, "read": {"device_start": -1, "device_end": -1}}, "softmax59": {"write": {"device_start": -1, "host_queued_start": 1585579226.252998, "device_queued": -1, "device_end": -1, "host_queued_end": 1585579226.264588}, "device": "gpu", "nd_range": {"device_start": 1585579161.0756912, "device_end": 1585579161.0763698}, "cmdq": 4, "read": {"device_start": -1, "device_end": -1}}, "empty71": {"write": {"device_start": 1585579161.0596466, "host_queued_start": 1585579226.220665, "device_queued": 1585579161.0594523, "device_end": 1585579161.0596855, "host_queued_end": 1585579226.264588}, "device": "gpu", "nd_range": {"device_start": 1585579161.0597227, "device_end": 1585579161.059728}, "cmdq": 2, "read": {"device_start": -1, "device_end": -1}}, "empty35": {"write": {"device_start": 1585579161.059298, "host_queued_start": 1585579226.217323, "device_queued": 1585579161.0590694, "device_end": 1585579161.0593624, "host_queued_end": 1585579226.264588}, "device": "gpu", "nd_range": {"device_start": 1585579161.0593693, "device_end": 1585579161.0593736}, "cmdq": 3, "read": {"device_start": -1, "device_end": -1}}, "empty53": {"write": {"device_start": 1585579161.0594783, "host_queued_start": 1585579226.219035, "device_queued": 1585579161.0593922, "device_end": 1585579161.0595417, "host_queued_end": 1585579226.264588}, "device": "gpu", "nd_range": {"device_start": 1585579161.0595534, "device_end": 1585579161.059557}, "cmdq": 0, "read": {"device_start": -1, "device_end": -1}}, "FFC_sans_bias46": {"write": {"device_start": 1585579161.0658464, "host_queued_start": 1585579226.238701, "device_queued": 1585579161.0612566, "device_end": 1585579161.065872, "host_queued_end": 1585579226.264588}, "device": "gpu", "nd_range": {"device_start": 1585579161.0658758, "device_end": 1585579161.0681443}, "cmdq": 4, "read": {"device_start": -1, "device_end": -1}}, "coalesced_transpose66": {"write": {"device_start": -1, "host_queued_start": 1585579226.248617, "device_queued": -1, "device_end": -1, "host_queued_end": 1585579226.264588}, "device": "gpu", "nd_range": {"device_start": 1585579161.0713696, "device_end": 1585579161.0714283}, "cmdq": 4, "read": {"device_start": -1, "device_end": -1}}, "coalesced_transpose48": {"write": {"device_start": -1, "host_queued_start": 1585579226.247998, "device_queued": -1, "device_end": -1, "host_queued_end": 1585579226.264588}, "device": "gpu", "nd_range": {"device_start": 1585579161.0713463, "device_end": 1585579161.0714066}, "cmdq": 2, "read": {"device_start": -1, "device_end": -1}}}