{"FFC_sans_bias60": {"write": {"device_start": -1, "host_queued_start": 1585578693.166854, "device_queued": -1, "device_end": -1, "host_queued_end": 1585578693.175261}, "device": "cpu", "nd_range": {"device_start": 2246467.559457196, "device_end": 2246467.575689711}, "cmdq": 2, "read": {"device_start": -1, "device_end": -1}}, "FFC_sans_bias4": {"write": {"device_start": -1, "host_queued_start": 1585578693.159669, "device_queued": -1, "device_end": -1, "host_queued_end": 1585578693.175261}, "device": "cpu", "nd_range": {"device_start": 2246467.4684908353, "device_end": 2246467.4797750893}, "cmdq": 1, "read": {"device_start": -1, "device_end": -1}}, "FFC_sans_bias7": {"write": {"device_start": -1, "host_queued_start": 1585578693.168251, "device_queued": -1, "device_end": -1, "host_queued_end": 1585578693.175261}, "device": "cpu", "nd_range": {"device_start": 2246467.545486878, "device_end": 2246467.560615877}, "cmdq": 1, "read": {"device_start": -1, "device_end": -1}}, "FFC_sans_bias6": {"write": {"device_start": -1, "host_queued_start": 1585578693.164744, "device_queued": -1, "device_end": -1, "host_queued_end": 1585578693.175261}, "device": "cpu", "nd_range": {"device_start": 2246467.524529749, "device_end": 2246467.543276147}, "cmdq": 2, "read": {"device_start": -1, "device_end": -1}}, "FFC_sans_bias1": {"write": {"device_start": -1, "host_queued_start": 1585578693.133143, "device_queued": -1, "device_end": -1, "host_queued_end": 1585578693.175261}, "device": "cpu", "nd_range": {"device_start": 2246467.3649550863, "device_end": 2246467.376750645}, "cmdq": 0, "read": {"device_start": -1, "device_end": -1}}, "FFC_sans_bias0": {"write": {"device_start": -1, "host_queued_start": 1585578693.132093, "device_queued": -1, "device_end": -1, "host_queued_end": 1585578693.175261}, "device": "cpu", "nd_range": {"device_start": 2246467.3649967243, "device_end": 2246467.3802167904}, "cmdq": 2, "read": {"device_start": -1, "device_end": -1}}, "FFC_sans_bias2": {"write": {"device_start": -1, "host_queued_start": 1585578693.134196, "device_queued": -1, "device_end": -1, "host_queued_end": 1585578693.175261}, "device": "cpu", "nd_range": {"device_start": 2246467.364956534, "device_end": 2246467.37419858}, "cmdq": 1, "read": {"device_start": -1, "device_end": -1}}, "FFC_sans_bias61": {"write": {"device_start": -1, "host_queued_start": 1585578693.174216, "device_queued": -1, "device_end": -1, "host_queued_end": 1585578693.175261}, "device": "cpu", "nd_range": {"device_start": 2246467.575897282, "device_end": 2246467.591150579}, "cmdq": 1, "read": {"device_start": -1, "device_end": -1}}, "FFC_sans_bias52": {"write": {"device_start": -1, "host_queued_start": 1585578693.173223, "device_queued": -1, "device_end": -1, "host_queued_end": 1585578693.175261}, "device": "cpu", "nd_range": {"device_start": 2246467.5840219674, "device_end": 2246467.5942592323}, "cmdq": 0, "read": {"device_start": -1, "device_end": -1}}, "FFC_sans_bias9": {"write": {"device_start": -1, "host_queued_start": 1585578693.135432, "device_queued": -1, "device_end": -1, "host_queued_end": 1585578693.175261}, "device": "cpu", "nd_range": {"device_start": 2246467.380335473, "device_end": 2246467.3913703184}, "cmdq": 2, "read": {"device_start": -1, "device_end": -1}}, "coalesced_transpose39": {"write": {"device_start": -1, "host_queued_start": 1585578693.158322, "device_queued": -1, "device_end": -1, "host_queued_end": 1585578693.175261}, "device": "cpu", "nd_range": {"device_start": 2246467.4878706033, "device_end": 2246467.488136218}, "cmdq": 0, "read": {"device_start": -1, "device_end": -1}}, "FFC_sans_bias55": {"write": {"device_start": -1, "host_queued_start": 1585578693.153485, "device_queued": -1, "device_end": -1, "host_queued_end": 1585578693.175261}, "device": "cpu", "nd_range": {"device_start": 2246467.434966457, "device_end": 2246467.448087201}, "cmdq": 1, "read": {"device_start": -1, "device_end": -1}}, "FFC_sans_bias54": {"write": {"device_start": -1, "host_queued_start": 1585578693.152435, "device_queued": -1, "device_end": -1, "host_queued_end": 1585578693.175261}, "device": "cpu", "nd_range": {"device_start": 2246467.468081282, "device_end": 2246467.476632793}, "cmdq": 0, "read": {"device_start": -1, "device_end": -1}}, "FFC_sans_bias56": {"write": {"device_start": -1, "host_queued_start": 1585578693.151367, "device_queued": -1, "device_end": -1, "host_queued_end": 1585578693.175261}, "device": "cpu", "nd_range": {"device_start": 2246467.433150682, "device_end": 2246467.4407764804}, "cmdq": 2, "read": {"device_start": -1, "device_end": -1}}, "FFC_sans_bias51": {"write": {"device_start": -1, "host_queued_start": 1585578693.166505, "device_queued": -1, "device_end": -1, "host_queued_end": 1585578693.175261}, "device": "cpu", "nd_range": {"device_start": 2246467.534466124, "device_end": 2246467.5454797773}, "cmdq": 1, "read": {"device_start": -1, "device_end": -1}}, "softmax23": {"write": {"device_start": -1, "host_queued_start": 1585578693.16301, "device_queued": -1, "device_end": -1, "host_queued_end": 1585578693.175261}, "device": "cpu", "nd_range": {"device_start": 2246467.5238834373, "device_end": 2246467.5241019554}, "cmdq": 2, "read": {"device_start": -1, "device_end": -1}}, "FFC_sans_bias37": {"write": {"device_start": -1, "host_queued_start": 1585578693.146041, "device_queued": -1, "device_end": -1, "host_queued_end": 1585578693.175261}, "device": "cpu", "nd_range": {"device_start": 2246467.442102358, "device_end": 2246467.462291336}, "cmdq": 0, "read": {"device_start": -1, "device_end": -1}}, "empty62": {"write": {"device_start": -1, "host_queued_start": 1585578693.130279, "device_queued": -1, "device_end": -1, "host_queued_end": 1585578693.175261}, "device": "cpu", "nd_range": {"device_start": 2246467.364948865, "device_end": 2246467.3649496343}, "cmdq": 0, "read": {"device_start": -1, "device_end": -1}}, "FFC_sans_bias70": {"write": {"device_start": -1, "host_queued_start": 1585578693.175216, "device_queued": -1, "device_end": -1, "host_queued_end": 1585578693.175261}, "device": "cpu", "nd_range": {"device_start": 2246467.603686234, "device_end": 2246467.609785281}, "cmdq": 2, "read": {"device_start": -1, "device_end": -1}}, "FFC_sans_bias58": {"write": {"device_start": -1, "host_queued_start": 1585578693.161824, "device_queued": -1, "device_end": -1, "host_queued_end": 1585578693.175261}, "device": "cpu", "nd_range": {"device_start": 2246467.490053471, "device_end": 2246467.5053464053}, "cmdq": 1, "read": {"device_start": -1, "device_end": -1}}, "softmax41": {"write": {"device_start": -1, "host_queued_start": 1585578693.163577, "device_queued": -1, "device_end": -1, "host_queued_end": 1585578693.175261}, "device": "cpu", "nd_range": {"device_start": 2246467.516186004, "device_end": 2246467.516395734}, "cmdq": 1, "read": {"device_start": -1, "device_end": -1}}, "FFC_sans_bias11": {"write": {"device_start": -1, "host_queued_start": 1585578693.137533, "device_queued": -1, "device_end": -1, "host_queued_end": 1585578693.175261}, "device": "cpu", "nd_range": {"device_start": 2246467.374207615, "device_end": 2246467.384882146}, "cmdq": 1, "read": {"device_start": -1, "device_end": -1}}, "FFC_sans_bias10": {"write": {"device_start": -1, "host_queued_start": 1585578693.13648, "device_queued": -1, "device_end": -1, "host_queued_end": 1585578693.175261}, "device": "cpu", "nd_range": {"device_start": 2246467.3768660603, "device_end": 2246467.394263083}, "cmdq": 0, "read": {"device_start": -1, "device_end": -1}}, "coalesced_transpose3": {"write": {"device_start": -1, "host_queued_start": 1585578693.156978, "device_queued": -1, "device_end": -1, "host_queued_end": 1585578693.175261}, "device": "cpu", "nd_range": {"device_start": 2246467.462522354, "device_end": 2246467.4627805343}, "cmdq": 2, "read": {"device_start": -1, "device_end": -1}}, "FFC_sans_bias34": {"write": {"device_start": -1, "host_queued_start": 1585578693.171232, "device_queued": -1, "device_end": -1, "host_queued_end": 1585578693.175261}, "device": "cpu", "nd_range": {"device_start": 2246467.560697103, "device_end": 2246467.575890249}, "cmdq": 1, "read": {"device_start": -1, "device_end": -1}}, "FFC_sans_bias15": {"write": {"device_start": -1, "host_queued_start": 1585578693.165088, "device_queued": -1, "device_end": -1, "host_queued_end": 1585578693.175261}, "device": "cpu", "nd_range": {"device_start": 2246467.517218193, "device_end": 2246467.538120713}, "cmdq": 0, "read": {"device_start": -1, "device_end": -1}}, "FFC_sans_bias31": {"write": {"device_start": -1, "host_queued_start": 1585578693.160701, "device_queued": -1, "device_end": -1, "host_queued_end": 1585578693.175261}, "device": "cpu", "nd_range": {"device_start": 2246467.479894298, "device_end": 2246467.489942035}, "cmdq": 1, "read": {"device_start": -1, "device_end": -1}}, "FFC_sans_bias16": {"write": {"device_start": -1, "host_queued_start": 1585578693.169244, "device_queued": -1, "device_end": -1, "host_queued_end": 1585578693.175261}, "device": "cpu", "nd_range": {"device_start": 2246467.5758158714, "device_end": 2246467.592399726}, "cmdq": 2, "read": {"device_start": -1, "device_end": -1}}, "FFC_sans_bias19": {"write": {"device_start": -1, "host_queued_start": 1585578693.139698, "device_queued": -1, "device_end": -1, "host_queued_end": 1585578693.175261}, "device": "cpu", "nd_range": {"device_start": 2246467.39794069, "device_end": 2246467.411870919}, "cmdq": 0, "read": {"device_start": -1, "device_end": -1}}, "FFC_sans_bias18": {"write": {"device_start": -1, "host_queued_start": 1585578693.138653, "device_queued": -1, "device_end": -1, "host_queued_end": 1585578693.175261}, "device": "cpu", "nd_range": {"device_start": 2246467.39148445, "device_end": 2246467.4016031763}, "cmdq": 2, "read": {"device_start": -1, "device_end": -1}}, "coalesced_transpose30": {"write": {"device_start": -1, "host_queued_start": 1585578693.157974, "device_queued": -1, "device_end": -1, "host_queued_end": 1585578693.175261}, "device": "cpu", "nd_range": {"device_start": 2246467.4628921254, "device_end": 2246467.4631397603}, "cmdq": 2, "read": {"device_start": -1, "device_end": -1}}, "FFC_sans_bias69": {"write": {"device_start": -1, "host_queued_start": 1585578693.167198, "device_queued": -1, "device_end": -1, "host_queued_end": 1585578693.175261}, "device": "cpu", "nd_range": {"device_start": 2246467.553512331, "device_end": 2246467.568793668}, "cmdq": 0, "read": {"device_start": -1, "device_end": -1}}, "FFC_sans_bias38": {"write": {"device_start": -1, "host_queued_start": 1585578693.147123, "device_queued": -1, "device_end": -1, "host_queued_end": 1585578693.175261}, "device": "cpu", "nd_range": {"device_start": 2246467.410777348, "device_end": 2246467.4191584922}, "cmdq": 1, "read": {"device_start": -1, "device_end": -1}}, "coalesced_transpose57": {"write": {"device_start": -1, "host_queued_start": 1585578693.158991, "device_queued": -1, "device_end": -1, "host_queued_end": 1585578693.175261}, "device": "cpu", "nd_range": {"device_start": 2246467.4632479143, "device_end": 2246467.46349039}, "cmdq": 2, "read": {"device_start": -1, "device_end": -1}}, "empty26": {"write": {"device_start": -1, "host_queued_start": 1585578693.127025, "device_queued": -1, "device_end": -1, "host_queued_end": 1585578693.175261}, "device": "cpu", "nd_range": {"device_start": 2246467.364965861, "device_end": 2246467.364971849}, "cmdq": 2, "read": {"device_start": -1, "device_end": -1}}, "coalesced_transpose12": {"write": {"device_start": -1, "host_queued_start": 1585578693.157309, "device_queued": -1, "device_end": -1, "host_queued_end": 1585578693.175261}, "device": "cpu", "nd_range": {"device_start": 2246467.487583858, "device_end": 2246467.48786096}, "cmdq": 0, "read": {"device_start": -1, "device_end": -1}}, "empty44": {"write": {"device_start": -1, "host_queued_start": 1585578693.128669, "device_queued": -1, "device_end": -1, "host_queued_end": 1585578693.175261}, "device": "cpu", "nd_range": {"device_start": 2246467.364943454, "device_end": 2246467.364944781}, "cmdq": 1, "read": {"device_start": -1, "device_end": -1}}, "coalesced_transpose21": {"write": {"device_start": -1, "host_queued_start": 1585578693.157643, "device_queued": -1, "device_end": -1, "host_queued_end": 1585578693.175261}, "device": "cpu", "nd_range": {"device_start": 2246467.456392799, "device_end": 2246467.456543697}, "cmdq": 1, "read": {"device_start": -1, "device_end": -1}}, "FFC_sans_bias36": {"write": {"device_start": -1, "host_queued_start": 1585578693.144997, "device_queued": -1, "device_end": -1, "host_queued_end": 1585578693.175261}, "device": "cpu", "nd_range": {"device_start": 2246467.4169515492, "device_end": 2246467.425524691}, "cmdq": 2, "read": {"device_start": -1, "device_end": -1}}, "softmax14": {"write": {"device_start": -1, "host_queued_start": 1585578693.162732, "device_queued": -1, "device_end": -1, "host_queued_end": 1585578693.175261}, "device": "cpu", "nd_range": {"device_start": 2246467.50546219, "device_end": 2246467.5056818193}, "cmdq": 1, "read": {"device_start": -1, "device_end": -1}}, "FFC_sans_bias13": {"write": {"device_start": -1, "host_queued_start": 1585578693.160013, "device_queued": -1, "device_end": -1, "host_queued_end": 1585578693.175261}, "device": "cpu", "nd_range": {"device_start": 2246467.489648677, "device_end": 2246467.504864058}, "cmdq": 2, "read": {"device_start": -1, "device_end": -1}}, "empty8": {"write": {"device_start": -1, "host_queued_start": 1585578693.125113, "device_queued": -1, "device_end": -1, "host_queued_end": 1585578693.175261}, "device": "cpu", "nd_range": {"device_start": 2246467.364903063, "device_end": 2246467.364917987}, "cmdq": 0, "read": {"device_start": -1, "device_end": -1}}, "FFC_sans_bias42": {"write": {"device_start": -1, "host_queued_start": 1585578693.166159, "device_queued": -1, "device_end": -1, "host_queued_end": 1585578693.175261}, "device": "cpu", "nd_range": {"device_start": 2246467.538130201, "device_end": 2246467.55350457}, "cmdq": 0, "read": {"device_start": -1, "device_end": -1}}, "FFC_sans_bias43": {"write": {"device_start": -1, "host_queued_start": 1585578693.172228, "device_queued": -1, "device_end": -1, "host_queued_end": 1585578693.175261}, "device": "cpu", "nd_range": {"device_start": 2246467.5984152923, "device_end": 2246467.603679441}, "cmdq": 2, "read": {"device_start": -1, "device_end": -1}}, "FFC_sans_bias40": {"write": {"device_start": -1, "host_queued_start": 1585578693.161044, "device_queued": -1, "device_end": -1, "host_queued_end": 1585578693.175261}, "device": "cpu", "nd_range": {"device_start": 2246467.504995374, "device_end": 2246467.5135764712}, "cmdq": 2, "read": {"device_start": -1, "device_end": -1}}, "softmax32": {"write": {"device_start": -1, "host_queued_start": 1585578693.163284, "device_queued": -1, "device_end": -1, "host_queued_end": 1585578693.175261}, "device": "cpu", "nd_range": {"device_start": 2246467.516773195, "device_end": 2246467.516996371}, "cmdq": 0, "read": {"device_start": -1, "device_end": -1}}, "FFC_sans_bias47": {"write": {"device_start": -1, "host_queued_start": 1585578693.150276, "device_queued": -1, "device_end": -1, "host_queued_end": 1585578693.175261}, "device": "cpu", "nd_range": {"device_start": 2246467.41927636, "device_end": 2246467.434842269}, "cmdq": 1, "read": {"device_start": -1, "device_end": -1}}, "FFC_sans_bias45": {"write": {"device_start": -1, "host_queued_start": 1585578693.148174, "device_queued": -1, "device_end": -1, "host_queued_end": 1585578693.175261}, "device": "cpu", "nd_range": {"device_start": 2246467.425645763, "device_end": 2246467.433026474}, "cmdq": 2, "read": {"device_start": -1, "device_end": -1}}, "softmax50": {"write": {"device_start": -1, "host_queued_start": 1585578693.163851, "device_queued": -1, "device_end": -1, "host_queued_end": 1585578693.175261}, "device": "cpu", "nd_range": {"device_start": 2246467.524211865, "device_end": 2246467.5244195852}, "cmdq": 2, "read": {"device_start": -1, "device_end": -1}}, "FFC_sans_bias33": {"write": {"device_start": -1, "host_queued_start": 1585578693.165783, "device_queued": -1, "device_end": -1, "host_queued_end": 1585578693.175261}, "device": "cpu", "nd_range": {"device_start": 2246467.543400544, "device_end": 2246467.55934215}, "cmdq": 2, "read": {"device_start": -1, "device_end": -1}}, "FFC_sans_bias63": {"write": {"device_start": -1, "host_queued_start": 1585578693.156639, "device_queued": -1, "device_end": -1, "host_queued_end": 1585578693.175261}, "device": "cpu", "nd_range": {"device_start": 2246467.448096281, "device_end": 2246467.456385612}, "cmdq": 1, "read": {"device_start": -1, "device_end": -1}}, "FFC_sans_bias49": {"write": {"device_start": -1, "host_queued_start": 1585578693.161472, "device_queued": -1, "device_end": -1, "host_queued_end": 1585578693.175261}, "device": "cpu", "nd_range": {"device_start": 2246467.5040883943, "device_end": 2246467.516543434}, "cmdq": 0, "read": {"device_start": -1, "device_end": -1}}, "FFC_sans_bias64": {"write": {"device_start": -1, "host_queued_start": 1585578693.154539, "device_queued": -1, "device_end": -1, "host_queued_end": 1585578693.175261}, "device": "cpu", "nd_range": {"device_start": 2246467.440892125, "device_end": 2246467.4622921343}, "cmdq": 2, "read": {"device_start": -1, "device_end": -1}}, "FFC_sans_bias65": {"write": {"device_start": -1, "host_queued_start": 1585578693.155595, "device_queued": -1, "device_end": -1, "host_queued_end": 1585578693.175261}, "device": "cpu", "nd_range": {"device_start": 2246467.476639726, "device_end": 2246467.4875771673}, "cmdq": 0, "read": {"device_start": -1, "device_end": -1}}, "FFC_sans_bias67": {"write": {"device_start": -1, "host_queued_start": 1585578693.162166, "device_queued": -1, "device_end": -1, "host_queued_end": 1585578693.175261}, "device": "cpu", "nd_range": {"device_start": 2246467.5136995004, "device_end": 2246467.5237676823}, "cmdq": 2, "read": {"device_start": -1, "device_end": -1}}, "FFC_sans_bias24": {"write": {"device_start": -1, "host_queued_start": 1585578693.165434, "device_queued": -1, "device_end": -1, "host_queued_end": 1585578693.175261}, "device": "cpu", "nd_range": {"device_start": 2246467.5251745763, "device_end": 2246467.534458925}, "cmdq": 1, "read": {"device_start": -1, "device_end": -1}}, "FFC_sans_bias25": {"write": {"device_start": -1, "host_queued_start": 1585578693.170234, "device_queued": -1, "device_end": -1, "host_queued_end": 1585578693.175261}, "device": "cpu", "nd_range": {"device_start": 2246467.568801221, "device_end": 2246467.584017795}, "cmdq": 0, "read": {"device_start": -1, "device_end": -1}}, "FFC_sans_bias27": {"write": {"device_start": -1, "host_queued_start": 1585578693.141813, "device_queued": -1, "device_end": -1, "host_queued_end": 1585578693.175261}, "device": "cpu", "nd_range": {"device_start": 2246467.4017289393, "device_end": 2246467.4168331632}, "cmdq": 2, "read": {"device_start": -1, "device_end": -1}}, "FFC_sans_bias20": {"write": {"device_start": -1, "host_queued_start": 1585578693.140757, "device_queued": -1, "device_end": -1, "host_queued_end": 1585578693.175261}, "device": "cpu", "nd_range": {"device_start": 2246467.3848894453, "device_end": 2246467.3963848483}, "cmdq": 1, "read": {"device_start": -1, "device_end": -1}}, "FFC_sans_bias22": {"write": {"device_start": -1, "host_queued_start": 1585578693.160359, "device_queued": -1, "device_end": -1, "host_queued_end": 1585578693.175261}, "device": "cpu", "nd_range": {"device_start": 2246467.488620817, "device_end": 2246467.503952327}, "cmdq": 0, "read": {"device_start": -1, "device_end": -1}}, "softmax68": {"write": {"device_start": -1, "host_queued_start": 1585578693.164405, "device_queued": -1, "device_end": -1, "host_queued_end": 1585578693.175261}, "device": "cpu", "nd_range": {"device_start": 2246467.524961051, "device_end": 2246467.5251672952}, "cmdq": 1, "read": {"device_start": -1, "device_end": -1}}, "softmax5": {"write": {"device_start": -1, "host_queued_start": 1585578693.162449, "device_queued": -1, "device_end": -1, "host_queued_end": 1585578693.175261}, "device": "cpu", "nd_range": {"device_start": 2246467.5165514583, "device_end": 2246467.516765172}, "cmdq": 0, "read": {"device_start": -1, "device_end": -1}}, "FFC_sans_bias28": {"write": {"device_start": -1, "host_queued_start": 1585578693.142894, "device_queued": -1, "device_end": -1, "host_queued_end": 1585578693.175261}, "device": "cpu", "nd_range": {"device_start": 2246467.413796686, "device_end": 2246467.434094312}, "cmdq": 0, "read": {"device_start": -1, "device_end": -1}}, "FFC_sans_bias29": {"write": {"device_start": -1, "host_queued_start": 1585578693.14395, "device_queued": -1, "device_end": -1, "host_queued_end": 1585578693.175261}, "device": "cpu", "nd_range": {"device_start": 2246467.396514657, "device_end": 2246467.410648033}, "cmdq": 1, "read": {"device_start": -1, "device_end": -1}}, "empty17": {"write": {"device_start": -1, "host_queued_start": 1585578693.126138, "device_queued": -1, "device_end": -1, "host_queued_end": 1585578693.175261}, "device": "cpu", "nd_range": {"device_start": 2246467.3649058933, "device_end": 2246467.364918007}, "cmdq": 1, "read": {"device_start": -1, "device_end": -1}}, "softmax59": {"write": {"device_start": -1, "host_queued_start": 1585578693.16413, "device_queued": -1, "device_end": -1, "host_queued_end": 1585578693.175261}, "device": "cpu", "nd_range": {"device_start": 2246467.517002981, "device_end": 2246467.51721197}, "cmdq": 0, "read": {"device_start": -1, "device_end": -1}}, "empty71": {"write": {"device_start": -1, "host_queued_start": 1585578693.131109, "device_queued": -1, "device_end": -1, "host_queued_end": 1585578693.175261}, "device": "cpu", "nd_range": {"device_start": 2246467.36495028, "device_end": 2246467.3649509354}, "cmdq": 1, "read": {"device_start": -1, "device_end": -1}}, "empty35": {"write": {"device_start": -1, "host_queued_start": 1585578693.127866, "device_queued": -1, "device_end": -1, "host_queued_end": 1585578693.175261}, "device": "cpu", "nd_range": {"device_start": 2246467.3649415863, "device_end": 2246467.364942586}, "cmdq": 0, "read": {"device_start": -1, "device_end": -1}}, "empty53": {"write": {"device_start": -1, "host_queued_start": 1585578693.129472, "device_queued": -1, "device_end": -1, "host_queued_end": 1585578693.175261}, "device": "cpu", "nd_range": {"device_start": 2246467.3649901533, "device_end": 2246467.364991241}, "cmdq": 2, "read": {"device_start": -1, "device_end": -1}}, "FFC_sans_bias46": {"write": {"device_start": -1, "host_queued_start": 1585578693.149219, "device_queued": -1, "device_end": -1, "host_queued_end": 1585578693.175261}, "device": "cpu", "nd_range": {"device_start": 2246467.462298754, "device_end": 2246467.4680702123}, "cmdq": 0, "read": {"device_start": -1, "device_end": -1}}, "coalesced_transpose66": {"write": {"device_start": -1, "host_queued_start": 1585578693.159321, "device_queued": -1, "device_end": -1, "host_queued_end": 1585578693.175261}, "device": "cpu", "nd_range": {"device_start": 2246467.4882564913, "device_end": 2246467.488509503}, "cmdq": 0, "read": {"device_start": -1, "device_end": -1}}, "coalesced_transpose48": {"write": {"device_start": -1, "host_queued_start": 1585578693.158653, "device_queued": -1, "device_end": -1, "host_queued_end": 1585578693.175261}, "device": "cpu", "nd_range": {"device_start": 2246467.4680993604, "device_end": 2246467.468359917}, "cmdq": 1, "read": {"device_start": -1, "device_end": -1}}}