{"FFC_sans_bias60": {"write": {"device_start": -1, "host_queued_start": 1585578751.959189, "device_queued": -1, "device_end": -1, "host_queued_end": 1585578751.965858}, "device": "gpu", "nd_range": {"device_start": 1585578686.7875657, "device_end": 1585578686.7885315}, "cmdq": 0, "read": {"device_start": -1, "device_end": -1}}, "FFC_sans_bias4": {"write": {"device_start": -1, "host_queued_start": 1585578751.976924, "device_queued": -1, "device_end": -1, "host_queued_end": 1585578751.980585}, "device": "cpu", "nd_range": {"device_start": 2246526.200235874, "device_end": 2246526.207276518}, "cmdq": 0, "read": {"device_start": -1, "device_end": -1}}, "FFC_sans_bias7": {"write": {"device_start": -1, "host_queued_start": 1585578751.979518, "device_queued": -1, "device_end": -1, "host_queued_end": 1585578751.980585}, "device": "cpu", "nd_range": {"device_start": 2246526.2309578913, "device_end": 2246526.2362294313}, "cmdq": 0, "read": {"device_start": -1, "device_end": -1}}, "FFC_sans_bias6": {"write": {"device_start": -1, "host_queued_start": 1585578751.978116, "device_queued": -1, "device_end": -1, "host_queued_end": 1585578751.980585}, "device": "cpu", "nd_range": {"device_start": 2246526.216121373, "device_end": 2246526.2249467783}, "cmdq": 0, "read": {"device_start": -1, "device_end": -1}}, "FFC_sans_bias1": {"write": {"device_start": -1, "host_queued_start": 1585578751.971174, "device_queued": -1, "device_end": -1, "host_queued_end": 1585578751.980585}, "device": "cpu", "nd_range": {"device_start": 2246526.17472709, "device_end": 2246526.1786650703}, "cmdq": 0, "read": {"device_start": -1, "device_end": -1}}, "FFC_sans_bias0": {"write": {"device_start": -1, "host_queued_start": 1585578751.969906, "device_queued": -1, "device_end": -1, "host_queued_end": 1585578751.980585}, "device": "cpu", "nd_range": {"device_start": 2246526.170209342, "device_end": 2246526.174713861}, "cmdq": 0, "read": {"device_start": -1, "device_end": -1}}, "FFC_sans_bias2": {"write": {"device_start": -1, "host_queued_start": 1585578751.972346, "device_queued": -1, "device_end": -1, "host_queued_end": 1585578751.980585}, "device": "cpu", "nd_range": {"device_start": 2246526.1787990304, "device_end": 2246526.182640395}, "cmdq": 0, "read": {"device_start": -1, "device_end": -1}}, "FFC_sans_bias61": {"write": {"device_start": 1585578686.790607, "host_queued_start": 1585578751.964723, "device_queued": 1585578686.7773635, "device_end": 1585578686.7906325, "host_queued_end": 1585578751.965858}, "device": "gpu", "nd_range": {"device_start": 1585578686.7906353, "device_end": 1585578686.791374}, "cmdq": 0, "read": {"device_start": 1585578686.791377, "device_end": 1585578686.7914}}, "FFC_sans_bias52": {"write": {"device_start": 1585578686.7901394, "host_queued_start": 1585578751.963695, "device_queued": 1585578686.7772598, "device_end": 1585578686.7901645, "host_queued_end": 1585578751.965858}, "device": "gpu", "nd_range": {"device_start": 1585578686.7901685, "device_end": 1585578686.7909327}, "cmdq": 1, "read": {"device_start": 1585578686.790935, "device_end": 1585578686.790958}}, "FFC_sans_bias9": {"write": {"device_start": -1, "host_queued_start": 1585578751.973589, "device_queued": -1, "device_end": -1, "host_queued_end": 1585578751.980585}, "device": "cpu", "nd_range": {"device_start": 2246526.1827753154, "device_end": 2246526.1866023913}, "cmdq": 0, "read": {"device_start": -1, "device_end": -1}}, "coalesced_transpose39": {"write": {"device_start": -1, "host_queued_start": 1585578751.953371, "device_queued": -1, "device_end": -1, "host_queued_end": 1585578751.965858}, "device": "gpu", "nd_range": {"device_start": 1585578686.7824671, "device_end": 1585578686.782493}, "cmdq": 0, "read": {"device_start": -1, "device_end": -1}}, "FFC_sans_bias55": {"write": {"device_start": 1585578686.7802958, "host_queued_start": 1585578751.949332, "device_queued": 1585578686.775245, "device_end": 1585578686.780324, "host_queued_end": 1585578751.965858}, "device": "gpu", "nd_range": {"device_start": 1585578686.7803304, "device_end": 1585578686.781166}, "cmdq": 0, "read": {"device_start": -1, "device_end": -1}}, "FFC_sans_bias54": {"write": {"device_start": 1585578686.7798188, "host_queued_start": 1585578751.948266, "device_queued": 1585578686.77519, "device_end": 1585578686.7798443, "host_queued_end": 1585578751.965858}, "device": "gpu", "nd_range": {"device_start": 1585578686.77985, "device_end": 1585578686.7806618}, "cmdq": 1, "read": {"device_start": -1, "device_end": -1}}, "FFC_sans_bias56": {"write": {"device_start": 1585578686.7793033, "host_queued_start": 1585578751.9472, "device_queued": 1585578686.7750518, "device_end": 1585578686.7793283, "host_queued_end": 1585578751.965858}, "device": "gpu", "nd_range": {"device_start": 1585578686.779333, "device_end": 1585578686.780182}, "cmdq": 0, "read": {"device_start": -1, "device_end": -1}}, "FFC_sans_bias51": {"write": {"device_start": -1, "host_queued_start": 1585578751.958878, "device_queued": -1, "device_end": -1, "host_queued_end": 1585578751.965858}, "device": "gpu", "nd_range": {"device_start": 1585578686.7869904, "device_end": 1585578686.7879794}, "cmdq": 1, "read": {"device_start": -1, "device_end": -1}}, "softmax23": {"write": {"device_start": -1, "host_queued_start": 1585578751.956399, "device_queued": -1, "device_end": -1, "host_queued_end": 1585578751.965858}, "device": "gpu", "nd_range": {"device_start": 1585578686.7850924, "device_end": 1585578686.7855742}, "cmdq": 0, "read": {"device_start": -1, "device_end": -1}}, "FFC_sans_bias37": {"write": {"device_start": 1585578686.7769191, "host_queued_start": 1585578751.941956, "device_queued": 1585578686.7743835, "device_end": 1585578686.7769456, "host_queued_end": 1585578751.965858}, "device": "gpu", "nd_range": {"device_start": 1585578686.7769525, "device_end": 1585578686.7777793}, "cmdq": 1, "read": {"device_start": -1, "device_end": -1}}, "empty62": {"write": {"device_start": 1585578686.7735415, "host_queued_start": 1585578751.932648, "device_queued": 1585578686.7734394, "device_end": 1585578686.7736104, "host_queued_end": 1585578751.965858}, "device": "gpu", "nd_range": {"device_start": 1585578686.7736251, "device_end": 1585578686.77363}, "cmdq": 0, "read": {"device_start": -1, "device_end": -1}}, "FFC_sans_bias70": {"write": {"device_start": 1585578686.7910943, "host_queued_start": 1585578751.965764, "device_queued": 1585578686.7775333, "device_end": 1585578686.7911196, "host_queued_end": 1585578751.965858}, "device": "gpu", "nd_range": {"device_start": 1585578686.7911217, "device_end": 1585578686.7919066}, "cmdq": 1, "read": {"device_start": 1585578686.7919128, "device_end": 1585578686.7919378}}, "FFC_sans_bias58": {"write": {"device_start": -1, "host_queued_start": 1585578751.955847, "device_queued": -1, "device_end": -1, "host_queued_end": 1585578751.965858}, "device": "gpu", "nd_range": {"device_start": 1585578686.7841005, "device_end": 1585578686.7850912}, "cmdq": 0, "read": {"device_start": -1, "device_end": -1}}, "softmax41": {"write": {"device_start": -1, "host_queued_start": 1585578751.95689, "device_queued": -1, "device_end": -1, "host_queued_end": 1585578751.965858}, "device": "gpu", "nd_range": {"device_start": 1585578686.7855752, "device_end": 1585578686.7857773}, "cmdq": 0, "read": {"device_start": -1, "device_end": -1}}, "FFC_sans_bias11": {"write": {"device_start": -1, "host_queued_start": 1585578751.975943, "device_queued": -1, "device_end": -1, "host_queued_end": 1585578751.980585}, "device": "cpu", "nd_range": {"device_start": 2246526.1927583073, "device_end": 2246526.199449404}, "cmdq": 0, "read": {"device_start": -1, "device_end": -1}}, "FFC_sans_bias10": {"write": {"device_start": -1, "host_queued_start": 1585578751.974754, "device_queued": -1, "device_end": -1, "host_queued_end": 1585578751.980585}, "device": "cpu", "nd_range": {"device_start": 2246526.18673205, "device_end": 2246526.1922363522}, "cmdq": 0, "read": {"device_start": -1, "device_end": -1}}, "coalesced_transpose3": {"write": {"device_start": -1, "host_queued_start": 1585578751.976269, "device_queued": -1, "device_end": -1, "host_queued_end": 1585578751.980585}, "device": "cpu", "nd_range": {"device_start": 2246526.1994845923, "device_end": 2246526.19977281}, "cmdq": 0, "read": {"device_start": -1, "device_end": -1}}, "FFC_sans_bias34": {"write": {"device_start": 1585578686.7890687, "host_queued_start": 1585578751.961616, "device_queued": 1585578686.7770674, "device_end": 1585578686.789094, "host_queued_end": 1585578751.965858}, "device": "gpu", "nd_range": {"device_start": 1585578686.789097, "device_end": 1585578686.7899578}, "cmdq": 1, "read": {"device_start": 1585578686.7899601, "device_end": 1585578686.7899845}}, "FFC_sans_bias15": {"write": {"device_start": -1, "host_queued_start": 1585578751.978442, "device_queued": -1, "device_end": -1, "host_queued_end": 1585578751.980585}, "device": "cpu", "nd_range": {"device_start": 2246526.2249548053, "device_end": 2246526.230950892}, "cmdq": 0, "read": {"device_start": -1, "device_end": -1}}, "FFC_sans_bias31": {"write": {"device_start": -1, "host_queued_start": 1585578751.954909, "device_queued": -1, "device_end": -1, "host_queued_end": 1585578751.965858}, "device": "gpu", "nd_range": {"device_start": 1585578686.7829828, "device_end": 1585578686.783588}, "cmdq": 1, "read": {"device_start": -1, "device_end": -1}}, "FFC_sans_bias16": {"write": {"device_start": -1, "host_queued_start": 1585578751.98054, "device_queued": -1, "device_end": -1, "host_queued_end": 1585578751.980585}, "device": "cpu", "nd_range": {"device_start": 2246526.236233136, "device_end": 2246526.2420358174}, "cmdq": 0, "read": {"device_start": -1, "device_end": -1}}, "FFC_sans_bias19": {"write": {"device_start": 1585578686.7738876, "host_queued_start": 1585578751.935519, "device_queued": 1585578686.7737908, "device_end": 1585578686.773918, "host_queued_end": 1585578751.965858}, "device": "gpu", "nd_range": {"device_start": 1585578686.7739208, "device_end": 1585578686.7747986}, "cmdq": 1, "read": {"device_start": -1, "device_end": -1}}, "FFC_sans_bias18": {"write": {"device_start": 1585578686.7737486, "host_queued_start": 1585578751.934429, "device_queued": 1585578686.7735271, "device_end": 1585578686.7737787, "host_queued_end": 1585578751.965858}, "device": "gpu", "nd_range": {"device_start": 1585578686.7737892, "device_end": 1585578686.7744017}, "cmdq": 0, "read": {"device_start": -1, "device_end": -1}}, "coalesced_transpose30": {"write": {"device_start": -1, "host_queued_start": 1585578751.953067, "device_queued": -1, "device_end": -1, "host_queued_end": 1585578751.965858}, "device": "gpu", "nd_range": {"device_start": 1585578686.7825878, "device_end": 1585578686.782936}, "cmdq": 1, "read": {"device_start": -1, "device_end": -1}}, "FFC_sans_bias69": {"write": {"device_start": -1, "host_queued_start": 1585578751.959503, "device_queued": -1, "device_end": -1, "host_queued_end": 1585578751.965858}, "device": "gpu", "nd_range": {"device_start": 1585578686.7879803, "device_end": 1585578686.7889693}, "cmdq": 1, "read": {"device_start": -1, "device_end": -1}}, "FFC_sans_bias38": {"write": {"device_start": 1585578686.7773876, "host_queued_start": 1585578751.943018, "device_queued": 1585578686.774443, "device_end": 1585578686.7774158, "host_queued_end": 1585578751.965858}, "device": "gpu", "nd_range": {"device_start": 1585578686.7774203, "device_end": 1585578686.7782335}, "cmdq": 0, "read": {"device_start": -1, "device_end": -1}}, "coalesced_transpose57": {"write": {"device_start": -1, "host_queued_start": 1585578751.953969, "device_queued": -1, "device_end": -1, "host_queued_end": 1585578751.965858}, "device": "gpu", "nd_range": {"device_start": 1585578686.7824948, "device_end": 1585578686.7825112}, "cmdq": 0, "read": {"device_start": -1, "device_end": -1}}, "empty26": {"write": {"device_start": 1585578686.773061, "host_queued_start": 1585578751.929123, "device_queued": 1585578686.7729132, "device_end": 1585578686.7731066, "host_queued_end": 1585578751.965858}, "device": "gpu", "nd_range": {"device_start": 1585578686.7731113, "device_end": 1585578686.773117}, "cmdq": 0, "read": {"device_start": -1, "device_end": -1}}, "coalesced_transpose12": {"write": {"device_start": -1, "host_queued_start": 1585578751.976591, "device_queued": -1, "device_end": -1, "host_queued_end": 1585578751.980585}, "device": "cpu", "nd_range": {"device_start": 2246526.199911422, "device_end": 2246526.2000912153}, "cmdq": 0, "read": {"device_start": -1, "device_end": -1}}, "empty44": {"write": {"device_start": 1585578686.773275, "host_queued_start": 1585578751.931028, "device_queued": 1585578686.77311, "device_end": 1585578686.7733433, "host_queued_end": 1585578751.965858}, "device": "gpu", "nd_range": {"device_start": 1585578686.7733471, "device_end": 1585578686.7733514}, "cmdq": 0, "read": {"device_start": -1, "device_end": -1}}, "coalesced_transpose21": {"write": {"device_start": -1, "host_queued_start": 1585578751.952761, "device_queued": -1, "device_end": -1, "host_queued_end": 1585578751.965858}, "device": "gpu", "nd_range": {"device_start": 1585578686.7821538, "device_end": 1585578686.7824636}, "cmdq": 0, "read": {"device_start": -1, "device_end": -1}}, "FFC_sans_bias36": {"write": {"device_start": 1585578686.7764468, "host_queued_start": 1585578751.940921, "device_queued": 1585578686.7742367, "device_end": 1585578686.7764719, "host_queued_end": 1585578751.965858}, "device": "gpu", "nd_range": {"device_start": 1585578686.7764761, "device_end": 1585578686.7772694}, "cmdq": 0, "read": {"device_start": -1, "device_end": -1}}, "softmax14": {"write": {"device_start": -1, "host_queued_start": 1585578751.977786, "device_queued": -1, "device_end": -1, "host_queued_end": 1585578751.980585}, "device": "cpu", "nd_range": {"device_start": 2246526.2155695953, "device_end": 2246526.2161134053}, "cmdq": 0, "read": {"device_start": -1, "device_end": -1}}, "FFC_sans_bias13": {"write": {"device_start": -1, "host_queued_start": 1585578751.977255, "device_queued": -1, "device_end": -1, "host_queued_end": 1585578751.980585}, "device": "cpu", "nd_range": {"device_start": 2246526.2074722713, "device_end": 2246526.2151301024}, "cmdq": 0, "read": {"device_start": -1, "device_end": -1}}, "empty8": {"write": {"device_start": -1, "host_queued_start": 1585578751.967586, "device_queued": -1, "device_end": -1, "host_queued_end": 1585578751.980585}, "device": "cpu", "nd_range": {"device_start": 2246526.170178133, "device_end": 2246526.1701883413}, "cmdq": 0, "read": {"device_start": -1, "device_end": -1}}, "FFC_sans_bias42": {"write": {"device_start": -1, "host_queued_start": 1585578751.958559, "device_queued": -1, "device_end": -1, "host_queued_end": 1585578751.965858}, "device": "gpu", "nd_range": {"device_start": 1585578686.7865894, "device_end": 1585578686.7875648}, "cmdq": 0, "read": {"device_start": -1, "device_end": -1}}, "FFC_sans_bias43": {"write": {"device_start": 1585578686.789682, "host_queued_start": 1585578751.962662, "device_queued": 1585578686.777132, "device_end": 1585578686.7897081, "host_queued_end": 1585578751.965858}, "device": "gpu", "nd_range": {"device_start": 1585578686.7897127, "device_end": 1585578686.790436}, "cmdq": 0, "read": {"device_start": 1585578686.7904403, "device_end": 1585578686.7904637}}, "FFC_sans_bias40": {"write": {"device_start": -1, "host_queued_start": 1585578751.955219, "device_queued": -1, "device_end": -1, "host_queued_end": 1585578751.965858}, "device": "gpu", "nd_range": {"device_start": 1585578686.7831144, "device_end": 1585578686.784099}, "cmdq": 0, "read": {"device_start": -1, "device_end": -1}}, "softmax32": {"write": {"device_start": -1, "host_queued_start": 1585578751.956649, "device_queued": -1, "device_end": -1, "host_queued_end": 1585578751.965858}, "device": "gpu", "nd_range": {"device_start": 1585578686.7855492, "device_end": 1585578686.785758}, "cmdq": 1, "read": {"device_start": -1, "device_end": -1}}, "FFC_sans_bias47": {"write": {"device_start": 1585578686.7788675, "host_queued_start": 1585578751.946136, "device_queued": 1585578686.7749903, "device_end": 1585578686.7788942, "host_queued_end": 1585578751.965858}, "device": "gpu", "nd_range": {"device_start": 1585578686.778901, "device_end": 1585578686.7796993}, "cmdq": 1, "read": {"device_start": -1, "device_end": -1}}, "FFC_sans_bias45": {"write": {"device_start": 1585578686.777912, "host_queued_start": 1585578751.94406, "device_queued": 1585578686.7746723, "device_end": 1585578686.7779381, "host_queued_end": 1585578751.965858}, "device": "gpu", "nd_range": {"device_start": 1585578686.777943, "device_end": 1585578686.778754}, "cmdq": 1, "read": {"device_start": -1, "device_end": -1}}, "softmax50": {"write": {"device_start": -1, "host_queued_start": 1585578751.95713, "device_queued": -1, "device_end": -1, "host_queued_end": 1585578751.965858}, "device": "gpu", "nd_range": {"device_start": 1585578686.7857594, "device_end": 1585578686.7859612}, "cmdq": 1, "read": {"device_start": -1, "device_end": -1}}, "FFC_sans_bias33": {"write": {"device_start": -1, "host_queued_start": 1585578751.958245, "device_queued": -1, "device_end": -1, "host_queued_end": 1585578751.965858}, "device": "gpu", "nd_range": {"device_start": 1585578686.7863352, "device_end": 1585578686.7869895}, "cmdq": 1, "read": {"device_start": -1, "device_end": -1}}, "FFC_sans_bias63": {"write": {"device_start": 1585578686.7817245, "host_queued_start": 1585578751.952442, "device_queued": 1585578686.775709, "device_end": 1585578686.7817514, "host_queued_end": 1585578751.965858}, "device": "gpu", "nd_range": {"device_start": 1585578686.781755, "device_end": 1585578686.782585}, "cmdq": 1, "read": {"device_start": -1, "device_end": -1}}, "FFC_sans_bias49": {"write": {"device_start": -1, "host_queued_start": 1585578751.955533, "device_queued": -1, "device_end": -1, "host_queued_end": 1585578751.965858}, "device": "gpu", "nd_range": {"device_start": 1585578686.7835891, "device_end": 1585578686.784574}, "cmdq": 1, "read": {"device_start": -1, "device_end": -1}}, "FFC_sans_bias64": {"write": {"device_start": 1585578686.7807796, "host_queued_start": 1585578751.950369, "device_queued": 1585578686.7754164, "device_end": 1585578686.7808058, "host_queued_end": 1585578751.965858}, "device": "gpu", "nd_range": {"device_start": 1585578686.78081, "device_end": 1585578686.7816093}, "cmdq": 1, "read": {"device_start": -1, "device_end": -1}}, "FFC_sans_bias65": {"write": {"device_start": 1585578686.7812886, "host_queued_start": 1585578751.951418, "device_queued": 1585578686.775482, "device_end": 1585578686.7813203, "host_queued_end": 1585578751.965858}, "device": "gpu", "nd_range": {"device_start": 1585578686.7813327, "device_end": 1585578686.7821522}, "cmdq": 0, "read": {"device_start": -1, "device_end": -1}}, "FFC_sans_bias67": {"write": {"device_start": -1, "host_queued_start": 1585578751.956155, "device_queued": -1, "device_end": -1, "host_queued_end": 1585578751.965858}, "device": "gpu", "nd_range": {"device_start": 1585578686.7845752, "device_end": 1585578686.7855477}, "cmdq": 1, "read": {"device_start": -1, "device_end": -1}}, "FFC_sans_bias24": {"write": {"device_start": -1, "host_queued_start": 1585578751.957927, "device_queued": -1, "device_end": -1, "host_queued_end": 1585578751.965858}, "device": "gpu", "nd_range": {"device_start": 1585578686.785982, "device_end": 1585578686.786588}, "cmdq": 0, "read": {"device_start": -1, "device_end": -1}}, "FFC_sans_bias25": {"write": {"device_start": 1585578686.7886589, "host_queued_start": 1585578751.960532, "device_queued": 1585578686.7768862, "device_end": 1585578686.788685, "host_queued_end": 1585578751.965858}, "device": "gpu", "nd_range": {"device_start": 1585578686.7886887, "device_end": 1585578686.7894866}, "cmdq": 0, "read": {"device_start": 1585578686.7894967, "device_end": 1585578686.789521}}, "FFC_sans_bias27": {"write": {"device_start": 1585578686.7749324, "host_queued_start": 1585578751.937581, "device_queued": 1585578686.7739956, "device_end": 1585578686.7749636, "host_queued_end": 1585578751.965858}, "device": "gpu", "nd_range": {"device_start": 1585578686.7749667, "device_end": 1585578686.7757902}, "cmdq": 1, "read": {"device_start": -1, "device_end": -1}}, "FFC_sans_bias20": {"write": {"device_start": 1585578686.7744908, "host_queued_start": 1585578751.936551, "device_queued": 1585578686.7738516, "device_end": 1585578686.7745209, "host_queued_end": 1585578751.965858}, "device": "gpu", "nd_range": {"device_start": 1585578686.7745245, "device_end": 1585578686.7753725}, "cmdq": 0, "read": {"device_start": -1, "device_end": -1}}, "FFC_sans_bias22": {"write": {"device_start": -1, "host_queued_start": 1585578751.954595, "device_queued": -1, "device_end": -1, "host_queued_end": 1585578751.965858}, "device": "gpu", "nd_range": {"device_start": 1585578686.7825122, "device_end": 1585578686.7831128}, "cmdq": 0, "read": {"device_start": -1, "device_end": -1}}, "softmax68": {"write": {"device_start": -1, "host_queued_start": 1585578751.957619, "device_queued": -1, "device_end": -1, "host_queued_end": 1585578751.965858}, "device": "gpu", "nd_range": {"device_start": 1585578686.7859623, "device_end": 1585578686.786334}, "cmdq": 1, "read": {"device_start": -1, "device_end": -1}}, "softmax5": {"write": {"device_start": -1, "host_queued_start": 1585578751.977526, "device_queued": -1, "device_end": -1, "host_queued_end": 1585578751.980585}, "device": "cpu", "nd_range": {"device_start": 2246526.215164726, "device_end": 2246526.215549829}, "cmdq": 0, "read": {"device_start": -1, "device_end": -1}}, "FFC_sans_bias28": {"write": {"device_start": 1585578686.7755108, "host_queued_start": 1585578751.938777, "device_queued": 1585578686.7740505, "device_end": 1585578686.7755427, "host_queued_end": 1585578751.965858}, "device": "gpu", "nd_range": {"device_start": 1585578686.775546, "device_end": 1585578686.77633}, "cmdq": 0, "read": {"device_start": -1, "device_end": -1}}, "FFC_sans_bias29": {"write": {"device_start": 1585578686.7759054, "host_queued_start": 1585578751.939848, "device_queued": 1585578686.7741914, "device_end": 1585578686.7759316, "host_queued_end": 1585578751.965858}, "device": "gpu", "nd_range": {"device_start": 1585578686.7759352, "device_end": 1585578686.7767892}, "cmdq": 1, "read": {"device_start": -1, "device_end": -1}}, "empty17": {"write": {"device_start": -1, "host_queued_start": 1585578751.968737, "device_queued": -1, "device_end": -1, "host_queued_end": 1585578751.980585}, "device": "cpu", "nd_range": {"device_start": 2246526.17020387, "device_end": 2246526.170204842}, "cmdq": 0, "read": {"device_start": -1, "device_end": -1}}, "softmax59": {"write": {"device_start": -1, "host_queued_start": 1585578751.957374, "device_queued": -1, "device_end": -1, "host_queued_end": 1585578751.965858}, "device": "gpu", "nd_range": {"device_start": 1585578686.7857785, "device_end": 1585578686.78598}, "cmdq": 0, "read": {"device_start": -1, "device_end": -1}}, "empty71": {"write": {"device_start": 1585578686.7736456, "host_queued_start": 1585578751.933455, "device_queued": 1585578686.77349, "device_end": 1585578686.7737198, "host_queued_end": 1585578751.965858}, "device": "gpu", "nd_range": {"device_start": 1585578686.7737331, "device_end": 1585578686.7737374}, "cmdq": 1, "read": {"device_start": -1, "device_end": -1}}, "empty35": {"write": {"device_start": 1585578686.773174, "host_queued_start": 1585578751.930163, "device_queued": 1585578686.7730505, "device_end": 1585578686.7732556, "host_queued_end": 1585578751.965858}, "device": "gpu", "nd_range": {"device_start": 1585578686.7732635, "device_end": 1585578686.7732677}, "cmdq": 1, "read": {"device_start": -1, "device_end": -1}}, "empty53": {"write": {"device_start": 1585578686.773373, "host_queued_start": 1585578751.931838, "device_queued": 1585578686.773188, "device_end": 1585578686.773403, "host_queued_end": 1585578751.965858}, "device": "gpu", "nd_range": {"device_start": 1585578686.773406, "device_end": 1585578686.7734094}, "cmdq": 1, "read": {"device_start": -1, "device_end": -1}}, "FFC_sans_bias46": {"write": {"device_start": 1585578686.7783499, "host_queued_start": 1585578751.945095, "device_queued": 1585578686.7747328, "device_end": 1585578686.7783768, "host_queued_end": 1585578751.965858}, "device": "gpu", "nd_range": {"device_start": 1585578686.778382, "device_end": 1585578686.7791874}, "cmdq": 0, "read": {"device_start": -1, "device_end": -1}}, "coalesced_transpose66": {"write": {"device_start": -1, "host_queued_start": 1585578751.954275, "device_queued": -1, "device_end": -1, "host_queued_end": 1585578751.965858}, "device": "gpu", "nd_range": {"device_start": 1585578686.7829602, "device_end": 1585578686.7829812}, "cmdq": 1, "read": {"device_start": -1, "device_end": -1}}, "coalesced_transpose48": {"write": {"device_start": -1, "host_queued_start": 1585578751.953671, "device_queued": -1, "device_end": -1, "host_queued_end": 1585578751.965858}, "device": "gpu", "nd_range": {"device_start": 1585578686.782942, "device_end": 1585578686.7829587}, "cmdq": 1, "read": {"device_start": -1, "device_end": -1}}}