{"FFC_sans_bias60": {"write": {"device_start": -1, "host_queued_start": 1585578715.516779, "device_queued": -1, "device_end": -1, "host_queued_end": 1585578715.523831}, "device": "cpu", "nd_range": {"device_start": 2246489.868867691, "device_end": 2246489.8847645964}, "cmdq": 3, "read": {"device_start": -1, "device_end": -1}}, "FFC_sans_bias4": {"write": {"device_start": -1, "host_queued_start": 1585578715.510178, "device_queued": -1, "device_end": -1, "host_queued_end": 1585578715.523831}, "device": "cpu", "nd_range": {"device_start": 2246489.7986615533, "device_end": 2246489.809936948}, "cmdq": 3, "read": {"device_start": -1, "device_end": -1}}, "FFC_sans_bias7": {"write": {"device_start": -1, "host_queued_start": 1585578715.517828, "device_queued": -1, "device_end": -1, "host_queued_end": 1585578715.523831}, "device": "cpu", "nd_range": {"device_start": 2246489.883137031, "device_end": 2246489.898305939}, "cmdq": 0, "read": {"device_start": -1, "device_end": -1}}, "FFC_sans_bias6": {"write": {"device_start": -1, "host_queued_start": 1585578715.514699, "device_queued": -1, "device_end": -1, "host_queued_end": 1585578715.523831}, "device": "cpu", "nd_range": {"device_start": 2246489.8527028263, "device_end": 2246489.867931794}, "cmdq": 1, "read": {"device_start": -1, "device_end": -1}}, "FFC_sans_bias1": {"write": {"device_start": -1, "host_queued_start": 1585578715.487481, "device_queued": -1, "device_end": -1, "host_queued_end": 1585578715.523831}, "device": "cpu", "nd_range": {"device_start": 2246489.7134870403, "device_end": 2246489.729089431}, "cmdq": 0, "read": {"device_start": -1, "device_end": -1}}, "FFC_sans_bias0": {"write": {"device_start": -1, "host_queued_start": 1585578715.48643, "device_queued": -1, "device_end": -1, "host_queued_end": 1585578715.523831}, "device": "cpu", "nd_range": {"device_start": 2246489.7135143783, "device_end": 2246489.730366038}, "cmdq": 3, "read": {"device_start": -1, "device_end": -1}}, "FFC_sans_bias2": {"write": {"device_start": -1, "host_queued_start": 1585578715.488529, "device_queued": -1, "device_end": -1, "host_queued_end": 1585578715.523831}, "device": "cpu", "nd_range": {"device_start": 2246489.7135050003, "device_end": 2246489.7292298223}, "cmdq": 1, "read": {"device_start": -1, "device_end": -1}}, "FFC_sans_bias61": {"write": {"device_start": -1, "host_queued_start": 1585578715.523788, "device_queued": -1, "device_end": -1, "host_queued_end": 1585578715.523831}, "device": "cpu", "nd_range": {"device_start": 2246489.910792598, "device_end": 2246489.9147447203}, "cmdq": 2, "read": {"device_start": -1, "device_end": -1}}, "FFC_sans_bias52": {"write": {"device_start": -1, "host_queued_start": 1585578715.522797, "device_queued": -1, "device_end": -1, "host_queued_end": 1585578715.523831}, "device": "cpu", "nd_range": {"device_start": 2246489.898468351, "device_end": 2246489.910915249}, "cmdq": 1, "read": {"device_start": -1, "device_end": -1}}, "FFC_sans_bias9": {"write": {"device_start": -1, "host_queued_start": 1585578715.489573, "device_queued": -1, "device_end": -1, "host_queued_end": 1585578715.523831}, "device": "cpu", "nd_range": {"device_start": 2246489.713745852, "device_end": 2246489.7290007262}, "cmdq": 2, "read": {"device_start": -1, "device_end": -1}}, "coalesced_transpose39": {"write": {"device_start": -1, "host_queued_start": 1585578715.509185, "device_queued": -1, "device_end": -1, "host_queued_end": 1585578715.523831}, "device": "cpu", "nd_range": {"device_start": 2246489.7909642393, "device_end": 2246489.7911683153}, "cmdq": 0, "read": {"device_start": -1, "device_end": -1}}, "FFC_sans_bias55": {"write": {"device_start": -1, "host_queued_start": 1585578715.507517, "device_queued": -1, "device_end": -1, "host_queued_end": 1585578715.523831}, "device": "cpu", "nd_range": {"device_start": 2246489.792231055, "device_end": 2246489.7981642103}, "cmdq": 3, "read": {"device_start": -1, "device_end": -1}}, "FFC_sans_bias54": {"write": {"device_start": -1, "host_queued_start": 1585578715.50645, "device_queued": -1, "device_end": -1, "host_queued_end": 1585578715.523831}, "device": "cpu", "nd_range": {"device_start": 2246489.775402302, "device_end": 2246489.790569813}, "cmdq": 2, "read": {"device_start": -1, "device_end": -1}}, "FFC_sans_bias56": {"write": {"device_start": -1, "host_queued_start": 1585578715.505391, "device_queued": -1, "device_end": -1, "host_queued_end": 1585578715.523831}, "device": "cpu", "nd_range": {"device_start": 2246489.814596435, "device_end": 2246489.825075795}, "cmdq": 1, "read": {"device_start": -1, "device_end": -1}}, "FFC_sans_bias51": {"write": {"device_start": -1, "host_queued_start": 1585578715.516439, "device_queued": -1, "device_end": -1, "host_queued_end": 1585578715.523831}, "device": "cpu", "nd_range": {"device_start": 2246489.852258158, "device_end": 2246489.8676237264}, "cmdq": 2, "read": {"device_start": -1, "device_end": -1}}, "softmax23": {"write": {"device_start": -1, "host_queued_start": 1585578715.5132, "device_queued": -1, "device_end": -1, "host_queued_end": 1585578715.523831}, "device": "cpu", "nd_range": {"device_start": 2246489.8511442463, "device_end": 2246489.851358579}, "cmdq": 0, "read": {"device_start": -1, "device_end": -1}}, "FFC_sans_bias37": {"write": {"device_start": -1, "host_queued_start": 1585578715.500133, "device_queued": -1, "device_end": -1, "host_queued_end": 1585578715.523831}, "device": "cpu", "nd_range": {"device_start": 2246489.7598764, "device_end": 2246489.775129393}, "cmdq": 0, "read": {"device_start": -1, "device_end": -1}}, "empty62": {"write": {"device_start": -1, "host_queued_start": 1585578715.48548, "device_queued": -1, "device_end": -1, "host_queued_end": 1585578715.523831}, "device": "cpu", "nd_range": {"device_start": 2246489.713480723, "device_end": 2246489.7134818323}, "cmdq": 2, "read": {"device_start": -1, "device_end": -1}}, "FFC_sans_bias70": {"write": {"device_start": 1585578650.290776, "host_queued_start": 1585578715.478617, "device_queued": 1585578650.2872329, "device_end": 1585578650.290804, "host_queued_end": 1585578715.478726}, "device": "gpu", "nd_range": {"device_start": 1585578650.2908065, "device_end": 1585578650.2914057}, "cmdq": 0, "read": {"device_start": 1585578650.2914078, "device_end": 1585578650.2914305}}, "FFC_sans_bias58": {"write": {"device_start": -1, "host_queued_start": 1585578715.512342, "device_queued": -1, "device_end": -1, "host_queued_end": 1585578715.523831}, "device": "cpu", "nd_range": {"device_start": 2246489.844335848, "device_end": 2246489.8524729223}, "cmdq": 1, "read": {"device_start": -1, "device_end": -1}}, "softmax41": {"write": {"device_start": -1, "host_queued_start": 1585578715.51375, "device_queued": -1, "device_end": -1, "host_queued_end": 1585578715.523831}, "device": "cpu", "nd_range": {"device_start": 2246489.815987354, "device_end": 2246489.816205042}, "cmdq": 2, "read": {"device_start": -1, "device_end": -1}}, "FFC_sans_bias11": {"write": {"device_start": -1, "host_queued_start": 1585578715.491694, "device_queued": -1, "device_end": -1, "host_queued_end": 1585578715.523831}, "device": "cpu", "nd_range": {"device_start": 2246489.729124391, "device_end": 2246489.744428993}, "cmdq": 0, "read": {"device_start": -1, "device_end": -1}}, "FFC_sans_bias10": {"write": {"device_start": -1, "host_queued_start": 1585578715.490644, "device_queued": -1, "device_end": -1, "host_queued_end": 1585578715.523831}, "device": "cpu", "nd_range": {"device_start": 2246489.7304894943, "device_end": 2246489.745929501}, "cmdq": 3, "read": {"device_start": -1, "device_end": -1}}, "coalesced_transpose3": {"write": {"device_start": -1, "host_queued_start": 1585578715.507857, "device_queued": -1, "device_end": -1, "host_queued_end": 1585578715.523831}, "device": "cpu", "nd_range": {"device_start": 2246489.790601546, "device_end": 2246489.790873344}, "cmdq": 0, "read": {"device_start": -1, "device_end": -1}}, "FFC_sans_bias34": {"write": {"device_start": -1, "host_queued_start": 1585578715.520806, "device_queued": -1, "device_end": -1, "host_queued_end": 1585578715.523831}, "device": "cpu", "nd_range": {"device_start": 2246489.8848757963, "device_end": 2246489.9021376483}, "cmdq": 3, "read": {"device_start": -1, "device_end": -1}}, "FFC_sans_bias15": {"write": {"device_start": -1, "host_queued_start": 1585578715.51505, "device_queued": -1, "device_end": -1, "host_queued_end": 1585578715.523831}, "device": "cpu", "nd_range": {"device_start": 2246489.8354893792, "device_end": 2246489.845030093}, "cmdq": 2, "read": {"device_start": -1, "device_end": -1}}, "FFC_sans_bias31": {"write": {"device_start": -1, "host_queued_start": 1585578715.511304, "device_queued": -1, "device_end": -1, "host_queued_end": 1585578715.523831}, "device": "cpu", "nd_range": {"device_start": 2246489.800207116, "device_end": 2246489.814707241}, "cmdq": 2, "read": {"device_start": -1, "device_end": -1}}, "FFC_sans_bias16": {"write": {"device_start": -1, "host_queued_start": 1585578715.518826, "device_queued": -1, "device_end": -1, "host_queued_end": 1585578715.523831}, "device": "cpu", "nd_range": {"device_start": 2246489.883332318, "device_end": 2246489.898463415}, "cmdq": 1, "read": {"device_start": -1, "device_end": -1}}, "FFC_sans_bias19": {"write": {"device_start": -1, "host_queued_start": 1585578715.493798, "device_queued": -1, "device_end": -1, "host_queued_end": 1585578715.523831}, "device": "cpu", "nd_range": {"device_start": 2246489.729231359, "device_end": 2246489.744486777}, "cmdq": 2, "read": {"device_start": -1, "device_end": -1}}, "FFC_sans_bias18": {"write": {"device_start": -1, "host_queued_start": 1585578715.492758, "device_queued": -1, "device_end": -1, "host_queued_end": 1585578715.523831}, "device": "cpu", "nd_range": {"device_start": 2246489.732732782, "device_end": 2246489.763346381}, "cmdq": 1, "read": {"device_start": -1, "device_end": -1}}, "coalesced_transpose30": {"write": {"device_start": -1, "host_queued_start": 1585578715.508854, "device_queued": -1, "device_end": -1, "host_queued_end": 1585578715.523831}, "device": "cpu", "nd_range": {"device_start": 2246489.7982920213, "device_end": 2246489.798548479}, "cmdq": 3, "read": {"device_start": -1, "device_end": -1}}, "FFC_sans_bias69": {"write": {"device_start": -1, "host_queued_start": 1585578715.47758, "device_queued": -1, "device_end": -1, "host_queued_end": 1585578715.478726}, "device": "gpu", "nd_range": {"device_start": 1585578650.290059, "device_end": 1585578650.2906568}, "cmdq": 0, "read": {"device_start": -1, "device_end": -1}}, "FFC_sans_bias38": {"write": {"device_start": -1, "host_queued_start": 1585578715.501181, "device_queued": -1, "device_end": -1, "host_queued_end": 1585578715.523831}, "device": "cpu", "nd_range": {"device_start": 2246489.794325151, "device_end": 2246489.814084527}, "cmdq": 1, "read": {"device_start": -1, "device_end": -1}}, "coalesced_transpose57": {"write": {"device_start": -1, "host_queued_start": 1585578715.509837, "device_queued": -1, "device_end": -1, "host_queued_end": 1585578715.523831}, "device": "cpu", "nd_range": {"device_start": 2246489.7998472573, "device_end": 2246489.800086365}, "cmdq": 2, "read": {"device_start": -1, "device_end": -1}}, "empty26": {"write": {"device_start": -1, "host_queued_start": 1585578715.48208, "device_queued": -1, "device_end": -1, "host_queued_end": 1585578715.523831}, "device": "cpu", "nd_range": {"device_start": 2246489.7134444783, "device_end": 2246489.713457763}, "cmdq": 2, "read": {"device_start": -1, "device_end": -1}}, "coalesced_transpose12": {"write": {"device_start": -1, "host_queued_start": 1585578715.508188, "device_queued": -1, "device_end": -1, "host_queued_end": 1585578715.523831}, "device": "cpu", "nd_range": {"device_start": 2246489.825082517, "device_end": 2246489.825352069}, "cmdq": 1, "read": {"device_start": -1, "device_end": -1}}, "empty44": {"write": {"device_start": -1, "host_queued_start": 1585578715.483827, "device_queued": -1, "device_end": -1, "host_queued_end": 1585578715.523831}, "device": "cpu", "nd_range": {"device_start": 2246489.713481015, "device_end": 2246489.713482023}, "cmdq": 0, "read": {"device_start": -1, "device_end": -1}}, "coalesced_transpose21": {"write": {"device_start": -1, "host_queued_start": 1585578715.508516, "device_queued": -1, "device_end": -1, "host_queued_end": 1585578715.523831}, "device": "cpu", "nd_range": {"device_start": 2246489.7906955443, "device_end": 2246489.790947311}, "cmdq": 2, "read": {"device_start": -1, "device_end": -1}}, "FFC_sans_bias36": {"write": {"device_start": -1, "host_queued_start": 1585578715.499093, "device_queued": -1, "device_end": -1, "host_queued_end": 1585578715.523831}, "device": "cpu", "nd_range": {"device_start": 2246489.762364603, "device_end": 2246489.777798104}, "cmdq": 3, "read": {"device_start": -1, "device_end": -1}}, "softmax14": {"write": {"device_start": -1, "host_queued_start": 1585578715.512923, "device_queued": -1, "device_end": -1, "host_queued_end": 1585578715.523831}, "device": "cpu", "nd_range": {"device_start": 2246489.835153803, "device_end": 2246489.8353587063}, "cmdq": 3, "read": {"device_start": -1, "device_end": -1}}, "FFC_sans_bias13": {"write": {"device_start": -1, "host_queued_start": 1585578715.510585, "device_queued": -1, "device_end": -1, "host_queued_end": 1585578715.523831}, "device": "cpu", "nd_range": {"device_start": 2246489.8253586832, "device_end": 2246489.8347058813}, "cmdq": 0, "read": {"device_start": -1, "device_end": -1}}, "empty8": {"write": {"device_start": -1, "host_queued_start": 1585578715.480051, "device_queued": -1, "device_end": -1, "host_queued_end": 1585578715.523831}, "device": "cpu", "nd_range": {"device_start": 2246489.713444515, "device_end": 2246489.7134577422}, "cmdq": 0, "read": {"device_start": -1, "device_end": -1}}, "FFC_sans_bias42": {"write": {"device_start": -1, "host_queued_start": 1585578715.516097, "device_queued": -1, "device_end": -1, "host_queued_end": 1585578715.523831}, "device": "cpu", "nd_range": {"device_start": 2246489.867940918, "device_end": 2246489.8833257053}, "cmdq": 1, "read": {"device_start": -1, "device_end": -1}}, "FFC_sans_bias43": {"write": {"device_start": -1, "host_queued_start": 1585578715.5218, "device_queued": -1, "device_end": -1, "host_queued_end": 1585578715.523831}, "device": "cpu", "nd_range": {"device_start": 2246489.8983124583, "device_end": 2246489.9087646212}, "cmdq": 0, "read": {"device_start": -1, "device_end": -1}}, "FFC_sans_bias40": {"write": {"device_start": -1, "host_queued_start": 1585578715.51165, "device_queued": -1, "device_end": -1, "host_queued_end": 1585578715.523831}, "device": "cpu", "nd_range": {"device_start": 2246489.809945304, "device_end": 2246489.8156599123}, "cmdq": 3, "read": {"device_start": -1, "device_end": -1}}, "softmax32": {"write": {"device_start": -1, "host_queued_start": 1585578715.513473, "device_queued": -1, "device_end": -1, "host_queued_end": 1585578715.523831}, "device": "cpu", "nd_range": {"device_start": 2246489.852483623, "device_end": 2246489.852697088}, "cmdq": 1, "read": {"device_start": -1, "device_end": -1}}, "FFC_sans_bias47": {"write": {"device_start": -1, "host_queued_start": 1585578715.504342, "device_queued": -1, "device_end": -1, "host_queued_end": 1585578715.523831}, "device": "cpu", "nd_range": {"device_start": 2246489.7752524232, "device_end": 2246489.7904751482}, "cmdq": 0, "read": {"device_start": -1, "device_end": -1}}, "FFC_sans_bias45": {"write": {"device_start": -1, "host_queued_start": 1585578715.502223, "device_queued": -1, "device_end": -1, "host_queued_end": 1585578715.523831}, "device": "cpu", "nd_range": {"device_start": 2246489.7600901653, "device_end": 2246489.77528605}, "cmdq": 2, "read": {"device_start": -1, "device_end": -1}}, "softmax50": {"write": {"device_start": -1, "host_queued_start": 1585578715.51404, "device_queued": -1, "device_end": -1, "host_queued_end": 1585578715.523831}, "device": "cpu", "nd_range": {"device_start": 2246489.851469979, "device_end": 2246489.851671798}, "cmdq": 3, "read": {"device_start": -1, "device_end": -1}}, "FFC_sans_bias33": {"write": {"device_start": -1, "host_queued_start": 1585578715.515753, "device_queued": -1, "device_end": -1, "host_queued_end": 1585578715.523831}, "device": "cpu", "nd_range": {"device_start": 2246489.867861765, "device_end": 2246489.883129482}, "cmdq": 0, "read": {"device_start": -1, "device_end": -1}}, "FFC_sans_bias63": {"write": {"device_start": 1585578650.2885857, "host_queued_start": 1585578715.47639, "device_queued": 1585578650.2869663, "device_end": 1585578650.288616, "host_queued_end": 1585578715.478726}, "device": "gpu", "nd_range": {"device_start": 1585578650.288631, "device_end": 1585578650.2892392}, "cmdq": 0, "read": {"device_start": -1, "device_end": -1}}, "FFC_sans_bias49": {"write": {"device_start": -1, "host_queued_start": 1585578715.51199, "device_queued": -1, "device_end": -1, "host_queued_end": 1585578715.523831}, "device": "cpu", "nd_range": {"device_start": 2246489.834836849, "device_end": 2246489.851132512}, "cmdq": 0, "read": {"device_start": -1, "device_end": -1}}, "FFC_sans_bias64": {"write": {"device_start": 1585578650.2870607, "host_queued_start": 1585578715.474256, "device_queued": 1585578650.2867398, "device_end": 1585578650.287092, "host_queued_end": 1585578715.478726}, "device": "gpu", "nd_range": {"device_start": 1585578650.2870991, "device_end": 1585578650.2877011}, "cmdq": 0, "read": {"device_start": -1, "device_end": -1}}, "FFC_sans_bias65": {"write": {"device_start": 1585578650.287828, "host_queued_start": 1585578715.475347, "device_queued": 1585578650.2867856, "device_end": 1585578650.287857, "host_queued_end": 1585578715.478726}, "device": "gpu", "nd_range": {"device_start": 1585578650.2878654, "device_end": 1585578650.2884579}, "cmdq": 0, "read": {"device_start": -1, "device_end": -1}}, "FFC_sans_bias67": {"write": {"device_start": -1, "host_queued_start": 1585578715.477022, "device_queued": -1, "device_end": -1, "host_queued_end": 1585578715.478726}, "device": "gpu", "nd_range": {"device_start": 1585578650.2892492, "device_end": 1585578650.289851}, "cmdq": 0, "read": {"device_start": -1, "device_end": -1}}, "FFC_sans_bias24": {"write": {"device_start": -1, "host_queued_start": 1585578715.51541, "device_queued": -1, "device_end": -1, "host_queued_end": 1585578715.523831}, "device": "cpu", "nd_range": {"device_start": 2246489.8517849813, "device_end": 2246489.8687562384}, "cmdq": 3, "read": {"device_start": -1, "device_end": -1}}, "FFC_sans_bias25": {"write": {"device_start": -1, "host_queued_start": 1585578715.519815, "device_queued": -1, "device_end": -1, "host_queued_end": 1585578715.523831}, "device": "cpu", "nd_range": {"device_start": 2246489.898380272, "device_end": 2246489.910781485}, "cmdq": 2, "read": {"device_start": -1, "device_end": -1}}, "FFC_sans_bias27": {"write": {"device_start": -1, "host_queued_start": 1585578715.495918, "device_queued": -1, "device_end": -1, "host_queued_end": 1585578715.523831}, "device": "cpu", "nd_range": {"device_start": 2246489.744574111, "device_end": 2246489.759862311}, "cmdq": 0, "read": {"device_start": -1, "device_end": -1}}, "FFC_sans_bias20": {"write": {"device_start": -1, "host_queued_start": 1585578715.494873, "device_queued": -1, "device_end": -1, "host_queued_end": 1585578715.523831}, "device": "cpu", "nd_range": {"device_start": 2246489.746048387, "device_end": 2246489.762241639}, "cmdq": 3, "read": {"device_start": -1, "device_end": -1}}, "FFC_sans_bias22": {"write": {"device_start": -1, "host_queued_start": 1585578715.510957, "device_queued": -1, "device_end": -1, "host_queued_end": 1585578715.523831}, "device": "cpu", "nd_range": {"device_start": 2246489.825632396, "device_end": 2246489.8443288673}, "cmdq": 1, "read": {"device_start": -1, "device_end": -1}}, "softmax68": {"write": {"device_start": -1, "host_queued_start": 1585578715.477277, "device_queued": -1, "device_end": -1, "host_queued_end": 1585578715.478726}, "device": "gpu", "nd_range": {"device_start": 1585578650.289852, "device_end": 1585578650.2900574}, "cmdq": 0, "read": {"device_start": -1, "device_end": -1}}, "softmax5": {"write": {"device_start": -1, "host_queued_start": 1585578715.512646, "device_queued": -1, "device_end": -1, "host_queued_end": 1585578715.523831}, "device": "cpu", "nd_range": {"device_start": 2246489.814821821, "device_end": 2246489.815876301}, "cmdq": 2, "read": {"device_start": -1, "device_end": -1}}, "FFC_sans_bias28": {"write": {"device_start": -1, "host_queued_start": 1585578715.496975, "device_queued": -1, "device_end": -1, "host_queued_end": 1585578715.523831}, "device": "cpu", "nd_range": {"device_start": 2246489.763535561, "device_end": 2246489.787330721}, "cmdq": 1, "read": {"device_start": -1, "device_end": -1}}, "FFC_sans_bias29": {"write": {"device_start": -1, "host_queued_start": 1585578715.498026, "device_queued": -1, "device_end": -1, "host_queued_end": 1585578715.523831}, "device": "cpu", "nd_range": {"device_start": 2246489.744508266, "device_end": 2246489.759854887}, "cmdq": 2, "read": {"device_start": -1, "device_end": -1}}, "empty17": {"write": {"device_start": -1, "host_queued_start": 1585578715.481208, "device_queued": -1, "device_end": -1, "host_queued_end": 1585578715.523831}, "device": "cpu", "nd_range": {"device_start": 2246489.713486566, "device_end": 2246489.713487477}, "cmdq": 1, "read": {"device_start": -1, "device_end": -1}}, "softmax59": {"write": {"device_start": -1, "host_queued_start": 1585578715.51433, "device_queued": -1, "device_end": -1, "host_queued_end": 1585578715.523831}, "device": "cpu", "nd_range": {"device_start": 2246489.867633452, "device_end": 2246489.867853248}, "cmdq": 0, "read": {"device_start": -1, "device_end": -1}}, "empty71": {"write": {"device_start": 1585578650.2867687, "host_queued_start": 1585578715.473063, "device_queued": 1585578650.2866535, "device_end": 1585578650.2867956, "host_queued_end": 1585578715.478726}, "device": "gpu", "nd_range": {"device_start": 1585578650.2868044, "device_end": 1585578650.286809}, "cmdq": 0, "read": {"device_start": -1, "device_end": -1}}, "empty35": {"write": {"device_start": -1, "host_queued_start": 1585578715.482951, "device_queued": -1, "device_end": -1, "host_queued_end": 1585578715.523831}, "device": "cpu", "nd_range": {"device_start": 2246489.71349128, "device_end": 2246489.713496311}, "cmdq": 3, "read": {"device_start": -1, "device_end": -1}}, "empty53": {"write": {"device_start": -1, "host_queued_start": 1585578715.484675, "device_queued": -1, "device_end": -1, "host_queued_end": 1585578715.523831}, "device": "cpu", "nd_range": {"device_start": 2246489.7134964443, "device_end": 2246489.713497856}, "cmdq": 1, "read": {"device_start": -1, "device_end": -1}}, "FFC_sans_bias46": {"write": {"device_start": -1, "host_queued_start": 1585578715.503291, "device_queued": -1, "device_end": -1, "host_queued_end": 1585578715.523831}, "device": "cpu", "nd_range": {"device_start": 2246489.777925859, "device_end": 2246489.792222984}, "cmdq": 3, "read": {"device_start": -1, "device_end": -1}}, "coalesced_transpose66": {"write": {"device_start": -1, "host_queued_start": 1585578715.476707, "device_queued": -1, "device_end": -1, "host_queued_end": 1585578715.478726}, "device": "gpu", "nd_range": {"device_start": 1585578650.2892406, "device_end": 1585578650.2892478}, "cmdq": 0, "read": {"device_start": -1, "device_end": -1}}, "coalesced_transpose48": {"write": {"device_start": -1, "host_queued_start": 1585578715.50951, "device_queued": -1, "device_end": -1, "host_queued_end": 1585578715.523831}, "device": "cpu", "nd_range": {"device_start": 2246489.8253699793, "device_end": 2246489.8256267253}, "cmdq": 1, "read": {"device_start": -1, "device_end": -1}}}