{"FFC_sans_bias60": {"write": {"device_start": -1, "host_queued_start": 1585578925.939278, "device_queued": -1, "device_end": -1, "host_queued_end": 1585578925.947062}, "device": "gpu", "nd_range": {"device_start": 1585578860.7670312, "device_end": 1585578860.7684379}, "cmdq": 0, "read": {"device_start": -1, "device_end": -1}}, "FFC_sans_bias4": {"write": {"device_start": -1, "host_queued_start": 1585578925.953771, "device_queued": -1, "device_end": -1, "host_queued_end": 1585578925.955856}, "device": "cpu", "nd_range": {"device_start": 2246700.157979919, "device_end": 2246700.16201761}, "cmdq": 2, "read": {"device_start": -1, "device_end": -1}}, "FFC_sans_bias7": {"write": {"device_start": -1, "host_queued_start": 1585578925.955809, "device_queued": -1, "device_end": -1, "host_queued_end": 1585578925.955856}, "device": "cpu", "nd_range": {"device_start": 2246700.167294832, "device_end": 2246700.171595665}, "cmdq": 2, "read": {"device_start": -1, "device_end": -1}}, "FFC_sans_bias6": {"write": {"device_start": -1, "host_queued_start": 1585578925.954461, "device_queued": -1, "device_end": -1, "host_queued_end": 1585578925.955856}, "device": "cpu", "nd_range": {"device_start": 2246700.1622843184, "device_end": 2246700.167285492}, "cmdq": 1, "read": {"device_start": -1, "device_end": -1}}, "FFC_sans_bias1": {"write": {"device_start": -1, "host_queued_start": 1585578925.951457, "device_queued": -1, "device_end": -1, "host_queued_end": 1585578925.955856}, "device": "cpu", "nd_range": {"device_start": 2246700.145602058, "device_end": 2246700.1536303363}, "cmdq": 2, "read": {"device_start": -1, "device_end": -1}}, "FFC_sans_bias0": {"write": {"device_start": -1, "host_queued_start": 1585578925.950053, "device_queued": -1, "device_end": -1, "host_queued_end": 1585578925.955856}, "device": "cpu", "nd_range": {"device_start": 2246700.1455026693, "device_end": 2246700.157463022}, "cmdq": 1, "read": {"device_start": -1, "device_end": -1}}, "FFC_sans_bias2": {"write": {"device_start": -1, "host_queued_start": 1585578925.95296, "device_queued": -1, "device_end": -1, "host_queued_end": 1585578925.955856}, "device": "cpu", "nd_range": {"device_start": 2246700.145440036, "device_end": 2246700.15754872}, "cmdq": 0, "read": {"device_start": -1, "device_end": -1}}, "FFC_sans_bias61": {"write": {"device_start": 1585578860.770131, "host_queued_start": 1585578925.945914, "device_queued": 1585578860.7548695, "device_end": 1585578860.7701628, "host_queued_end": 1585578925.947062}, "device": "gpu", "nd_range": {"device_start": 1585578860.7701762, "device_end": 1585578860.7708545}, "cmdq": 1, "read": {"device_start": 1585578860.7708573, "device_end": 1585578860.77088}}, "FFC_sans_bias52": {"write": {"device_start": 1585578860.7695813, "host_queued_start": 1585578925.944872, "device_queued": 1585578860.7548027, "device_end": 1585578860.7696068, "host_queued_end": 1585578925.947062}, "device": "gpu", "nd_range": {"device_start": 1585578860.769618, "device_end": 1585578860.7703834}, "cmdq": 0, "read": {"device_start": 1585578860.770389, "device_end": 1585578860.7704124}}, "FFC_sans_bias9": {"write": {"device_start": 1585578860.750272, "host_queued_start": 1585578925.910092, "device_queued": 1585578860.7499957, "device_end": 1585578860.750335, "host_queued_end": 1585578925.947062}, "device": "gpu", "nd_range": {"device_start": 1585578860.75034, "device_end": 1585578860.7509446}, "cmdq": 1, "read": {"device_start": -1, "device_end": -1}}, "coalesced_transpose39": {"write": {"device_start": -1, "host_queued_start": 1585578925.932416, "device_queued": -1, "device_end": -1, "host_queued_end": 1585578925.947062}, "device": "gpu", "nd_range": {"device_start": 1585578860.7604628, "device_end": 1585578860.7604866}, "cmdq": 1, "read": {"device_start": -1, "device_end": -1}}, "FFC_sans_bias55": {"write": {"device_start": 1585578860.757936, "host_queued_start": 1585578925.928073, "device_queued": 1585578860.75223, "device_end": 1585578860.7579672, "host_queued_end": 1585578925.947062}, "device": "gpu", "nd_range": {"device_start": 1585578860.7579749, "device_end": 1585578860.759127}, "cmdq": 0, "read": {"device_start": -1, "device_end": -1}}, "FFC_sans_bias54": {"write": {"device_start": 1585578860.7573245, "host_queued_start": 1585578925.927041, "device_queued": 1585578860.7518785, "device_end": 1585578860.7573547, "host_queued_end": 1585578925.947062}, "device": "gpu", "nd_range": {"device_start": 1585578860.7573636, "device_end": 1585578860.7586923}, "cmdq": 2, "read": {"device_start": -1, "device_end": -1}}, "FFC_sans_bias56": {"write": {"device_start": 1585578860.7568767, "host_queued_start": 1585578925.925959, "device_queued": 1585578860.7518537, "device_end": 1585578860.7569087, "host_queued_end": 1585578925.947062}, "device": "gpu", "nd_range": {"device_start": 1585578860.7569149, "device_end": 1585578860.758139}, "cmdq": 1, "read": {"device_start": -1, "device_end": -1}}, "FFC_sans_bias51": {"write": {"device_start": -1, "host_queued_start": 1585578925.938968, "device_queued": -1, "device_end": -1, "host_queued_end": 1585578925.947062}, "device": "gpu", "nd_range": {"device_start": 1585578860.7650814, "device_end": 1585578860.766058}, "cmdq": 2, "read": {"device_start": -1, "device_end": -1}}, "softmax23": {"write": {"device_start": -1, "host_queued_start": 1585578925.936134, "device_queued": -1, "device_end": -1, "host_queued_end": 1585578925.947062}, "device": "gpu", "nd_range": {"device_start": 1585578860.763169, "device_end": 1585578860.7642827}, "cmdq": 1, "read": {"device_start": -1, "device_end": -1}}, "FFC_sans_bias37": {"write": {"device_start": 1585578860.7545252, "host_queued_start": 1585578925.920732, "device_queued": 1585578860.7512457, "device_end": 1585578860.7545586, "host_queued_end": 1585578925.947062}, "device": "gpu", "nd_range": {"device_start": 1585578860.7545726, "device_end": 1585578860.7557526}, "cmdq": 2, "read": {"device_start": -1, "device_end": -1}}, "empty62": {"write": {"device_start": 1585578860.750071, "host_queued_start": 1585578925.908324, "device_queued": 1585578860.749908, "device_end": 1585578860.7501495, "host_queued_end": 1585578925.947062}, "device": "gpu", "nd_range": {"device_start": 1585578860.7501557, "device_end": 1585578860.7501633}, "cmdq": 2, "read": {"device_start": -1, "device_end": -1}}, "FFC_sans_bias70": {"write": {"device_start": 1585578860.7702649, "host_queued_start": 1585578925.94696, "device_queued": 1585578860.7550924, "device_end": 1585578860.7702963, "host_queued_end": 1585578925.947062}, "device": "gpu", "nd_range": {"device_start": 1585578860.7703063, "device_end": 1585578860.7712927}, "cmdq": 2, "read": {"device_start": 1585578860.7713025, "device_end": 1585578860.7713249}}, "FFC_sans_bias58": {"write": {"device_start": -1, "host_queued_start": 1585578925.935301, "device_queued": -1, "device_end": -1, "host_queued_end": 1585578925.947062}, "device": "gpu", "nd_range": {"device_start": 1585578860.761624, "device_end": 1585578860.7631595}, "cmdq": 1, "read": {"device_start": -1, "device_end": -1}}, "softmax41": {"write": {"device_start": -1, "host_queued_start": 1585578925.936632, "device_queued": -1, "device_end": -1, "host_queued_end": 1585578925.947062}, "device": "gpu", "nd_range": {"device_start": 1585578860.764307, "device_end": 1585578860.7645493}, "cmdq": 0, "read": {"device_start": -1, "device_end": -1}}, "FFC_sans_bias11": {"write": {"device_start": 1585578860.750454, "host_queued_start": 1585578925.912208, "device_queued": 1585578860.7502797, "device_end": 1585578860.7504783, "host_queued_end": 1585578925.947062}, "device": "gpu", "nd_range": {"device_start": 1585578860.7505136, "device_end": 1585578860.751924}, "cmdq": 0, "read": {"device_start": -1, "device_end": -1}}, "FFC_sans_bias10": {"write": {"device_start": 1585578860.7503574, "host_queued_start": 1585578925.911162, "device_queued": 1585578860.7501767, "device_end": 1585578860.7504213, "host_queued_end": 1585578925.947062}, "device": "gpu", "nd_range": {"device_start": 1585578860.7504277, "device_end": 1585578860.751347}, "cmdq": 2, "read": {"device_start": -1, "device_end": -1}}, "coalesced_transpose3": {"write": {"device_start": -1, "host_queued_start": 1585578925.953394, "device_queued": -1, "device_end": -1, "host_queued_end": 1585578925.955856}, "device": "cpu", "nd_range": {"device_start": 2246700.157628422, "device_end": 2246700.1577976053}, "cmdq": 1, "read": {"device_start": -1, "device_end": -1}}, "FFC_sans_bias34": {"write": {"device_start": 1585578860.76862, "host_queued_start": 1585578925.942791, "device_queued": 1585578860.7544382, "device_end": 1585578860.7686453, "host_queued_end": 1585578925.947062}, "device": "gpu", "nd_range": {"device_start": 1585578860.768656, "device_end": 1585578860.7698777}, "cmdq": 1, "read": {"device_start": 1585578860.7698863, "device_end": 1585578860.769919}}, "FFC_sans_bias15": {"write": {"device_start": -1, "host_queued_start": 1585578925.937702, "device_queued": -1, "device_end": -1, "host_queued_end": 1585578925.947062}, "device": "gpu", "nd_range": {"device_start": 1585578860.7645292, "device_end": 1585578860.7654815}, "cmdq": 1, "read": {"device_start": -1, "device_end": -1}}, "FFC_sans_bias31": {"write": {"device_start": -1, "host_queued_start": 1585578925.934309, "device_queued": -1, "device_end": -1, "host_queued_end": 1585578925.947062}, "device": "gpu", "nd_range": {"device_start": 1585578860.7606103, "device_end": 1585578860.7616138}, "cmdq": 1, "read": {"device_start": -1, "device_end": -1}}, "FFC_sans_bias16": {"write": {"device_start": 1585578860.7661712, "host_queued_start": 1585578925.940698, "device_queued": 1585578860.754145, "device_end": 1585578860.7661974, "host_queued_end": 1585578925.947062}, "device": "gpu", "nd_range": {"device_start": 1585578860.7662084, "device_end": 1585578860.7674701}, "cmdq": 2, "read": {"device_start": 1585578860.76748, "device_end": 1585578860.7675047}}, "FFC_sans_bias19": {"write": {"device_start": 1585578860.7514493, "host_queued_start": 1585578925.914435, "device_queued": 1585578860.7505584, "device_end": 1585578860.7514765, "host_queued_end": 1585578925.947062}, "device": "gpu", "nd_range": {"device_start": 1585578860.7514803, "device_end": 1585578860.7528868}, "cmdq": 2, "read": {"device_start": -1, "device_end": -1}}, "FFC_sans_bias18": {"write": {"device_start": 1585578860.7510629, "host_queued_start": 1585578925.913397, "device_queued": 1585578860.7505302, "device_end": 1585578860.7510936, "host_queued_end": 1585578925.947062}, "device": "gpu", "nd_range": {"device_start": 1585578860.7510974, "device_end": 1585578860.7523308}, "cmdq": 1, "read": {"device_start": -1, "device_end": -1}}, "coalesced_transpose30": {"write": {"device_start": -1, "host_queued_start": 1585578925.93212, "device_queued": -1, "device_end": -1, "host_queued_end": 1585578925.947062}, "device": "gpu", "nd_range": {"device_start": 1585578860.7605736, "device_end": 1585578860.7605937}, "cmdq": 0, "read": {"device_start": -1, "device_end": -1}}, "FFC_sans_bias69": {"write": {"device_start": -1, "host_queued_start": 1585578925.939674, "device_queued": -1, "device_end": -1, "host_queued_end": 1585578925.947062}, "device": "gpu", "nd_range": {"device_start": 1585578860.766489, "device_end": 1585578860.7679873}, "cmdq": 1, "read": {"device_start": -1, "device_end": -1}}, "FFC_sans_bias38": {"write": {"device_start": 1585578860.7549212, "host_queued_start": 1585578925.921768, "device_queued": 1585578860.751471, "device_end": 1585578860.7549505, "host_queued_end": 1585578925.947062}, "device": "gpu", "nd_range": {"device_start": 1585578860.7549577, "device_end": 1585578860.7562327}, "cmdq": 0, "read": {"device_start": -1, "device_end": -1}}, "coalesced_transpose57": {"write": {"device_start": -1, "host_queued_start": 1585578925.93304, "device_queued": -1, "device_end": -1, "host_queued_end": 1585578925.947062}, "device": "gpu", "nd_range": {"device_start": 1585578860.7605953, "device_end": 1585578860.7610114}, "cmdq": 0, "read": {"device_start": -1, "device_end": -1}}, "empty26": {"write": {"device_start": 1585578860.7496367, "host_queued_start": 1585578925.905006, "device_queued": 1585578860.7495253, "device_end": 1585578860.7497098, "host_queued_end": 1585578925.947062}, "device": "gpu", "nd_range": {"device_start": 1585578860.749717, "device_end": 1585578860.7497246}, "cmdq": 1, "read": {"device_start": -1, "device_end": -1}}, "coalesced_transpose12": {"write": {"device_start": -1, "host_queued_start": 1585578925.931513, "device_queued": -1, "device_end": -1, "host_queued_end": 1585578925.947062}, "device": "gpu", "nd_range": {"device_start": 1585578860.759637, "device_end": 1585578860.7604563}, "cmdq": 1, "read": {"device_start": -1, "device_end": -1}}, "empty44": {"write": {"device_start": 1585578860.7498403, "host_queued_start": 1585578925.906715, "device_queued": 1585578860.7496703, "device_end": 1585578860.7498708, "host_queued_end": 1585578925.947062}, "device": "gpu", "nd_range": {"device_start": 1585578860.7498739, "device_end": 1585578860.7498777}, "cmdq": 0, "read": {"device_start": -1, "device_end": -1}}, "coalesced_transpose21": {"write": {"device_start": -1, "host_queued_start": 1585578925.931819, "device_queued": -1, "device_end": -1, "host_queued_end": 1585578925.947062}, "device": "gpu", "nd_range": {"device_start": 1585578860.7601097, "device_end": 1585578860.7604778}, "cmdq": 2, "read": {"device_start": -1, "device_end": -1}}, "FFC_sans_bias36": {"write": {"device_start": 1585578860.7539504, "host_queued_start": 1585578925.919703, "device_queued": 1585578860.751223, "device_end": 1585578860.7539814, "host_queued_end": 1585578925.947062}, "device": "gpu", "nd_range": {"device_start": 1585578860.7539878, "device_end": 1585578860.7552803}, "cmdq": 1, "read": {"device_start": -1, "device_end": -1}}, "softmax14": {"write": {"device_start": -1, "host_queued_start": 1585578925.935884, "device_queued": -1, "device_end": -1, "host_queued_end": 1585578925.947062}, "device": "gpu", "nd_range": {"device_start": 1585578860.763609, "device_end": 1585578860.7642975}, "cmdq": 0, "read": {"device_start": -1, "device_end": -1}}, "FFC_sans_bias13": {"write": {"device_start": -1, "host_queued_start": 1585578925.933676, "device_queued": -1, "device_end": -1, "host_queued_end": 1585578925.947062}, "device": "gpu", "nd_range": {"device_start": 1585578860.7605906, "device_end": 1585578860.761199}, "cmdq": 2, "read": {"device_start": -1, "device_end": -1}}, "empty8": {"write": {"device_start": -1, "host_queued_start": 1585578925.948774, "device_queued": -1, "device_end": -1, "host_queued_end": 1585578925.955856}, "device": "cpu", "nd_range": {"device_start": 2246700.1454032403, "device_end": 2246700.145416108}, "cmdq": 0, "read": {"device_start": -1, "device_end": -1}}, "FFC_sans_bias42": {"write": {"device_start": -1, "host_queued_start": 1585578925.938647, "device_queued": -1, "device_end": -1, "host_queued_end": 1585578925.947062}, "device": "gpu", "nd_range": {"device_start": 1585578860.7654912, "device_end": 1585578860.76648}, "cmdq": 1, "read": {"device_start": -1, "device_end": -1}}, "FFC_sans_bias43": {"write": {"device_start": 1585578860.7676466, "host_queued_start": 1585578925.943828, "device_queued": 1585578860.754535, "device_end": 1585578860.7676733, "host_queued_end": 1585578925.947062}, "device": "gpu", "nd_range": {"device_start": 1585578860.7676837, "device_end": 1585578860.7689254}, "cmdq": 2, "read": {"device_start": 1585578860.7700448, "device_end": 1585578860.770126}}, "FFC_sans_bias40": {"write": {"device_start": -1, "host_queued_start": 1585578925.934647, "device_queued": -1, "device_end": -1, "host_queued_end": 1585578925.947062}, "device": "gpu", "nd_range": {"device_start": 1585578860.7612092, "device_end": 1585578860.7626152}, "cmdq": 2, "read": {"device_start": -1, "device_end": -1}}, "softmax32": {"write": {"device_start": -1, "host_queued_start": 1585578925.936381, "device_queued": -1, "device_end": -1, "host_queued_end": 1585578925.947062}, "device": "gpu", "nd_range": {"device_start": 1585578860.7640433, "device_end": 1585578860.7642446}, "cmdq": 2, "read": {"device_start": -1, "device_end": -1}}, "FFC_sans_bias47": {"write": {"device_start": 1585578860.756354, "host_queued_start": 1585578925.92492, "device_queued": 1585578860.7517073, "device_end": 1585578860.7563906, "host_queued_end": 1585578925.947062}, "device": "gpu", "nd_range": {"device_start": 1585578860.756396, "device_end": 1585578860.7577083}, "cmdq": 0, "read": {"device_start": -1, "device_end": -1}}, "FFC_sans_bias45": {"write": {"device_start": 1585578860.7553725, "host_queued_start": 1585578925.922844, "device_queued": 1585578860.7515204, "device_end": 1585578860.7553985, "host_queued_end": 1585578925.947062}, "device": "gpu", "nd_range": {"device_start": 1585578860.7554028, "device_end": 1585578860.756742}, "cmdq": 1, "read": {"device_start": -1, "device_end": -1}}, "softmax50": {"write": {"device_start": -1, "host_queued_start": 1585578925.936887, "device_queued": -1, "device_end": -1, "host_queued_end": 1585578925.947062}, "device": "gpu", "nd_range": {"device_start": 1585578860.7642922, "device_end": 1585578860.7645192}, "cmdq": 1, "read": {"device_start": -1, "device_end": -1}}, "FFC_sans_bias33": {"write": {"device_start": -1, "host_queued_start": 1585578925.938329, "device_queued": -1, "device_end": -1, "host_queued_end": 1585578925.947062}, "device": "gpu", "nd_range": {"device_start": 1585578860.7656913, "device_end": 1585578860.7670221}, "cmdq": 0, "read": {"device_start": -1, "device_end": -1}}, "FFC_sans_bias63": {"write": {"device_start": 1585578860.759224, "host_queued_start": 1585578925.931193, "device_queued": 1585578860.7525358, "device_end": 1585578860.7592502, "host_queued_end": 1585578925.947062}, "device": "gpu", "nd_range": {"device_start": 1585578860.759255, "device_end": 1585578860.7605705}, "cmdq": 0, "read": {"device_start": -1, "device_end": -1}}, "FFC_sans_bias49": {"write": {"device_start": -1, "host_queued_start": 1585578925.934986, "device_queued": -1, "device_end": -1, "host_queued_end": 1585578925.947062}, "device": "gpu", "nd_range": {"device_start": 1585578860.762199, "device_end": 1585578860.7635987}, "cmdq": 0, "read": {"device_start": -1, "device_end": -1}}, "FFC_sans_bias64": {"write": {"device_start": 1585578860.758796, "host_queued_start": 1585578925.929115, "device_queued": 1585578860.7522786, "device_end": 1585578860.758868, "host_queued_end": 1585578925.947062}, "device": "gpu", "nd_range": {"device_start": 1585578860.7588813, "device_end": 1585578860.759636}, "cmdq": 1, "read": {"device_start": -1, "device_end": -1}}, "FFC_sans_bias65": {"write": {"device_start": 1585578860.7588751, "host_queued_start": 1585578925.930149, "device_queued": 1585578860.7524729, "device_end": 1585578860.7589025, "host_queued_end": 1585578925.947062}, "device": "gpu", "nd_range": {"device_start": 1585578860.758912, "device_end": 1585578860.7601078}, "cmdq": 2, "read": {"device_start": -1, "device_end": -1}}, "FFC_sans_bias67": {"write": {"device_start": -1, "host_queued_start": 1585578925.935621, "device_queued": -1, "device_end": -1, "host_queued_end": 1585578925.947062}, "device": "gpu", "nd_range": {"device_start": 1585578860.7626257, "device_end": 1585578860.7640333}, "cmdq": 2, "read": {"device_start": -1, "device_end": -1}}, "FFC_sans_bias24": {"write": {"device_start": -1, "host_queued_start": 1585578925.938014, "device_queued": -1, "device_end": -1, "host_queued_end": 1585578925.947062}, "device": "gpu", "nd_range": {"device_start": 1585578860.7644672, "device_end": 1585578860.7650719}, "cmdq": 2, "read": {"device_start": -1, "device_end": -1}}, "FFC_sans_bias25": {"write": {"device_start": 1585578860.7685156, "host_queued_start": 1585578925.941749, "device_queued": 1585578860.7542224, "device_end": 1585578860.7685416, "host_queued_end": 1585578925.947062}, "device": "gpu", "nd_range": {"device_start": 1585578860.7685525, "device_end": 1585578860.769418}, "cmdq": 0, "read": {"device_start": 1585578860.76942, "device_end": 1585578860.7694442}}, "FFC_sans_bias27": {"write": {"device_start": 1585578860.7524235, "host_queued_start": 1585578925.916565, "device_queued": 1585578860.750776, "device_end": 1585578860.7524486, "host_queued_end": 1585578925.947062}, "device": "gpu", "nd_range": {"device_start": 1585578860.7524524, "device_end": 1585578860.753829}, "cmdq": 1, "read": {"device_start": -1, "device_end": -1}}, "FFC_sans_bias20": {"write": {"device_start": 1585578860.7520568, "host_queued_start": 1585578925.915504, "device_queued": 1585578860.7507265, "device_end": 1585578860.7520812, "host_queued_end": 1585578925.947062}, "device": "gpu", "nd_range": {"device_start": 1585578860.7520874, "device_end": 1585578860.7533233}, "cmdq": 0, "read": {"device_start": -1, "device_end": -1}}, "FFC_sans_bias22": {"write": {"device_start": -1, "host_queued_start": 1585578925.933992, "device_queued": -1, "device_end": -1, "host_queued_end": 1585578925.947062}, "device": "gpu", "nd_range": {"device_start": 1585578860.7610238, "device_end": 1585578860.7621884}, "cmdq": 0, "read": {"device_start": -1, "device_end": -1}}, "softmax68": {"write": {"device_start": -1, "host_queued_start": 1585578925.93739, "device_queued": -1, "device_end": -1, "host_queued_end": 1585578925.947062}, "device": "gpu", "nd_range": {"device_start": 1585578860.7645588, "device_end": 1585578860.7656817}, "cmdq": 0, "read": {"device_start": -1, "device_end": -1}}, "softmax5": {"write": {"device_start": -1, "host_queued_start": 1585578925.954056, "device_queued": -1, "device_end": -1, "host_queued_end": 1585578925.955856}, "device": "cpu", "nd_range": {"device_start": 2246700.162024667, "device_end": 2246700.1621620064}, "cmdq": 0, "read": {"device_start": -1, "device_end": -1}}, "FFC_sans_bias28": {"write": {"device_start": 1585578860.7530274, "host_queued_start": 1585578925.917595, "device_queued": 1585578860.7509122, "device_end": 1585578860.7530527, "host_queued_end": 1585578925.947062}, "device": "gpu", "nd_range": {"device_start": 1585578860.7530563, "device_end": 1585578860.7543159}, "cmdq": 2, "read": {"device_start": -1, "device_end": -1}}, "FFC_sans_bias29": {"write": {"device_start": 1585578860.7534323, "host_queued_start": 1585578925.918668, "device_queued": 1585578860.7509902, "device_end": 1585578860.7534583, "host_queued_end": 1585578925.947062}, "device": "gpu", "nd_range": {"device_start": 1585578860.753464, "device_end": 1585578860.7548013}, "cmdq": 0, "read": {"device_start": -1, "device_end": -1}}, "empty17": {"write": {"device_start": 1585578860.749531, "host_queued_start": 1585578925.903969, "device_queued": 1585578860.7493725, "device_end": 1585578860.7495892, "host_queued_end": 1585578925.947062}, "device": "gpu", "nd_range": {"device_start": 1585578860.7495952, "device_end": 1585578860.7496016}, "cmdq": 0, "read": {"device_start": -1, "device_end": -1}}, "softmax59": {"write": {"device_start": -1, "host_queued_start": 1585578925.937134, "device_queued": -1, "device_end": -1, "host_queued_end": 1585578925.947062}, "device": "gpu", "nd_range": {"device_start": 1585578860.7642543, "device_end": 1585578860.764458}, "cmdq": 2, "read": {"device_start": -1, "device_end": -1}}, "empty71": {"write": {"device_start": 1585578860.7501745, "host_queued_start": 1585578925.909131, "device_queued": 1585578860.7499588, "device_end": 1585578860.750254, "host_queued_end": 1585578925.947062}, "device": "gpu", "nd_range": {"device_start": 1585578860.7502618, "device_end": 1585578860.7502682}, "cmdq": 0, "read": {"device_start": -1, "device_end": -1}}, "empty35": {"write": {"device_start": 1585578860.7497394, "host_queued_start": 1585578925.905845, "device_queued": 1585578860.7495503, "device_end": 1585578860.7497945, "host_queued_end": 1585578925.947062}, "device": "gpu", "nd_range": {"device_start": 1585578860.7498002, "device_end": 1585578860.749804}, "cmdq": 2, "read": {"device_start": -1, "device_end": -1}}, "empty53": {"write": {"device_start": 1585578860.7499804, "host_queued_start": 1585578925.907522, "device_queued": 1585578860.7498825, "device_end": 1585578860.7500534, "host_queued_end": 1585578925.947062}, "device": "gpu", "nd_range": {"device_start": 1585578860.750058, "device_end": 1585578860.7500648}, "cmdq": 1, "read": {"device_start": -1, "device_end": -1}}, "FFC_sans_bias46": {"write": {"device_start": 1585578860.75587, "host_queued_start": 1585578925.923889, "device_queued": 1585578860.7516458, "device_end": 1585578860.755901, "host_queued_end": 1585578925.947062}, "device": "gpu", "nd_range": {"device_start": 1585578860.755915, "device_end": 1585578860.7571816}, "cmdq": 2, "read": {"device_start": -1, "device_end": -1}}, "coalesced_transpose66": {"write": {"device_start": -1, "host_queued_start": 1585578925.933344, "device_queued": -1, "device_end": -1, "host_queued_end": 1585578925.947062}, "device": "gpu", "nd_range": {"device_start": 1585578860.7604878, "device_end": 1585578860.7605093}, "cmdq": 1, "read": {"device_start": -1, "device_end": -1}}, "coalesced_transpose48": {"write": {"device_start": -1, "host_queued_start": 1585578925.932729, "device_queued": -1, "device_end": -1, "host_queued_end": 1585578925.947062}, "device": "gpu", "nd_range": {"device_start": 1585578860.7604802, "device_end": 1585578860.760497}, "cmdq": 2, "read": {"device_start": -1, "device_end": -1}}}