{"FFC_sans_bias60": {"write": {"device_start": -1, "host_queued_start": 1585578676.247755, "device_queued": -1, "device_end": -1, "host_queued_end": 1585578676.254448}, "device": "gpu", "nd_range": {"device_start": 1585578611.0850031, "device_end": 1585578611.0856001}, "cmdq": 0, "read": {"device_start": -1, "device_end": -1}}, "FFC_sans_bias4": {"write": {"device_start": -1, "host_queued_start": 1585578676.265214, "device_queued": -1, "device_end": -1, "host_queued_end": 1585578676.269203}, "device": "cpu", "nd_range": {"device_start": 2246450.483073026, "device_end": 2246450.48869512}, "cmdq": 1, "read": {"device_start": -1, "device_end": -1}}, "FFC_sans_bias7": {"write": {"device_start": -1, "host_queued_start": 1585578676.268122, "device_queued": -1, "device_end": -1, "host_queued_end": 1585578676.269203}, "device": "cpu", "nd_range": {"device_start": 2246450.5084139192, "device_end": 2246450.5192454583}, "cmdq": 1, "read": {"device_start": -1, "device_end": -1}}, "FFC_sans_bias6": {"write": {"device_start": -1, "host_queued_start": 1585578676.266601, "device_queued": -1, "device_end": -1, "host_queued_end": 1585578676.269203}, "device": "cpu", "nd_range": {"device_start": 2246450.496826088, "device_end": 2246450.508395974}, "cmdq": 2, "read": {"device_start": -1, "device_end": -1}}, "FFC_sans_bias1": {"write": {"device_start": -1, "host_queued_start": 1585578676.259552, "device_queued": -1, "device_end": -1, "host_queued_end": 1585578676.269203}, "device": "cpu", "nd_range": {"device_start": 2246450.458818385, "device_end": 2246450.4730406003}, "cmdq": 0, "read": {"device_start": -1, "device_end": -1}}, "FFC_sans_bias0": {"write": {"device_start": -1, "host_queued_start": 1585578676.258335, "device_queued": -1, "device_end": -1, "host_queued_end": 1585578676.269203}, "device": "cpu", "nd_range": {"device_start": 2246450.458831476, "device_end": 2246450.471062745}, "cmdq": 2, "read": {"device_start": -1, "device_end": -1}}, "FFC_sans_bias2": {"write": {"device_start": -1, "host_queued_start": 1585578676.260713, "device_queued": -1, "device_end": -1, "host_queued_end": 1585578676.269203}, "device": "cpu", "nd_range": {"device_start": 2246450.458844868, "device_end": 2246450.4678436373}, "cmdq": 1, "read": {"device_start": -1, "device_end": -1}}, "FFC_sans_bias61": {"write": {"device_start": 1585578611.089525, "host_queued_start": 1585578676.253295, "device_queued": 1585578611.067325, "device_end": 1585578611.089549, "host_queued_end": 1585578676.254448}, "device": "gpu", "nd_range": {"device_start": 1585578611.0895548, "device_end": 1585578611.0901515}, "cmdq": 0, "read": {"device_start": 1585578611.0901535, "device_end": 1585578611.0901794}}, "FFC_sans_bias52": {"write": {"device_start": 1585578611.0887437, "host_queued_start": 1585578676.25225, "device_queued": 1585578611.0672784, "device_end": 1585578611.088768, "host_queued_end": 1585578676.254448}, "device": "gpu", "nd_range": {"device_start": 1585578611.0887735, "device_end": 1585578611.0893712}, "cmdq": 0, "read": {"device_start": 1585578611.0893798, "device_end": 1585578611.0894027}}, "FFC_sans_bias9": {"write": {"device_start": -1, "host_queued_start": 1585578676.261824, "device_queued": -1, "device_end": -1, "host_queued_end": 1585578676.269203}, "device": "cpu", "nd_range": {"device_start": 2246450.4712698273, "device_end": 2246450.481795043}, "cmdq": 2, "read": {"device_start": -1, "device_end": -1}}, "coalesced_transpose39": {"write": {"device_start": -1, "host_queued_start": 1585578676.241867, "device_queued": -1, "device_end": -1, "host_queued_end": 1585578676.254448}, "device": "gpu", "nd_range": {"device_start": 1585578611.0776844, "device_end": 1585578611.0776927}, "cmdq": 0, "read": {"device_start": -1, "device_end": -1}}, "FFC_sans_bias55": {"write": {"device_start": 1585578611.0748796, "host_queued_start": 1585578676.237801, "device_queued": 1585578611.0655377, "device_end": 1585578611.0749092, "host_queued_end": 1585578676.254448}, "device": "gpu", "nd_range": {"device_start": 1585578611.0749123, "device_end": 1585578611.0755177}, "cmdq": 0, "read": {"device_start": -1, "device_end": -1}}, "FFC_sans_bias54": {"write": {"device_start": 1585578611.0741277, "host_queued_start": 1585578676.236759, "device_queued": 1585578611.0654974, "device_end": 1585578611.074157, "host_queued_end": 1585578676.254448}, "device": "gpu", "nd_range": {"device_start": 1585578611.0741596, "device_end": 1585578611.0747526}, "cmdq": 0, "read": {"device_start": -1, "device_end": -1}}, "FFC_sans_bias56": {"write": {"device_start": 1585578611.0733626, "host_queued_start": 1585578676.23573, "device_queued": 1585578611.0653734, "device_end": 1585578611.0733922, "host_queued_end": 1585578676.254448}, "device": "gpu", "nd_range": {"device_start": 1585578611.0733993, "device_end": 1585578611.0740113}, "cmdq": 0, "read": {"device_start": -1, "device_end": -1}}, "FFC_sans_bias51": {"write": {"device_start": -1, "host_queued_start": 1585578676.24744, "device_queued": -1, "device_end": -1, "host_queued_end": 1585578676.254448}, "device": "gpu", "nd_range": {"device_start": 1585578611.0844033, "device_end": 1585578611.0850022}, "cmdq": 0, "read": {"device_start": -1, "device_end": -1}}, "softmax23": {"write": {"device_start": -1, "host_queued_start": 1585578676.244934, "device_queued": -1, "device_end": -1, "host_queued_end": 1585578676.254448}, "device": "gpu", "nd_range": {"device_start": 1585578611.0813315, "device_end": 1585578611.081543}, "cmdq": 0, "read": {"device_start": -1, "device_end": -1}}, "FFC_sans_bias37": {"write": {"device_start": 1585578611.0696518, "host_queued_start": 1585578676.230459, "device_queued": 1585578611.064955, "device_end": 1585578611.0696757, "host_queued_end": 1585578676.254448}, "device": "gpu", "nd_range": {"device_start": 1585578611.0696802, "device_end": 1585578611.0702677}, "cmdq": 0, "read": {"device_start": -1, "device_end": -1}}, "empty62": {"write": {"device_start": 1585578611.0642798, "host_queued_start": 1585578676.221202, "device_queued": 1585578611.063966, "device_end": 1585578611.0643117, "host_queued_end": 1585578676.254448}, "device": "gpu", "nd_range": {"device_start": 1585578611.0643215, "device_end": 1585578611.0643253}, "cmdq": 0, "read": {"device_start": -1, "device_end": -1}}, "FFC_sans_bias70": {"write": {"device_start": 1585578611.0903137, "host_queued_start": 1585578676.254342, "device_queued": 1585578611.067481, "device_end": 1585578611.090337, "host_queued_end": 1585578676.254448}, "device": "gpu", "nd_range": {"device_start": 1585578611.0903413, "device_end": 1585578611.0909338}, "cmdq": 0, "read": {"device_start": 1585578611.0909393, "device_end": 1585578611.0909634}}, "FFC_sans_bias58": {"write": {"device_start": -1, "host_queued_start": 1585578676.24437, "device_queued": -1, "device_end": -1, "host_queued_end": 1585578676.254448}, "device": "gpu", "nd_range": {"device_start": 1585578611.0801318, "device_end": 1585578611.0807304}, "cmdq": 0, "read": {"device_start": -1, "device_end": -1}}, "softmax41": {"write": {"device_start": -1, "host_queued_start": 1585578676.24543, "device_queued": -1, "device_end": -1, "host_queued_end": 1585578676.254448}, "device": "gpu", "nd_range": {"device_start": 1585578611.0817554, "device_end": 1585578611.0819662}, "cmdq": 0, "read": {"device_start": -1, "device_end": -1}}, "FFC_sans_bias11": {"write": {"device_start": -1, "host_queued_start": 1585578676.264133, "device_queued": -1, "device_end": -1, "host_queued_end": 1585578676.269203}, "device": "cpu", "nd_range": {"device_start": 2246450.46811965, "device_end": 2246450.481035593}, "cmdq": 1, "read": {"device_start": -1, "device_end": -1}}, "FFC_sans_bias10": {"write": {"device_start": -1, "host_queued_start": 1585578676.262951, "device_queued": -1, "device_end": -1, "host_queued_end": 1585578676.269203}, "device": "cpu", "nd_range": {"device_start": 2246450.473969298, "device_end": 2246450.4912904752}, "cmdq": 0, "read": {"device_start": -1, "device_end": -1}}, "coalesced_transpose3": {"write": {"device_start": -1, "host_queued_start": 1585578676.264463, "device_queued": -1, "device_end": -1, "host_queued_end": 1585578676.269203}, "device": "cpu", "nd_range": {"device_start": 2246450.481914284, "device_end": 2246450.482154684}, "cmdq": 2, "read": {"device_start": -1, "device_end": -1}}, "FFC_sans_bias34": {"write": {"device_start": 1585578611.0871708, "host_queued_start": 1585578676.25015, "device_queued": 1585578611.0670907, "device_end": 1585578611.0871944, "host_queued_end": 1585578676.254448}, "device": "gpu", "nd_range": {"device_start": 1585578611.0872009, "device_end": 1585578611.0877986}, "cmdq": 0, "read": {"device_start": 1585578611.0878067, "device_end": 1585578611.087829}}, "FFC_sans_bias15": {"write": {"device_start": -1, "host_queued_start": 1585578676.266939, "device_queued": -1, "device_end": -1, "host_queued_end": 1585578676.269203}, "device": "cpu", "nd_range": {"device_start": 2246450.497164465, "device_end": 2246450.509323567}, "cmdq": 0, "read": {"device_start": -1, "device_end": -1}}, "FFC_sans_bias31": {"write": {"device_start": -1, "host_queued_start": 1585578676.243421, "device_queued": -1, "device_end": -1, "host_queued_end": 1585578676.254448}, "device": "gpu", "nd_range": {"device_start": 1585578611.078334, "device_end": 1585578611.0789313}, "cmdq": 0, "read": {"device_start": -1, "device_end": -1}}, "FFC_sans_bias16": {"write": {"device_start": -1, "host_queued_start": 1585578676.269159, "device_queued": -1, "device_end": -1, "host_queued_end": 1585578676.269203}, "device": "cpu", "nd_range": {"device_start": 2246450.5094373683, "device_end": 2246450.518793934}, "cmdq": 2, "read": {"device_start": -1, "device_end": -1}}, "FFC_sans_bias19": {"write": {"device_start": 1585578611.065275, "host_queued_start": 1585578676.22404, "device_queued": 1585578611.0643258, "device_end": 1585578611.0653033, "host_queued_end": 1585578676.254448}, "device": "gpu", "nd_range": {"device_start": 1585578611.0653126, "device_end": 1585578611.0659132}, "cmdq": 0, "read": {"device_start": -1, "device_end": -1}}, "FFC_sans_bias18": {"write": {"device_start": 1585578611.0645595, "host_queued_start": 1585578676.223006, "device_queued": 1585578611.064085, "device_end": 1585578611.064584, "host_queued_end": 1585578676.254448}, "device": "gpu", "nd_range": {"device_start": 1585578611.0645869, "device_end": 1585578611.0651748}, "cmdq": 0, "read": {"device_start": -1, "device_end": -1}}, "coalesced_transpose30": {"write": {"device_start": -1, "host_queued_start": 1585578676.241564, "device_queued": -1, "device_end": -1, "host_queued_end": 1585578676.254448}, "device": "gpu", "nd_range": {"device_start": 1585578611.077675, "device_end": 1585578611.0776832}, "cmdq": 0, "read": {"device_start": -1, "device_end": -1}}, "FFC_sans_bias69": {"write": {"device_start": -1, "host_queued_start": 1585578676.24807, "device_queued": -1, "device_end": -1, "host_queued_end": 1585578676.254448}, "device": "gpu", "nd_range": {"device_start": 1585578611.085601, "device_end": 1585578611.0861967}, "cmdq": 0, "read": {"device_start": -1, "device_end": -1}}, "FFC_sans_bias38": {"write": {"device_start": 1585578611.0703676, "host_queued_start": 1585578676.231523, "device_queued": 1585578611.0649962, "device_end": 1585578611.0703914, "host_queued_end": 1585578676.254448}, "device": "gpu", "nd_range": {"device_start": 1585578611.070398, "device_end": 1585578611.0709925}, "cmdq": 0, "read": {"device_start": -1, "device_end": -1}}, "coalesced_transpose57": {"write": {"device_start": -1, "host_queued_start": 1585578676.24247, "device_queued": -1, "device_end": -1, "host_queued_end": 1585578676.254448}, "device": "gpu", "nd_range": {"device_start": 1585578611.0777032, "device_end": 1585578611.0777118}, "cmdq": 0, "read": {"device_start": -1, "device_end": -1}}, "empty26": {"write": {"device_start": 1585578611.0636613, "host_queued_start": 1585578676.217635, "device_queued": 1585578611.0635207, "device_end": 1585578611.0636928, "host_queued_end": 1585578676.254448}, "device": "gpu", "nd_range": {"device_start": 1585578611.0636957, "device_end": 1585578611.0637004}, "cmdq": 0, "read": {"device_start": -1, "device_end": -1}}, "coalesced_transpose12": {"write": {"device_start": -1, "host_queued_start": 1585578676.264832, "device_queued": -1, "device_end": -1, "host_queued_end": 1585578676.269203}, "device": "cpu", "nd_range": {"device_start": 2246450.4913073843, "device_end": 2246450.491585451}, "cmdq": 0, "read": {"device_start": -1, "device_end": -1}}, "empty44": {"write": {"device_start": 1585578611.0639782, "host_queued_start": 1585578676.219579, "device_queued": 1585578611.063702, "device_end": 1585578611.0640028, "host_queued_end": 1585578676.254448}, "device": "gpu", "nd_range": {"device_start": 1585578611.0640118, "device_end": 1585578611.0640152}, "cmdq": 0, "read": {"device_start": -1, "device_end": -1}}, "coalesced_transpose21": {"write": {"device_start": -1, "host_queued_start": 1585578676.241258, "device_queued": -1, "device_end": -1, "host_queued_end": 1585578676.254448}, "device": "gpu", "nd_range": {"device_start": 1585578611.0776656, "device_end": 1585578611.0776742}, "cmdq": 0, "read": {"device_start": -1, "device_end": -1}}, "FFC_sans_bias36": {"write": {"device_start": 1585578611.068932, "host_queued_start": 1585578676.229428, "device_queued": 1585578611.0648205, "device_end": 1585578611.0689564, "host_queued_end": 1585578676.254448}, "device": "gpu", "nd_range": {"device_start": 1585578611.0689623, "device_end": 1585578611.0695517}, "cmdq": 0, "read": {"device_start": -1, "device_end": -1}}, "softmax14": {"write": {"device_start": -1, "host_queued_start": 1585578676.266159, "device_queued": -1, "device_end": -1, "host_queued_end": 1585578676.269203}, "device": "cpu", "nd_range": {"device_start": 2246450.4969438124, "device_end": 2246450.4971438153}, "cmdq": 1, "read": {"device_start": -1, "device_end": -1}}, "FFC_sans_bias13": {"write": {"device_start": -1, "host_queued_start": 1585578676.265587, "device_queued": -1, "device_end": -1, "host_queued_end": 1585578676.269203}, "device": "cpu", "nd_range": {"device_start": 2246450.491638741, "device_end": 2246450.496802934}, "cmdq": 2, "read": {"device_start": -1, "device_end": -1}}, "empty8": {"write": {"device_start": -1, "host_queued_start": 1585578676.256099, "device_queued": -1, "device_end": -1, "host_queued_end": 1585578676.269203}, "device": "cpu", "nd_range": {"device_start": 2246450.458782691, "device_end": 2246450.458792399}, "cmdq": 0, "read": {"device_start": -1, "device_end": -1}}, "FFC_sans_bias42": {"write": {"device_start": -1, "host_queued_start": 1585578676.247123, "device_queued": -1, "device_end": -1, "host_queued_end": 1585578676.254448}, "device": "gpu", "nd_range": {"device_start": 1585578611.0838013, "device_end": 1585578611.084402}, "cmdq": 0, "read": {"device_start": -1, "device_end": -1}}, "FFC_sans_bias43": {"write": {"device_start": 1585578611.0879576, "host_queued_start": 1585578676.251199, "device_queued": 1585578611.0671482, "device_end": 1585578611.0879812, "host_queued_end": 1585578676.254448}, "device": "gpu", "nd_range": {"device_start": 1585578611.087987, "device_end": 1585578611.0885866}, "cmdq": 0, "read": {"device_start": 1585578611.0885932, "device_end": 1585578611.0886161}}, "FFC_sans_bias40": {"write": {"device_start": -1, "host_queued_start": 1585578676.243735, "device_queued": -1, "device_end": -1, "host_queued_end": 1585578676.254448}, "device": "gpu", "nd_range": {"device_start": 1585578611.0789325, "device_end": 1585578611.079531}, "cmdq": 0, "read": {"device_start": -1, "device_end": -1}}, "softmax32": {"write": {"device_start": -1, "host_queued_start": 1585578676.245183, "device_queued": -1, "device_end": -1, "host_queued_end": 1585578676.254448}, "device": "gpu", "nd_range": {"device_start": 1585578611.081544, "device_end": 1585578611.0817542}, "cmdq": 0, "read": {"device_start": -1, "device_end": -1}}, "FFC_sans_bias47": {"write": {"device_start": 1585578611.0726104, "host_queued_start": 1585578676.234681, "device_queued": 1585578611.0653327, "device_end": 1585578611.07264, "host_queued_end": 1585578676.254448}, "device": "gpu", "nd_range": {"device_start": 1585578611.0726469, "device_end": 1585578611.073242}, "cmdq": 0, "read": {"device_start": -1, "device_end": -1}}, "FFC_sans_bias45": {"write": {"device_start": 1585578611.0710976, "host_queued_start": 1585578676.232552, "device_queued": 1585578611.0651288, "device_end": 1585578611.0711327, "host_queued_end": 1585578676.254448}, "device": "gpu", "nd_range": {"device_start": 1585578611.0711389, "device_end": 1585578611.0717382}, "cmdq": 0, "read": {"device_start": -1, "device_end": -1}}, "softmax50": {"write": {"device_start": -1, "host_queued_start": 1585578676.245677, "device_queued": -1, "device_end": -1, "host_queued_end": 1585578676.254448}, "device": "gpu", "nd_range": {"device_start": 1585578611.081967, "device_end": 1585578611.0821767}, "cmdq": 0, "read": {"device_start": -1, "device_end": -1}}, "FFC_sans_bias33": {"write": {"device_start": -1, "host_queued_start": 1585578676.246805, "device_queued": -1, "device_end": -1, "host_queued_end": 1585578676.254448}, "device": "gpu", "nd_range": {"device_start": 1585578611.0832002, "device_end": 1585578611.0837991}, "cmdq": 0, "read": {"device_start": -1, "device_end": -1}}, "FFC_sans_bias63": {"write": {"device_start": 1585578611.0770328, "host_queued_start": 1585578676.240927, "device_queued": 1585578611.0658808, "device_end": 1585578611.077063, "host_queued_end": 1585578676.254448}, "device": "gpu", "nd_range": {"device_start": 1585578611.0770674, "device_end": 1585578611.077664}, "cmdq": 0, "read": {"device_start": -1, "device_end": -1}}, "FFC_sans_bias49": {"write": {"device_start": -1, "host_queued_start": 1585578676.244055, "device_queued": -1, "device_end": -1, "host_queued_end": 1585578676.254448}, "device": "gpu", "nd_range": {"device_start": 1585578611.079532, "device_end": 1585578611.0801299}, "cmdq": 0, "read": {"device_start": -1, "device_end": -1}}, "FFC_sans_bias64": {"write": {"device_start": 1585578611.075633, "host_queued_start": 1585578676.238864, "device_queued": 1585578611.0656805, "device_end": 1585578611.0756624, "host_queued_end": 1585578676.254448}, "device": "gpu", "nd_range": {"device_start": 1585578611.0756652, "device_end": 1585578611.0762606}, "cmdq": 0, "read": {"device_start": -1, "device_end": -1}}, "FFC_sans_bias65": {"write": {"device_start": 1585578611.0763845, "host_queued_start": 1585578676.239898, "device_queued": 1585578611.0657327, "device_end": 1585578611.076414, "host_queued_end": 1585578676.254448}, "device": "gpu", "nd_range": {"device_start": 1585578611.076417, "device_end": 1585578611.0769167}, "cmdq": 0, "read": {"device_start": -1, "device_end": -1}}, "FFC_sans_bias67": {"write": {"device_start": -1, "host_queued_start": 1585578676.244683, "device_queued": -1, "device_end": -1, "host_queued_end": 1585578676.254448}, "device": "gpu", "nd_range": {"device_start": 1585578611.0807316, "device_end": 1585578611.0813305}, "cmdq": 0, "read": {"device_start": -1, "device_end": -1}}, "FFC_sans_bias24": {"write": {"device_start": -1, "host_queued_start": 1585578676.24648, "device_queued": -1, "device_end": -1, "host_queued_end": 1585578676.254448}, "device": "gpu", "nd_range": {"device_start": 1585578611.0825999, "device_end": 1585578611.083199}, "cmdq": 0, "read": {"device_start": -1, "device_end": -1}}, "FFC_sans_bias25": {"write": {"device_start": 1585578611.0862918, "host_queued_start": 1585578676.249083, "device_queued": 1585578611.0669017, "device_end": 1585578611.0863159, "host_queued_end": 1585578676.254448}, "device": "gpu", "nd_range": {"device_start": 1585578611.086322, "device_end": 1585578611.086919}, "cmdq": 0, "read": {"device_start": 1585578611.0869277, "device_end": 1585578611.0869532}}, "FFC_sans_bias27": {"write": {"device_start": 1585578611.066775, "host_queued_start": 1585578676.226115, "device_queued": 1585578611.0645974, "device_end": 1585578611.066805, "host_queued_end": 1585578676.254448}, "device": "gpu", "nd_range": {"device_start": 1585578611.0668118, "device_end": 1585578611.0674095}, "cmdq": 0, "read": {"device_start": -1, "device_end": -1}}, "FFC_sans_bias20": {"write": {"device_start": 1585578611.0660453, "host_queued_start": 1585578676.22508, "device_queued": 1585578611.0643895, "device_end": 1585578611.0660694, "host_queued_end": 1585578676.254448}, "device": "gpu", "nd_range": {"device_start": 1585578611.0660741, "device_end": 1585578611.066671}, "cmdq": 0, "read": {"device_start": -1, "device_end": -1}}, "FFC_sans_bias22": {"write": {"device_start": -1, "host_queued_start": 1585578676.243099, "device_queued": -1, "device_end": -1, "host_queued_end": 1585578676.254448}, "device": "gpu", "nd_range": {"device_start": 1585578611.077723, "device_end": 1585578611.0783324}, "cmdq": 0, "read": {"device_start": -1, "device_end": -1}}, "softmax68": {"write": {"device_start": -1, "host_queued_start": 1585578676.246168, "device_queued": -1, "device_end": -1, "host_queued_end": 1585578676.254448}, "device": "gpu", "nd_range": {"device_start": 1585578611.082389, "device_end": 1585578611.0825987}, "cmdq": 0, "read": {"device_start": -1, "device_end": -1}}, "softmax5": {"write": {"device_start": -1, "host_queued_start": 1585578676.265888, "device_queued": -1, "device_end": -1, "host_queued_end": 1585578676.269203}, "device": "cpu", "nd_range": {"device_start": 2246450.491603033, "device_end": 2246450.4917924893}, "cmdq": 0, "read": {"device_start": -1, "device_end": -1}}, "FFC_sans_bias28": {"write": {"device_start": 1585578611.0675588, "host_queued_start": 1585578676.22718, "device_queued": 1585578611.0646431, "device_end": 1585578611.0675828, "host_queued_end": 1585578676.254448}, "device": "gpu", "nd_range": {"device_start": 1585578611.067588, "device_end": 1585578611.0680926}, "cmdq": 0, "read": {"device_start": -1, "device_end": -1}}, "FFC_sans_bias29": {"write": {"device_start": 1585578611.0681946, "host_queued_start": 1585578676.228398, "device_queued": 1585578611.064781, "device_end": 1585578611.0682182, "host_queued_end": 1585578676.254448}, "device": "gpu", "nd_range": {"device_start": 1585578611.0682251, "device_end": 1585578611.068823}, "cmdq": 0, "read": {"device_start": -1, "device_end": -1}}, "empty17": {"write": {"device_start": -1, "host_queued_start": 1585578676.257165, "device_queued": -1, "device_end": -1, "host_queued_end": 1585578676.269203}, "device": "cpu", "nd_range": {"device_start": 2246450.458782745, "device_end": 2246450.45879247}, "cmdq": 1, "read": {"device_start": -1, "device_end": -1}}, "softmax59": {"write": {"device_start": -1, "host_queued_start": 1585578676.245926, "device_queued": -1, "device_end": -1, "host_queued_end": 1585578676.254448}, "device": "gpu", "nd_range": {"device_start": 1585578611.0821776, "device_end": 1585578611.0823882}, "cmdq": 0, "read": {"device_start": -1, "device_end": -1}}, "empty71": {"write": {"device_start": 1585578611.064415, "host_queued_start": 1585578676.222004, "device_queued": 1585578611.0640445, "device_end": 1585578611.0644405, "host_queued_end": 1585578676.254448}, "device": "gpu", "nd_range": {"device_start": 1585578611.064449, "device_end": 1585578611.0644524}, "cmdq": 0, "read": {"device_start": -1, "device_end": -1}}, "empty35": {"write": {"device_start": 1585578611.0638294, "host_queued_start": 1585578676.218755, "device_queued": 1585578611.0636592, "device_end": 1585578611.0638542, "host_queued_end": 1585578676.254448}, "device": "gpu", "nd_range": {"device_start": 1585578611.0638576, "device_end": 1585578611.063867}, "cmdq": 0, "read": {"device_start": -1, "device_end": -1}}, "empty53": {"write": {"device_start": 1585578611.0641131, "host_queued_start": 1585578676.220396, "device_queued": 1585578611.0637815, "device_end": 1585578611.0641384, "host_queued_end": 1585578676.254448}, "device": "gpu", "nd_range": {"device_start": 1585578611.0641415, "device_end": 1585578611.0641508}, "cmdq": 0, "read": {"device_start": -1, "device_end": -1}}, "FFC_sans_bias46": {"write": {"device_start": 1585578611.0718637, "host_queued_start": 1585578676.233583, "device_queued": 1585578611.0651681, "device_end": 1585578611.071894, "host_queued_end": 1585578676.254448}, "device": "gpu", "nd_range": {"device_start": 1585578611.0719004, "device_end": 1585578611.0724912}, "cmdq": 0, "read": {"device_start": -1, "device_end": -1}}, "coalesced_transpose66": {"write": {"device_start": -1, "host_queued_start": 1585578676.242779, "device_queued": -1, "device_end": -1, "host_queued_end": 1585578676.254448}, "device": "gpu", "nd_range": {"device_start": 1585578611.0777128, "device_end": 1585578611.0777216}, "cmdq": 0, "read": {"device_start": -1, "device_end": -1}}, "coalesced_transpose48": {"write": {"device_start": -1, "host_queued_start": 1585578676.242167, "device_queued": -1, "device_end": -1, "host_queued_end": 1585578676.254448}, "device": "gpu", "nd_range": {"device_start": 1585578611.077694, "device_end": 1585578611.077702}, "cmdq": 0, "read": {"device_start": -1, "device_end": -1}}}