{"FFC_sans_bias60": {"write": {"device_start": -1, "host_queued_start": 1585578861.248093, "device_queued": -1, "device_end": -1, "host_queued_end": 1585578861.251664}, "device": "gpu", "nd_range": {"device_start": 1585578796.0624716, "device_end": 1585578796.0633235}, "cmdq": 0, "read": {"device_start": -1, "device_end": -1}}, "FFC_sans_bias4": {"write": {"device_start": -1, "host_queued_start": 1585578861.275424, "device_queued": -1, "device_end": -1, "host_queued_end": 1585578861.285097}, "device": "cpu", "nd_range": {"device_start": 2246635.552496964, "device_end": 2246635.567776779}, "cmdq": 0, "read": {"device_start": -1, "device_end": -1}}, "FFC_sans_bias7": {"write": {"device_start": -1, "host_queued_start": 1585578861.281037, "device_queued": -1, "device_end": -1, "host_queued_end": 1585578861.285097}, "device": "cpu", "nd_range": {"device_start": 2246635.583226371, "device_end": 2246635.5942299273}, "cmdq": 0, "read": {"device_start": -1, "device_end": -1}}, "FFC_sans_bias6": {"write": {"device_start": -1, "host_queued_start": 1585578861.278553, "device_queued": -1, "device_end": -1, "host_queued_end": 1585578861.285097}, "device": "cpu", "nd_range": {"device_start": 2246635.568210829, "device_end": 2246635.583217828}, "cmdq": 0, "read": {"device_start": -1, "device_end": -1}}, "FFC_sans_bias1": {"write": {"device_start": -1, "host_queued_start": 1585578861.259269, "device_queued": -1, "device_end": -1, "host_queued_end": 1585578861.285097}, "device": "cpu", "nd_range": {"device_start": 2246635.474739241, "device_end": 2246635.491378304}, "cmdq": 1, "read": {"device_start": -1, "device_end": -1}}, "FFC_sans_bias0": {"write": {"device_start": -1, "host_queued_start": 1585578861.258181, "device_queued": -1, "device_end": -1, "host_queued_end": 1585578861.285097}, "device": "cpu", "nd_range": {"device_start": 2246635.47473966, "device_end": 2246635.490007385}, "cmdq": 0, "read": {"device_start": -1, "device_end": -1}}, "FFC_sans_bias2": {"write": {"device_start": -1, "host_queued_start": 1585578861.260401, "device_queued": -1, "device_end": -1, "host_queued_end": 1585578861.285097}, "device": "cpu", "nd_range": {"device_start": 2246635.474774848, "device_end": 2246635.490367502}, "cmdq": 2, "read": {"device_start": -1, "device_end": -1}}, "FFC_sans_bias61": {"write": {"device_start": 1585578796.0640423, "host_queued_start": 1585578861.250476, "device_queued": 1585578796.0575683, "device_end": 1585578796.0640788, "host_queued_end": 1585578861.251664}, "device": "gpu", "nd_range": {"device_start": 1585578796.0640852, "device_end": 1585578796.0648773}, "cmdq": 1, "read": {"device_start": 1585578796.06488, "device_end": 1585578796.0649037}}, "FFC_sans_bias52": {"write": {"device_start": 1585578796.063454, "host_queued_start": 1585578861.249429, "device_queued": 1585578796.057527, "device_end": 1585578796.0634851, "host_queued_end": 1585578861.251664}, "device": "gpu", "nd_range": {"device_start": 1585578796.063491, "device_end": 1585578796.0643167}, "cmdq": 0, "read": {"device_start": 1585578796.064321, "device_end": 1585578796.0643454}}, "FFC_sans_bias9": {"write": {"device_start": -1, "host_queued_start": 1585578861.261635, "device_queued": -1, "device_end": -1, "host_queued_end": 1585578861.285097}, "device": "cpu", "nd_range": {"device_start": 2246635.490268623, "device_end": 2246635.505531522}, "cmdq": 3, "read": {"device_start": -1, "device_end": -1}}, "coalesced_transpose39": {"write": {"device_start": -1, "host_queued_start": 1585578861.27508, "device_queued": -1, "device_end": -1, "host_queued_end": 1585578861.285097}, "device": "cpu", "nd_range": {"device_start": 2246635.5362419663, "device_end": 2246635.536479133}, "cmdq": 4, "read": {"device_start": -1, "device_end": -1}}, "FFC_sans_bias55": {"write": {"device_start": 1585578796.0582993, "host_queued_start": 1585578861.241365, "device_queued": 1585578796.056529, "device_end": 1585578796.0583324, "host_queued_end": 1585578861.251664}, "device": "gpu", "nd_range": {"device_start": 1585578796.0583377, "device_end": 1585578796.0591555}, "cmdq": 0, "read": {"device_start": -1, "device_end": -1}}, "FFC_sans_bias54": {"write": {"device_start": 1585578796.057878, "host_queued_start": 1585578861.240304, "device_queued": 1585578796.0563796, "device_end": 1585578796.0579052, "host_queued_end": 1585578861.251664}, "device": "gpu", "nd_range": {"device_start": 1585578796.0579112, "device_end": 1585578796.058704}, "cmdq": 1, "read": {"device_start": -1, "device_end": -1}}, "FFC_sans_bias56": {"write": {"device_start": 1585578796.0572762, "host_queued_start": 1585578861.239269, "device_queued": 1585578796.05634, "device_end": 1585578796.0573072, "host_queued_end": 1585578861.251664}, "device": "gpu", "nd_range": {"device_start": 1585578796.0573108, "device_end": 1585578796.0581641}, "cmdq": 0, "read": {"device_start": -1, "device_end": -1}}, "FFC_sans_bias51": {"write": {"device_start": -1, "host_queued_start": 1585578861.247759, "device_queued": -1, "device_end": -1, "host_queued_end": 1585578861.251664}, "device": "gpu", "nd_range": {"device_start": 1585578796.0623183, "device_end": 1585578796.062923}, "cmdq": 1, "read": {"device_start": -1, "device_end": -1}}, "softmax23": {"write": {"device_start": -1, "host_queued_start": 1585578861.277642, "device_queued": -1, "device_end": -1, "host_queued_end": 1585578861.285097}, "device": "cpu", "nd_range": {"device_start": 2246635.54033883, "device_end": 2246635.540554976}, "cmdq": 2, "read": {"device_start": -1, "device_end": -1}}, "FFC_sans_bias37": {"write": {"device_start": -1, "host_queued_start": 1585578861.272258, "device_queued": -1, "device_end": -1, "host_queued_end": 1585578861.285097}, "device": "cpu", "nd_range": {"device_start": 2246635.5209511044, "device_end": 2246635.536115115}, "cmdq": 3, "read": {"device_start": -1, "device_end": -1}}, "empty62": {"write": {"device_start": 1585578796.0559113, "host_queued_start": 1585578861.234212, "device_queued": 1585578796.0558176, "device_end": 1585578796.0559807, "host_queued_end": 1585578861.251664}, "device": "gpu", "nd_range": {"device_start": 1585578796.0559847, "device_end": 1585578796.0559893}, "cmdq": 1, "read": {"device_start": -1, "device_end": -1}}, "FFC_sans_bias70": {"write": {"device_start": 1585578796.0645607, "host_queued_start": 1585578861.251559, "device_queued": 1585578796.057768, "device_end": 1585578796.064592, "host_queued_end": 1585578861.251664}, "device": "gpu", "nd_range": {"device_start": 1585578796.0645988, "device_end": 1585578796.06529}, "cmdq": 0, "read": {"device_start": 1585578796.0652995, "device_end": 1585578796.0653229}}, "FFC_sans_bias58": {"write": {"device_start": -1, "host_queued_start": 1585578861.246338, "device_queued": -1, "device_end": -1, "host_queued_end": 1585578861.251664}, "device": "gpu", "nd_range": {"device_start": 1585578796.0606115, "device_end": 1585578796.0616195}, "cmdq": 0, "read": {"device_start": -1, "device_end": -1}}, "softmax41": {"write": {"device_start": -1, "host_queued_start": 1585578861.278214, "device_queued": -1, "device_end": -1, "host_queued_end": 1585578861.285097}, "device": "cpu", "nd_range": {"device_start": 2246635.55189706, "device_end": 2246635.552120271}, "cmdq": 4, "read": {"device_start": -1, "device_end": -1}}, "FFC_sans_bias11": {"write": {"device_start": -1, "host_queued_start": 1585578861.263821, "device_queued": -1, "device_end": -1, "host_queued_end": 1585578861.285097}, "device": "cpu", "nd_range": {"device_start": 2246635.5213052933, "device_end": 2246635.536599394}, "cmdq": 0, "read": {"device_start": -1, "device_end": -1}}, "FFC_sans_bias10": {"write": {"device_start": -1, "host_queued_start": 1585578861.262768, "device_queued": -1, "device_end": -1, "host_queued_end": 1585578861.285097}, "device": "cpu", "nd_range": {"device_start": 2246635.47522763, "device_end": 2246635.4904647353}, "cmdq": 4, "read": {"device_start": -1, "device_end": -1}}, "coalesced_transpose3": {"write": {"device_start": -1, "host_queued_start": 1585578861.273647, "device_queued": -1, "device_end": -1, "host_queued_end": 1585578861.285097}, "device": "cpu", "nd_range": {"device_start": 2246635.552117845, "device_end": 2246635.552383997}, "cmdq": 0, "read": {"device_start": -1, "device_end": -1}}, "FFC_sans_bias34": {"write": {"device_start": -1, "host_queued_start": 1585578861.284057, "device_queued": -1, "device_end": -1, "host_queued_end": 1585578861.285097}, "device": "cpu", "nd_range": {"device_start": 2246635.599978127, "device_end": 2246635.6086572544}, "cmdq": 3, "read": {"device_start": -1, "device_end": -1}}, "FFC_sans_bias15": {"write": {"device_start": -1, "host_queued_start": 1585578861.278939, "device_queued": -1, "device_end": -1, "host_queued_end": 1585578861.285097}, "device": "cpu", "nd_range": {"device_start": 2246635.5865902663, "device_end": 2246635.597895332}, "cmdq": 1, "read": {"device_start": -1, "device_end": -1}}, "FFC_sans_bias31": {"write": {"device_start": -1, "host_queued_start": 1585578861.276466, "device_queued": -1, "device_end": -1, "host_queued_end": 1585578861.285097}, "device": "cpu", "nd_range": {"device_start": 2246635.573820928, "device_end": 2246635.5861604214}, "cmdq": 3, "read": {"device_start": -1, "device_end": -1}}, "FFC_sans_bias16": {"write": {"device_start": -1, "host_queued_start": 1585578861.28207, "device_queued": -1, "device_end": -1, "host_queued_end": 1585578861.285097}, "device": "cpu", "nd_range": {"device_start": 2246635.597902871, "device_end": 2246635.60646779}, "cmdq": 1, "read": {"device_start": -1, "device_end": -1}}, "FFC_sans_bias19": {"write": {"device_start": -1, "host_queued_start": 1585578861.265915, "device_queued": -1, "device_end": -1, "host_queued_end": 1585578861.285097}, "device": "cpu", "nd_range": {"device_start": 2246635.491315633, "device_end": 2246635.5067608943}, "cmdq": 2, "read": {"device_start": -1, "device_end": -1}}, "FFC_sans_bias18": {"write": {"device_start": -1, "host_queued_start": 1585578861.264866, "device_queued": -1, "device_end": -1, "host_queued_end": 1585578861.285097}, "device": "cpu", "nd_range": {"device_start": 2246635.4935909794, "device_end": 2246635.515325419}, "cmdq": 1, "read": {"device_start": -1, "device_end": -1}}, "coalesced_transpose30": {"write": {"device_start": -1, "host_queued_start": 1585578861.27475, "device_queued": -1, "device_end": -1, "host_queued_end": 1585578861.285097}, "device": "cpu", "nd_range": {"device_start": 2246635.573439552, "device_end": 2246635.57368943}, "cmdq": 3, "read": {"device_start": -1, "device_end": -1}}, "FFC_sans_bias69": {"write": {"device_start": -1, "host_queued_start": 1585578861.248413, "device_queued": -1, "device_end": -1, "host_queued_end": 1585578861.251664}, "device": "gpu", "nd_range": {"device_start": 1585578796.0629277, "device_end": 1585578796.0639024}, "cmdq": 1, "read": {"device_start": -1, "device_end": -1}}, "FFC_sans_bias38": {"write": {"device_start": -1, "host_queued_start": 1585578861.273313, "device_queued": -1, "device_end": -1, "host_queued_end": 1585578861.285097}, "device": "cpu", "nd_range": {"device_start": 2246635.5059350953, "device_end": 2246635.5211897343}, "cmdq": 4, "read": {"device_start": -1, "device_end": -1}}, "coalesced_transpose57": {"write": {"device_start": -1, "host_queued_start": 1585578861.245371, "device_queued": -1, "device_end": -1, "host_queued_end": 1585578861.251664}, "device": "gpu", "nd_range": {"device_start": 1585578796.0605876, "device_end": 1585578796.0605984}, "cmdq": 1, "read": {"device_start": -1, "device_end": -1}}, "empty26": {"write": {"device_start": -1, "host_queued_start": 1585578861.255216, "device_queued": -1, "device_end": -1, "host_queued_end": 1585578861.285097}, "device": "cpu", "nd_range": {"device_start": 2246635.474748962, "device_end": 2246635.474754101}, "cmdq": 2, "read": {"device_start": -1, "device_end": -1}}, "coalesced_transpose12": {"write": {"device_start": -1, "host_queued_start": 1585578861.273977, "device_queued": -1, "device_end": -1, "host_queued_end": 1585578861.285097}, "device": "cpu", "nd_range": {"device_start": 2246635.5550727043, "device_end": 2246635.5553237633}, "cmdq": 1, "read": {"device_start": -1, "device_end": -1}}, "empty44": {"write": {"device_start": -1, "host_queued_start": 1585578861.25718, "device_queued": -1, "device_end": -1, "host_queued_end": 1585578861.285097}, "device": "cpu", "nd_range": {"device_start": 2246635.474949112, "device_end": 2246635.4749526232}, "cmdq": 4, "read": {"device_start": -1, "device_end": -1}}, "coalesced_transpose21": {"write": {"device_start": -1, "host_queued_start": 1585578861.274312, "device_queued": -1, "device_end": -1, "host_queued_end": 1585578861.285097}, "device": "cpu", "nd_range": {"device_start": 2246635.523009148, "device_end": 2246635.523251559}, "cmdq": 2, "read": {"device_start": -1, "device_end": -1}}, "FFC_sans_bias36": {"write": {"device_start": -1, "host_queued_start": 1585578861.27121, "device_queued": -1, "device_end": -1, "host_queued_end": 1585578861.285097}, "device": "cpu", "nd_range": {"device_start": 2246635.506884897, "device_end": 2246635.522890137}, "cmdq": 2, "read": {"device_start": -1, "device_end": -1}}, "softmax14": {"write": {"device_start": -1, "host_queued_start": 1585578861.277369, "device_queued": -1, "device_end": -1, "host_queued_end": 1585578861.285097}, "device": "cpu", "nd_range": {"device_start": 2246635.586369567, "device_end": 2246635.586582609}, "cmdq": 1, "read": {"device_start": -1, "device_end": -1}}, "FFC_sans_bias13": {"write": {"device_start": -1, "host_queued_start": 1585578861.275775, "device_queued": -1, "device_end": -1, "host_queued_end": 1585578861.285097}, "device": "cpu", "nd_range": {"device_start": 2246635.555709224, "device_end": 2246635.5863595014}, "cmdq": 1, "read": {"device_start": -1, "device_end": -1}}, "empty8": {"write": {"device_start": -1, "host_queued_start": 1585578861.25303, "device_queued": -1, "device_end": -1, "host_queued_end": 1585578861.285097}, "device": "cpu", "nd_range": {"device_start": 2246635.4747062353, "device_end": 2246635.474718356}, "cmdq": 0, "read": {"device_start": -1, "device_end": -1}}, "FFC_sans_bias42": {"write": {"device_start": -1, "host_queued_start": 1585578861.279988, "device_queued": -1, "device_end": -1, "host_queued_end": 1585578861.285097}, "device": "cpu", "nd_range": {"device_start": 2246635.5522341942, "device_end": 2246635.567570749}, "cmdq": 4, "read": {"device_start": -1, "device_end": -1}}, "FFC_sans_bias43": {"write": {"device_start": -1, "host_queued_start": 1585578861.285053, "device_queued": -1, "device_end": -1, "host_queued_end": 1585578861.285097}, "device": "cpu", "nd_range": {"device_start": 2246635.567695, "device_end": 2246635.58285635}, "cmdq": 4, "read": {"device_start": -1, "device_end": -1}}, "FFC_sans_bias40": {"write": {"device_start": -1, "host_queued_start": 1585578861.276814, "device_queued": -1, "device_end": -1, "host_queued_end": 1585578861.285097}, "device": "cpu", "nd_range": {"device_start": 2246635.536596949, "device_end": 2246635.551777127}, "cmdq": 4, "read": {"device_start": -1, "device_end": -1}}, "softmax32": {"write": {"device_start": -1, "host_queued_start": 1585578861.277931, "device_queued": -1, "device_end": -1, "host_queued_end": 1585578861.285097}, "device": "cpu", "nd_range": {"device_start": 2246635.5861679693, "device_end": 2246635.586384368}, "cmdq": 3, "read": {"device_start": -1, "device_end": -1}}, "FFC_sans_bias47": {"write": {"device_start": 1585578796.056862, "host_queued_start": 1585578861.238161, "device_queued": 1585578796.056194, "device_end": 1585578796.0568933, "host_queued_end": 1585578861.251664}, "device": "gpu", "nd_range": {"device_start": 1585578796.0568957, "device_end": 1585578796.0577195}, "cmdq": 1, "read": {"device_start": -1, "device_end": -1}}, "FFC_sans_bias45": {"write": {"device_start": 1585578796.0561125, "host_queued_start": 1585578861.23608, "device_queued": 1585578796.0559053, "device_end": 1585578796.0561376, "host_queued_end": 1585578861.251664}, "device": "gpu", "nd_range": {"device_start": 1585578796.0561457, "device_end": 1585578796.056746}, "cmdq": 1, "read": {"device_start": -1, "device_end": -1}}, "softmax50": {"write": {"device_start": -1, "host_queued_start": 1585578861.246957, "device_queued": -1, "device_end": -1, "host_queued_end": 1585578861.251664}, "device": "gpu", "nd_range": {"device_start": 1585578796.0616252, "device_end": 1585578796.0622034}, "cmdq": 0, "read": {"device_start": -1, "device_end": -1}}, "FFC_sans_bias33": {"write": {"device_start": -1, "host_queued_start": 1585578861.279648, "device_queued": -1, "device_end": -1, "host_queued_end": 1585578861.285097}, "device": "cpu", "nd_range": {"device_start": 2246635.586390086, "device_end": 2246635.59997105}, "cmdq": 3, "read": {"device_start": -1, "device_end": -1}}, "FFC_sans_bias63": {"write": {"device_start": 1585578796.0597727, "host_queued_start": 1585578861.244725, "device_queued": 1585578796.0567904, "device_end": 1585578796.0598066, "host_queued_end": 1585578861.251664}, "device": "gpu", "nd_range": {"device_start": 1585578796.0598114, "device_end": 1585578796.0605838}, "cmdq": 1, "read": {"device_start": -1, "device_end": -1}}, "FFC_sans_bias49": {"write": {"device_start": -1, "host_queued_start": 1585578861.246017, "device_queued": -1, "device_end": -1, "host_queued_end": 1585578861.251664}, "device": "gpu", "nd_range": {"device_start": 1585578796.0606039, "device_end": 1585578796.0612137}, "cmdq": 1, "read": {"device_start": -1, "device_end": -1}}, "FFC_sans_bias64": {"write": {"device_start": 1585578796.058836, "host_queued_start": 1585578861.242427, "device_queued": 1585578796.0565684, "device_end": 1585578796.058869, "host_queued_end": 1585578861.251664}, "device": "gpu", "nd_range": {"device_start": 1585578796.0588787, "device_end": 1585578796.0596414}, "cmdq": 1, "read": {"device_start": -1, "device_end": -1}}, "FFC_sans_bias65": {"write": {"device_start": 1585578796.0592854, "host_queued_start": 1585578861.243689, "device_queued": 1585578796.0567288, "device_end": 1585578796.0593185, "host_queued_end": 1585578861.251664}, "device": "gpu", "nd_range": {"device_start": 1585578796.0593224, "device_end": 1585578796.0601332}, "cmdq": 0, "read": {"device_start": -1, "device_end": -1}}, "FFC_sans_bias67": {"write": {"device_start": -1, "host_queued_start": 1585578861.2467, "device_queued": -1, "device_end": -1, "host_queued_end": 1585578861.251664}, "device": "gpu", "nd_range": {"device_start": 1585578796.061219, "device_end": 1585578796.062111}, "cmdq": 1, "read": {"device_start": -1, "device_end": -1}}, "FFC_sans_bias24": {"write": {"device_start": -1, "host_queued_start": 1585578861.279291, "device_queued": -1, "device_end": -1, "host_queued_end": 1585578861.285097}, "device": "cpu", "nd_range": {"device_start": 2246635.540673207, "device_end": 2246635.5562776783}, "cmdq": 2, "read": {"device_start": -1, "device_end": -1}}, "FFC_sans_bias25": {"write": {"device_start": -1, "host_queued_start": 1585578861.283064, "device_queued": -1, "device_end": -1, "host_queued_end": 1585578861.285097}, "device": "cpu", "nd_range": {"device_start": 2246635.5563966003, "device_end": 2246635.573433847}, "cmdq": 2, "read": {"device_start": -1, "device_end": -1}}, "FFC_sans_bias27": {"write": {"device_start": -1, "host_queued_start": 1585578861.268033, "device_queued": -1, "device_end": -1, "host_queued_end": 1585578861.285097}, "device": "cpu", "nd_range": {"device_start": 2246635.490585231, "device_end": 2246635.505815913}, "cmdq": 4, "read": {"device_start": -1, "device_end": -1}}, "FFC_sans_bias20": {"write": {"device_start": -1, "host_queued_start": 1585578861.266989, "device_queued": -1, "device_end": -1, "host_queued_end": 1585578861.285097}, "device": "cpu", "nd_range": {"device_start": 2246635.505668376, "device_end": 2246635.520831669}, "cmdq": 3, "read": {"device_start": -1, "device_end": -1}}, "FFC_sans_bias22": {"write": {"device_start": -1, "host_queued_start": 1585578861.276119, "device_queued": -1, "device_end": -1, "host_queued_end": 1585578861.285097}, "device": "cpu", "nd_range": {"device_start": 2246635.523362051, "device_end": 2246635.5402142773}, "cmdq": 2, "read": {"device_start": -1, "device_end": -1}}, "softmax68": {"write": {"device_start": -1, "host_queued_start": 1585578861.247447, "device_queued": -1, "device_end": -1, "host_queued_end": 1585578861.251664}, "device": "gpu", "nd_range": {"device_start": 1585578796.062208, "device_end": 1585578796.0624666}, "cmdq": 0, "read": {"device_start": -1, "device_end": -1}}, "softmax5": {"write": {"device_start": -1, "host_queued_start": 1585578861.277091, "device_queued": -1, "device_end": -1, "host_queued_end": 1585578861.285097}, "device": "cpu", "nd_range": {"device_start": 2246635.5678928182, "device_end": 2246635.568103463}, "cmdq": 0, "read": {"device_start": -1, "device_end": -1}}, "FFC_sans_bias28": {"write": {"device_start": -1, "host_queued_start": 1585578861.269075, "device_queued": -1, "device_end": -1, "host_queued_end": 1585578861.285097}, "device": "cpu", "nd_range": {"device_start": 2246635.536714782, "device_end": 2246635.551996827}, "cmdq": 0, "read": {"device_start": -1, "device_end": -1}}, "FFC_sans_bias29": {"write": {"device_start": -1, "host_queued_start": 1585578861.270129, "device_queued": -1, "device_end": -1, "host_queued_end": 1585578861.285097}, "device": "cpu", "nd_range": {"device_start": 2246635.5243640523, "device_end": 2246635.547266417}, "cmdq": 1, "read": {"device_start": -1, "device_end": -1}}, "empty17": {"write": {"device_start": -1, "host_queued_start": 1585578861.25417, "device_queued": -1, "device_end": -1, "host_queued_end": 1585578861.285097}, "device": "cpu", "nd_range": {"device_start": 2246635.474706144, "device_end": 2246635.474718347}, "cmdq": 1, "read": {"device_start": -1, "device_end": -1}}, "softmax59": {"write": {"device_start": -1, "host_queued_start": 1585578861.247201, "device_queued": -1, "device_end": -1, "host_queued_end": 1585578861.251664}, "device": "gpu", "nd_range": {"device_start": 1585578796.0621154, "device_end": 1585578796.062314}, "cmdq": 1, "read": {"device_start": -1, "device_end": -1}}, "empty71": {"write": {"device_start": 1585578796.0560186, "host_queued_start": 1585578861.235093, "device_queued": 1585578796.0558727, "device_end": 1585578796.0560844, "host_queued_end": 1585578861.251664}, "device": "gpu", "nd_range": {"device_start": 1585578796.0560877, "device_end": 1585578796.0560918}, "cmdq": 0, "read": {"device_start": -1, "device_end": -1}}, "empty35": {"write": {"device_start": -1, "host_queued_start": 1585578861.256282, "device_queued": -1, "device_end": -1, "host_queued_end": 1585578861.285097}, "device": "cpu", "nd_range": {"device_start": 2246635.490150595, "device_end": 2246635.490153441}, "cmdq": 3, "read": {"device_start": -1, "device_end": -1}}, "empty53": {"write": {"device_start": 1585578796.05581, "host_queued_start": 1585578861.233174, "device_queued": 1585578796.055678, "device_end": 1585578796.0558527, "host_queued_end": 1585578861.251664}, "device": "gpu", "nd_range": {"device_start": 1585578796.0558589, "device_end": 1585578796.0558653}, "cmdq": 0, "read": {"device_start": -1, "device_end": -1}}, "FFC_sans_bias46": {"write": {"device_start": 1585578796.0562518, "host_queued_start": 1585578861.237116, "device_queued": 1585578796.0561528, "device_end": 1585578796.0562823, "host_queued_end": 1585578861.251664}, "device": "gpu", "nd_range": {"device_start": 1585578796.0562859, "device_end": 1585578796.0571585}, "cmdq": 0, "read": {"device_start": -1, "device_end": -1}}, "coalesced_transpose66": {"write": {"device_start": -1, "host_queued_start": 1585578861.245672, "device_queued": -1, "device_end": -1, "host_queued_end": 1585578861.251664}, "device": "gpu", "nd_range": {"device_start": 1585578796.060505, "device_end": 1585578796.0605216}, "cmdq": 0, "read": {"device_start": -1, "device_end": -1}}, "coalesced_transpose48": {"write": {"device_start": -1, "host_queued_start": 1585578861.245059, "device_queued": -1, "device_end": -1, "host_queued_end": 1585578861.251664}, "device": "gpu", "nd_range": {"device_start": 1585578796.0601344, "device_end": 1585578796.0604997}, "cmdq": 0, "read": {"device_start": -1, "device_end": -1}}}