{"FFC_sans_bias60": {"write": {"device_start": -1, "host_queued_start": 1585578639.784761, "device_queued": -1, "device_end": -1, "host_queued_end": 1585578639.791852}, "device": "cpu", "nd_range": {"device_start": 2246414.13821436, "device_end": 2246414.142651032}, "cmdq": 0, "read": {"device_start": -1, "device_end": -1}}, "FFC_sans_bias4": {"write": {"device_start": -1, "host_queued_start": 1585578639.778129, "device_queued": -1, "device_end": -1, "host_queued_end": 1585578639.791852}, "device": "cpu", "nd_range": {"device_start": 2246414.078462408, "device_end": 2246414.0825167103}, "cmdq": 0, "read": {"device_start": -1, "device_end": -1}}, "FFC_sans_bias7": {"write": {"device_start": -1, "host_queued_start": 1585578639.785826, "device_queued": -1, "device_end": -1, "host_queued_end": 1585578639.791852}, "device": "cpu", "nd_range": {"device_start": 2246414.142656505, "device_end": 2246414.1472331183}, "cmdq": 0, "read": {"device_start": -1, "device_end": -1}}, "FFC_sans_bias6": {"write": {"device_start": -1, "host_queued_start": 1585578639.782596, "device_queued": -1, "device_end": -1, "host_queued_end": 1585578639.791852}, "device": "cpu", "nd_range": {"device_start": 2246414.110853263, "device_end": 2246414.1153249904}, "cmdq": 0, "read": {"device_start": -1, "device_end": -1}}, "FFC_sans_bias1": {"write": {"device_start": -1, "host_queued_start": 1585578639.755367, "device_queued": -1, "device_end": -1, "host_queued_end": 1585578639.791852}, "device": "cpu", "nd_range": {"device_start": 2246413.985803519, "device_end": 2246413.9896146064}, "cmdq": 0, "read": {"device_start": -1, "device_end": -1}}, "FFC_sans_bias0": {"write": {"device_start": -1, "host_queued_start": 1585578639.754289, "device_queued": -1, "device_end": -1, "host_queued_end": 1585578639.791852}, "device": "cpu", "nd_range": {"device_start": 2246413.981532393, "device_end": 2246413.985680539}, "cmdq": 0, "read": {"device_start": -1, "device_end": -1}}, "FFC_sans_bias2": {"write": {"device_start": -1, "host_queued_start": 1585578639.756424, "device_queued": -1, "device_end": -1, "host_queued_end": 1585578639.791852}, "device": "cpu", "nd_range": {"device_start": 2246413.9897574903, "device_end": 2246413.9945422653}, "cmdq": 0, "read": {"device_start": -1, "device_end": -1}}, "FFC_sans_bias61": {"write": {"device_start": -1, "host_queued_start": 1585578639.791806, "device_queued": -1, "device_end": -1, "host_queued_end": 1585578639.791852}, "device": "cpu", "nd_range": {"device_start": 2246414.169851312, "device_end": 2246414.174613837}, "cmdq": 0, "read": {"device_start": -1, "device_end": -1}}, "FFC_sans_bias52": {"write": {"device_start": -1, "host_queued_start": 1585578639.790811, "device_queued": -1, "device_end": -1, "host_queued_end": 1585578639.791852}, "device": "cpu", "nd_range": {"device_start": 2246414.165379236, "device_end": 2246414.1698486833}, "cmdq": 0, "read": {"device_start": -1, "device_end": -1}}, "FFC_sans_bias9": {"write": {"device_start": -1, "host_queued_start": 1585578639.757477, "device_queued": -1, "device_end": -1, "host_queued_end": 1585578639.791852}, "device": "cpu", "nd_range": {"device_start": 2246413.994548881, "device_end": 2246413.998703949}, "cmdq": 0, "read": {"device_start": -1, "device_end": -1}}, "coalesced_transpose39": {"write": {"device_start": -1, "host_queued_start": 1585578639.777128, "device_queued": -1, "device_end": -1, "host_queued_end": 1585578639.791852}, "device": "cpu", "nd_range": {"device_start": 2246414.0777576393, "device_end": 2246414.0778805343}, "cmdq": 0, "read": {"device_start": -1, "device_end": -1}}, "FFC_sans_bias55": {"write": {"device_start": -1, "host_queued_start": 1585578639.775461, "device_queued": -1, "device_end": -1, "host_queued_end": 1585578639.791852}, "device": "cpu", "nd_range": {"device_start": 2246414.0721376822, "device_end": 2246414.076689804}, "cmdq": 0, "read": {"device_start": -1, "device_end": -1}}, "FFC_sans_bias54": {"write": {"device_start": -1, "host_queued_start": 1585578639.774371, "device_queued": -1, "device_end": -1, "host_queued_end": 1585578639.791852}, "device": "cpu", "nd_range": {"device_start": 2246414.067564459, "device_end": 2246414.072132736}, "cmdq": 0, "read": {"device_start": -1, "device_end": -1}}, "FFC_sans_bias56": {"write": {"device_start": -1, "host_queued_start": 1585578639.773323, "device_queued": -1, "device_end": -1, "host_queued_end": 1585578639.791852}, "device": "cpu", "nd_range": {"device_start": 2246414.0628854283, "device_end": 2246414.067559385}, "cmdq": 0, "read": {"device_start": -1, "device_end": -1}}, "FFC_sans_bias51": {"write": {"device_start": -1, "host_queued_start": 1585578639.784409, "device_queued": -1, "device_end": -1, "host_queued_end": 1585578639.791852}, "device": "cpu", "nd_range": {"device_start": 2246414.1335409014, "device_end": 2246414.1382090473}, "cmdq": 0, "read": {"device_start": -1, "device_end": -1}}, "softmax23": {"write": {"device_start": -1, "host_queued_start": 1585578639.781105, "device_queued": -1, "device_end": -1, "host_queued_end": 1585578639.791852}, "device": "cpu", "nd_range": {"device_start": 2246414.110266578, "device_end": 2246414.110379219}, "cmdq": 0, "read": {"device_start": -1, "device_end": -1}}, "FFC_sans_bias37": {"write": {"device_start": -1, "host_queued_start": 1585578639.76806, "device_queued": -1, "device_end": -1, "host_queued_end": 1585578639.791852}, "device": "cpu", "nd_range": {"device_start": 2246414.039882773, "device_end": 2246414.044403004}, "cmdq": 0, "read": {"device_start": -1, "device_end": -1}}, "empty62": {"write": {"device_start": -1, "host_queued_start": 1585578639.75334, "device_queued": -1, "device_end": -1, "host_queued_end": 1585578639.791852}, "device": "cpu", "nd_range": {"device_start": 2246413.981525386, "device_end": 2246413.98152595}, "cmdq": 0, "read": {"device_start": -1, "device_end": -1}}, "FFC_sans_bias70": {"write": {"device_start": 1585578574.5607002, "host_queued_start": 1585578639.746682, "device_queued": 1585578574.5573797, "device_end": 1585578574.5607295, "host_queued_end": 1585578639.746797}, "device": "gpu", "nd_range": {"device_start": 1585578574.5607324, "device_end": 1585578574.561328}, "cmdq": 0, "read": {"device_start": 1585578574.5613298, "device_end": 1585578574.5613527}}, "FFC_sans_bias58": {"write": {"device_start": -1, "host_queued_start": 1585578639.780267, "device_queued": -1, "device_end": -1, "host_queued_end": 1585578639.791852}, "device": "cpu", "nd_range": {"device_start": 2246414.10550434, "device_end": 2246414.109968067}, "cmdq": 0, "read": {"device_start": -1, "device_end": -1}}, "softmax41": {"write": {"device_start": -1, "host_queued_start": 1585578639.781663, "device_queued": -1, "device_end": -1, "host_queued_end": 1585578639.791852}, "device": "cpu", "nd_range": {"device_start": 2246414.1105004973, "device_end": 2246414.1106142923}, "cmdq": 0, "read": {"device_start": -1, "device_end": -1}}, "FFC_sans_bias11": {"write": {"device_start": -1, "host_queued_start": 1585578639.759585, "device_queued": -1, "device_end": -1, "host_queued_end": 1585578639.791852}, "device": "cpu", "nd_range": {"device_start": 2246414.003382026, "device_end": 2246414.0076990724}, "cmdq": 0, "read": {"device_start": -1, "device_end": -1}}, "FFC_sans_bias10": {"write": {"device_start": -1, "host_queued_start": 1585578639.758524, "device_queued": -1, "device_end": -1, "host_queued_end": 1585578639.791852}, "device": "cpu", "nd_range": {"device_start": 2246413.998709871, "device_end": 2246414.0033768993}, "cmdq": 0, "read": {"device_start": -1, "device_end": -1}}, "coalesced_transpose3": {"write": {"device_start": -1, "host_queued_start": 1585578639.7758, "device_queued": -1, "device_end": -1, "host_queued_end": 1585578639.791852}, "device": "cpu", "nd_range": {"device_start": 2246414.076694795, "device_end": 2246414.076866711}, "cmdq": 0, "read": {"device_start": -1, "device_end": -1}}, "FFC_sans_bias34": {"write": {"device_start": -1, "host_queued_start": 1585578639.788817, "device_queued": -1, "device_end": -1, "host_queued_end": 1585578639.791852}, "device": "cpu", "nd_range": {"device_start": 2246414.156545952, "device_end": 2246414.1608588}, "cmdq": 0, "read": {"device_start": -1, "device_end": -1}}, "FFC_sans_bias15": {"write": {"device_start": -1, "host_queued_start": 1585578639.782987, "device_queued": -1, "device_end": -1, "host_queued_end": 1585578639.791852}, "device": "cpu", "nd_range": {"device_start": 2246414.115330623, "device_end": 2246414.1201042472}, "cmdq": 0, "read": {"device_start": -1, "device_end": -1}}, "FFC_sans_bias31": {"write": {"device_start": -1, "host_queued_start": 1585578639.779224, "device_queued": -1, "device_end": -1, "host_queued_end": 1585578639.791852}, "device": "cpu", "nd_range": {"device_start": 2246414.0915857484, "device_end": 2246414.096472051}, "cmdq": 0, "read": {"device_start": -1, "device_end": -1}}, "FFC_sans_bias16": {"write": {"device_start": -1, "host_queued_start": 1585578639.786825, "device_queued": -1, "device_end": -1, "host_queued_end": 1585578639.791852}, "device": "cpu", "nd_range": {"device_start": 2246414.147236097, "device_end": 2246414.1517684073}, "cmdq": 0, "read": {"device_start": -1, "device_end": -1}}, "FFC_sans_bias19": {"write": {"device_start": -1, "host_queued_start": 1585578639.761672, "device_queued": -1, "device_end": -1, "host_queued_end": 1585578639.791852}, "device": "cpu", "nd_range": {"device_start": 2246414.012280885, "device_end": 2246414.0168227972}, "cmdq": 0, "read": {"device_start": -1, "device_end": -1}}, "FFC_sans_bias18": {"write": {"device_start": -1, "host_queued_start": 1585578639.760629, "device_queued": -1, "device_end": -1, "host_queued_end": 1585578639.791852}, "device": "cpu", "nd_range": {"device_start": 2246414.007704663, "device_end": 2246414.012274996}, "cmdq": 0, "read": {"device_start": -1, "device_end": -1}}, "coalesced_transpose30": {"write": {"device_start": -1, "host_queued_start": 1585578639.776799, "device_queued": -1, "device_end": -1, "host_queued_end": 1585578639.791852}, "device": "cpu", "nd_range": {"device_start": 2246414.077509776, "device_end": 2246414.07763365}, "cmdq": 0, "read": {"device_start": -1, "device_end": -1}}, "FFC_sans_bias69": {"write": {"device_start": -1, "host_queued_start": 1585578639.745638, "device_queued": -1, "device_end": -1, "host_queued_end": 1585578639.746797}, "device": "gpu", "nd_range": {"device_start": 1585578574.5600126, "device_end": 1585578574.5606067}, "cmdq": 0, "read": {"device_start": -1, "device_end": -1}}, "FFC_sans_bias38": {"write": {"device_start": -1, "host_queued_start": 1585578639.769107, "device_queued": -1, "device_end": -1, "host_queued_end": 1585578639.791852}, "device": "cpu", "nd_range": {"device_start": 2246414.044408062, "device_end": 2246414.048961032}, "cmdq": 0, "read": {"device_start": -1, "device_end": -1}}, "coalesced_transpose57": {"write": {"device_start": -1, "host_queued_start": 1585578639.777786, "device_queued": -1, "device_end": -1, "host_queued_end": 1585578639.791852}, "device": "cpu", "nd_range": {"device_start": 2246414.078237925, "device_end": 2246414.078354354}, "cmdq": 0, "read": {"device_start": -1, "device_end": -1}}, "empty26": {"write": {"device_start": -1, "host_queued_start": 1585578639.750024, "device_queued": -1, "device_end": -1, "host_queued_end": 1585578639.791852}, "device": "cpu", "nd_range": {"device_start": 2246413.981508106, "device_end": 2246413.981508723}, "cmdq": 0, "read": {"device_start": -1, "device_end": -1}}, "coalesced_transpose12": {"write": {"device_start": -1, "host_queued_start": 1585578639.776133, "device_queued": -1, "device_end": -1, "host_queued_end": 1585578639.791852}, "device": "cpu", "nd_range": {"device_start": 2246414.0770030553, "device_end": 2246414.077128344}, "cmdq": 0, "read": {"device_start": -1, "device_end": -1}}, "empty44": {"write": {"device_start": -1, "host_queued_start": 1585578639.751704, "device_queued": -1, "device_end": -1, "host_queued_end": 1585578639.791852}, "device": "cpu", "nd_range": {"device_start": 2246413.981517137, "device_end": 2246413.981517747}, "cmdq": 0, "read": {"device_start": -1, "device_end": -1}}, "coalesced_transpose21": {"write": {"device_start": -1, "host_queued_start": 1585578639.776465, "device_queued": -1, "device_end": -1, "host_queued_end": 1585578639.791852}, "device": "cpu", "nd_range": {"device_start": 2246414.07725733, "device_end": 2246414.077382637}, "cmdq": 0, "read": {"device_start": -1, "device_end": -1}}, "FFC_sans_bias36": {"write": {"device_start": -1, "host_queued_start": 1585578639.767016, "device_queued": -1, "device_end": -1, "host_queued_end": 1585578639.791852}, "device": "cpu", "nd_range": {"device_start": 2246414.0352849853, "device_end": 2246414.039877491}, "cmdq": 0, "read": {"device_start": -1, "device_end": -1}}, "softmax14": {"write": {"device_start": -1, "host_queued_start": 1585578639.780831, "device_queued": -1, "device_end": -1, "host_queued_end": 1585578639.791852}, "device": "cpu", "nd_range": {"device_start": 2246414.110114369, "device_end": 2246414.110260731}, "cmdq": 0, "read": {"device_start": -1, "device_end": -1}}, "FFC_sans_bias13": {"write": {"device_start": -1, "host_queued_start": 1585578639.778473, "device_queued": -1, "device_end": -1, "host_queued_end": 1585578639.791852}, "device": "cpu", "nd_range": {"device_start": 2246414.08252287, "device_end": 2246414.087297188}, "cmdq": 0, "read": {"device_start": -1, "device_end": -1}}, "empty8": {"write": {"device_start": -1, "host_queued_start": 1585578639.748087, "device_queued": -1, "device_end": -1, "host_queued_end": 1585578639.791852}, "device": "cpu", "nd_range": {"device_start": 2246413.981469659, "device_end": 2246413.981483667}, "cmdq": 0, "read": {"device_start": -1, "device_end": -1}}, "FFC_sans_bias42": {"write": {"device_start": -1, "host_queued_start": 1585578639.784048, "device_queued": -1, "device_end": -1, "host_queued_end": 1585578639.791852}, "device": "cpu", "nd_range": {"device_start": 2246414.128995763, "device_end": 2246414.133536172}, "cmdq": 0, "read": {"device_start": -1, "device_end": -1}}, "FFC_sans_bias43": {"write": {"device_start": -1, "host_queued_start": 1585578639.789809, "device_queued": -1, "device_end": -1, "host_queued_end": 1585578639.791852}, "device": "cpu", "nd_range": {"device_start": 2246414.16086177, "device_end": 2246414.165376488}, "cmdq": 0, "read": {"device_start": -1, "device_end": -1}}, "FFC_sans_bias40": {"write": {"device_start": -1, "host_queued_start": 1585578639.779573, "device_queued": -1, "device_end": -1, "host_queued_end": 1585578639.791852}, "device": "cpu", "nd_range": {"device_start": 2246414.0964774704, "device_end": 2246414.100929886}, "cmdq": 0, "read": {"device_start": -1, "device_end": -1}}, "softmax32": {"write": {"device_start": -1, "host_queued_start": 1585578639.781384, "device_queued": -1, "device_end": -1, "host_queued_end": 1585578639.791852}, "device": "cpu", "nd_range": {"device_start": 2246414.110384346, "device_end": 2246414.110495135}, "cmdq": 0, "read": {"device_start": -1, "device_end": -1}}, "FFC_sans_bias47": {"write": {"device_start": -1, "host_queued_start": 1585578639.77228, "device_queued": -1, "device_end": -1, "host_queued_end": 1585578639.791852}, "device": "cpu", "nd_range": {"device_start": 2246414.058331325, "device_end": 2246414.062880436}, "cmdq": 0, "read": {"device_start": -1, "device_end": -1}}, "FFC_sans_bias45": {"write": {"device_start": -1, "host_queued_start": 1585578639.770159, "device_queued": -1, "device_end": -1, "host_queued_end": 1585578639.791852}, "device": "cpu", "nd_range": {"device_start": 2246414.048966051, "device_end": 2246414.053511896}, "cmdq": 0, "read": {"device_start": -1, "device_end": -1}}, "softmax50": {"write": {"device_start": -1, "host_queued_start": 1585578639.78194, "device_queued": -1, "device_end": -1, "host_queued_end": 1585578639.791852}, "device": "cpu", "nd_range": {"device_start": 2246414.110619538, "device_end": 2246414.110728329}, "cmdq": 0, "read": {"device_start": -1, "device_end": -1}}, "FFC_sans_bias33": {"write": {"device_start": -1, "host_queued_start": 1585578639.783701, "device_queued": -1, "device_end": -1, "host_queued_end": 1585578639.791852}, "device": "cpu", "nd_range": {"device_start": 2246414.12443079, "device_end": 2246414.128990685}, "cmdq": 0, "read": {"device_start": -1, "device_end": -1}}, "FFC_sans_bias63": {"write": {"device_start": 1585578574.55855, "host_queued_start": 1585578639.744379, "device_queued": 1585578574.5571804, "device_end": 1585578574.5585854, "host_queued_end": 1585578639.746797}, "device": "gpu", "nd_range": {"device_start": 1585578574.5585883, "device_end": 1585578574.5591934}, "cmdq": 0, "read": {"device_start": -1, "device_end": -1}}, "FFC_sans_bias49": {"write": {"device_start": -1, "host_queued_start": 1585578639.779919, "device_queued": -1, "device_end": -1, "host_queued_end": 1585578639.791852}, "device": "cpu", "nd_range": {"device_start": 2246414.1009357693, "device_end": 2246414.1054995833}, "cmdq": 0, "read": {"device_start": -1, "device_end": -1}}, "FFC_sans_bias64": {"write": {"device_start": 1585578574.5570846, "host_queued_start": 1585578639.742293, "device_queued": 1585578574.556874, "device_end": 1585578574.5571089, "host_queued_end": 1585578639.746797}, "device": "gpu", "nd_range": {"device_start": 1585578574.5571187, "device_end": 1585578574.557724}, "cmdq": 0, "read": {"device_start": -1, "device_end": -1}}, "FFC_sans_bias65": {"write": {"device_start": 1585578574.5578146, "host_queued_start": 1585578639.743339, "device_queued": 1585578574.5569277, "device_end": 1585578574.557844, "host_queued_end": 1585578639.746797}, "device": "gpu", "nd_range": {"device_start": 1585578574.5578523, "device_end": 1585578574.5584402}, "cmdq": 0, "read": {"device_start": -1, "device_end": -1}}, "FFC_sans_bias67": {"write": {"device_start": -1, "host_queued_start": 1585578639.745038, "device_queued": -1, "device_end": -1, "host_queued_end": 1585578639.746797}, "device": "gpu", "nd_range": {"device_start": 1585578574.5592031, "device_end": 1585578574.5598085}, "cmdq": 0, "read": {"device_start": -1, "device_end": -1}}, "FFC_sans_bias24": {"write": {"device_start": -1, "host_queued_start": 1585578639.783338, "device_queued": -1, "device_end": -1, "host_queued_end": 1585578639.791852}, "device": "cpu", "nd_range": {"device_start": 2246414.120109037, "device_end": 2246414.1244260543}, "cmdq": 0, "read": {"device_start": -1, "device_end": -1}}, "FFC_sans_bias25": {"write": {"device_start": -1, "host_queued_start": 1585578639.787818, "device_queued": -1, "device_end": -1, "host_queued_end": 1585578639.791852}, "device": "cpu", "nd_range": {"device_start": 2246414.15177122, "device_end": 2246414.1565430593}, "cmdq": 0, "read": {"device_start": -1, "device_end": -1}}, "FFC_sans_bias27": {"write": {"device_start": -1, "host_queued_start": 1585578639.763812, "device_queued": -1, "device_end": -1, "host_queued_end": 1585578639.791852}, "device": "cpu", "nd_range": {"device_start": 2246414.021358365, "device_end": 2246414.02587981}, "cmdq": 0, "read": {"device_start": -1, "device_end": -1}}, "FFC_sans_bias20": {"write": {"device_start": -1, "host_queued_start": 1585578639.762751, "device_queued": -1, "device_end": -1, "host_queued_end": 1585578639.791852}, "device": "cpu", "nd_range": {"device_start": 2246414.016828304, "device_end": 2246414.0213527502}, "cmdq": 0, "read": {"device_start": -1, "device_end": -1}}, "FFC_sans_bias22": {"write": {"device_start": -1, "host_queued_start": 1585578639.778823, "device_queued": -1, "device_end": -1, "host_queued_end": 1585578639.791852}, "device": "cpu", "nd_range": {"device_start": 2246414.087302558, "device_end": 2246414.0915804943}, "cmdq": 0, "read": {"device_start": -1, "device_end": -1}}, "softmax68": {"write": {"device_start": -1, "host_queued_start": 1585578639.745314, "device_queued": -1, "device_end": -1, "host_queued_end": 1585578639.746797}, "device": "gpu", "nd_range": {"device_start": 1585578574.55981, "device_end": 1585578574.5600116}, "cmdq": 0, "read": {"device_start": -1, "device_end": -1}}, "softmax5": {"write": {"device_start": -1, "host_queued_start": 1585578639.780552, "device_queued": -1, "device_end": -1, "host_queued_end": 1585578639.791852}, "device": "cpu", "nd_range": {"device_start": 2246414.109973094, "device_end": 2246414.1101080463}, "cmdq": 0, "read": {"device_start": -1, "device_end": -1}}, "FFC_sans_bias28": {"write": {"device_start": -1, "host_queued_start": 1585578639.764887, "device_queued": -1, "device_end": -1, "host_queued_end": 1585578639.791852}, "device": "cpu", "nd_range": {"device_start": 2246414.025885029, "device_end": 2246414.0302869603}, "cmdq": 0, "read": {"device_start": -1, "device_end": -1}}, "FFC_sans_bias29": {"write": {"device_start": -1, "host_queued_start": 1585578639.765945, "device_queued": -1, "device_end": -1, "host_queued_end": 1585578639.791852}, "device": "cpu", "nd_range": {"device_start": 2246414.0302921142, "device_end": 2246414.035279614}, "cmdq": 0, "read": {"device_start": -1, "device_end": -1}}, "empty17": {"write": {"device_start": -1, "host_queued_start": 1585578639.749218, "device_queued": -1, "device_end": -1, "host_queued_end": 1585578639.791852}, "device": "cpu", "nd_range": {"device_start": 2246413.981503203, "device_end": 2246413.9815040072}, "cmdq": 0, "read": {"device_start": -1, "device_end": -1}}, "softmax59": {"write": {"device_start": -1, "host_queued_start": 1585578639.782217, "device_queued": -1, "device_end": -1, "host_queued_end": 1585578639.791852}, "device": "cpu", "nd_range": {"device_start": 2246414.1107335743, "device_end": 2246414.1108480063}, "cmdq": 0, "read": {"device_start": -1, "device_end": -1}}, "empty71": {"write": {"device_start": 1585578574.5569162, "host_queued_start": 1585578639.740979, "device_queued": 1585578574.556791, "device_end": 1585578574.5569465, "host_queued_end": 1585578639.746797}, "device": "gpu", "nd_range": {"device_start": 1585578574.5569508, "device_end": 1585578574.55696}, "cmdq": 0, "read": {"device_start": -1, "device_end": -1}}, "empty35": {"write": {"device_start": -1, "host_queued_start": 1585578639.750877, "device_queued": -1, "device_end": -1, "host_queued_end": 1585578639.791852}, "device": "cpu", "nd_range": {"device_start": 2246413.981512904, "device_end": 2246413.9815134914}, "cmdq": 0, "read": {"device_start": -1, "device_end": -1}}, "empty53": {"write": {"device_start": -1, "host_queued_start": 1585578639.752534, "device_queued": -1, "device_end": -1, "host_queued_end": 1585578639.791852}, "device": "cpu", "nd_range": {"device_start": 2246413.9815214584, "device_end": 2246413.9815219473}, "cmdq": 0, "read": {"device_start": -1, "device_end": -1}}, "FFC_sans_bias46": {"write": {"device_start": -1, "host_queued_start": 1585578639.771226, "device_queued": -1, "device_end": -1, "host_queued_end": 1585578639.791852}, "device": "cpu", "nd_range": {"device_start": 2246414.0535172643, "device_end": 2246414.0583263002}, "cmdq": 0, "read": {"device_start": -1, "device_end": -1}}, "coalesced_transpose66": {"write": {"device_start": -1, "host_queued_start": 1585578639.744708, "device_queued": -1, "device_end": -1, "host_queued_end": 1585578639.746797}, "device": "gpu", "nd_range": {"device_start": 1585578574.5591948, "device_end": 1585578574.559202}, "cmdq": 0, "read": {"device_start": -1, "device_end": -1}}, "coalesced_transpose48": {"write": {"device_start": -1, "host_queued_start": 1585578639.77746, "device_queued": -1, "device_end": -1, "host_queued_end": 1585578639.791852}, "device": "cpu", "nd_range": {"device_start": 2246414.078005066, "device_end": 2246414.07812487}, "cmdq": 0, "read": {"device_start": -1, "device_end": -1}}}