{"FFC_sans_bias60": {"write": {"device_start": -1, "host_queued_start": 1585578743.618945, "device_queued": -1, "device_end": -1, "host_queued_end": 1585578743.627418}, "device": "cpu", "nd_range": {"device_start": 2246518.0233158274, "device_end": 2246518.0385964443}, "cmdq": 2, "read": {"device_start": -1, "device_end": -1}}, "FFC_sans_bias4": {"write": {"device_start": -1, "host_queued_start": 1585578743.611721, "device_queued": -1, "device_end": -1, "host_queued_end": 1585578743.627418}, "device": "cpu", "nd_range": {"device_start": 2246517.940853251, "device_end": 2246517.9561830233}, "cmdq": 0, "read": {"device_start": -1, "device_end": -1}}, "FFC_sans_bias7": {"write": {"device_start": -1, "host_queued_start": 1585578743.620337, "device_queued": -1, "device_end": -1, "host_queued_end": 1585578743.627418}, "device": "cpu", "nd_range": {"device_start": 2246518.0188714173, "device_end": 2246518.034197241}, "cmdq": 4, "read": {"device_start": -1, "device_end": -1}}, "FFC_sans_bias6": {"write": {"device_start": -1, "host_queued_start": 1585578743.616752, "device_queued": -1, "device_end": -1, "host_queued_end": 1585578743.627418}, "device": "cpu", "nd_range": {"device_start": 2246517.992066626, "device_end": 2246518.0086548273}, "cmdq": 1, "read": {"device_start": -1, "device_end": -1}}, "FFC_sans_bias1": {"write": {"device_start": -1, "host_queued_start": 1585578743.58533, "device_queued": -1, "device_end": -1, "host_queued_end": 1585578743.627418}, "device": "cpu", "nd_range": {"device_start": 2246517.833722092, "device_end": 2246517.849939268}, "cmdq": 4, "read": {"device_start": -1, "device_end": -1}}, "FFC_sans_bias0": {"write": {"device_start": -1, "host_queued_start": 1585578743.584281, "device_queued": -1, "device_end": -1, "host_queued_end": 1585578743.627418}, "device": "cpu", "nd_range": {"device_start": 2246517.865452013, "device_end": 2246517.882107988}, "cmdq": 3, "read": {"device_start": -1, "device_end": -1}}, "FFC_sans_bias2": {"write": {"device_start": -1, "host_queued_start": 1585578743.58652, "device_queued": -1, "device_end": -1, "host_queued_end": 1585578743.627418}, "device": "cpu", "nd_range": {"device_start": 2246517.817110492, "device_end": 2246517.832434454}, "cmdq": 0, "read": {"device_start": -1, "device_end": -1}}, "FFC_sans_bias61": {"write": {"device_start": -1, "host_queued_start": 1585578743.626353, "device_queued": -1, "device_end": -1, "host_queued_end": 1585578743.627418}, "device": "cpu", "nd_range": {"device_start": 2246518.040708256, "device_end": 2246518.056091438}, "cmdq": 0, "read": {"device_start": -1, "device_end": -1}}, "FFC_sans_bias52": {"write": {"device_start": -1, "host_queued_start": 1585578743.625359, "device_queued": -1, "device_end": -1, "host_queued_end": 1585578743.627418}, "device": "cpu", "nd_range": {"device_start": 2246518.04400584, "device_end": 2246518.0605464564}, "cmdq": 4, "read": {"device_start": -1, "device_end": -1}}, "FFC_sans_bias9": {"write": {"device_start": -1, "host_queued_start": 1585578743.587634, "device_queued": -1, "device_end": -1, "host_queued_end": 1585578743.627418}, "device": "cpu", "nd_range": {"device_start": 2246517.817110291, "device_end": 2246517.8328998634}, "cmdq": 1, "read": {"device_start": -1, "device_end": -1}}, "coalesced_transpose39": {"write": {"device_start": -1, "host_queued_start": 1585578743.61038, "device_queued": -1, "device_end": -1, "host_queued_end": 1585578743.627418}, "device": "cpu", "nd_range": {"device_start": 2246517.8943752083, "device_end": 2246517.8946326463}, "cmdq": 1, "read": {"device_start": -1, "device_end": -1}}, "FFC_sans_bias55": {"write": {"device_start": -1, "host_queued_start": 1585578743.605568, "device_queued": -1, "device_end": -1, "host_queued_end": 1585578743.627418}, "device": "cpu", "nd_range": {"device_start": 2246517.9306640113, "device_end": 2246517.946245756}, "cmdq": 3, "read": {"device_start": -1, "device_end": -1}}, "FFC_sans_bias54": {"write": {"device_start": -1, "host_queued_start": 1585578743.60452, "device_queued": -1, "device_end": -1, "host_queued_end": 1585578743.627418}, "device": "cpu", "nd_range": {"device_start": 2246517.924406946, "device_end": 2246517.9396393043}, "cmdq": 2, "read": {"device_start": -1, "device_end": -1}}, "FFC_sans_bias56": {"write": {"device_start": -1, "host_queued_start": 1585578743.603474, "device_queued": -1, "device_end": -1, "host_queued_end": 1585578743.627418}, "device": "cpu", "nd_range": {"device_start": 2246517.863693871, "device_end": 2246517.87887424}, "cmdq": 1, "read": {"device_start": -1, "device_end": -1}}, "FFC_sans_bias51": {"write": {"device_start": -1, "host_queued_start": 1585578743.6186, "device_queued": -1, "device_end": -1, "host_queued_end": 1585578743.627418}, "device": "cpu", "nd_range": {"device_start": 2246518.0088129723, "device_end": 2246518.024067266}, "cmdq": 1, "read": {"device_start": -1, "device_end": -1}}, "softmax23": {"write": {"device_start": -1, "host_queued_start": 1585578743.615017, "device_queued": -1, "device_end": -1, "host_queued_end": 1585578743.627418}, "device": "cpu", "nd_range": {"device_start": 2246517.975935812, "device_end": 2246517.976151593}, "cmdq": 0, "read": {"device_start": -1, "device_end": -1}}, "FFC_sans_bias37": {"write": {"device_start": -1, "host_queued_start": 1585578743.598177, "device_queued": -1, "device_end": -1, "host_queued_end": 1585578743.627418}, "device": "cpu", "nd_range": {"device_start": 2246517.848416192, "device_end": 2246517.863576816}, "cmdq": 1, "read": {"device_start": -1, "device_end": -1}}, "empty62": {"write": {"device_start": -1, "host_queued_start": 1585578743.582473, "device_queued": -1, "device_end": -1, "host_queued_end": 1585578743.627418}, "device": "cpu", "nd_range": {"device_start": 2246517.817103413, "device_end": 2246517.817104781}, "cmdq": 1, "read": {"device_start": -1, "device_end": -1}}, "FFC_sans_bias70": {"write": {"device_start": -1, "host_queued_start": 1585578743.627372, "device_queued": -1, "device_end": -1, "host_queued_end": 1585578743.627418}, "device": "cpu", "nd_range": {"device_start": 2246518.057987555, "device_end": 2246518.06846828}, "cmdq": 1, "read": {"device_start": -1, "device_end": -1}}, "FFC_sans_bias58": {"write": {"device_start": -1, "host_queued_start": 1585578743.613838, "device_queued": -1, "device_end": -1, "host_queued_end": 1585578743.627418}, "device": "cpu", "nd_range": {"device_start": 2246517.976350293, "device_end": 2246517.9918289674}, "cmdq": 1, "read": {"device_start": -1, "device_end": -1}}, "softmax41": {"write": {"device_start": -1, "host_queued_start": 1585578743.615561, "device_queued": -1, "device_end": -1, "host_queued_end": 1585578743.627418}, "device": "cpu", "nd_range": {"device_start": 2246517.987580663, "device_end": 2246517.987797577}, "cmdq": 2, "read": {"device_start": -1, "device_end": -1}}, "FFC_sans_bias11": {"write": {"device_start": -1, "host_queued_start": 1585578743.589729, "device_queued": -1, "device_end": -1, "host_queued_end": 1585578743.627418}, "device": "cpu", "nd_range": {"device_start": 2246517.8822309803, "device_end": 2246517.898223891}, "cmdq": 3, "read": {"device_start": -1, "device_end": -1}}, "FFC_sans_bias10": {"write": {"device_start": -1, "host_queued_start": 1585578743.588682, "device_queued": -1, "device_end": -1, "host_queued_end": 1585578743.627418}, "device": "cpu", "nd_range": {"device_start": 2246517.817141444, "device_end": 2246517.833485738}, "cmdq": 2, "read": {"device_start": -1, "device_end": -1}}, "coalesced_transpose3": {"write": {"device_start": -1, "host_queued_start": 1585578743.60905, "device_queued": -1, "device_end": -1, "host_queued_end": 1585578743.627418}, "device": "cpu", "nd_range": {"device_start": 2246517.939755342, "device_end": 2246517.940009584}, "cmdq": 2, "read": {"device_start": -1, "device_end": -1}}, "FFC_sans_bias34": {"write": {"device_start": -1, "host_queued_start": 1585578743.623376, "device_queued": -1, "device_end": -1, "host_queued_end": 1585578743.627418}, "device": "cpu", "nd_range": {"device_start": 2246518.038724046, "device_end": 2246518.053918077}, "cmdq": 2, "read": {"device_start": -1, "device_end": -1}}, "FFC_sans_bias15": {"write": {"device_start": -1, "host_queued_start": 1585578743.617136, "device_queued": -1, "device_end": -1, "host_queued_end": 1585578743.627418}, "device": "cpu", "nd_range": {"device_start": 2246517.988023425, "device_end": 2246518.0034008743}, "cmdq": 2, "read": {"device_start": -1, "device_end": -1}}, "FFC_sans_bias31": {"write": {"device_start": -1, "host_queued_start": 1585578743.612754, "device_queued": -1, "device_end": -1, "host_queued_end": 1585578743.627418}, "device": "cpu", "nd_range": {"device_start": 2246517.94782844, "device_end": 2246517.963125055}, "cmdq": 3, "read": {"device_start": -1, "device_end": -1}}, "FFC_sans_bias16": {"write": {"device_start": -1, "host_queued_start": 1585578743.621329, "device_queued": -1, "device_end": -1, "host_queued_end": 1585578743.627418}, "device": "cpu", "nd_range": {"device_start": 2246518.007922747, "device_end": 2246518.023310171}, "cmdq": 0, "read": {"device_start": -1, "device_end": -1}}, "FFC_sans_bias19": {"write": {"device_start": -1, "host_queued_start": 1585578743.591846, "device_queued": -1, "device_end": -1, "host_queued_end": 1585578743.627418}, "device": "cpu", "nd_range": {"device_start": 2246517.832566001, "device_end": 2246517.847782372}, "cmdq": 0, "read": {"device_start": -1, "device_end": -1}}, "FFC_sans_bias18": {"write": {"device_start": -1, "host_queued_start": 1585578743.590806, "device_queued": -1, "device_end": -1, "host_queued_end": 1585578743.627418}, "device": "cpu", "nd_range": {"device_start": 2246517.850062814, "device_end": 2246517.865217208}, "cmdq": 4, "read": {"device_start": -1, "device_end": -1}}, "coalesced_transpose30": {"write": {"device_start": -1, "host_queued_start": 1585578743.610047, "device_queued": -1, "device_end": -1, "host_queued_end": 1585578743.627418}, "device": "cpu", "nd_range": {"device_start": 2246517.940475422, "device_end": 2246517.9407219463}, "cmdq": 0, "read": {"device_start": -1, "device_end": -1}}, "FFC_sans_bias69": {"write": {"device_start": -1, "host_queued_start": 1585578743.61929, "device_queued": -1, "device_end": -1, "host_queued_end": 1585578743.627418}, "device": "cpu", "nd_range": {"device_start": 2246518.034320453, "device_end": 2246518.056615686}, "cmdq": 3, "read": {"device_start": -1, "device_end": -1}}, "FFC_sans_bias38": {"write": {"device_start": -1, "host_queued_start": 1585578743.599255, "device_queued": -1, "device_end": -1, "host_queued_end": 1585578743.627418}, "device": "cpu", "nd_range": {"device_start": 2246517.909156402, "device_end": 2246517.9242867613}, "cmdq": 2, "read": {"device_start": -1, "device_end": -1}}, "coalesced_transpose57": {"write": {"device_start": -1, "host_queued_start": 1585578743.611046, "device_queued": -1, "device_end": -1, "host_queued_end": 1585578743.627418}, "device": "cpu", "nd_range": {"device_start": 2246517.947485549, "device_end": 2246517.947721457}, "cmdq": 3, "read": {"device_start": -1, "device_end": -1}}, "empty26": {"write": {"device_start": -1, "host_queued_start": 1585578743.579125, "device_queued": -1, "device_end": -1, "host_queued_end": 1585578743.627418}, "device": "cpu", "nd_range": {"device_start": 2246517.817109722, "device_end": 2246517.8171145413}, "cmdq": 2, "read": {"device_start": -1, "device_end": -1}}, "coalesced_transpose12": {"write": {"device_start": -1, "host_queued_start": 1585578743.609384, "device_queued": -1, "device_end": -1, "host_queued_end": 1585578743.627418}, "device": "cpu", "nd_range": {"device_start": 2246517.9463655413, "device_end": 2246517.9473671503}, "cmdq": 3, "read": {"device_start": -1, "device_end": -1}}, "empty44": {"write": {"device_start": -1, "host_queued_start": 1585578743.580798, "device_queued": -1, "device_end": -1, "host_queued_end": 1585578743.627418}, "device": "cpu", "nd_range": {"device_start": 2246517.833609256, "device_end": 2246517.833611928}, "cmdq": 4, "read": {"device_start": -1, "device_end": -1}}, "coalesced_transpose21": {"write": {"device_start": -1, "host_queued_start": 1585578743.609715, "device_queued": -1, "device_end": -1, "host_queued_end": 1585578743.627418}, "device": "cpu", "nd_range": {"device_start": 2246517.9407419483, "device_end": 2246517.941135682}, "cmdq": 4, "read": {"device_start": -1, "device_end": -1}}, "FFC_sans_bias36": {"write": {"device_start": -1, "host_queued_start": 1585578743.597109, "device_queued": -1, "device_end": -1, "host_queued_end": 1585578743.627418}, "device": "cpu", "nd_range": {"device_start": 2246517.847907761, "device_end": 2246517.863108504}, "cmdq": 0, "read": {"device_start": -1, "device_end": -1}}, "softmax14": {"write": {"device_start": -1, "host_queued_start": 1585578743.614744, "device_queued": -1, "device_end": -1, "host_queued_end": 1585578743.627418}, "device": "cpu", "nd_range": {"device_start": 2246517.9878029083, "device_end": 2246517.9880165}, "cmdq": 4, "read": {"device_start": -1, "device_end": -1}}, "FFC_sans_bias13": {"write": {"device_start": -1, "host_queued_start": 1585578743.612066, "device_queued": -1, "device_end": -1, "host_queued_end": 1585578743.627418}, "device": "cpu", "nd_range": {"device_start": 2246517.963368602, "device_end": 2246517.97634013}, "cmdq": 1, "read": {"device_start": -1, "device_end": -1}}, "empty8": {"write": {"device_start": -1, "host_queued_start": 1585578743.577132, "device_queued": -1, "device_end": -1, "host_queued_end": 1585578743.627418}, "device": "cpu", "nd_range": {"device_start": 2246517.8170679593, "device_end": 2246517.817081131}, "cmdq": 0, "read": {"device_start": -1, "device_end": -1}}, "FFC_sans_bias42": {"write": {"device_start": -1, "host_queued_start": 1585578743.618248, "device_queued": -1, "device_end": -1, "host_queued_end": 1585578743.627418}, "device": "cpu", "nd_range": {"device_start": 2246517.99249118, "device_end": 2246518.007813834}, "cmdq": 0, "read": {"device_start": -1, "device_end": -1}}, "FFC_sans_bias43": {"write": {"device_start": -1, "host_queued_start": 1585578743.624364, "device_queued": -1, "device_end": -1, "host_queued_end": 1585578743.627418}, "device": "cpu", "nd_range": {"device_start": 2246518.056644929, "device_end": 2246518.0688862572}, "cmdq": 3, "read": {"device_start": -1, "device_end": -1}}, "FFC_sans_bias40": {"write": {"device_start": -1, "host_queued_start": 1585578743.613095, "device_queued": -1, "device_end": -1, "host_queued_end": 1585578743.627418}, "device": "cpu", "nd_range": {"device_start": 2246517.941600427, "device_end": 2246517.956865341}, "cmdq": 4, "read": {"device_start": -1, "device_end": -1}}, "softmax32": {"write": {"device_start": -1, "host_queued_start": 1585578743.615291, "device_queued": -1, "device_end": -1, "host_queued_end": 1585578743.627418}, "device": "cpu", "nd_range": {"device_start": 2246517.991839876, "device_end": 2246517.99205988}, "cmdq": 1, "read": {"device_start": -1, "device_end": -1}}, "FFC_sans_bias47": {"write": {"device_start": -1, "host_queued_start": 1585578743.602402, "device_queued": -1, "device_end": -1, "host_queued_end": 1585578743.627418}, "device": "cpu", "nd_range": {"device_start": 2246517.863228496, "device_end": 2246517.878403439}, "cmdq": 0, "read": {"device_start": -1, "device_end": -1}}, "FFC_sans_bias45": {"write": {"device_start": -1, "host_queued_start": 1585578743.600293, "device_queued": -1, "device_end": -1, "host_queued_end": 1585578743.627418}, "device": "cpu", "nd_range": {"device_start": 2246517.914383634, "device_end": 2246517.930538537}, "cmdq": 3, "read": {"device_start": -1, "device_end": -1}}, "softmax50": {"write": {"device_start": -1, "host_queued_start": 1585578743.615851, "device_queued": -1, "device_end": -1, "host_queued_end": 1585578743.627418}, "device": "cpu", "nd_range": {"device_start": 2246517.9717172813, "device_end": 2246517.971925739}, "cmdq": 3, "read": {"device_start": -1, "device_end": -1}}, "FFC_sans_bias33": {"write": {"device_start": -1, "host_queued_start": 1585578743.6179, "device_queued": -1, "device_end": -1, "host_queued_end": 1585578743.627418}, "device": "cpu", "nd_range": {"device_start": 2246518.003646037, "device_end": 2246518.0188645152}, "cmdq": 4, "read": {"device_start": -1, "device_end": -1}}, "FFC_sans_bias63": {"write": {"device_start": -1, "host_queued_start": 1585578743.608717, "device_queued": -1, "device_end": -1, "host_queued_end": 1585578743.627418}, "device": "cpu", "nd_range": {"device_start": 2246517.8789909272, "device_end": 2246517.894249461}, "cmdq": 1, "read": {"device_start": -1, "device_end": -1}}, "FFC_sans_bias49": {"write": {"device_start": -1, "host_queued_start": 1585578743.61349, "device_queued": -1, "device_end": -1, "host_queued_end": 1585578743.627418}, "device": "cpu", "nd_range": {"device_start": 2246517.9562986973, "device_end": 2246517.9716067193}, "cmdq": 0, "read": {"device_start": -1, "device_end": -1}}, "FFC_sans_bias64": {"write": {"device_start": -1, "host_queued_start": 1585578743.606625, "device_queued": -1, "device_end": -1, "host_queued_end": 1585578743.627418}, "device": "cpu", "nd_range": {"device_start": 2246517.925458387, "device_end": 2246517.940728677}, "cmdq": 4, "read": {"device_start": -1, "device_end": -1}}, "FFC_sans_bias65": {"write": {"device_start": -1, "host_queued_start": 1585578743.607676, "device_queued": -1, "device_end": -1, "host_queued_end": 1585578743.627418}, "device": "cpu", "nd_range": {"device_start": 2246517.8785261903, "device_end": 2246517.893715102}, "cmdq": 0, "read": {"device_start": -1, "device_end": -1}}, "FFC_sans_bias67": {"write": {"device_start": -1, "host_queued_start": 1585578743.614179, "device_queued": -1, "device_end": -1, "host_queued_end": 1585578743.627418}, "device": "cpu", "nd_range": {"device_start": 2246517.972292729, "device_end": 2246517.9875721033}, "cmdq": 2, "read": {"device_start": -1, "device_end": -1}}, "FFC_sans_bias24": {"write": {"device_start": -1, "host_queued_start": 1585578743.617494, "device_queued": -1, "device_end": -1, "host_queued_end": 1585578743.627418}, "device": "cpu", "nd_range": {"device_start": 2246517.976262533, "device_end": 2246517.992060144}, "cmdq": 3, "read": {"device_start": -1, "device_end": -1}}, "FFC_sans_bias25": {"write": {"device_start": -1, "host_queued_start": 1585578743.622334, "device_queued": -1, "device_end": -1, "host_queued_end": 1585578743.627418}, "device": "cpu", "nd_range": {"device_start": 2246518.024077355, "device_end": 2246518.040703821}, "cmdq": 1, "read": {"device_start": -1, "device_end": -1}}, "FFC_sans_bias27": {"write": {"device_start": -1, "host_queued_start": 1585578743.593946, "device_queued": -1, "device_end": -1, "host_queued_end": 1585578743.627418}, "device": "cpu", "nd_range": {"device_start": 2246517.89384149, "device_end": 2246517.909038273}, "cmdq": 2, "read": {"device_start": -1, "device_end": -1}}, "FFC_sans_bias20": {"write": {"device_start": -1, "host_queued_start": 1585578743.592899, "device_queued": -1, "device_end": -1, "host_queued_end": 1585578743.627418}, "device": "cpu", "nd_range": {"device_start": 2246517.833013695, "device_end": 2246517.848302062}, "cmdq": 1, "read": {"device_start": -1, "device_end": -1}}, "FFC_sans_bias22": {"write": {"device_start": -1, "host_queued_start": 1585578743.612411, "device_queued": -1, "device_end": -1, "host_queued_end": 1585578743.627418}, "device": "cpu", "nd_range": {"device_start": 2246517.9569806033, "device_end": 2246517.972279629}, "cmdq": 2, "read": {"device_start": -1, "device_end": -1}}, "softmax68": {"write": {"device_start": -1, "host_queued_start": 1585578743.616409, "device_queued": -1, "device_end": -1, "host_queued_end": 1585578743.627418}, "device": "cpu", "nd_range": {"device_start": 2246517.992266451, "device_end": 2246517.9924797453}, "cmdq": 0, "read": {"device_start": -1, "device_end": -1}}, "softmax5": {"write": {"device_start": -1, "host_queued_start": 1585578743.614462, "device_queued": -1, "device_end": -1, "host_queued_end": 1585578743.627418}, "device": "cpu", "nd_range": {"device_start": 2246517.963133531, "device_end": 2246517.9633595883}, "cmdq": 3, "read": {"device_start": -1, "device_end": -1}}, "FFC_sans_bias28": {"write": {"device_start": -1, "host_queued_start": 1585578743.595018, "device_queued": -1, "device_end": -1, "host_queued_end": 1585578743.627418}, "device": "cpu", "nd_range": {"device_start": 2246517.898345968, "device_end": 2246517.9142526803}, "cmdq": 3, "read": {"device_start": -1, "device_end": -1}}, "FFC_sans_bias29": {"write": {"device_start": -1, "host_queued_start": 1585578743.596069, "device_queued": -1, "device_end": -1, "host_queued_end": 1585578743.627418}, "device": "cpu", "nd_range": {"device_start": 2246517.8947455883, "device_end": 2246517.9099691953}, "cmdq": 4, "read": {"device_start": -1, "device_end": -1}}, "empty17": {"write": {"device_start": -1, "host_queued_start": 1585578743.578247, "device_queued": -1, "device_end": -1, "host_queued_end": 1585578743.627418}, "device": "cpu", "nd_range": {"device_start": 2246517.817067902, "device_end": 2246517.817080981}, "cmdq": 1, "read": {"device_start": -1, "device_end": -1}}, "softmax59": {"write": {"device_start": -1, "host_queued_start": 1585578743.616138, "device_queued": -1, "device_end": -1, "host_queued_end": 1585578743.627418}, "device": "cpu", "nd_range": {"device_start": 2246518.003408235, "device_end": 2246518.0036380063}, "cmdq": 4, "read": {"device_start": -1, "device_end": -1}}, "empty71": {"write": {"device_start": -1, "host_queued_start": 1585578743.583311, "device_queued": -1, "device_end": -1, "host_queued_end": 1585578743.627418}, "device": "cpu", "nd_range": {"device_start": 2246517.8171327063, "device_end": 2246517.81713391}, "cmdq": 2, "read": {"device_start": -1, "device_end": -1}}, "empty35": {"write": {"device_start": -1, "host_queued_start": 1585578743.579967, "device_queued": -1, "device_end": -1, "host_queued_end": 1585578743.627418}, "device": "cpu", "nd_range": {"device_start": 2246517.865335254, "device_end": 2246517.865338296}, "cmdq": 3, "read": {"device_start": -1, "device_end": -1}}, "empty53": {"write": {"device_start": -1, "host_queued_start": 1585578743.581641, "device_queued": -1, "device_end": -1, "host_queued_end": 1585578743.627418}, "device": "cpu", "nd_range": {"device_start": 2246517.817103424, "device_end": 2246517.8171044383}, "cmdq": 0, "read": {"device_start": -1, "device_end": -1}}, "FFC_sans_bias46": {"write": {"device_start": -1, "host_queued_start": 1585578743.601335, "device_queued": -1, "device_end": -1, "host_queued_end": 1585578743.627418}, "device": "cpu", "nd_range": {"device_start": 2246517.910087325, "device_end": 2246517.925340147}, "cmdq": 4, "read": {"device_start": -1, "device_end": -1}}, "coalesced_transpose66": {"write": {"device_start": -1, "host_queued_start": 1585578743.611376, "device_queued": -1, "device_end": -1, "host_queued_end": 1585578743.627418}, "device": "cpu", "nd_range": {"device_start": 2246517.941248609, "device_end": 2246517.941489924}, "cmdq": 4, "read": {"device_start": -1, "device_end": -1}}, "coalesced_transpose48": {"write": {"device_start": -1, "host_queued_start": 1585578743.610717, "device_queued": -1, "device_end": -1, "host_queued_end": 1585578743.627418}, "device": "cpu", "nd_range": {"device_start": 2246517.940126038, "device_end": 2246517.9403659133}, "cmdq": 2, "read": {"device_start": -1, "device_end": -1}}}