{"FFC_sans_bias60": {"write": {"device_start": -1, "host_queued_start": 1585578959.3731, "device_queued": -1, "device_end": -1, "host_queued_end": 1585578959.377732}, "device": "gpu", "nd_range": {"device_start": 1585578894.188267, "device_end": 1585578894.1894782}, "cmdq": 0, "read": {"device_start": -1, "device_end": -1}}, "FFC_sans_bias4": {"write": {"device_start": -1, "host_queued_start": 1585578959.397408, "device_queued": -1, "device_end": -1, "host_queued_end": 1585578959.405123}, "device": "cpu", "nd_range": {"device_start": 2246733.6750141513, "device_end": 2246733.693386034}, "cmdq": 0, "read": {"device_start": -1, "device_end": -1}}, "FFC_sans_bias7": {"write": {"device_start": -1, "host_queued_start": 1585578959.402062, "device_queued": -1, "device_end": -1, "host_queued_end": 1585578959.405123}, "device": "cpu", "nd_range": {"device_start": 2246733.701341411, "device_end": 2246733.7089996273}, "cmdq": 0, "read": {"device_start": -1, "device_end": -1}}, "FFC_sans_bias6": {"write": {"device_start": -1, "host_queued_start": 1585578959.399937, "device_queued": -1, "device_end": -1, "host_queued_end": 1585578959.405123}, "device": "cpu", "nd_range": {"device_start": 2246733.69350624, "device_end": 2246733.701336368}, "cmdq": 0, "read": {"device_start": -1, "device_end": -1}}, "FFC_sans_bias1": {"write": {"device_start": -1, "host_queued_start": 1585578959.384658, "device_queued": -1, "device_end": -1, "host_queued_end": 1585578959.405123}, "device": "cpu", "nd_range": {"device_start": 2246733.594747867, "device_end": 2246733.610238362}, "cmdq": 1, "read": {"device_start": -1, "device_end": -1}}, "FFC_sans_bias0": {"write": {"device_start": -1, "host_queued_start": 1585578959.38361, "device_queued": -1, "device_end": -1, "host_queued_end": 1585578959.405123}, "device": "cpu", "nd_range": {"device_start": 2246733.59474712, "device_end": 2246733.6101435823}, "cmdq": 0, "read": {"device_start": -1, "device_end": -1}}, "FFC_sans_bias2": {"write": {"device_start": -1, "host_queued_start": 1585578959.385716, "device_queued": -1, "device_end": -1, "host_queued_end": 1585578959.405123}, "device": "cpu", "nd_range": {"device_start": 2246733.594799582, "device_end": 2246733.610350971}, "cmdq": 2, "read": {"device_start": -1, "device_end": -1}}, "FFC_sans_bias61": {"write": {"device_start": 1585578894.1900387, "host_queued_start": 1585578959.376581, "device_queued": 1585578894.181829, "device_end": 1585578894.1900704, "host_queued_end": 1585578959.377732}, "device": "gpu", "nd_range": {"device_start": 1585578894.1900837, "device_end": 1585578894.1913824}, "cmdq": 1, "read": {"device_start": 1585578894.1913862, "device_end": 1585578894.191409}}, "FFC_sans_bias52": {"write": {"device_start": 1585578894.1896136, "host_queued_start": 1585578959.375528, "device_queued": 1585578894.1817813, "device_end": 1585578894.189646, "host_queued_end": 1585578959.377732}, "device": "gpu", "nd_range": {"device_start": 1585578894.1896534, "device_end": 1585578894.1909027}, "cmdq": 0, "read": {"device_start": 1585578894.1909053, "device_end": 1585578894.1909294}}, "FFC_sans_bias9": {"write": {"device_start": -1, "host_queued_start": 1585578959.386793, "device_queued": -1, "device_end": -1, "host_queued_end": 1585578959.405123}, "device": "cpu", "nd_range": {"device_start": 2246733.595201544, "device_end": 2246733.610488708}, "cmdq": 3, "read": {"device_start": -1, "device_end": -1}}, "coalesced_transpose39": {"write": {"device_start": -1, "host_queued_start": 1585578959.368944, "device_queued": -1, "device_end": -1, "host_queued_end": 1585578959.377732}, "device": "gpu", "nd_range": {"device_start": 1585578894.1847663, "device_end": 1585578894.1855805}, "cmdq": 1, "read": {"device_start": -1, "device_end": -1}}, "FFC_sans_bias55": {"write": {"device_start": 1585578894.1828911, "host_queued_start": 1585578959.365437, "device_queued": 1585578894.1804326, "device_end": 1585578894.1829236, "host_queued_end": 1585578959.377732}, "device": "gpu", "nd_range": {"device_start": 1585578894.1829276, "device_end": 1585578894.184228}, "cmdq": 0, "read": {"device_start": -1, "device_end": -1}}, "FFC_sans_bias54": {"write": {"device_start": 1585578894.1824596, "host_queued_start": 1585578959.364408, "device_queued": 1585578894.18026, "device_end": 1585578894.1824849, "host_queued_end": 1585578959.377732}, "device": "gpu", "nd_range": {"device_start": 1585578894.1824923, "device_end": 1585578894.1837778}, "cmdq": 2, "read": {"device_start": -1, "device_end": -1}}, "FFC_sans_bias56": {"write": {"device_start": 1585578894.1818879, "host_queued_start": 1585578959.363373, "device_queued": 1585578894.1802263, "device_end": 1585578894.1819193, "host_queued_end": 1585578959.377732}, "device": "gpu", "nd_range": {"device_start": 1585578894.181922, "device_end": 1585578894.1832738}, "cmdq": 1, "read": {"device_start": -1, "device_end": -1}}, "FFC_sans_bias51": {"write": {"device_start": -1, "host_queued_start": 1585578959.372791, "device_queued": -1, "device_end": -1, "host_queued_end": 1585578959.377732}, "device": "gpu", "nd_range": {"device_start": 1585578894.1879094, "device_end": 1585578894.188915}, "cmdq": 2, "read": {"device_start": -1, "device_end": -1}}, "softmax23": {"write": {"device_start": -1, "host_queued_start": 1585578959.39931, "device_queued": -1, "device_end": -1, "host_queued_end": 1585578959.405123}, "device": "cpu", "nd_range": {"device_start": 2246733.6496675713, "device_end": 2246733.6498981}, "cmdq": 2, "read": {"device_start": -1, "device_end": -1}}, "FFC_sans_bias37": {"write": {"device_start": 1585578894.1798177, "host_queued_start": 1585578959.357877, "device_queued": 1585578894.179632, "device_end": 1585578894.1798897, "host_queued_end": 1585578959.377732}, "device": "gpu", "nd_range": {"device_start": 1585578894.179896, "device_end": 1585578894.1807985}, "cmdq": 2, "read": {"device_start": -1, "device_end": -1}}, "empty62": {"write": {"device_start": 1585578894.179521, "host_queued_start": 1585578959.354993, "device_queued": 1585578894.1792982, "device_end": 1585578894.1795945, "host_queued_end": 1585578959.377732}, "device": "gpu", "nd_range": {"device_start": 1585578894.1795979, "device_end": 1585578894.1796048}, "cmdq": 2, "read": {"device_start": -1, "device_end": -1}}, "FFC_sans_bias70": {"write": {"device_start": 1585578894.1906595, "host_queued_start": 1585578959.377626, "device_queued": 1585578894.1820407, "device_end": 1585578894.1906896, "host_queued_end": 1585578959.377732}, "device": "gpu", "nd_range": {"device_start": 1585578894.1906955, "device_end": 1585578894.1918628}, "cmdq": 2, "read": {"device_start": 1585578894.1918721, "device_end": 1585578894.1918952}}, "FFC_sans_bias58": {"write": {"device_start": -1, "host_queued_start": 1585578959.370846, "device_queued": -1, "device_end": -1, "host_queued_end": 1585578959.377732}, "device": "gpu", "nd_range": {"device_start": 1585578894.185713, "device_end": 1585578894.1872694}, "cmdq": 1, "read": {"device_start": -1, "device_end": -1}}, "softmax41": {"write": {"device_start": -1, "host_queued_start": 1585578959.371426, "device_queued": -1, "device_end": -1, "host_queued_end": 1585578959.377732}, "device": "gpu", "nd_range": {"device_start": 1585578894.1867013, "device_end": 1585578894.1878858}, "cmdq": 0, "read": {"device_start": -1, "device_end": -1}}, "FFC_sans_bias11": {"write": {"device_start": -1, "host_queued_start": 1585578959.389109, "device_queued": -1, "device_end": -1, "host_queued_end": 1585578959.405123}, "device": "cpu", "nd_range": {"device_start": 2246733.6102666743, "device_end": 2246733.626938772}, "cmdq": 1, "read": {"device_start": -1, "device_end": -1}}, "FFC_sans_bias10": {"write": {"device_start": -1, "host_queued_start": 1585578959.38784, "device_queued": -1, "device_end": -1, "host_queued_end": 1585578959.405123}, "device": "cpu", "nd_range": {"device_start": 2246733.6137026893, "device_end": 2246733.635184414}, "cmdq": 0, "read": {"device_start": -1, "device_end": -1}}, "coalesced_transpose3": {"write": {"device_start": -1, "host_queued_start": 1585578959.395985, "device_queued": -1, "device_end": -1, "host_queued_end": 1585578959.405123}, "device": "cpu", "nd_range": {"device_start": 2246733.6747515243, "device_end": 2246733.675007122}, "cmdq": 0, "read": {"device_start": -1, "device_end": -1}}, "FFC_sans_bias34": {"write": {"device_start": -1, "host_queued_start": 1585578959.405078, "device_queued": -1, "device_end": -1, "host_queued_end": 1585578959.405123}, "device": "cpu", "nd_range": {"device_start": 2246733.6731027993, "device_end": 2246733.684785171}, "cmdq": 3, "read": {"device_start": -1, "device_end": -1}}, "FFC_sans_bias15": {"write": {"device_start": -1, "host_queued_start": 1585578959.400299, "device_queued": -1, "device_end": -1, "host_queued_end": 1585578959.405123}, "device": "cpu", "nd_range": {"device_start": 2246733.66747102, "device_end": 2246733.683594277}, "cmdq": 1, "read": {"device_start": -1, "device_end": -1}}, "FFC_sans_bias31": {"write": {"device_start": -1, "host_queued_start": 1585578959.398435, "device_queued": -1, "device_end": -1, "host_queued_end": 1585578959.405123}, "device": "cpu", "nd_range": {"device_start": 2246733.64223612, "device_end": 2246733.65746895}, "cmdq": 3, "read": {"device_start": -1, "device_end": -1}}, "FFC_sans_bias16": {"write": {"device_start": -1, "host_queued_start": 1585578959.403082, "device_queued": -1, "device_end": -1, "host_queued_end": 1585578959.405123}, "device": "cpu", "nd_range": {"device_start": 2246733.68371789, "device_end": 2246733.691303334}, "cmdq": 1, "read": {"device_start": -1, "device_end": -1}}, "FFC_sans_bias19": {"write": {"device_start": -1, "host_queued_start": 1585578959.391443, "device_queued": -1, "device_end": -1, "host_queued_end": 1585578959.405123}, "device": "cpu", "nd_range": {"device_start": 2246733.610607127, "device_end": 2246733.6258453443}, "cmdq": 3, "read": {"device_start": -1, "device_end": -1}}, "FFC_sans_bias18": {"write": {"device_start": -1, "host_queued_start": 1585578959.390304, "device_queued": -1, "device_end": -1, "host_queued_end": 1585578959.405123}, "device": "cpu", "nd_range": {"device_start": 2246733.61048024, "device_end": 2246733.625762795}, "cmdq": 2, "read": {"device_start": -1, "device_end": -1}}, "coalesced_transpose30": {"write": {"device_start": -1, "host_queued_start": 1585578959.397071, "device_queued": -1, "device_end": -1, "host_queued_end": 1585578959.405123}, "device": "cpu", "nd_range": {"device_start": 2246733.641791334, "device_end": 2246733.642027846}, "cmdq": 3, "read": {"device_start": -1, "device_end": -1}}, "FFC_sans_bias69": {"write": {"device_start": -1, "host_queued_start": 1585578959.373418, "device_queued": -1, "device_end": -1, "host_queued_end": 1585578959.377732}, "device": "gpu", "nd_range": {"device_start": 1585578894.1885114, "device_end": 1585578894.1899066}, "cmdq": 1, "read": {"device_start": -1, "device_end": -1}}, "FFC_sans_bias38": {"write": {"device_start": 1585578894.1799338, "host_queued_start": 1585578959.358984, "device_queued": 1585578894.179804, "device_end": 1585578894.179959, "host_queued_end": 1585578959.377732}, "device": "gpu", "nd_range": {"device_start": 1585578894.1799626, "device_end": 1585578894.1813545}, "cmdq": 0, "read": {"device_start": -1, "device_end": -1}}, "coalesced_transpose57": {"write": {"device_start": -1, "host_queued_start": 1585578959.369548, "device_queued": -1, "device_end": -1, "host_queued_end": 1585578959.377732}, "device": "gpu", "nd_range": {"device_start": 1585578894.1856804, "device_end": 1585578894.1856952}, "cmdq": 0, "read": {"device_start": -1, "device_end": -1}}, "empty26": {"write": {"device_start": -1, "host_queued_start": 1585578959.381419, "device_queued": -1, "device_end": -1, "host_queued_end": 1585578959.405123}, "device": "cpu", "nd_range": {"device_start": 2246733.5947790733, "device_end": 2246733.594783631}, "cmdq": 2, "read": {"device_start": -1, "device_end": -1}}, "coalesced_transpose12": {"write": {"device_start": -1, "host_queued_start": 1585578959.396415, "device_queued": -1, "device_end": -1, "host_queued_end": 1585578959.405123}, "device": "cpu", "nd_range": {"device_start": 2246733.649456663, "device_end": 2246733.6497014}, "cmdq": 1, "read": {"device_start": -1, "device_end": -1}}, "empty44": {"write": {"device_start": 1585578894.179245, "host_queued_start": 1585578959.353069, "device_queued": 1585578894.1791148, "device_end": 1585578894.1792784, "host_queued_end": 1585578959.377732}, "device": "gpu", "nd_range": {"device_start": 1585578894.1792889, "device_end": 1585578894.1792939}, "cmdq": 0, "read": {"device_start": -1, "device_end": -1}}, "coalesced_transpose21": {"write": {"device_start": -1, "host_queued_start": 1585578959.396745, "device_queued": -1, "device_end": -1, "host_queued_end": 1585578959.405123}, "device": "cpu", "nd_range": {"device_start": 2246733.641279239, "device_end": 2246733.641538482}, "cmdq": 2, "read": {"device_start": -1, "device_end": -1}}, "FFC_sans_bias36": {"write": {"device_start": 1585578894.1797175, "host_queued_start": 1585578959.356824, "device_queued": 1585578894.1796086, "device_end": 1585578894.1797855, "host_queued_end": 1585578959.377732}, "device": "gpu", "nd_range": {"device_start": 1585578894.1797912, "device_end": 1585578894.1803992}, "cmdq": 1, "read": {"device_start": -1, "device_end": -1}}, "softmax14": {"write": {"device_start": -1, "host_queued_start": 1585578959.399032, "device_queued": -1, "device_end": -1, "host_queued_end": 1585578959.405123}, "device": "cpu", "nd_range": {"device_start": 2246733.667256431, "device_end": 2246733.667464681}, "cmdq": 1, "read": {"device_start": -1, "device_end": -1}}, "FFC_sans_bias13": {"write": {"device_start": -1, "host_queued_start": 1585578959.397752, "device_queued": -1, "device_end": -1, "host_queued_end": 1585578959.405123}, "device": "cpu", "nd_range": {"device_start": 2246733.6498134453, "device_end": 2246733.66724207}, "cmdq": 1, "read": {"device_start": -1, "device_end": -1}}, "empty8": {"write": {"device_start": -1, "host_queued_start": 1585578959.379248, "device_queued": -1, "device_end": -1, "host_queued_end": 1585578959.405123}, "device": "cpu", "nd_range": {"device_start": 2246733.594716778, "device_end": 2246733.594728255}, "cmdq": 0, "read": {"device_start": -1, "device_end": -1}}, "FFC_sans_bias42": {"write": {"device_start": -1, "host_queued_start": 1585578959.372481, "device_queued": -1, "device_end": -1, "host_queued_end": 1585578959.377732}, "device": "gpu", "nd_range": {"device_start": 1585578894.187901, "device_end": 1585578894.1885054}, "cmdq": 1, "read": {"device_start": -1, "device_end": -1}}, "FFC_sans_bias43": {"write": {"device_start": 1585578894.1890574, "host_queued_start": 1585578959.374437, "device_queued": 1585578894.1816235, "device_end": 1585578894.1890848, "host_queued_end": 1585578959.377732}, "device": "gpu", "nd_range": {"device_start": 1585578894.189094, "device_end": 1585578894.1904352}, "cmdq": 2, "read": {"device_start": 1585578894.1904364, "device_end": 1585578894.1904607}}, "FFC_sans_bias40": {"write": {"device_start": -1, "host_queued_start": 1585578959.370176, "device_queued": -1, "device_end": -1, "host_queued_end": 1585578959.377732}, "device": "gpu", "nd_range": {"device_start": 1585578894.185692, "device_end": 1585578894.1862974}, "cmdq": 2, "read": {"device_start": -1, "device_end": -1}}, "softmax32": {"write": {"device_start": -1, "host_queued_start": 1585578959.399591, "device_queued": -1, "device_end": -1, "host_queued_end": 1585578959.405123}, "device": "cpu", "nd_range": {"device_start": 2246733.657477722, "device_end": 2246733.657709714}, "cmdq": 3, "read": {"device_start": -1, "device_end": -1}}, "FFC_sans_bias47": {"write": {"device_start": 1585578894.1814916, "host_queued_start": 1585578959.362287, "device_queued": 1585578894.180075, "device_end": 1585578894.1815224, "host_queued_end": 1585578959.377732}, "device": "gpu", "nd_range": {"device_start": 1585578894.1815257, "device_end": 1585578894.182783}, "cmdq": 0, "read": {"device_start": -1, "device_end": -1}}, "FFC_sans_bias45": {"write": {"device_start": 1585578894.1805413, "host_queued_start": 1585578959.360018, "device_queued": 1585578894.1798606, "device_end": 1585578894.18057, "host_queued_end": 1585578959.377732}, "device": "gpu", "nd_range": {"device_start": 1585578894.1805747, "device_end": 1585578894.1817985}, "cmdq": 1, "read": {"device_start": -1, "device_end": -1}}, "softmax50": {"write": {"device_start": -1, "host_queued_start": 1585578959.371676, "device_queued": -1, "device_end": -1, "host_queued_end": 1585578959.377732}, "device": "gpu", "nd_range": {"device_start": 1585578894.187276, "device_end": 1585578894.1878948}, "cmdq": 1, "read": {"device_start": -1, "device_end": -1}}, "FFC_sans_bias33": {"write": {"device_start": -1, "host_queued_start": 1585578959.401005, "device_queued": -1, "device_end": -1, "host_queued_end": 1585578959.405123}, "device": "cpu", "nd_range": {"device_start": 2246733.657715837, "device_end": 2246733.672984139}, "cmdq": 3, "read": {"device_start": -1, "device_end": -1}}, "FFC_sans_bias63": {"write": {"device_start": 1585578894.1843596, "host_queued_start": 1585578959.368622, "device_queued": 1585578894.180729, "device_end": 1585578894.1843913, "host_queued_end": 1585578959.377732}, "device": "gpu", "nd_range": {"device_start": 1585578894.1843953, "device_end": 1585578894.1856794}, "cmdq": 0, "read": {"device_start": -1, "device_end": -1}}, "FFC_sans_bias49": {"write": {"device_start": -1, "host_queued_start": 1585578959.370497, "device_queued": -1, "device_end": -1, "host_queued_end": 1585578959.377732}, "device": "gpu", "nd_range": {"device_start": 1585578894.185703, "device_end": 1585578894.186695}, "cmdq": 0, "read": {"device_start": -1, "device_end": -1}}, "FFC_sans_bias64": {"write": {"device_start": 1585578894.1833816, "host_queued_start": 1585578959.36651, "device_queued": 1585578894.180494, "device_end": 1585578894.1834137, "host_queued_end": 1585578959.377732}, "device": "gpu", "nd_range": {"device_start": 1585578894.18342, "device_end": 1585578894.184765}, "cmdq": 1, "read": {"device_start": -1, "device_end": -1}}, "FFC_sans_bias65": {"write": {"device_start": 1585578894.18388, "host_queued_start": 1585578959.367587, "device_queued": 1585578894.1805136, "device_end": 1585578894.1839125, "host_queued_end": 1585578959.377732}, "device": "gpu", "nd_range": {"device_start": 1585578894.1839182, "device_end": 1585578894.1851974}, "cmdq": 2, "read": {"device_start": -1, "device_end": -1}}, "FFC_sans_bias67": {"write": {"device_start": -1, "host_queued_start": 1585578959.371167, "device_queued": -1, "device_end": -1, "host_queued_end": 1585578959.377732}, "device": "gpu", "nd_range": {"device_start": 1585578894.1863043, "device_end": 1585578894.1876824}, "cmdq": 2, "read": {"device_start": -1, "device_end": -1}}, "FFC_sans_bias24": {"write": {"device_start": -1, "host_queued_start": 1585578959.400659, "device_queued": -1, "device_end": -1, "host_queued_end": 1585578959.405123}, "device": "cpu", "nd_range": {"device_start": 2246733.650011233, "device_end": 2246733.665423212}, "cmdq": 2, "read": {"device_start": -1, "device_end": -1}}, "FFC_sans_bias25": {"write": {"device_start": -1, "host_queued_start": 1585578959.40408, "device_queued": -1, "device_end": -1, "host_queued_end": 1585578959.405123}, "device": "cpu", "nd_range": {"device_start": 2246733.6655393653, "device_end": 2246733.680976855}, "cmdq": 2, "read": {"device_start": -1, "device_end": -1}}, "FFC_sans_bias27": {"write": {"device_start": -1, "host_queued_start": 1585578959.393531, "device_queued": -1, "device_end": -1, "host_queued_end": 1585578959.405123}, "device": "cpu", "nd_range": {"device_start": 2246733.627066697, "device_end": 2246733.642068793}, "cmdq": 1, "read": {"device_start": -1, "device_end": -1}}, "FFC_sans_bias20": {"write": {"device_start": -1, "host_queued_start": 1585578959.392493, "device_queued": -1, "device_end": -1, "host_queued_end": 1585578959.405123}, "device": "cpu", "nd_range": {"device_start": 2246733.644187122, "device_end": 2246733.667181796}, "cmdq": 0, "read": {"device_start": -1, "device_end": -1}}, "FFC_sans_bias22": {"write": {"device_start": -1, "host_queued_start": 1585578959.398097, "device_queued": -1, "device_end": -1, "host_queued_end": 1585578959.405123}, "device": "cpu", "nd_range": {"device_start": 2246733.641652878, "device_end": 2246733.6495425534}, "cmdq": 2, "read": {"device_start": -1, "device_end": -1}}, "softmax68": {"write": {"device_start": -1, "host_queued_start": 1585578959.372169, "device_queued": -1, "device_end": -1, "host_queued_end": 1585578959.377732}, "device": "gpu", "nd_range": {"device_start": 1585578894.1878927, "device_end": 1585578894.188261}, "cmdq": 0, "read": {"device_start": -1, "device_end": -1}}, "softmax5": {"write": {"device_start": -1, "host_queued_start": 1585578959.398753, "device_queued": -1, "device_end": -1, "host_queued_end": 1585578959.405123}, "device": "cpu", "nd_range": {"device_start": 2246733.693404878, "device_end": 2246733.693500589}, "cmdq": 0, "read": {"device_start": -1, "device_end": -1}}, "FFC_sans_bias28": {"write": {"device_start": -1, "host_queued_start": 1585578959.394588, "device_queued": -1, "device_end": -1, "host_queued_end": 1585578959.405123}, "device": "cpu", "nd_range": {"device_start": 2246733.6258974453, "device_end": 2246733.6411371003}, "cmdq": 2, "read": {"device_start": -1, "device_end": -1}}, "FFC_sans_bias29": {"write": {"device_start": -1, "host_queued_start": 1585578959.395651, "device_queued": -1, "device_end": -1, "host_queued_end": 1585578959.405123}, "device": "cpu", "nd_range": {"device_start": 2246733.62586115, "device_end": 2246733.641156664}, "cmdq": 3, "read": {"device_start": -1, "device_end": -1}}, "empty17": {"write": {"device_start": -1, "host_queued_start": 1585578959.380354, "device_queued": -1, "device_end": -1, "host_queued_end": 1585578959.405123}, "device": "cpu", "nd_range": {"device_start": 2246733.594716811, "device_end": 2246733.594728215}, "cmdq": 1, "read": {"device_start": -1, "device_end": -1}}, "softmax59": {"write": {"device_start": -1, "host_queued_start": 1585578959.371925, "device_queued": -1, "device_end": -1, "host_queued_end": 1585578959.377732}, "device": "gpu", "nd_range": {"device_start": 1585578894.187689, "device_end": 1585578894.1879036}, "cmdq": 2, "read": {"device_start": -1, "device_end": -1}}, "empty71": {"write": {"device_start": 1585578894.1796093, "host_queued_start": 1585578959.355857, "device_queued": 1585578894.179356, "device_end": 1585578894.1796632, "host_queued_end": 1585578959.377732}, "device": "gpu", "nd_range": {"device_start": 1585578894.1796665, "device_end": 1585578894.1796737}, "cmdq": 0, "read": {"device_start": -1, "device_end": -1}}, "empty35": {"write": {"device_start": -1, "host_queued_start": 1585578959.382378, "device_queued": -1, "device_end": -1, "host_queued_end": 1585578959.405123}, "device": "cpu", "nd_range": {"device_start": 2246733.5949230404, "device_end": 2246733.594926726}, "cmdq": 3, "read": {"device_start": -1, "device_end": -1}}, "empty53": {"write": {"device_start": 1585578894.1793714, "host_queued_start": 1585578959.354114, "device_queued": 1585578894.1792614, "device_end": 1585578894.1794417, "host_queued_end": 1585578959.377732}, "device": "gpu", "nd_range": {"device_start": 1585578894.1794477, "device_end": 1585578894.1794527}, "cmdq": 1, "read": {"device_start": -1, "device_end": -1}}, "FFC_sans_bias46": {"write": {"device_start": 1585578894.180929, "host_queued_start": 1585578959.361057, "device_queued": 1585578894.179883, "device_end": 1585578894.1809597, "host_queued_end": 1585578959.377732}, "device": "gpu", "nd_range": {"device_start": 1585578894.1809626, "device_end": 1585578894.18233}, "cmdq": 2, "read": {"device_start": -1, "device_end": -1}}, "coalesced_transpose66": {"write": {"device_start": -1, "host_queued_start": 1585578959.369844, "device_queued": -1, "device_end": -1, "host_queued_end": 1585578959.377732}, "device": "gpu", "nd_range": {"device_start": 1585578894.1855814, "device_end": 1585578894.1855989}, "cmdq": 1, "read": {"device_start": -1, "device_end": -1}}, "coalesced_transpose48": {"write": {"device_start": -1, "host_queued_start": 1585578959.369245, "device_queued": -1, "device_end": -1, "host_queued_end": 1585578959.377732}, "device": "gpu", "nd_range": {"device_start": 1585578894.1851993, "device_end": 1585578894.185589}, "cmdq": 2, "read": {"device_start": -1, "device_end": -1}}}