{"FFC_sans_bias60": {"write": {"device_start": -1, "host_queued_start": 1585578623.077743, "device_queued": -1, "device_end": -1, "host_queued_end": 1585578623.085558}, "device": "gpu", "nd_range": {"device_start": 1585578557.9217296, "device_end": 1585578557.9223323}, "cmdq": 0, "read": {"device_start": -1, "device_end": -1}}, "FFC_sans_bias4": {"write": {"device_start": -1, "host_queued_start": 1585578623.091553, "device_queued": -1, "device_end": -1, "host_queued_end": 1585578623.09336}, "device": "cpu", "nd_range": {"device_start": 2246397.29547769, "device_end": 2246397.299407428}, "cmdq": 0, "read": {"device_start": -1, "device_end": -1}}, "FFC_sans_bias7": {"write": {"device_start": -1, "host_queued_start": 1585578623.093314, "device_queued": -1, "device_end": -1, "host_queued_end": 1585578623.09336}, "device": "cpu", "nd_range": {"device_start": 2246397.3047193903, "device_end": 2246397.3091942323}, "cmdq": 0, "read": {"device_start": -1, "device_end": -1}}, "FFC_sans_bias6": {"write": {"device_start": -1, "host_queued_start": 1585578623.092175, "device_queued": -1, "device_end": -1, "host_queued_end": 1585578623.09336}, "device": "cpu", "nd_range": {"device_start": 2246397.2997011533, "device_end": 2246397.304712329}, "cmdq": 0, "read": {"device_start": -1, "device_end": -1}}, "FFC_sans_bias1": {"write": {"device_start": -1, "host_queued_start": 1585578623.089699, "device_queued": -1, "device_end": -1, "host_queued_end": 1585578623.09336}, "device": "cpu", "nd_range": {"device_start": 2246397.2870886712, "device_end": 2246397.291386173}, "cmdq": 0, "read": {"device_start": -1, "device_end": -1}}, "FFC_sans_bias0": {"write": {"device_start": -1, "host_queued_start": 1585578623.088573, "device_queued": -1, "device_end": -1, "host_queued_end": 1585578623.09336}, "device": "cpu", "nd_range": {"device_start": 2246397.2829275313, "device_end": 2246397.287079979}, "cmdq": 0, "read": {"device_start": -1, "device_end": -1}}, "FFC_sans_bias2": {"write": {"device_start": -1, "host_queued_start": 1585578623.090838, "device_queued": -1, "device_end": -1, "host_queued_end": 1585578623.09336}, "device": "cpu", "nd_range": {"device_start": 2246397.2914054953, "device_end": 2246397.295355773}, "cmdq": 0, "read": {"device_start": -1, "device_end": -1}}, "FFC_sans_bias61": {"write": {"device_start": 1585578557.9269648, "host_queued_start": 1585578623.084412, "device_queued": 1585578557.9006245, "device_end": 1585578557.9269886, "host_queued_end": 1585578623.085558}, "device": "gpu", "nd_range": {"device_start": 1585578557.9269915, "device_end": 1585578557.9275854}, "cmdq": 0, "read": {"device_start": 1585578557.9275882, "device_end": 1585578557.9276104}}, "FFC_sans_bias52": {"write": {"device_start": 1585578557.9261916, "host_queued_start": 1585578623.08337, "device_queued": 1585578557.9005752, "device_end": 1585578557.9262161, "host_queued_end": 1585578623.085558}, "device": "gpu", "nd_range": {"device_start": 1585578557.9262185, "device_end": 1585578557.9268115}, "cmdq": 0, "read": {"device_start": 1585578557.926815, "device_end": 1585578557.9268398}}, "FFC_sans_bias9": {"write": {"device_start": 1585578557.8974996, "host_queued_start": 1585578623.048411, "device_queued": 1585578557.896752, "device_end": 1585578557.8975298, "host_queued_end": 1585578623.085558}, "device": "gpu", "nd_range": {"device_start": 1585578557.8975327, "device_end": 1585578557.8980317}, "cmdq": 0, "read": {"device_start": -1, "device_end": -1}}, "coalesced_transpose39": {"write": {"device_start": -1, "host_queued_start": 1585578623.070989, "device_queued": -1, "device_end": -1, "host_queued_end": 1585578623.085558}, "device": "gpu", "nd_range": {"device_start": 1585578557.9130046, "device_end": 1585578557.9130127}, "cmdq": 0, "read": {"device_start": -1, "device_end": -1}}, "FFC_sans_bias55": {"write": {"device_start": 1585578557.9103446, "host_queued_start": 1585578623.066637, "device_queued": 1585578557.8986554, "device_end": 1585578557.9103684, "host_queued_end": 1585578623.085558}, "device": "gpu", "nd_range": {"device_start": 1585578557.910373, "device_end": 1585578557.9109623}, "cmdq": 0, "read": {"device_start": -1, "device_end": -1}}, "FFC_sans_bias54": {"write": {"device_start": 1585578557.9088147, "host_queued_start": 1585578623.065579, "device_queued": 1585578557.8985357, "device_end": 1585578557.9088395, "host_queued_end": 1585578623.085558}, "device": "gpu", "nd_range": {"device_start": 1585578557.9088461, "device_end": 1585578557.909443}, "cmdq": 0, "read": {"device_start": -1, "device_end": -1}}, "FFC_sans_bias56": {"write": {"device_start": 1585578557.908113, "host_queued_start": 1585578623.064547, "device_queued": 1585578557.8985038, "device_end": 1585578557.9081376, "host_queued_end": 1585578623.085558}, "device": "gpu", "nd_range": {"device_start": 1585578557.9081416, "device_end": 1585578557.908739}, "cmdq": 0, "read": {"device_start": -1, "device_end": -1}}, "FFC_sans_bias51": {"write": {"device_start": -1, "host_queued_start": 1585578623.077413, "device_queued": -1, "device_end": -1, "host_queued_end": 1585578623.085558}, "device": "gpu", "nd_range": {"device_start": 1585578557.9211276, "device_end": 1585578557.9217286}, "cmdq": 0, "read": {"device_start": -1, "device_end": -1}}, "softmax23": {"write": {"device_start": -1, "host_queued_start": 1585578623.074574, "device_queued": -1, "device_end": -1, "host_queued_end": 1585578623.085558}, "device": "gpu", "nd_range": {"device_start": 1585578557.9174528, "device_end": 1585578557.9176629}, "cmdq": 0, "read": {"device_start": -1, "device_end": -1}}, "FFC_sans_bias37": {"write": {"device_start": 1585578557.904616, "host_queued_start": 1585578623.059294, "device_queued": 1585578557.8979366, "device_end": 1585578557.9046402, "host_queued_end": 1585578623.085558}, "device": "gpu", "nd_range": {"device_start": 1585578557.904643, "device_end": 1585578557.9052336}, "cmdq": 0, "read": {"device_start": -1, "device_end": -1}}, "empty62": {"write": {"device_start": 1585578557.8971667, "host_queued_start": 1585578623.046568, "device_queued": 1585578557.8966854, "device_end": 1585578557.8971977, "host_queued_end": 1585578623.085558}, "device": "gpu", "nd_range": {"device_start": 1585578557.8972075, "device_end": 1585578557.8972108}, "cmdq": 0, "read": {"device_start": -1, "device_end": -1}}, "FFC_sans_bias70": {"write": {"device_start": 1585578557.9277377, "host_queued_start": 1585578623.085457, "device_queued": 1585578557.9007668, "device_end": 1585578557.9277613, "host_queued_end": 1585578623.085558}, "device": "gpu", "nd_range": {"device_start": 1585578557.9277654, "device_end": 1585578557.9283607}, "cmdq": 0, "read": {"device_start": 1585578557.9283633, "device_end": 1585578557.928386}}, "FFC_sans_bias58": {"write": {"device_start": -1, "host_queued_start": 1585578623.07376, "device_queued": -1, "device_end": -1, "host_queued_end": 1585578623.085558}, "device": "gpu", "nd_range": {"device_start": 1585578557.9160423, "device_end": 1585578557.916637}, "cmdq": 0, "read": {"device_start": -1, "device_end": -1}}, "softmax41": {"write": {"device_start": -1, "host_queued_start": 1585578623.075068, "device_queued": -1, "device_end": -1, "host_queued_end": 1585578623.085558}, "device": "gpu", "nd_range": {"device_start": 1585578557.917876, "device_end": 1585578557.9180865}, "cmdq": 0, "read": {"device_start": -1, "device_end": -1}}, "FFC_sans_bias11": {"write": {"device_start": 1585578557.8988948, "host_queued_start": 1585578623.050585, "device_queued": 1585578557.8970027, "device_end": 1585578557.8989182, "host_queued_end": 1585578623.085558}, "device": "gpu", "nd_range": {"device_start": 1585578557.898921, "device_end": 1585578557.8995154}, "cmdq": 0, "read": {"device_start": -1, "device_end": -1}}, "FFC_sans_bias10": {"write": {"device_start": 1585578557.8981721, "host_queued_start": 1585578623.049493, "device_queued": 1585578557.896958, "device_end": 1585578557.8982046, "host_queued_end": 1585578623.085558}, "device": "gpu", "nd_range": {"device_start": 1585578557.8982086, "device_end": 1585578557.8988068}, "cmdq": 0, "read": {"device_start": -1, "device_end": -1}}, "coalesced_transpose3": {"write": {"device_start": -1, "host_queued_start": 1585578623.09122, "device_queued": -1, "device_end": -1, "host_queued_end": 1585578623.09336}, "device": "cpu", "nd_range": {"device_start": 2246397.2953678453, "device_end": 2246397.295457566}, "cmdq": 0, "read": {"device_start": -1, "device_end": -1}}, "FFC_sans_bias34": {"write": {"device_start": 1585578557.9245858, "host_queued_start": 1585578623.08128, "device_queued": 1585578557.9003694, "device_end": 1585578557.9246101, "host_queued_end": 1585578623.085558}, "device": "gpu", "nd_range": {"device_start": 1585578557.9246144, "device_end": 1585578557.9252112}, "cmdq": 0, "read": {"device_start": 1585578557.9252136, "device_end": 1585578557.9252362}}, "FFC_sans_bias15": {"write": {"device_start": -1, "host_queued_start": 1585578623.076124, "device_queued": -1, "device_end": -1, "host_queued_end": 1585578623.085558}, "device": "gpu", "nd_range": {"device_start": 1585578557.9187226, "device_end": 1585578557.9193227}, "cmdq": 0, "read": {"device_start": -1, "device_end": -1}}, "FFC_sans_bias31": {"write": {"device_start": -1, "host_queued_start": 1585578623.072824, "device_queued": -1, "device_end": -1, "host_queued_end": 1585578623.085558}, "device": "gpu", "nd_range": {"device_start": 1585578557.9142427, "device_end": 1585578557.9148426}, "cmdq": 0, "read": {"device_start": -1, "device_end": -1}}, "FFC_sans_bias16": {"write": {"device_start": 1585578557.9230187, "host_queued_start": 1585578623.079154, "device_queued": 1585578557.900148, "device_end": 1585578557.923043, "host_queued_end": 1585578623.085558}, "device": "gpu", "nd_range": {"device_start": 1585578557.9230468, "device_end": 1585578557.9236426}, "cmdq": 0, "read": {"device_start": 1585578557.9236443, "device_end": 1585578557.923667}}, "FFC_sans_bias19": {"write": {"device_start": 1585578557.9003396, "host_queued_start": 1585578623.052905, "device_queued": 1585578557.8972898, "device_end": 1585578557.9003642, "host_queued_end": 1585578623.085558}, "device": "gpu", "nd_range": {"device_start": 1585578557.9003725, "device_end": 1585578557.9008722}, "cmdq": 0, "read": {"device_start": -1, "device_end": -1}}, "FFC_sans_bias18": {"write": {"device_start": 1585578557.8996212, "host_queued_start": 1585578623.051673, "device_queued": 1585578557.8972354, "device_end": 1585578557.8996456, "host_queued_end": 1585578623.085558}, "device": "gpu", "nd_range": {"device_start": 1585578557.899652, "device_end": 1585578557.9002404}, "cmdq": 0, "read": {"device_start": -1, "device_end": -1}}, "coalesced_transpose30": {"write": {"device_start": -1, "host_queued_start": 1585578623.070688, "device_queued": -1, "device_end": -1, "host_queued_end": 1585578623.085558}, "device": "gpu", "nd_range": {"device_start": 1585578557.9129944, "device_end": 1585578557.913003}, "cmdq": 0, "read": {"device_start": -1, "device_end": -1}}, "FFC_sans_bias69": {"write": {"device_start": -1, "host_queued_start": 1585578623.07806, "device_queued": -1, "device_end": -1, "host_queued_end": 1585578623.085558}, "device": "gpu", "nd_range": {"device_start": 1585578557.9223332, "device_end": 1585578557.9229321}, "cmdq": 0, "read": {"device_start": -1, "device_end": -1}}, "FFC_sans_bias38": {"write": {"device_start": 1585578557.9053147, "host_queued_start": 1585578623.060359, "device_queued": 1585578557.898104, "device_end": 1585578557.9053388, "host_queued_end": 1585578623.085558}, "device": "gpu", "nd_range": {"device_start": 1585578557.905343, "device_end": 1585578557.9059334}, "cmdq": 0, "read": {"device_start": -1, "device_end": -1}}, "coalesced_transpose57": {"write": {"device_start": -1, "host_queued_start": 1585578623.071582, "device_queued": -1, "device_end": -1, "host_queued_end": 1585578623.085558}, "device": "gpu", "nd_range": {"device_start": 1585578557.913023, "device_end": 1585578557.913031}, "cmdq": 0, "read": {"device_start": -1, "device_end": -1}}, "empty26": {"write": {"device_start": 1585578557.8963397, "host_queued_start": 1585578623.043264, "device_queued": 1585578557.896242, "device_end": 1585578557.8963647, "host_queued_end": 1585578623.085558}, "device": "gpu", "nd_range": {"device_start": 1585578557.896371, "device_end": 1585578557.8963745}, "cmdq": 0, "read": {"device_start": -1, "device_end": -1}}, "coalesced_transpose12": {"write": {"device_start": -1, "host_queued_start": 1585578623.070076, "device_queued": -1, "device_end": -1, "host_queued_end": 1585578623.085558}, "device": "gpu", "nd_range": {"device_start": 1585578557.9129758, "device_end": 1585578557.912984}, "cmdq": 0, "read": {"device_start": -1, "device_end": -1}}, "empty44": {"write": {"device_start": 1585578557.8967378, "host_queued_start": 1585578623.04494, "device_queued": 1585578557.8963273, "device_end": 1585578557.896763, "host_queued_end": 1585578623.085558}, "device": "gpu", "nd_range": {"device_start": 1585578557.8967712, "device_end": 1585578557.896775}, "cmdq": 0, "read": {"device_start": -1, "device_end": -1}}, "coalesced_transpose21": {"write": {"device_start": -1, "host_queued_start": 1585578623.070379, "device_queued": -1, "device_end": -1, "host_queued_end": 1585578623.085558}, "device": "gpu", "nd_range": {"device_start": 1585578557.912985, "device_end": 1585578557.9129932}, "cmdq": 0, "read": {"device_start": -1, "device_end": -1}}, "FFC_sans_bias36": {"write": {"device_start": 1585578557.9039137, "host_queued_start": 1585578623.058221, "device_queued": 1585578557.8978982, "device_end": 1585578557.903938, "host_queued_end": 1585578623.085558}, "device": "gpu", "nd_range": {"device_start": 1585578557.9039423, "device_end": 1585578557.9045403}, "cmdq": 0, "read": {"device_start": -1, "device_end": -1}}, "softmax14": {"write": {"device_start": -1, "host_queued_start": 1585578623.074324, "device_queued": -1, "device_end": -1, "host_queued_end": 1585578623.085558}, "device": "gpu", "nd_range": {"device_start": 1585578557.917238, "device_end": 1585578557.917451}, "cmdq": 0, "read": {"device_start": -1, "device_end": -1}}, "FFC_sans_bias13": {"write": {"device_start": -1, "host_queued_start": 1585578623.072197, "device_queued": -1, "device_end": -1, "host_queued_end": 1585578623.085558}, "device": "gpu", "nd_range": {"device_start": 1585578557.9130418, "device_end": 1585578557.9136405}, "cmdq": 0, "read": {"device_start": -1, "device_end": -1}}, "empty8": {"write": {"device_start": -1, "host_queued_start": 1585578623.08718, "device_queued": -1, "device_end": -1, "host_queued_end": 1585578623.09336}, "device": "cpu", "nd_range": {"device_start": 2246397.282901693, "device_end": 2246397.282911614}, "cmdq": 0, "read": {"device_start": -1, "device_end": -1}}, "FFC_sans_bias42": {"write": {"device_start": -1, "host_queued_start": 1585578623.077084, "device_queued": -1, "device_end": -1, "host_queued_end": 1585578623.085558}, "device": "gpu", "nd_range": {"device_start": 1585578557.9205275, "device_end": 1585578557.9211266}, "cmdq": 0, "read": {"device_start": -1, "device_end": -1}}, "FFC_sans_bias43": {"write": {"device_start": 1585578557.9254081, "host_queued_start": 1585578623.082322, "device_queued": 1585578557.9004157, "device_end": 1585578557.925434, "host_queued_end": 1585578623.085558}, "device": "gpu", "nd_range": {"device_start": 1585578557.9254367, "device_end": 1585578557.9260335}, "cmdq": 0, "read": {"device_start": 1585578557.926041, "device_end": 1585578557.926064}}, "FFC_sans_bias40": {"write": {"device_start": -1, "host_queued_start": 1585578623.073139, "device_queued": -1, "device_end": -1, "host_queued_end": 1585578623.085558}, "device": "gpu", "nd_range": {"device_start": 1585578557.914844, "device_end": 1585578557.915442}, "cmdq": 0, "read": {"device_start": -1, "device_end": -1}}, "softmax32": {"write": {"device_start": -1, "host_queued_start": 1585578623.07482, "device_queued": -1, "device_end": -1, "host_queued_end": 1585578623.085558}, "device": "gpu", "nd_range": {"device_start": 1585578557.9176638, "device_end": 1585578557.917875}, "cmdq": 0, "read": {"device_start": -1, "device_end": -1}}, "FFC_sans_bias47": {"write": {"device_start": 1585578557.9074087, "host_queued_start": 1585578623.063509, "device_queued": 1585578557.8983629, "device_end": 1585578557.907432, "host_queued_end": 1585578623.085558}, "device": "gpu", "nd_range": {"device_start": 1585578557.9074383, "device_end": 1585578557.9080293}, "cmdq": 0, "read": {"device_start": -1, "device_end": -1}}, "FFC_sans_bias45": {"write": {"device_start": 1585578557.9060085, "host_queued_start": 1585578623.061388, "device_queued": 1585578557.898144, "device_end": 1585578557.906032, "host_queued_end": 1585578623.085558}, "device": "gpu", "nd_range": {"device_start": 1585578557.9060364, "device_end": 1585578557.9066331}, "cmdq": 0, "read": {"device_start": -1, "device_end": -1}}, "softmax50": {"write": {"device_start": -1, "host_queued_start": 1585578623.075312, "device_queued": -1, "device_end": -1, "host_queued_end": 1585578623.085558}, "device": "gpu", "nd_range": {"device_start": 1585578557.9180877, "device_end": 1585578557.918298}, "cmdq": 0, "read": {"device_start": -1, "device_end": -1}}, "FFC_sans_bias33": {"write": {"device_start": -1, "host_queued_start": 1585578623.076764, "device_queued": -1, "device_end": -1, "host_queued_end": 1585578623.085558}, "device": "gpu", "nd_range": {"device_start": 1585578557.9199271, "device_end": 1585578557.920526}, "cmdq": 0, "read": {"device_start": -1, "device_end": -1}}, "FFC_sans_bias63": {"write": {"device_start": 1585578557.9124417, "host_queued_start": 1585578623.069749, "device_queued": 1585578557.8988683, "device_end": 1585578557.9124653, "host_queued_end": 1585578623.085558}, "device": "gpu", "nd_range": {"device_start": 1585578557.9124722, "device_end": 1585578557.9129746}, "cmdq": 0, "read": {"device_start": -1, "device_end": -1}}, "FFC_sans_bias49": {"write": {"device_start": -1, "host_queued_start": 1585578623.073451, "device_queued": -1, "device_end": -1, "host_queued_end": 1585578623.085558}, "device": "gpu", "nd_range": {"device_start": 1585578557.915443, "device_end": 1585578557.9160414}, "cmdq": 0, "read": {"device_start": -1, "device_end": -1}}, "FFC_sans_bias64": {"write": {"device_start": 1585578557.911037, "host_queued_start": 1585578623.067684, "device_queued": 1585578557.8986866, "device_end": 1585578557.9110603, "host_queued_end": 1585578623.085558}, "device": "gpu", "nd_range": {"device_start": 1585578557.9110672, "device_end": 1585578557.9116657}, "cmdq": 0, "read": {"device_start": -1, "device_end": -1}}, "FFC_sans_bias65": {"write": {"device_start": 1585578557.9117403, "host_queued_start": 1585578623.068726, "device_queued": 1585578557.8988092, "device_end": 1585578557.9117637, "host_queued_end": 1585578623.085558}, "device": "gpu", "nd_range": {"device_start": 1585578557.9117696, "device_end": 1585578557.9123583}, "cmdq": 0, "read": {"device_start": -1, "device_end": -1}}, "FFC_sans_bias67": {"write": {"device_start": -1, "host_queued_start": 1585578623.074074, "device_queued": -1, "device_end": -1, "host_queued_end": 1585578623.085558}, "device": "gpu", "nd_range": {"device_start": 1585578557.9166384, "device_end": 1585578557.9172368}, "cmdq": 0, "read": {"device_start": -1, "device_end": -1}}, "FFC_sans_bias24": {"write": {"device_start": -1, "host_queued_start": 1585578623.076444, "device_queued": -1, "device_end": -1, "host_queued_end": 1585578623.085558}, "device": "gpu", "nd_range": {"device_start": 1585578557.9193237, "device_end": 1585578557.9199262}, "cmdq": 0, "read": {"device_start": -1, "device_end": -1}}, "FFC_sans_bias25": {"write": {"device_start": 1585578557.9237933, "host_queued_start": 1585578623.080229, "device_queued": 1585578557.9001975, "device_end": 1585578557.9238176, "host_queued_end": 1585578623.085558}, "device": "gpu", "nd_range": {"device_start": 1585578557.923822, "device_end": 1585578557.9244194}, "cmdq": 0, "read": {"device_start": 1585578557.9244282, "device_end": 1585578557.9244504}}, "FFC_sans_bias27": {"write": {"device_start": 1585578557.90172, "host_queued_start": 1585578623.05509, "device_queued": 1585578557.8975627, "device_end": 1585578557.9017434, "host_queued_end": 1585578623.085558}, "device": "gpu", "nd_range": {"device_start": 1585578557.9017477, "device_end": 1585578557.9023428}, "cmdq": 0, "read": {"device_start": -1, "device_end": -1}}, "FFC_sans_bias20": {"write": {"device_start": 1585578557.9009829, "host_queued_start": 1585578623.053982, "device_queued": 1585578557.897515, "device_end": 1585578557.9010067, "host_queued_end": 1585578623.085558}, "device": "gpu", "nd_range": {"device_start": 1585578557.9010136, "device_end": 1585578557.9016106}, "cmdq": 0, "read": {"device_start": -1, "device_end": -1}}, "FFC_sans_bias22": {"write": {"device_start": -1, "host_queued_start": 1585578623.072512, "device_queued": -1, "device_end": -1, "host_queued_end": 1585578623.085558}, "device": "gpu", "nd_range": {"device_start": 1585578557.913642, "device_end": 1585578557.9142416}, "cmdq": 0, "read": {"device_start": -1, "device_end": -1}}, "softmax68": {"write": {"device_start": -1, "host_queued_start": 1585578623.075815, "device_queued": -1, "device_end": -1, "host_queued_end": 1585578623.085558}, "device": "gpu", "nd_range": {"device_start": 1585578557.9185112, "device_end": 1585578557.9187207}, "cmdq": 0, "read": {"device_start": -1, "device_end": -1}}, "softmax5": {"write": {"device_start": -1, "host_queued_start": 1585578623.091851, "device_queued": -1, "device_end": -1, "host_queued_end": 1585578623.09336}, "device": "cpu", "nd_range": {"device_start": 2246397.299423853, "device_end": 2246397.29957567}, "cmdq": 0, "read": {"device_start": -1, "device_end": -1}}, "FFC_sans_bias28": {"write": {"device_start": 1585578557.9024537, "host_queued_start": 1585578623.056151, "device_queued": 1585578557.8977127, "device_end": 1585578557.9024785, "host_queued_end": 1585578623.085558}, "device": "gpu", "nd_range": {"device_start": 1585578557.902482, "device_end": 1585578557.9030695}, "cmdq": 0, "read": {"device_start": -1, "device_end": -1}}, "FFC_sans_bias29": {"write": {"device_start": 1585578557.9031694, "host_queued_start": 1585578623.05719, "device_queued": 1585578557.8977609, "device_end": 1585578557.903193, "host_queued_end": 1585578623.085558}, "device": "gpu", "nd_range": {"device_start": 1585578557.9031987, "device_end": 1585578557.903795}, "cmdq": 0, "read": {"device_start": -1, "device_end": -1}}, "empty17": {"write": {"device_start": 1585578557.8961847, "host_queued_start": 1585578623.042134, "device_queued": 1585578557.8960543, "device_end": 1585578557.896215, "host_queued_end": 1585578623.085558}, "device": "gpu", "nd_range": {"device_start": 1585578557.8962173, "device_end": 1585578557.8962271}, "cmdq": 0, "read": {"device_start": -1, "device_end": -1}}, "softmax59": {"write": {"device_start": -1, "host_queued_start": 1585578623.075556, "device_queued": -1, "device_end": -1, "host_queued_end": 1585578623.085558}, "device": "gpu", "nd_range": {"device_start": 1585578557.9182992, "device_end": 1585578557.9185102}, "cmdq": 0, "read": {"device_start": -1, "device_end": -1}}, "empty71": {"write": {"device_start": 1585578557.897347, "host_queued_start": 1585578623.047439, "device_queued": 1585578557.896723, "device_end": 1585578557.8973784, "host_queued_end": 1585578623.085558}, "device": "gpu", "nd_range": {"device_start": 1585578557.897387, "device_end": 1585578557.8973904}, "cmdq": 0, "read": {"device_start": -1, "device_end": -1}}, "empty35": {"write": {"device_start": 1585578557.8965514, "host_queued_start": 1585578623.044121, "device_queued": 1585578557.8962831, "device_end": 1585578557.8965812, "host_queued_end": 1585578623.085558}, "device": "gpu", "nd_range": {"device_start": 1585578557.896592, "device_end": 1585578557.8965955}, "cmdq": 0, "read": {"device_start": -1, "device_end": -1}}, "empty53": {"write": {"device_start": 1585578557.8970222, "host_queued_start": 1585578623.045754, "device_queued": 1585578557.8966305, "device_end": 1585578557.897047, "host_queued_end": 1585578623.085558}, "device": "gpu", "nd_range": {"device_start": 1585578557.8970556, "device_end": 1585578557.8970592}, "cmdq": 0, "read": {"device_start": -1, "device_end": -1}}, "FFC_sans_bias46": {"write": {"device_start": 1585578557.9067073, "host_queued_start": 1585578623.062423, "device_queued": 1585578557.8983145, "device_end": 1585578557.9067316, "host_queued_end": 1585578623.085558}, "device": "gpu", "nd_range": {"device_start": 1585578557.9067357, "device_end": 1585578557.90733}, "cmdq": 0, "read": {"device_start": -1, "device_end": -1}}, "coalesced_transpose66": {"write": {"device_start": -1, "host_queued_start": 1585578623.071886, "device_queued": -1, "device_end": -1, "host_queued_end": 1585578623.085558}, "device": "gpu", "nd_range": {"device_start": 1585578557.913032, "device_end": 1585578557.9130404}, "cmdq": 0, "read": {"device_start": -1, "device_end": -1}}, "coalesced_transpose48": {"write": {"device_start": -1, "host_queued_start": 1585578623.071285, "device_queued": -1, "device_end": -1, "host_queued_end": 1585578623.085558}, "device": "gpu", "nd_range": {"device_start": 1585578557.913014, "device_end": 1585578557.913022}, "cmdq": 0, "read": {"device_start": -1, "device_end": -1}}}