{"FFC_sans_bias60": {"write": {"device_start": -1, "host_queued_start": 1585578656.524832, "device_queued": -1, "device_end": -1, "host_queued_end": 1585578656.529417}, "device": "gpu", "nd_range": {"device_start": 1585578591.3528478, "device_end": 1585578591.353445}, "cmdq": 0, "read": {"device_start": -1, "device_end": -1}}, "FFC_sans_bias4": {"write": {"device_start": -1, "host_queued_start": 1585578656.549148, "device_queued": -1, "device_end": -1, "host_queued_end": 1585578656.556826}, "device": "cpu", "nd_range": {"device_start": 2246430.8033537883, "device_end": 2246430.811950587}, "cmdq": 0, "read": {"device_start": -1, "device_end": -1}}, "FFC_sans_bias7": {"write": {"device_start": -1, "host_queued_start": 1585578656.553738, "device_queued": -1, "device_end": -1, "host_queued_end": 1585578656.556826}, "device": "cpu", "nd_range": {"device_start": 2246430.845151885, "device_end": 2246430.8508746764}, "cmdq": 0, "read": {"device_start": -1, "device_end": -1}}, "FFC_sans_bias6": {"write": {"device_start": -1, "host_queued_start": 1585578656.551675, "device_queued": -1, "device_end": -1, "host_queued_end": 1585578656.556826}, "device": "cpu", "nd_range": {"device_start": 2246430.8228909383, "device_end": 2246430.8355975864}, "cmdq": 0, "read": {"device_start": -1, "device_end": -1}}, "FFC_sans_bias1": {"write": {"device_start": -1, "host_queued_start": 1585578656.536098, "device_queued": -1, "device_end": -1, "host_queued_end": 1585578656.556826}, "device": "cpu", "nd_range": {"device_start": 2246430.746453817, "device_end": 2246430.754372815}, "cmdq": 1, "read": {"device_start": -1, "device_end": -1}}, "FFC_sans_bias0": {"write": {"device_start": -1, "host_queued_start": 1585578656.534915, "device_queued": -1, "device_end": -1, "host_queued_end": 1585578656.556826}, "device": "cpu", "nd_range": {"device_start": 2246430.7464539614, "device_end": 2246430.7543746564}, "cmdq": 0, "read": {"device_start": -1, "device_end": -1}}, "FFC_sans_bias2": {"write": {"device_start": -1, "host_queued_start": 1585578656.537303, "device_queued": -1, "device_end": -1, "host_queued_end": 1585578656.556826}, "device": "cpu", "nd_range": {"device_start": 2246430.7544334233, "device_end": 2246430.763826338}, "cmdq": 0, "read": {"device_start": -1, "device_end": -1}}, "FFC_sans_bias61": {"write": {"device_start": 1585578591.3558428, "host_queued_start": 1585578656.528281, "device_queued": 1585578591.3413172, "device_end": 1585578591.3558724, "host_queued_end": 1585578656.529417}, "device": "gpu", "nd_range": {"device_start": 1585578591.3558798, "device_end": 1585578591.3564775}, "cmdq": 0, "read": {"device_start": 1585578591.3564796, "device_end": 1585578591.3565025}}, "FFC_sans_bias52": {"write": {"device_start": 1585578591.3550107, "host_queued_start": 1585578656.527239, "device_queued": 1585578591.3411672, "device_end": 1585578591.3550386, "host_queued_end": 1585578656.529417}, "device": "gpu", "nd_range": {"device_start": 1585578591.3550472, "device_end": 1585578591.3556437}, "cmdq": 0, "read": {"device_start": 1585578591.355654, "device_end": 1585578591.3556776}}, "FFC_sans_bias9": {"write": {"device_start": -1, "host_queued_start": 1585578656.538406, "device_queued": -1, "device_end": -1, "host_queued_end": 1585578656.556826}, "device": "cpu", "nd_range": {"device_start": 2246430.754380254, "device_end": 2246430.761023579}, "cmdq": 1, "read": {"device_start": -1, "device_end": -1}}, "coalesced_transpose39": {"write": {"device_start": -1, "host_queued_start": 1585578656.520721, "device_queued": -1, "device_end": -1, "host_queued_end": 1585578656.529417}, "device": "gpu", "nd_range": {"device_start": 1585578591.348351, "device_end": 1585578591.3483593}, "cmdq": 0, "read": {"device_start": -1, "device_end": -1}}, "FFC_sans_bias55": {"write": {"device_start": 1585578591.3455124, "host_queued_start": 1585578656.517275, "device_queued": 1585578591.3401306, "device_end": 1585578591.3455408, "host_queued_end": 1585578656.529417}, "device": "gpu", "nd_range": {"device_start": 1585578591.345547, "device_end": 1585578591.3461373}, "cmdq": 0, "read": {"device_start": -1, "device_end": -1}}, "FFC_sans_bias54": {"write": {"device_start": 1585578591.3448617, "host_queued_start": 1585578656.516244, "device_queued": 1585578591.3400018, "device_end": 1585578591.3448918, "host_queued_end": 1585578656.529417}, "device": "gpu", "nd_range": {"device_start": 1585578591.3449006, "device_end": 1585578591.3454072}, "cmdq": 0, "read": {"device_start": -1, "device_end": -1}}, "FFC_sans_bias56": {"write": {"device_start": 1585578591.3441188, "host_queued_start": 1585578656.51503, "device_queued": 1585578591.339967, "device_end": 1585578591.3441486, "host_queued_end": 1585578656.529417}, "device": "gpu", "nd_range": {"device_start": 1585578591.3441572, "device_end": 1585578591.3447585}, "cmdq": 0, "read": {"device_start": -1, "device_end": -1}}, "FFC_sans_bias51": {"write": {"device_start": -1, "host_queued_start": 1585578656.524521, "device_queued": -1, "device_end": -1, "host_queued_end": 1585578656.529417}, "device": "gpu", "nd_range": {"device_start": 1585578591.3522458, "device_end": 1585578591.3528466}, "cmdq": 0, "read": {"device_start": -1, "device_end": -1}}, "softmax23": {"write": {"device_start": -1, "host_queued_start": 1585578656.551069, "device_queued": -1, "device_end": -1, "host_queued_end": 1585578656.556826}, "device": "cpu", "nd_range": {"device_start": 2246430.822582357, "device_end": 2246430.8227850744}, "cmdq": 0, "read": {"device_start": -1, "device_end": -1}}, "FFC_sans_bias37": {"write": {"device_start": 1585578591.3404508, "host_queued_start": 1585578656.509776, "device_queued": 1585578591.3393817, "device_end": 1585578591.34048, "host_queued_end": 1585578656.529417}, "device": "gpu", "nd_range": {"device_start": 1585578591.3404849, "device_end": 1585578591.3410833}, "cmdq": 0, "read": {"device_start": -1, "device_end": -1}}, "empty62": {"write": {"device_start": 1585578591.3394277, "host_queued_start": 1585578656.506952, "device_queued": 1585578591.3391361, "device_end": 1585578591.3394568, "host_queued_end": 1585578656.529417}, "device": "gpu", "nd_range": {"device_start": 1585578591.3394651, "device_end": 1585578591.3394687}, "cmdq": 0, "read": {"device_start": -1, "device_end": -1}}, "FFC_sans_bias70": {"write": {"device_start": 1585578591.3566673, "host_queued_start": 1585578656.529315, "device_queued": 1585578591.341379, "device_end": 1585578591.356696, "host_queued_end": 1585578656.529417}, "device": "gpu", "nd_range": {"device_start": 1585578591.3567, "device_end": 1585578591.3572989}, "cmdq": 0, "read": {"device_start": 1585578591.3573008, "device_end": 1585578591.3573234}}, "FFC_sans_bias58": {"write": {"device_start": -1, "host_queued_start": 1585578656.522596, "device_queued": -1, "device_end": -1, "host_queued_end": 1585578656.529417}, "device": "gpu", "nd_range": {"device_start": 1585578591.3495893, "device_end": 1585578591.3501844}, "cmdq": 0, "read": {"device_start": -1, "device_end": -1}}, "softmax41": {"write": {"device_start": -1, "host_queued_start": 1585578656.523165, "device_queued": -1, "device_end": -1, "host_queued_end": 1585578656.529417}, "device": "gpu", "nd_range": {"device_start": 1585578591.3507893, "device_end": 1585578591.351006}, "cmdq": 0, "read": {"device_start": -1, "device_end": -1}}, "FFC_sans_bias11": {"write": {"device_start": -1, "host_queued_start": 1585578656.540612, "device_queued": -1, "device_end": -1, "host_queued_end": 1585578656.556826}, "device": "cpu", "nd_range": {"device_start": 2246430.7611542703, "device_end": 2246430.767127958}, "cmdq": 1, "read": {"device_start": -1, "device_end": -1}}, "FFC_sans_bias10": {"write": {"device_start": -1, "host_queued_start": 1585578656.539544, "device_queued": -1, "device_end": -1, "host_queued_end": 1585578656.556826}, "device": "cpu", "nd_range": {"device_start": 2246430.768944723, "device_end": 2246430.783131945}, "cmdq": 0, "read": {"device_start": -1, "device_end": -1}}, "coalesced_transpose3": {"write": {"device_start": -1, "host_queued_start": 1585578656.547667, "device_queued": -1, "device_end": -1, "host_queued_end": 1585578656.556826}, "device": "cpu", "nd_range": {"device_start": 2246430.802892275, "device_end": 2246430.803045175}, "cmdq": 0, "read": {"device_start": -1, "device_end": -1}}, "FFC_sans_bias34": {"write": {"device_start": -1, "host_queued_start": 1585578656.556773, "device_queued": -1, "device_end": -1, "host_queued_end": 1585578656.556826}, "device": "cpu", "nd_range": {"device_start": 2246430.8398855203, "device_end": 2246430.847984789}, "cmdq": 1, "read": {"device_start": -1, "device_end": -1}}, "FFC_sans_bias15": {"write": {"device_start": -1, "host_queued_start": 1585578656.552013, "device_queued": -1, "device_end": -1, "host_queued_end": 1585578656.556826}, "device": "cpu", "nd_range": {"device_start": 2246430.819097286, "device_end": 2246430.82653615}, "cmdq": 1, "read": {"device_start": -1, "device_end": -1}}, "FFC_sans_bias31": {"write": {"device_start": -1, "host_queued_start": 1585578656.550196, "device_queued": -1, "device_end": -1, "host_queued_end": 1585578656.556826}, "device": "cpu", "nd_range": {"device_start": 2246430.8094692733, "device_end": 2246430.818339861}, "cmdq": 1, "read": {"device_start": -1, "device_end": -1}}, "FFC_sans_bias16": {"write": {"device_start": -1, "host_queued_start": 1585578656.554736, "device_queued": -1, "device_end": -1, "host_queued_end": 1585578656.556826}, "device": "cpu", "nd_range": {"device_start": 2246430.833916717, "device_end": 2246430.839881846}, "cmdq": 1, "read": {"device_start": -1, "device_end": -1}}, "FFC_sans_bias19": {"write": {"device_start": -1, "host_queued_start": 1585578656.542736, "device_queued": -1, "device_end": -1, "host_queued_end": 1585578656.556826}, "device": "cpu", "nd_range": {"device_start": 2246430.767135289, "device_end": 2246430.772832407}, "cmdq": 1, "read": {"device_start": -1, "device_end": -1}}, "FFC_sans_bias18": {"write": {"device_start": -1, "host_queued_start": 1585578656.54167, "device_queued": -1, "device_end": -1, "host_queued_end": 1585578656.556826}, "device": "cpu", "nd_range": {"device_start": 2246430.7833088473, "device_end": 2246430.791563067}, "cmdq": 0, "read": {"device_start": -1, "device_end": -1}}, "coalesced_transpose30": {"write": {"device_start": -1, "host_queued_start": 1585578656.548804, "device_queued": -1, "device_end": -1, "host_queued_end": 1585578656.556826}, "device": "cpu", "nd_range": {"device_start": 2246430.802886973, "device_end": 2246430.803011413}, "cmdq": 1, "read": {"device_start": -1, "device_end": -1}}, "FFC_sans_bias69": {"write": {"device_start": -1, "host_queued_start": 1585578656.525149, "device_queued": -1, "device_end": -1, "host_queued_end": 1585578656.529417}, "device": "gpu", "nd_range": {"device_start": 1585578591.353446, "device_end": 1585578591.3540478}, "cmdq": 0, "read": {"device_start": -1, "device_end": -1}}, "FFC_sans_bias38": {"write": {"device_start": 1585578591.3411965, "host_queued_start": 1585578656.51087, "device_queued": 1585578591.3395503, "device_end": 1585578591.3412216, "host_queued_end": 1585578656.529417}, "device": "gpu", "nd_range": {"device_start": 1585578591.3412275, "device_end": 1585578591.3418455}, "cmdq": 0, "read": {"device_start": -1, "device_end": -1}}, "coalesced_transpose57": {"write": {"device_start": -1, "host_queued_start": 1585578656.521323, "device_queued": -1, "device_end": -1, "host_queued_end": 1585578656.529417}, "device": "gpu", "nd_range": {"device_start": 1585578591.3483696, "device_end": 1585578591.348378}, "cmdq": 0, "read": {"device_start": -1, "device_end": -1}}, "empty26": {"write": {"device_start": -1, "host_queued_start": 1585578656.53301, "device_queued": -1, "device_end": -1, "host_queued_end": 1585578656.556826}, "device": "cpu", "nd_range": {"device_start": 2246430.7464466454, "device_end": 2246430.7464475813}, "cmdq": 0, "read": {"device_start": -1, "device_end": -1}}, "coalesced_transpose12": {"write": {"device_start": -1, "host_queued_start": 1585578656.548003, "device_queued": -1, "device_end": -1, "host_queued_end": 1585578656.556826}, "device": "cpu", "nd_range": {"device_start": 2246430.78661209, "device_end": 2246430.786849447}, "cmdq": 1, "read": {"device_start": -1, "device_end": -1}}, "empty44": {"write": {"device_start": 1585578591.3391185, "host_queued_start": 1585578656.505025, "device_queued": 1585578591.33899, "device_end": 1585578591.339146, "host_queued_end": 1585578656.529417}, "device": "gpu", "nd_range": {"device_start": 1585578591.3391519, "device_end": 1585578591.3391566}, "cmdq": 0, "read": {"device_start": -1, "device_end": -1}}, "coalesced_transpose21": {"write": {"device_start": -1, "host_queued_start": 1585578656.548375, "device_queued": -1, "device_end": -1, "host_queued_end": 1585578656.556826}, "device": "cpu", "nd_range": {"device_start": 2246430.803058288, "device_end": 2246430.80324686}, "cmdq": 0, "read": {"device_start": -1, "device_end": -1}}, "FFC_sans_bias36": {"write": {"device_start": 1585578591.3397245, "host_queued_start": 1585578656.508741, "device_queued": 1585578591.33933, "device_end": 1585578591.339756, "host_queued_end": 1585578656.529417}, "device": "gpu", "nd_range": {"device_start": 1585578591.339763, "device_end": 1585578591.340359}, "cmdq": 0, "read": {"device_start": -1, "device_end": -1}}, "softmax14": {"write": {"device_start": -1, "host_queued_start": 1585578656.550797, "device_queued": -1, "device_end": -1, "host_queued_end": 1585578656.556826}, "device": "cpu", "nd_range": {"device_start": 2246430.818457344, "device_end": 2246430.8186761523}, "cmdq": 1, "read": {"device_start": -1, "device_end": -1}}, "FFC_sans_bias13": {"write": {"device_start": -1, "host_queued_start": 1585578656.549488, "device_queued": -1, "device_end": -1, "host_queued_end": 1585578656.556826}, "device": "cpu", "nd_range": {"device_start": 2246430.803162679, "device_end": 2246430.8093479793}, "cmdq": 1, "read": {"device_start": -1, "device_end": -1}}, "empty8": {"write": {"device_start": -1, "host_queued_start": 1585578656.530934, "device_queued": -1, "device_end": -1, "host_queued_end": 1585578656.556826}, "device": "cpu", "nd_range": {"device_start": 2246430.74641498, "device_end": 2246430.7464279584}, "cmdq": 0, "read": {"device_start": -1, "device_end": -1}}, "FFC_sans_bias42": {"write": {"device_start": -1, "host_queued_start": 1585578656.524206, "device_queued": -1, "device_end": -1, "host_queued_end": 1585578656.529417}, "device": "gpu", "nd_range": {"device_start": 1585578591.3516448, "device_end": 1585578591.3522449}, "cmdq": 0, "read": {"device_start": -1, "device_end": -1}}, "FFC_sans_bias43": {"write": {"device_start": 1585578591.3541796, "host_queued_start": 1585578656.52616, "device_queued": 1585578591.3410947, "device_end": 1585578591.354207, "host_queued_end": 1585578656.529417}, "device": "gpu", "nd_range": {"device_start": 1585578591.3542101, "device_end": 1585578591.3547983}, "cmdq": 0, "read": {"device_start": 1585578591.354804, "device_end": 1585578591.3548284}}, "FFC_sans_bias40": {"write": {"device_start": -1, "host_queued_start": 1585578656.521933, "device_queued": -1, "device_end": -1, "host_queued_end": 1585578656.529417}, "device": "gpu", "nd_range": {"device_start": 1585578591.3483882, "device_end": 1585578591.3489897}, "cmdq": 0, "read": {"device_start": -1, "device_end": -1}}, "softmax32": {"write": {"device_start": -1, "host_queued_start": 1585578656.551337, "device_queued": -1, "device_end": -1, "host_queued_end": 1585578656.556826}, "device": "cpu", "nd_range": {"device_start": 2246430.8187832283, "device_end": 2246430.818989138}, "cmdq": 1, "read": {"device_start": -1, "device_end": -1}}, "FFC_sans_bias47": {"write": {"device_start": 1585578591.3433905, "host_queued_start": 1585578656.513969, "device_queued": 1585578591.339832, "device_end": 1585578591.3434198, "host_queued_end": 1585578656.529417}, "device": "gpu", "nd_range": {"device_start": 1585578591.3434227, "device_end": 1585578591.3440275}, "cmdq": 0, "read": {"device_start": -1, "device_end": -1}}, "FFC_sans_bias45": {"write": {"device_start": 1585578591.3419394, "host_queued_start": 1585578656.5119, "device_queued": 1585578591.3396046, "device_end": 1585578591.3419704, "host_queued_end": 1585578656.529417}, "device": "gpu", "nd_range": {"device_start": 1585578591.3419793, "device_end": 1585578591.3425767}, "cmdq": 0, "read": {"device_start": -1, "device_end": -1}}, "softmax50": {"write": {"device_start": -1, "host_queued_start": 1585578656.523416, "device_queued": -1, "device_end": -1, "host_queued_end": 1585578656.529417}, "device": "gpu", "nd_range": {"device_start": 1585578591.351008, "device_end": 1585578591.351217}, "cmdq": 0, "read": {"device_start": -1, "device_end": -1}}, "FFC_sans_bias33": {"write": {"device_start": -1, "host_queued_start": 1585578656.552698, "device_queued": -1, "device_end": -1, "host_queued_end": 1585578656.556826}, "device": "cpu", "nd_range": {"device_start": 2246430.826544022, "device_end": 2246430.833911086}, "cmdq": 1, "read": {"device_start": -1, "device_end": -1}}, "FFC_sans_bias63": {"write": {"device_start": 1585578591.3477201, "host_queued_start": 1585578656.520394, "device_queued": 1585578591.340346, "device_end": 1585578591.3477495, "host_queued_end": 1585578656.529417}, "device": "gpu", "nd_range": {"device_start": 1585578591.347752, "device_end": 1585578591.3483498}, "cmdq": 0, "read": {"device_start": -1, "device_end": -1}}, "FFC_sans_bias49": {"write": {"device_start": -1, "host_queued_start": 1585578656.522264, "device_queued": -1, "device_end": -1, "host_queued_end": 1585578656.529417}, "device": "gpu", "nd_range": {"device_start": 1585578591.3489912, "device_end": 1585578591.3495884}, "cmdq": 0, "read": {"device_start": -1, "device_end": -1}}, "FFC_sans_bias64": {"write": {"device_start": 1585578591.3462403, "host_queued_start": 1585578656.518309, "device_queued": 1585578591.3401737, "device_end": 1585578591.3462698, "host_queued_end": 1585578656.529417}, "device": "gpu", "nd_range": {"device_start": 1585578591.346277, "device_end": 1585578591.3468788}, "cmdq": 0, "read": {"device_start": -1, "device_end": -1}}, "FFC_sans_bias65": {"write": {"device_start": 1585578591.3469827, "host_queued_start": 1585578656.519366, "device_queued": 1585578591.3403027, "device_end": 1585578591.3470116, "host_queued_end": 1585578656.529417}, "device": "gpu", "nd_range": {"device_start": 1585578591.3470182, "device_end": 1585578591.3476102}, "cmdq": 0, "read": {"device_start": -1, "device_end": -1}}, "FFC_sans_bias67": {"write": {"device_start": -1, "host_queued_start": 1585578656.522918, "device_queued": -1, "device_end": -1, "host_queued_end": 1585578656.529417}, "device": "gpu", "nd_range": {"device_start": 1585578591.3501859, "device_end": 1585578591.3507879}, "cmdq": 0, "read": {"device_start": -1, "device_end": -1}}, "FFC_sans_bias24": {"write": {"device_start": -1, "host_queued_start": 1585578656.552354, "device_queued": -1, "device_end": -1, "host_queued_end": 1585578656.556826}, "device": "cpu", "nd_range": {"device_start": 2246430.835605766, "device_end": 2246430.845145205}, "cmdq": 0, "read": {"device_start": -1, "device_end": -1}}, "FFC_sans_bias25": {"write": {"device_start": -1, "host_queued_start": 1585578656.555756, "device_queued": -1, "device_end": -1, "host_queued_end": 1585578656.556826}, "device": "cpu", "nd_range": {"device_start": 2246430.8508778033, "device_end": 2246430.854693735}, "cmdq": 0, "read": {"device_start": -1, "device_end": -1}}, "FFC_sans_bias27": {"write": {"device_start": -1, "host_queued_start": 1585578656.544814, "device_queued": -1, "device_end": -1, "host_queued_end": 1585578656.556826}, "device": "cpu", "nd_range": {"device_start": 2246430.7729543983, "device_end": 2246430.7801909833}, "cmdq": 1, "read": {"device_start": -1, "device_end": -1}}, "FFC_sans_bias20": {"write": {"device_start": -1, "host_queued_start": 1585578656.543776, "device_queued": -1, "device_end": -1, "host_queued_end": 1585578656.556826}, "device": "cpu", "nd_range": {"device_start": 2246430.7915689903, "device_end": 2246430.798574447}, "cmdq": 0, "read": {"device_start": -1, "device_end": -1}}, "FFC_sans_bias22": {"write": {"device_start": -1, "host_queued_start": 1585578656.549834, "device_queued": -1, "device_end": -1, "host_queued_end": 1585578656.556826}, "device": "cpu", "nd_range": {"device_start": 2246430.812081485, "device_end": 2246430.822154654}, "cmdq": 0, "read": {"device_start": -1, "device_end": -1}}, "softmax68": {"write": {"device_start": -1, "host_queued_start": 1585578656.523903, "device_queued": -1, "device_end": -1, "host_queued_end": 1585578656.529417}, "device": "gpu", "nd_range": {"device_start": 1585578591.3514287, "device_end": 1585578591.3516438}, "cmdq": 0, "read": {"device_start": -1, "device_end": -1}}, "softmax5": {"write": {"device_start": -1, "host_queued_start": 1585578656.550478, "device_queued": -1, "device_end": -1, "host_queued_end": 1585578656.556826}, "device": "cpu", "nd_range": {"device_start": 2246430.822266635, "device_end": 2246430.822476435}, "cmdq": 0, "read": {"device_start": -1, "device_end": -1}}, "FFC_sans_bias28": {"write": {"device_start": -1, "host_queued_start": 1585578656.546079, "device_queued": -1, "device_end": -1, "host_queued_end": 1585578656.556826}, "device": "cpu", "nd_range": {"device_start": 2246430.798591189, "device_end": 2246430.8027651734}, "cmdq": 0, "read": {"device_start": -1, "device_end": -1}}, "FFC_sans_bias29": {"write": {"device_start": -1, "host_queued_start": 1585578656.547254, "device_queued": -1, "device_end": -1, "host_queued_end": 1585578656.556826}, "device": "cpu", "nd_range": {"device_start": 2246430.780316782, "device_end": 2246430.786498236}, "cmdq": 1, "read": {"device_start": -1, "device_end": -1}}, "empty17": {"write": {"device_start": -1, "host_queued_start": 1585578656.531942, "device_queued": -1, "device_end": -1, "host_queued_end": 1585578656.556826}, "device": "cpu", "nd_range": {"device_start": 2246430.746419811, "device_end": 2246430.746427968}, "cmdq": 1, "read": {"device_start": -1, "device_end": -1}}, "softmax59": {"write": {"device_start": -1, "host_queued_start": 1585578656.523656, "device_queued": -1, "device_end": -1, "host_queued_end": 1585578656.529417}, "device": "gpu", "nd_range": {"device_start": 1585578591.351218, "device_end": 1585578591.3514278}, "cmdq": 0, "read": {"device_start": -1, "device_end": -1}}, "empty71": {"write": {"device_start": 1585578591.339587, "host_queued_start": 1585578656.507776, "device_queued": 1585578591.3391628, "device_end": 1585578591.339619, "host_queued_end": 1585578656.529417}, "device": "gpu", "nd_range": {"device_start": 1585578591.3396337, "device_end": 1585578591.3396373}, "cmdq": 0, "read": {"device_start": -1, "device_end": -1}}, "empty35": {"write": {"device_start": -1, "host_queued_start": 1585578656.533857, "device_queued": -1, "device_end": -1, "host_queued_end": 1585578656.556826}, "device": "cpu", "nd_range": {"device_start": 2246430.746446933, "device_end": 2246430.746447862}, "cmdq": 1, "read": {"device_start": -1, "device_end": -1}}, "empty53": {"write": {"device_start": 1585578591.3392813, "host_queued_start": 1585578656.506085, "device_queued": 1585578591.339099, "device_end": 1585578591.3393114, "host_queued_end": 1585578656.529417}, "device": "gpu", "nd_range": {"device_start": 1585578591.3393142, "device_end": 1585578591.3393178}, "cmdq": 0, "read": {"device_start": -1, "device_end": -1}}, "FFC_sans_bias46": {"write": {"device_start": 1585578591.3426707, "host_queued_start": 1585578656.512931, "device_queued": 1585578591.3397892, "device_end": 1585578591.3427002, "host_queued_end": 1585578656.529417}, "device": "gpu", "nd_range": {"device_start": 1585578591.3427083, "device_end": 1585578591.343296}, "cmdq": 0, "read": {"device_start": -1, "device_end": -1}}, "coalesced_transpose66": {"write": {"device_start": -1, "host_queued_start": 1585578656.52162, "device_queued": -1, "device_end": -1, "host_queued_end": 1585578656.529417}, "device": "gpu", "nd_range": {"device_start": 1585578591.348379, "device_end": 1585578591.3483872}, "cmdq": 0, "read": {"device_start": -1, "device_end": -1}}, "coalesced_transpose48": {"write": {"device_start": -1, "host_queued_start": 1585578656.521024, "device_queued": -1, "device_end": -1, "host_queued_end": 1585578656.529417}, "device": "gpu", "nd_range": {"device_start": 1585578591.3483603, "device_end": 1585578591.3483684}, "cmdq": 0, "read": {"device_start": -1, "device_end": -1}}}