{"FFC_sans_bias60": {"write": {"device_start": -1, "host_queued_start": 1585578729.485855, "device_queued": -1, "device_end": -1, "host_queued_end": 1585578729.491454}, "device": "gpu", "nd_range": {"device_start": 1585578664.316929, "device_end": 1585578664.3175292}, "cmdq": 0, "read": {"device_start": -1, "device_end": -1}}, "FFC_sans_bias4": {"write": {"device_start": -1, "host_queued_start": 1585578729.506695, "device_queued": -1, "device_end": -1, "host_queued_end": 1585578729.512538}, "device": "cpu", "nd_range": {"device_start": 2246503.733929017, "device_end": 2246503.742558525}, "cmdq": 0, "read": {"device_start": -1, "device_end": -1}}, "FFC_sans_bias7": {"write": {"device_start": -1, "host_queued_start": 1585578729.510267, "device_queued": -1, "device_end": -1, "host_queued_end": 1585578729.512538}, "device": "cpu", "nd_range": {"device_start": 2246503.770044608, "device_end": 2246503.7824308113}, "cmdq": 4, "read": {"device_start": -1, "device_end": -1}}, "FFC_sans_bias6": {"write": {"device_start": -1, "host_queued_start": 1585578729.508552, "device_queued": -1, "device_end": -1, "host_queued_end": 1585578729.512538}, "device": "cpu", "nd_range": {"device_start": 2246503.758449195, "device_end": 2246503.7698977413}, "cmdq": 1, "read": {"device_start": -1, "device_end": -1}}, "FFC_sans_bias1": {"write": {"device_start": -1, "host_queued_start": 1585578729.497278, "device_queued": -1, "device_end": -1, "host_queued_end": 1585578729.512538}, "device": "cpu", "nd_range": {"device_start": 2246503.717813318, "device_end": 2246503.733074896}, "cmdq": 4, "read": {"device_start": -1, "device_end": -1}}, "FFC_sans_bias0": {"write": {"device_start": -1, "host_queued_start": 1585578729.49611, "device_queued": -1, "device_end": -1, "host_queued_end": 1585578729.512538}, "device": "cpu", "nd_range": {"device_start": 2246503.702455618, "device_end": 2246503.71768832}, "cmdq": 3, "read": {"device_start": -1, "device_end": -1}}, "FFC_sans_bias2": {"write": {"device_start": -1, "host_queued_start": 1585578729.498494, "device_queued": -1, "device_end": -1, "host_queued_end": 1585578729.512538}, "device": "cpu", "nd_range": {"device_start": 2246503.7021618593, "device_end": 2246503.718185788}, "cmdq": 0, "read": {"device_start": -1, "device_end": -1}}, "FFC_sans_bias61": {"write": {"device_start": 1585578664.326546, "host_queued_start": 1585578729.49031, "device_queued": 1585578664.3020601, "device_end": 1585578664.3265696, "host_queued_end": 1585578729.491454}, "device": "gpu", "nd_range": {"device_start": 1585578664.3265734, "device_end": 1585578664.3271697}, "cmdq": 0, "read": {"device_start": 1585578664.3271723, "device_end": 1585578664.3271952}}, "FFC_sans_bias52": {"write": {"device_start": 1585578664.3257675, "host_queued_start": 1585578729.489271, "device_queued": 1585578664.3019273, "device_end": 1585578664.3257916, "host_queued_end": 1585578729.491454}, "device": "gpu", "nd_range": {"device_start": 1585578664.3257976, "device_end": 1585578664.3263927}, "cmdq": 0, "read": {"device_start": 1585578664.3263953, "device_end": 1585578664.3264182}}, "FFC_sans_bias9": {"write": {"device_start": -1, "host_queued_start": 1585578729.499599, "device_queued": -1, "device_end": -1, "host_queued_end": 1585578729.512538}, "device": "cpu", "nd_range": {"device_start": 2246503.702157572, "device_end": 2246503.719224356}, "cmdq": 1, "read": {"device_start": -1, "device_end": -1}}, "coalesced_transpose39": {"write": {"device_start": -1, "host_queued_start": 1585578729.480884, "device_queued": -1, "device_end": -1, "host_queued_end": 1585578729.491454}, "device": "gpu", "nd_range": {"device_start": 1585578664.3111165, "device_end": 1585578664.3111246}, "cmdq": 0, "read": {"device_start": -1, "device_end": -1}}, "FFC_sans_bias55": {"write": {"device_start": 1585578664.3083477, "host_queued_start": 1585578729.4771, "device_queued": 1585578664.3005574, "device_end": 1585578664.3083782, "host_queued_end": 1585578729.491454}, "device": "gpu", "nd_range": {"device_start": 1585578664.3083813, "device_end": 1585578664.3088894}, "cmdq": 0, "read": {"device_start": -1, "device_end": -1}}, "FFC_sans_bias54": {"write": {"device_start": 1585578664.3075879, "host_queued_start": 1585578729.476072, "device_queued": 1585578664.300527, "device_end": 1585578664.3076193, "host_queued_end": 1585578729.491454}, "device": "gpu", "nd_range": {"device_start": 1585578664.3076224, "device_end": 1585578664.308221}, "cmdq": 0, "read": {"device_start": -1, "device_end": -1}}, "FFC_sans_bias56": {"write": {"device_start": 1585578664.3067994, "host_queued_start": 1585578729.475022, "device_queued": 1585578664.3004007, "device_end": 1585578664.3068278, "host_queued_end": 1585578729.491454}, "device": "gpu", "nd_range": {"device_start": 1585578664.3068452, "device_end": 1585578664.30745}, "cmdq": 0, "read": {"device_start": -1, "device_end": -1}}, "FFC_sans_bias51": {"write": {"device_start": -1, "host_queued_start": 1585578729.485536, "device_queued": -1, "device_end": -1, "host_queued_end": 1585578729.491454}, "device": "gpu", "nd_range": {"device_start": 1585578664.3163283, "device_end": 1585578664.3169281}, "cmdq": 0, "read": {"device_start": -1, "device_end": -1}}, "softmax23": {"write": {"device_start": -1, "host_queued_start": 1585578729.50822, "device_queued": -1, "device_end": -1, "host_queued_end": 1585578729.512538}, "device": "cpu", "nd_range": {"device_start": 2246503.755243747, "device_end": 2246503.755449208}, "cmdq": 0, "read": {"device_start": -1, "device_end": -1}}, "FFC_sans_bias37": {"write": {"device_start": 1585578664.3029716, "host_queued_start": 1585578729.46965, "device_queued": 1585578664.2999833, "device_end": 1585578664.3030074, "host_queued_end": 1585578729.491454}, "device": "gpu", "nd_range": {"device_start": 1585578664.3030107, "device_end": 1585578664.3036146}, "cmdq": 0, "read": {"device_start": -1, "device_end": -1}}, "empty62": {"write": {"device_start": 1585578664.2997472, "host_queued_start": 1585578729.463687, "device_queued": 1585578664.2992778, "device_end": 1585578664.2997718, "host_queued_end": 1585578729.491454}, "device": "gpu", "nd_range": {"device_start": 1585578664.2997828, "device_end": 1585578664.2997863}, "cmdq": 0, "read": {"device_start": -1, "device_end": -1}}, "FFC_sans_bias70": {"write": {"device_start": 1585578664.327324, "host_queued_start": 1585578729.491352, "device_queued": 1585578664.302099, "device_end": 1585578664.3273478, "host_queued_end": 1585578729.491454}, "device": "gpu", "nd_range": {"device_start": 1585578664.3273528, "device_end": 1585578664.3279505}, "cmdq": 0, "read": {"device_start": 1585578664.3279588, "device_end": 1585578664.3279812}}, "FFC_sans_bias58": {"write": {"device_start": -1, "host_queued_start": 1585578729.483068, "device_queued": -1, "device_end": -1, "host_queued_end": 1585578729.491454}, "device": "gpu", "nd_range": {"device_start": 1585578664.3129544, "device_end": 1585578664.3134613}, "cmdq": 0, "read": {"device_start": -1, "device_end": -1}}, "softmax41": {"write": {"device_start": -1, "host_queued_start": 1585578729.483872, "device_queued": -1, "device_end": -1, "host_queued_end": 1585578729.491454}, "device": "gpu", "nd_range": {"device_start": 1585578664.3142753, "device_end": 1585578664.3144848}, "cmdq": 0, "read": {"device_start": -1, "device_end": -1}}, "FFC_sans_bias11": {"write": {"device_start": -1, "host_queued_start": 1585578729.501973, "device_queued": -1, "device_end": -1, "host_queued_end": 1585578729.512538}, "device": "cpu", "nd_range": {"device_start": 2246503.7190966504, "device_end": 2246503.734565406}, "cmdq": 3, "read": {"device_start": -1, "device_end": -1}}, "FFC_sans_bias10": {"write": {"device_start": -1, "host_queued_start": 1585578729.500809, "device_queued": -1, "device_end": -1, "host_queued_end": 1585578729.512538}, "device": "cpu", "nd_range": {"device_start": 2246503.702200274, "device_end": 2246503.7189639043}, "cmdq": 2, "read": {"device_start": -1, "device_end": -1}}, "coalesced_transpose3": {"write": {"device_start": -1, "host_queued_start": 1585578729.505673, "device_queued": -1, "device_end": -1, "host_queued_end": 1585578729.512538}, "device": "cpu", "nd_range": {"device_start": 2246503.7335826172, "device_end": 2246503.7338202503}, "cmdq": 2, "read": {"device_start": -1, "device_end": -1}}, "FFC_sans_bias34": {"write": {"device_start": 1585578664.3182805, "host_queued_start": 1585578729.487188, "device_queued": 1585578664.3017352, "device_end": 1585578664.3183074, "host_queued_end": 1585578729.491454}, "device": "gpu", "nd_range": {"device_start": 1585578664.318316, "device_end": 1585578664.3189125}, "cmdq": 0, "read": {"device_start": 1585578664.3189206, "device_end": 1585578664.318945}}, "FFC_sans_bias15": {"write": {"device_start": -1, "host_queued_start": 1585578729.508894, "device_queued": -1, "device_end": -1, "host_queued_end": 1585578729.512538}, "device": "cpu", "nd_range": {"device_start": 2246503.7661200543, "device_end": 2246503.774879944}, "cmdq": 2, "read": {"device_start": -1, "device_end": -1}}, "FFC_sans_bias31": {"write": {"device_start": -1, "host_queued_start": 1585578729.482099, "device_queued": -1, "device_end": -1, "host_queued_end": 1585578729.491454}, "device": "gpu", "nd_range": {"device_start": 1585578664.3111546, "device_end": 1585578664.3117537}, "cmdq": 0, "read": {"device_start": -1, "device_end": -1}}, "FFC_sans_bias16": {"write": {"device_start": -1, "host_queued_start": 1585578729.511383, "device_queued": -1, "device_end": -1, "host_queued_end": 1585578729.512538}, "device": "cpu", "nd_range": {"device_start": 2246503.776713341, "device_end": 2246503.784038229}, "cmdq": 0, "read": {"device_start": -1, "device_end": -1}}, "FFC_sans_bias19": {"write": {"device_start": -1, "host_queued_start": 1585578729.504228, "device_queued": -1, "device_end": -1, "host_queued_end": 1585578729.512538}, "device": "cpu", "nd_range": {"device_start": 2246503.718311021, "device_end": 2246503.733465581}, "cmdq": 0, "read": {"device_start": -1, "device_end": -1}}, "FFC_sans_bias18": {"write": {"device_start": -1, "host_queued_start": 1585578729.50314, "device_queued": -1, "device_end": -1, "host_queued_end": 1585578729.512538}, "device": "cpu", "nd_range": {"device_start": 2246503.7332064724, "device_end": 2246503.745286995}, "cmdq": 4, "read": {"device_start": -1, "device_end": -1}}, "coalesced_transpose30": {"write": {"device_start": -1, "host_queued_start": 1585578729.480584, "device_queued": -1, "device_end": -1, "host_queued_end": 1585578729.491454}, "device": "gpu", "nd_range": {"device_start": 1585578664.3111072, "device_end": 1585578664.311115}, "cmdq": 0, "read": {"device_start": -1, "device_end": -1}}, "FFC_sans_bias69": {"write": {"device_start": -1, "host_queued_start": 1585578729.486167, "device_queued": -1, "device_end": -1, "host_queued_end": 1585578729.491454}, "device": "gpu", "nd_range": {"device_start": 1585578664.3175302, "device_end": 1585578664.3181272}, "cmdq": 0, "read": {"device_start": -1, "device_end": -1}}, "FFC_sans_bias38": {"write": {"device_start": 1585578664.3037417, "host_queued_start": 1585578729.470857, "device_queued": 1585578664.3000429, "device_end": 1585578664.3037713, "host_queued_end": 1585578729.491454}, "device": "gpu", "nd_range": {"device_start": 1585578664.3037784, "device_end": 1585578664.3043735}, "cmdq": 0, "read": {"device_start": -1, "device_end": -1}}, "coalesced_transpose57": {"write": {"device_start": -1, "host_queued_start": 1585578729.481486, "device_queued": -1, "device_end": -1, "host_queued_end": 1585578729.491454}, "device": "gpu", "nd_range": {"device_start": 1585578664.311136, "device_end": 1585578664.3111446}, "cmdq": 0, "read": {"device_start": -1, "device_end": -1}}, "empty26": {"write": {"device_start": -1, "host_queued_start": 1585578729.494986, "device_queued": -1, "device_end": -1, "host_queued_end": 1585578729.512538}, "device": "cpu", "nd_range": {"device_start": 2246503.7021759143, "device_end": 2246503.702181632}, "cmdq": 2, "read": {"device_start": -1, "device_end": -1}}, "coalesced_transpose12": {"write": {"device_start": -1, "host_queued_start": 1585578729.506001, "device_queued": -1, "device_end": -1, "host_queued_end": 1585578729.512538}, "device": "cpu", "nd_range": {"device_start": 2246503.734683455, "device_end": 2246503.7349302163}, "cmdq": 3, "read": {"device_start": -1, "device_end": -1}}, "empty44": {"write": {"device_start": 1585578664.2993734, "host_queued_start": 1585578729.462029, "device_queued": 1585578664.2991831, "device_end": 1585578664.299403, "host_queued_end": 1585578729.491454}, "device": "gpu", "nd_range": {"device_start": 1585578664.2994068, "device_end": 1585578664.2994103}, "cmdq": 0, "read": {"device_start": -1, "device_end": -1}}, "coalesced_transpose21": {"write": {"device_start": -1, "host_queued_start": 1585578729.506329, "device_queued": -1, "device_end": -1, "host_queued_end": 1585578729.512538}, "device": "cpu", "nd_range": {"device_start": 2246503.7452955623, "device_end": 2246503.745452947}, "cmdq": 4, "read": {"device_start": -1, "device_end": -1}}, "FFC_sans_bias36": {"write": {"device_start": 1585578664.30234, "host_queued_start": 1585578729.468614, "device_queued": 1585578664.2998044, "device_end": 1585578664.3023636, "host_queued_end": 1585578729.491454}, "device": "gpu", "nd_range": {"device_start": 1585578664.3023703, "device_end": 1585578664.302879}, "cmdq": 0, "read": {"device_start": -1, "device_end": -1}}, "softmax14": {"write": {"device_start": -1, "host_queued_start": 1585578729.507949, "device_queued": -1, "device_end": -1, "host_queued_end": 1585578729.512538}, "device": "cpu", "nd_range": {"device_start": 2246503.765791572, "device_end": 2246503.7659973963}, "cmdq": 4, "read": {"device_start": -1, "device_end": -1}}, "FFC_sans_bias13": {"write": {"device_start": -1, "host_queued_start": 1585578729.507062, "device_queued": -1, "device_end": -1, "host_queued_end": 1585578729.512538}, "device": "cpu", "nd_range": {"device_start": 2246503.749749679, "device_end": 2246503.7583315363}, "cmdq": 1, "read": {"device_start": -1, "device_end": -1}}, "empty8": {"write": {"device_start": -1, "host_queued_start": 1585578729.493085, "device_queued": -1, "device_end": -1, "host_queued_end": 1585578729.512538}, "device": "cpu", "nd_range": {"device_start": 2246503.7021267433, "device_end": 2246503.702136522}, "cmdq": 0, "read": {"device_start": -1, "device_end": -1}}, "FFC_sans_bias42": {"write": {"device_start": -1, "host_queued_start": 1585578729.48523, "device_queued": -1, "device_end": -1, "host_queued_end": 1585578729.491454}, "device": "gpu", "nd_range": {"device_start": 1585578664.3157282, "device_end": 1585578664.3163273}, "cmdq": 0, "read": {"device_start": -1, "device_end": -1}}, "FFC_sans_bias43": {"write": {"device_start": 1585578664.319161, "host_queued_start": 1585578729.488231, "device_queued": 1585578664.3018858, "device_end": 1585578664.3191903, "host_queued_end": 1585578729.491454}, "device": "gpu", "nd_range": {"device_start": 1585578664.319205, "device_end": 1585578664.3198032}, "cmdq": 0, "read": {"device_start": 1585578664.3198109, "device_end": 1585578664.319852}}, "FFC_sans_bias40": {"write": {"device_start": -1, "host_queued_start": 1585578729.482411, "device_queued": -1, "device_end": -1, "host_queued_end": 1585578729.491454}, "device": "gpu", "nd_range": {"device_start": 1585578664.311755, "device_end": 1585578664.3123531}, "cmdq": 0, "read": {"device_start": -1, "device_end": -1}}, "softmax32": {"write": {"device_start": -1, "host_queued_start": 1585578729.483623, "device_queued": -1, "device_end": -1, "host_queued_end": 1585578729.491454}, "device": "gpu", "nd_range": {"device_start": 1585578664.314056, "device_end": 1585578664.314274}, "cmdq": 0, "read": {"device_start": -1, "device_end": -1}}, "FFC_sans_bias47": {"write": {"device_start": 1585578664.3060203, "host_queued_start": 1585578729.473961, "device_queued": 1585578664.3003616, "device_end": 1585578664.3060486, "host_queued_end": 1585578729.491454}, "device": "gpu", "nd_range": {"device_start": 1585578664.3060582, "device_end": 1585578664.3066533}, "cmdq": 0, "read": {"device_start": -1, "device_end": -1}}, "FFC_sans_bias45": {"write": {"device_start": 1585578664.3045108, "host_queued_start": 1585578729.471897, "device_queued": 1585578664.3001785, "device_end": 1585578664.3045404, "host_queued_end": 1585578729.491454}, "device": "gpu", "nd_range": {"device_start": 1585578664.3045473, "device_end": 1585578664.3051465}, "cmdq": 0, "read": {"device_start": -1, "device_end": -1}}, "softmax50": {"write": {"device_start": -1, "host_queued_start": 1585578729.484117, "device_queued": -1, "device_end": -1, "host_queued_end": 1585578729.491454}, "device": "gpu", "nd_range": {"device_start": 1585578664.3144858, "device_end": 1585578664.3146994}, "cmdq": 0, "read": {"device_start": -1, "device_end": -1}}, "FFC_sans_bias33": {"write": {"device_start": -1, "host_queued_start": 1585578729.484913, "device_queued": -1, "device_end": -1, "host_queued_end": 1585578729.491454}, "device": "gpu", "nd_range": {"device_start": 1585578664.3151305, "device_end": 1585578664.3157272}, "cmdq": 0, "read": {"device_start": -1, "device_end": -1}}, "FFC_sans_bias63": {"write": {"device_start": 1585578664.3104663, "host_queued_start": 1585578729.480246, "device_queued": 1585578664.3008912, "device_end": 1585578664.310495, "host_queued_end": 1585578729.491454}, "device": "gpu", "nd_range": {"device_start": 1585578664.3105044, "device_end": 1585578664.3111062}, "cmdq": 0, "read": {"device_start": -1, "device_end": -1}}, "FFC_sans_bias49": {"write": {"device_start": -1, "host_queued_start": 1585578729.482752, "device_queued": -1, "device_end": -1, "host_queued_end": 1585578729.491454}, "device": "gpu", "nd_range": {"device_start": 1585578664.3123543, "device_end": 1585578664.312953}, "cmdq": 0, "read": {"device_start": -1, "device_end": -1}}, "FFC_sans_bias64": {"write": {"device_start": 1585578664.3090174, "host_queued_start": 1585578729.478136, "device_queued": 1585578664.3006742, "device_end": 1585578664.3090463, "host_queued_end": 1585578729.491454}, "device": "gpu", "nd_range": {"device_start": 1585578664.309055, "device_end": 1585578664.3096597}, "cmdq": 0, "read": {"device_start": -1, "device_end": -1}}, "FFC_sans_bias65": {"write": {"device_start": 1585578664.3097925, "host_queued_start": 1585578729.479195, "device_queued": 1585578664.3007035, "device_end": 1585578664.3098164, "host_queued_end": 1585578729.491454}, "device": "gpu", "nd_range": {"device_start": 1585578664.3098323, "device_end": 1585578664.310337}, "cmdq": 0, "read": {"device_start": -1, "device_end": -1}}, "FFC_sans_bias67": {"write": {"device_start": -1, "host_queued_start": 1585578729.483376, "device_queued": -1, "device_end": -1, "host_queued_end": 1585578729.491454}, "device": "gpu", "nd_range": {"device_start": 1585578664.3134627, "device_end": 1585578664.3140547}, "cmdq": 0, "read": {"device_start": -1, "device_end": -1}}, "FFC_sans_bias24": {"write": {"device_start": -1, "host_queued_start": 1585578729.509235, "device_queued": -1, "device_end": -1, "host_queued_end": 1585578729.512538}, "device": "cpu", "nd_range": {"device_start": 2246503.7555814763, "device_end": 2246503.766086279}, "cmdq": 3, "read": {"device_start": -1, "device_end": -1}}, "FFC_sans_bias25": {"write": {"device_start": -1, "host_queued_start": 1585578729.512493, "device_queued": -1, "device_end": -1, "host_queued_end": 1585578729.512538}, "device": "cpu", "nd_range": {"device_start": 2246503.769911629, "device_end": 2246503.7794540473}, "cmdq": 1, "read": {"device_start": -1, "device_end": -1}}, "FFC_sans_bias27": {"write": {"device_start": 1585578664.300084, "host_queued_start": 1585578729.465456, "device_queued": 1585578664.2995079, "device_end": 1585578664.3001134, "host_queued_end": 1585578729.491454}, "device": "gpu", "nd_range": {"device_start": 1585578664.3001173, "device_end": 1585578664.3007164}, "cmdq": 0, "read": {"device_start": -1, "device_end": -1}}, "FFC_sans_bias20": {"write": {"device_start": -1, "host_queued_start": 1585578729.505272, "device_queued": -1, "device_end": -1, "host_queued_end": 1585578729.512538}, "device": "cpu", "nd_range": {"device_start": 2246503.720683245, "device_end": 2246503.742499078}, "cmdq": 1, "read": {"device_start": -1, "device_end": -1}}, "FFC_sans_bias22": {"write": {"device_start": -1, "host_queued_start": 1585578729.507404, "device_queued": -1, "device_end": -1, "host_queued_end": 1585578729.512538}, "device": "cpu", "nd_range": {"device_start": 2246503.745603119, "device_end": 2246503.7542506903}, "cmdq": 2, "read": {"device_start": -1, "device_end": -1}}, "softmax68": {"write": {"device_start": -1, "host_queued_start": 1585578729.48461, "device_queued": -1, "device_end": -1, "host_queued_end": 1585578729.491454}, "device": "gpu", "nd_range": {"device_start": 1585578664.3149176, "device_end": 1585578664.3151293}, "cmdq": 0, "read": {"device_start": -1, "device_end": -1}}, "softmax5": {"write": {"device_start": -1, "host_queued_start": 1585578729.507679, "device_queued": -1, "device_end": -1, "host_queued_end": 1585578729.512538}, "device": "cpu", "nd_range": {"device_start": 2246503.742746423, "device_end": 2246503.742962434}, "cmdq": 3, "read": {"device_start": -1, "device_end": -1}}, "FFC_sans_bias28": {"write": {"device_start": 1585578664.3008296, "host_queued_start": 1585578729.466497, "device_queued": 1585578664.2995481, "device_end": 1585578664.3008528, "host_queued_end": 1585578729.491454}, "device": "gpu", "nd_range": {"device_start": 1585578664.3008566, "device_end": 1585578664.3014529}, "cmdq": 0, "read": {"device_start": -1, "device_end": -1}}, "FFC_sans_bias29": {"write": {"device_start": 1585578664.301577, "host_queued_start": 1585578729.467586, "device_queued": 1585578664.2997482, "device_end": 1585578664.3016067, "host_queued_end": 1585578729.491454}, "device": "gpu", "nd_range": {"device_start": 1585578664.3016124, "device_end": 1585578664.3022175}, "cmdq": 0, "read": {"device_start": -1, "device_end": -1}}, "empty17": {"write": {"device_start": -1, "host_queued_start": 1585578729.494074, "device_queued": -1, "device_end": -1, "host_queued_end": 1585578729.512538}, "device": "cpu", "nd_range": {"device_start": 2246503.70212667, "device_end": 2246503.702136504}, "cmdq": 1, "read": {"device_start": -1, "device_end": -1}}, "softmax59": {"write": {"device_start": -1, "host_queued_start": 1585578729.484369, "device_queued": -1, "device_end": -1, "host_queued_end": 1585578729.491454}, "device": "gpu", "nd_range": {"device_start": 1585578664.3147004, "device_end": 1585578664.3149154}, "cmdq": 0, "read": {"device_start": -1, "device_end": -1}}, "empty71": {"write": {"device_start": 1585578664.299915, "host_queued_start": 1585578729.464493, "device_queued": 1585578664.2994585, "device_end": 1585578664.2999468, "host_queued_end": 1585578729.491454}, "device": "gpu", "nd_range": {"device_start": 1585578664.2999613, "device_end": 1585578664.2999651}, "cmdq": 0, "read": {"device_start": -1, "device_end": -1}}, "empty35": {"write": {"device_start": 1585578664.2991946, "host_queued_start": 1585578729.460993, "device_queued": 1585578664.2990696, "device_end": 1585578664.2992237, "host_queued_end": 1585578729.491454}, "device": "gpu", "nd_range": {"device_start": 1585578664.2992287, "device_end": 1585578664.2992377}, "cmdq": 0, "read": {"device_start": -1, "device_end": -1}}, "empty53": {"write": {"device_start": 1585578664.299566, "host_queued_start": 1585578729.462871, "device_queued": 1585578664.299225, "device_end": 1585578664.2995956, "host_queued_end": 1585578729.491454}, "device": "gpu", "nd_range": {"device_start": 1585578664.2996054, "device_end": 1585578664.2996159}, "cmdq": 0, "read": {"device_start": -1, "device_end": -1}}, "FFC_sans_bias46": {"write": {"device_start": 1585578664.305274, "host_queued_start": 1585578729.472929, "device_queued": 1585578664.300232, "device_end": 1585578664.3052995, "host_queued_end": 1585578729.491454}, "device": "gpu", "nd_range": {"device_start": 1585578664.3053026, "device_end": 1585578664.3058932}, "cmdq": 0, "read": {"device_start": -1, "device_end": -1}}, "coalesced_transpose66": {"write": {"device_start": -1, "host_queued_start": 1585578729.481787, "device_queued": -1, "device_end": -1, "host_queued_end": 1585578729.491454}, "device": "gpu", "nd_range": {"device_start": 1585578664.3111455, "device_end": 1585578664.3111534}, "cmdq": 0, "read": {"device_start": -1, "device_end": -1}}, "coalesced_transpose48": {"write": {"device_start": -1, "host_queued_start": 1585578729.481185, "device_queued": -1, "device_end": -1, "host_queued_end": 1585578729.491454}, "device": "gpu", "nd_range": {"device_start": 1585578664.3111267, "device_end": 1585578664.3111346}, "cmdq": 0, "read": {"device_start": -1, "device_end": -1}}}