{"FFC_sans_bias60": {"write": {"device_start": -1, "host_queued_start": 1585578712.642724, "device_queued": -1, "device_end": -1, "host_queued_end": 1585578712.645212}, "device": "gpu", "nd_range": {"device_start": 1585578647.4605765, "device_end": 1585578647.4611745}, "cmdq": 0, "read": {"device_start": -1, "device_end": -1}}, "FFC_sans_bias4": {"write": {"device_start": -1, "host_queued_start": 1585578712.672783, "device_queued": -1, "device_end": -1, "host_queued_end": 1585578712.684294}, "device": "cpu", "nd_range": {"device_start": 2246486.966041128, "device_end": 2246486.974620347}, "cmdq": 2, "read": {"device_start": -1, "device_end": -1}}, "FFC_sans_bias7": {"write": {"device_start": -1, "host_queued_start": 1585578712.679302, "device_queued": -1, "device_end": -1, "host_queued_end": 1585578712.684294}, "device": "cpu", "nd_range": {"device_start": 2246487.005628297, "device_end": 2246487.030786777}, "cmdq": 0, "read": {"device_start": -1, "device_end": -1}}, "FFC_sans_bias6": {"write": {"device_start": -1, "host_queued_start": 1585578712.676549, "device_queued": -1, "device_end": -1, "host_queued_end": 1585578712.684294}, "device": "cpu", "nd_range": {"device_start": 2246486.983557274, "device_end": 2246486.998847744}, "cmdq": 2, "read": {"device_start": -1, "device_end": -1}}, "FFC_sans_bias1": {"write": {"device_start": -1, "host_queued_start": 1585578712.653213, "device_queued": -1, "device_end": -1, "host_queued_end": 1585578712.684294}, "device": "cpu", "nd_range": {"device_start": 2246486.874453052, "device_end": 2246486.889774938}, "cmdq": 3, "read": {"device_start": -1, "device_end": -1}}, "FFC_sans_bias0": {"write": {"device_start": -1, "host_queued_start": 1585578712.65217, "device_queued": -1, "device_end": -1, "host_queued_end": 1585578712.684294}, "device": "cpu", "nd_range": {"device_start": 2246486.8739861352, "device_end": 2246486.8915912523}, "cmdq": 2, "read": {"device_start": -1, "device_end": -1}}, "FFC_sans_bias2": {"write": {"device_start": -1, "host_queued_start": 1585578712.654262, "device_queued": -1, "device_end": -1, "host_queued_end": 1585578712.684294}, "device": "cpu", "nd_range": {"device_start": 2246486.8739394452, "device_end": 2246486.889494366}, "cmdq": 0, "read": {"device_start": -1, "device_end": -1}}, "FFC_sans_bias61": {"write": {"device_start": 1585578647.4619257, "host_queued_start": 1585578712.644049, "device_queued": 1585578647.4543257, "device_end": 1585578647.4619505, "host_queued_end": 1585578712.645212}, "device": "gpu", "nd_range": {"device_start": 1585578647.4619584, "device_end": 1585578647.462556}, "cmdq": 0, "read": {"device_start": 1585578647.462564, "device_end": 1585578647.4625878}}, "FFC_sans_bias52": {"write": {"device_start": -1, "host_queued_start": 1585578712.68425, "device_queued": -1, "device_end": -1, "host_queued_end": 1585578712.684294}, "device": "cpu", "nd_range": {"device_start": 2246487.0184975443, "device_end": 2246487.030786909}, "cmdq": 1, "read": {"device_start": -1, "device_end": -1}}, "FFC_sans_bias9": {"write": {"device_start": -1, "host_queued_start": 1585578712.655524, "device_queued": -1, "device_end": -1, "host_queued_end": 1585578712.684294}, "device": "cpu", "nd_range": {"device_start": 2246486.873938498, "device_end": 2246486.8892092584}, "cmdq": 1, "read": {"device_start": -1, "device_end": -1}}, "coalesced_transpose39": {"write": {"device_start": -1, "host_queued_start": 1585578712.672013, "device_queued": -1, "device_end": -1, "host_queued_end": 1585578712.684294}, "device": "cpu", "nd_range": {"device_start": 2246486.966007507, "device_end": 2246486.966402425}, "cmdq": 0, "read": {"device_start": -1, "device_end": -1}}, "FFC_sans_bias55": {"write": {"device_start": 1585578647.4552279, "host_queued_start": 1585578712.637321, "device_queued": 1585578647.4536746, "device_end": 1585578647.4552572, "host_queued_end": 1585578712.645212}, "device": "gpu", "nd_range": {"device_start": 1585578647.4552624, "device_end": 1585578647.4558668}, "cmdq": 0, "read": {"device_start": -1, "device_end": -1}}, "FFC_sans_bias54": {"write": {"device_start": 1585578647.4544392, "host_queued_start": 1585578712.636293, "device_queued": 1585578647.4536157, "device_end": 1585578647.4544687, "host_queued_end": 1585578712.645212}, "device": "gpu", "nd_range": {"device_start": 1585578647.4544759, "device_end": 1585578647.455084}, "cmdq": 0, "read": {"device_start": -1, "device_end": -1}}, "FFC_sans_bias56": {"write": {"device_start": 1585578647.4537194, "host_queued_start": 1585578712.635256, "device_queued": 1585578647.4533975, "device_end": 1585578647.4537506, "host_queued_end": 1585578712.645212}, "device": "gpu", "nd_range": {"device_start": 1585578647.4537559, "device_end": 1585578647.4543552}, "cmdq": 0, "read": {"device_start": -1, "device_end": -1}}, "FFC_sans_bias51": {"write": {"device_start": -1, "host_queued_start": 1585578712.678246, "device_queued": -1, "device_end": -1, "host_queued_end": 1585578712.684294}, "device": "cpu", "nd_range": {"device_start": 2246486.994809099, "device_end": 2246487.0104720863}, "cmdq": 3, "read": {"device_start": -1, "device_end": -1}}, "softmax23": {"write": {"device_start": -1, "host_queued_start": 1585578712.675359, "device_queued": -1, "device_end": -1, "host_queued_end": 1585578712.684294}, "device": "cpu", "nd_range": {"device_start": 2246486.983231666, "device_end": 2246486.983446808}, "cmdq": 2, "read": {"device_start": -1, "device_end": -1}}, "FFC_sans_bias37": {"write": {"device_start": -1, "host_queued_start": 1585578712.666092, "device_queued": -1, "device_end": -1, "host_queued_end": 1585578712.684294}, "device": "cpu", "nd_range": {"device_start": 2246486.9205711703, "device_end": 2246486.9362703683}, "cmdq": 3, "read": {"device_start": -1, "device_end": -1}}, "empty62": {"write": {"device_start": 1585578647.4533753, "host_queued_start": 1585578712.633221, "device_queued": 1585578647.4532561, "device_end": 1585578647.4534047, "host_queued_end": 1585578712.645212}, "device": "gpu", "nd_range": {"device_start": 1585578647.4534078, "device_end": 1585578647.4534125}, "cmdq": 0, "read": {"device_start": -1, "device_end": -1}}, "FFC_sans_bias70": {"write": {"device_start": 1585578647.4627993, "host_queued_start": 1585578712.645107, "device_queued": 1585578647.454538, "device_end": 1585578647.4628289, "host_queued_end": 1585578712.645212}, "device": "gpu", "nd_range": {"device_start": 1585578647.4628377, "device_end": 1585578647.463339}, "cmdq": 0, "read": {"device_start": 1585578647.4633436, "device_end": 1585578647.4633663}}, "FFC_sans_bias58": {"write": {"device_start": -1, "host_queued_start": 1585578712.641398, "device_queued": -1, "device_end": -1, "host_queued_end": 1585578712.645212}, "device": "gpu", "nd_range": {"device_start": 1585578647.4589684, "device_end": 1585578647.4595683}, "cmdq": 0, "read": {"device_start": -1, "device_end": -1}}, "softmax41": {"write": {"device_start": -1, "host_queued_start": 1585578712.675903, "device_queued": -1, "device_end": -1, "host_queued_end": 1585578712.684294}, "device": "cpu", "nd_range": {"device_start": 2246486.989614792, "device_end": 2246486.989825398}, "cmdq": 0, "read": {"device_start": -1, "device_end": -1}}, "FFC_sans_bias11": {"write": {"device_start": -1, "host_queued_start": 1585578712.65766, "device_queued": -1, "device_end": -1, "host_queued_end": 1585578712.684294}, "device": "cpu", "nd_range": {"device_start": 2246486.889896504, "device_end": 2246486.905158563}, "cmdq": 3, "read": {"device_start": -1, "device_end": -1}}, "FFC_sans_bias10": {"write": {"device_start": -1, "host_queued_start": 1585578712.65661, "device_queued": -1, "device_end": -1, "host_queued_end": 1585578712.684294}, "device": "cpu", "nd_range": {"device_start": 2246486.891715549, "device_end": 2246486.908133101}, "cmdq": 2, "read": {"device_start": -1, "device_end": -1}}, "coalesced_transpose3": {"write": {"device_start": -1, "host_queued_start": 1585578712.670679, "device_queued": -1, "device_end": -1, "host_queued_end": 1585578712.684294}, "device": "cpu", "nd_range": {"device_start": 2246486.965697938, "device_end": 2246486.96595832}, "cmdq": 0, "read": {"device_start": -1, "device_end": -1}}, "FFC_sans_bias34": {"write": {"device_start": -1, "host_queued_start": 1585578712.68227, "device_queued": -1, "device_end": -1, "host_queued_end": 1585578712.684294}, "device": "cpu", "nd_range": {"device_start": 2246487.010588832, "device_end": 2246487.0259802192}, "cmdq": 3, "read": {"device_start": -1, "device_end": -1}}, "FFC_sans_bias15": {"write": {"device_start": -1, "host_queued_start": 1585578712.67689, "device_queued": -1, "device_end": -1, "host_queued_end": 1585578712.684294}, "device": "cpu", "nd_range": {"device_start": 2246486.982141266, "device_end": 2246486.994696868}, "cmdq": 3, "read": {"device_start": -1, "device_end": -1}}, "FFC_sans_bias31": {"write": {"device_start": -1, "host_queued_start": 1585578712.673814, "device_queued": -1, "device_end": -1, "host_queued_end": 1585578712.684294}, "device": "cpu", "nd_range": {"device_start": 2246486.9496221533, "device_end": 2246486.962684138}, "cmdq": 1, "read": {"device_start": -1, "device_end": -1}}, "FFC_sans_bias16": {"write": {"device_start": -1, "host_queued_start": 1585578712.680294, "device_queued": -1, "device_end": -1, "host_queued_end": 1585578712.684294}, "device": "cpu", "nd_range": {"device_start": 2246487.003280084, "device_end": 2246487.01849336}, "cmdq": 1, "read": {"device_start": -1, "device_end": -1}}, "FFC_sans_bias19": {"write": {"device_start": -1, "host_queued_start": 1585578712.659781, "device_queued": -1, "device_end": -1, "host_queued_end": 1585578712.684294}, "device": "cpu", "nd_range": {"device_start": 2246486.889339434, "device_end": 2246486.904512117}, "cmdq": 1, "read": {"device_start": -1, "device_end": -1}}, "FFC_sans_bias18": {"write": {"device_start": -1, "host_queued_start": 1585578712.658745, "device_queued": -1, "device_end": -1, "host_queued_end": 1585578712.684294}, "device": "cpu", "nd_range": {"device_start": 2246486.893005026, "device_end": 2246486.915223997}, "cmdq": 0, "read": {"device_start": -1, "device_end": -1}}, "coalesced_transpose30": {"write": {"device_start": -1, "host_queued_start": 1585578712.671683, "device_queued": -1, "device_end": -1, "host_queued_end": 1585578712.684294}, "device": "cpu", "nd_range": {"device_start": 2246486.948010548, "device_end": 2246486.949147868}, "cmdq": 3, "read": {"device_start": -1, "device_end": -1}}, "FFC_sans_bias69": {"write": {"device_start": -1, "host_queued_start": 1585578712.643039, "device_queued": -1, "device_end": -1, "host_queued_end": 1585578712.645212}, "device": "gpu", "nd_range": {"device_start": 1585578647.4611754, "device_end": 1585578647.4617724}, "cmdq": 0, "read": {"device_start": -1, "device_end": -1}}, "FFC_sans_bias38": {"write": {"device_start": -1, "host_queued_start": 1585578712.667167, "device_queued": -1, "device_end": -1, "host_queued_end": 1585578712.684294}, "device": "cpu", "nd_range": {"device_start": 2246486.945088135, "device_end": 2246486.965687279}, "cmdq": 0, "read": {"device_start": -1, "device_end": -1}}, "coalesced_transpose57": {"write": {"device_start": -1, "host_queued_start": 1585578712.640789, "device_queued": -1, "device_end": -1, "host_queued_end": 1585578712.645212}, "device": "gpu", "nd_range": {"device_start": 1585578647.4589493, "device_end": 1585578647.458958}, "cmdq": 0, "read": {"device_start": -1, "device_end": -1}}, "empty26": {"write": {"device_start": -1, "host_queued_start": 1585578712.648538, "device_queued": -1, "device_end": -1, "host_queued_end": 1585578712.684294}, "device": "cpu", "nd_range": {"device_start": 2246486.873965611, "device_end": 2246486.873971418}, "cmdq": 2, "read": {"device_start": -1, "device_end": -1}}, "coalesced_transpose12": {"write": {"device_start": -1, "host_queued_start": 1585578712.671022, "device_queued": -1, "device_end": -1, "host_queued_end": 1585578712.684294}, "device": "cpu", "nd_range": {"device_start": 2246486.934883845, "device_end": 2246486.935147207}, "cmdq": 1, "read": {"device_start": -1, "device_end": -1}}, "empty44": {"write": {"device_start": -1, "host_queued_start": 1585578712.650325, "device_queued": -1, "device_end": -1, "host_queued_end": 1585578712.684294}, "device": "cpu", "nd_range": {"device_start": 2246486.873931038, "device_end": 2246486.873932368}, "cmdq": 0, "read": {"device_start": -1, "device_end": -1}}, "coalesced_transpose21": {"write": {"device_start": -1, "host_queued_start": 1585578712.671354, "device_queued": -1, "device_end": -1, "host_queued_end": 1585578712.684294}, "device": "cpu", "nd_range": {"device_start": 2246486.9488329473, "device_end": 2246486.9490866703}, "cmdq": 2, "read": {"device_start": -1, "device_end": -1}}, "FFC_sans_bias36": {"write": {"device_start": -1, "host_queued_start": 1585578712.665049, "device_queued": -1, "device_end": -1, "host_queued_end": 1585578712.684294}, "device": "cpu", "nd_range": {"device_start": 2246486.9244695134, "device_end": 2246486.94085721}, "cmdq": 2, "read": {"device_start": -1, "device_end": -1}}, "softmax14": {"write": {"device_start": -1, "host_queued_start": 1585578712.675086, "device_queued": -1, "device_end": -1, "host_queued_end": 1585578712.684294}, "device": "cpu", "nd_range": {"device_start": 2246486.965658267, "device_end": 2246486.965986176}, "cmdq": 1, "read": {"device_start": -1, "device_end": -1}}, "FFC_sans_bias13": {"write": {"device_start": -1, "host_queued_start": 1585578712.673131, "device_queued": -1, "device_end": -1, "host_queued_end": 1585578712.684294}, "device": "cpu", "nd_range": {"device_start": 2246486.949156262, "device_end": 2246486.964267868}, "cmdq": 3, "read": {"device_start": -1, "device_end": -1}}, "empty8": {"write": {"device_start": -1, "host_queued_start": 1585578712.646543, "device_queued": -1, "device_end": -1, "host_queued_end": 1585578712.684294}, "device": "cpu", "nd_range": {"device_start": 2246486.873896217, "device_end": 2246486.873909518}, "cmdq": 0, "read": {"device_start": -1, "device_end": -1}}, "FFC_sans_bias42": {"write": {"device_start": -1, "host_queued_start": 1585578712.677906, "device_queued": -1, "device_end": -1, "host_queued_end": 1585578712.684294}, "device": "cpu", "nd_range": {"device_start": 2246486.99885546, "device_end": 2246487.014145541}, "cmdq": 2, "read": {"device_start": -1, "device_end": -1}}, "FFC_sans_bias43": {"write": {"device_start": -1, "host_queued_start": 1585578712.683264, "device_queued": -1, "device_end": -1, "host_queued_end": 1585578712.684294}, "device": "cpu", "nd_range": {"device_start": 2246487.030793323, "device_end": 2246487.0364012113}, "cmdq": 0, "read": {"device_start": -1, "device_end": -1}}, "FFC_sans_bias40": {"write": {"device_start": -1, "host_queued_start": 1585578712.674158, "device_queued": -1, "device_end": -1, "host_queued_end": 1585578712.684294}, "device": "cpu", "nd_range": {"device_start": 2246486.9747334323, "device_end": 2246486.983113326}, "cmdq": 2, "read": {"device_start": -1, "device_end": -1}}, "softmax32": {"write": {"device_start": -1, "host_queued_start": 1585578712.675633, "device_queued": -1, "device_end": -1, "host_queued_end": 1585578712.684294}, "device": "cpu", "nd_range": {"device_start": 2246486.9818866183, "device_end": 2246486.9820246142}, "cmdq": 3, "read": {"device_start": -1, "device_end": -1}}, "FFC_sans_bias47": {"write": {"device_start": -1, "host_queued_start": 1585578712.670315, "device_queued": -1, "device_end": -1, "host_queued_end": 1585578712.684294}, "device": "cpu", "nd_range": {"device_start": 2246486.936384642, "device_end": 2246486.944252454}, "cmdq": 3, "read": {"device_start": -1, "device_end": -1}}, "FFC_sans_bias45": {"write": {"device_start": -1, "host_queued_start": 1585578712.668211, "device_queued": -1, "device_end": -1, "host_queued_end": 1585578712.684294}, "device": "cpu", "nd_range": {"device_start": 2246486.919672878, "device_end": 2246486.934876771}, "cmdq": 1, "read": {"device_start": -1, "device_end": -1}}, "softmax50": {"write": {"device_start": -1, "host_queued_start": 1585578712.676175, "device_queued": -1, "device_end": -1, "host_queued_end": 1585578712.684294}, "device": "cpu", "nd_range": {"device_start": 2246486.982006323, "device_end": 2246486.98213892}, "cmdq": 1, "read": {"device_start": -1, "device_end": -1}}, "FFC_sans_bias33": {"write": {"device_start": -1, "host_queued_start": 1585578712.67757, "device_queued": -1, "device_end": -1, "host_queued_end": 1585578712.684294}, "device": "cpu", "nd_range": {"device_start": 2246486.9822497834, "device_end": 2246487.003271238}, "cmdq": 1, "read": {"device_start": -1, "device_end": -1}}, "FFC_sans_bias63": {"write": {"device_start": 1585578647.4583046, "host_queued_start": 1585578712.640465, "device_queued": 1585578647.4539719, "device_end": 1585578647.4583333, "host_queued_end": 1585578712.645212}, "device": "gpu", "nd_range": {"device_start": 1585578647.458344, "device_end": 1585578647.4589477}, "cmdq": 0, "read": {"device_start": -1, "device_end": -1}}, "FFC_sans_bias49": {"write": {"device_start": -1, "host_queued_start": 1585578712.674504, "device_queued": -1, "device_end": -1, "host_queued_end": 1585578712.684294}, "device": "cpu", "nd_range": {"device_start": 2246486.964392657, "device_end": 2246486.981761461}, "cmdq": 3, "read": {"device_start": -1, "device_end": -1}}, "FFC_sans_bias64": {"write": {"device_start": 1585578647.4559927, "host_queued_start": 1585578712.638351, "device_queued": 1585578647.4538155, "device_end": 1585578647.456022, "host_queued_end": 1585578712.645212}, "device": "gpu", "nd_range": {"device_start": 1585578647.4560292, "device_end": 1585578647.456639}, "cmdq": 0, "read": {"device_start": -1, "device_end": -1}}, "FFC_sans_bias65": {"write": {"device_start": 1585578647.4567668, "host_queued_start": 1585578712.63944, "device_queued": 1585578647.4538572, "device_end": 1585578647.4567971, "host_queued_end": 1585578712.645212}, "device": "gpu", "nd_range": {"device_start": 1585578647.4568, "device_end": 1585578647.4573982}, "cmdq": 0, "read": {"device_start": -1, "device_end": -1}}, "FFC_sans_bias67": {"write": {"device_start": -1, "host_queued_start": 1585578712.64189, "device_queued": -1, "device_end": -1, "host_queued_end": 1585578712.645212}, "device": "gpu", "nd_range": {"device_start": 1585578647.4595692, "device_end": 1585578647.460173}, "cmdq": 0, "read": {"device_start": -1, "device_end": -1}}, "FFC_sans_bias24": {"write": {"device_start": -1, "host_queued_start": 1585578712.677231, "device_queued": -1, "device_end": -1, "host_queued_end": 1585578712.684294}, "device": "cpu", "nd_range": {"device_start": 2246486.989837786, "device_end": 2246487.0056196353}, "cmdq": 0, "read": {"device_start": -1, "device_end": -1}}, "FFC_sans_bias25": {"write": {"device_start": -1, "host_queued_start": 1585578712.68128, "device_queued": -1, "device_end": -1, "host_queued_end": 1585578712.684294}, "device": "cpu", "nd_range": {"device_start": 2246487.014153105, "device_end": 2246487.027753159}, "cmdq": 2, "read": {"device_start": -1, "device_end": -1}}, "FFC_sans_bias27": {"write": {"device_start": -1, "host_queued_start": 1585578712.66188, "device_queued": -1, "device_end": -1, "host_queued_end": 1585578712.684294}, "device": "cpu", "nd_range": {"device_start": 2246486.9052769924, "device_end": 2246486.920456582}, "cmdq": 3, "read": {"device_start": -1, "device_end": -1}}, "FFC_sans_bias20": {"write": {"device_start": -1, "host_queued_start": 1585578712.660828, "device_queued": -1, "device_end": -1, "host_queued_end": 1585578712.684294}, "device": "cpu", "nd_range": {"device_start": 2246486.9082491463, "device_end": 2246486.924355648}, "cmdq": 2, "read": {"device_start": -1, "device_end": -1}}, "FFC_sans_bias22": {"write": {"device_start": -1, "host_queued_start": 1585578712.673473, "device_queued": -1, "device_end": -1, "host_queued_end": 1585578712.684294}, "device": "cpu", "nd_range": {"device_start": 2246486.966411326, "device_end": 2246486.981632646}, "cmdq": 0, "read": {"device_start": -1, "device_end": -1}}, "softmax68": {"write": {"device_start": -1, "host_queued_start": 1585578712.642388, "device_queued": -1, "device_end": -1, "host_queued_end": 1585578712.645212}, "device": "gpu", "nd_range": {"device_start": 1585578647.4603763, "device_end": 1585578647.4605753}, "cmdq": 0, "read": {"device_start": -1, "device_end": -1}}, "softmax5": {"write": {"device_start": -1, "host_queued_start": 1585578712.674812, "device_queued": -1, "device_end": -1, "host_queued_end": 1585578712.684294}, "device": "cpu", "nd_range": {"device_start": 2246486.981753683, "device_end": 2246486.981887254}, "cmdq": 0, "read": {"device_start": -1, "device_end": -1}}, "FFC_sans_bias28": {"write": {"device_start": -1, "host_queued_start": 1585578712.662962, "device_queued": -1, "device_end": -1, "host_queued_end": 1585578712.684294}, "device": "cpu", "nd_range": {"device_start": 2246486.923571945, "device_end": 2246486.945076616}, "cmdq": 0, "read": {"device_start": -1, "device_end": -1}}, "FFC_sans_bias29": {"write": {"device_start": -1, "host_queued_start": 1585578712.664013, "device_queued": -1, "device_end": -1, "host_queued_end": 1585578712.684294}, "device": "cpu", "nd_range": {"device_start": 2246486.904521579, "device_end": 2246486.9196661874}, "cmdq": 1, "read": {"device_start": -1, "device_end": -1}}, "empty17": {"write": {"device_start": -1, "host_queued_start": 1585578712.647568, "device_queued": -1, "device_end": -1, "host_queued_end": 1585578712.684294}, "device": "cpu", "nd_range": {"device_start": 2246486.873902777, "device_end": 2246486.873909517}, "cmdq": 1, "read": {"device_start": -1, "device_end": -1}}, "softmax59": {"write": {"device_start": -1, "host_queued_start": 1585578712.642146, "device_queued": -1, "device_end": -1, "host_queued_end": 1585578712.645212}, "device": "gpu", "nd_range": {"device_start": 1585578647.4601738, "device_end": 1585578647.460375}, "cmdq": 0, "read": {"device_start": -1, "device_end": -1}}, "empty71": {"write": {"device_start": 1585578647.4535604, "host_queued_start": 1585578712.634259, "device_queued": 1585578647.4533496, "device_end": 1585578647.453591, "host_queued_end": 1585578712.645212}, "device": "gpu", "nd_range": {"device_start": 1585578647.4535973, "device_end": 1585578647.453607}, "cmdq": 0, "read": {"device_start": -1, "device_end": -1}}, "empty35": {"write": {"device_start": -1, "host_queued_start": 1585578712.649449, "device_queued": -1, "device_end": -1, "host_queued_end": 1585578712.684294}, "device": "cpu", "nd_range": {"device_start": 2246486.87417375, "device_end": 2246486.874178044}, "cmdq": 3, "read": {"device_start": -1, "device_end": -1}}, "empty53": {"write": {"device_start": -1, "host_queued_start": 1585578712.651217, "device_queued": -1, "device_end": -1, "host_queued_end": 1585578712.684294}, "device": "cpu", "nd_range": {"device_start": 2246486.87393089, "device_end": 2246486.8739318983}, "cmdq": 1, "read": {"device_start": -1, "device_end": -1}}, "FFC_sans_bias46": {"write": {"device_start": -1, "host_queued_start": 1585578712.669252, "device_queued": -1, "device_end": -1, "host_queued_end": 1585578712.684294}, "device": "cpu", "nd_range": {"device_start": 2246486.9409760702, "device_end": 2246486.948723343}, "cmdq": 2, "read": {"device_start": -1, "device_end": -1}}, "coalesced_transpose66": {"write": {"device_start": -1, "host_queued_start": 1585578712.641085, "device_queued": -1, "device_end": -1, "host_queued_end": 1585578712.645212}, "device": "gpu", "nd_range": {"device_start": 1585578647.4589589, "device_end": 1585578647.4589674}, "cmdq": 0, "read": {"device_start": -1, "device_end": -1}}, "coalesced_transpose48": {"write": {"device_start": -1, "host_queued_start": 1585578712.672409, "device_queued": -1, "device_end": -1, "host_queued_end": 1585578712.684294}, "device": "cpu", "nd_range": {"device_start": 2246486.949285314, "device_end": 2246486.949518401}, "cmdq": 1, "read": {"device_start": -1, "device_end": -1}}}