{"FFC_sans_bias60": {"write": {"device_start": -1, "host_queued_start": 1585578903.427593, "device_queued": -1, "device_end": -1, "host_queued_end": 1585578903.434337}, "device": "gpu", "nd_range": {"device_start": 1585578838.251066, "device_end": 1585578838.252068}, "cmdq": 1, "read": {"device_start": -1, "device_end": -1}}, "FFC_sans_bias4": {"write": {"device_start": -1, "host_queued_start": 1585578903.445613, "device_queued": -1, "device_end": -1, "host_queued_end": 1585578903.449371}, "device": "cpu", "nd_range": {"device_start": 2246677.6620869483, "device_end": 2246677.671892445}, "cmdq": 0, "read": {"device_start": -1, "device_end": -1}}, "FFC_sans_bias7": {"write": {"device_start": -1, "host_queued_start": 1585578903.448294, "device_queued": -1, "device_end": -1, "host_queued_end": 1585578903.449371}, "device": "cpu", "nd_range": {"device_start": 2246677.6815584893, "device_end": 2246677.6873715622}, "cmdq": 0, "read": {"device_start": -1, "device_end": -1}}, "FFC_sans_bias6": {"write": {"device_start": -1, "host_queued_start": 1585578903.446904, "device_queued": -1, "device_end": -1, "host_queued_end": 1585578903.449371}, "device": "cpu", "nd_range": {"device_start": 2246677.6738076243, "device_end": 2246677.681437068}, "cmdq": 0, "read": {"device_start": -1, "device_end": -1}}, "FFC_sans_bias1": {"write": {"device_start": -1, "host_queued_start": 1585578903.439662, "device_queued": -1, "device_end": -1, "host_queued_end": 1585578903.449371}, "device": "cpu", "nd_range": {"device_start": 2246677.639043887, "device_end": 2246677.647213105}, "cmdq": 1, "read": {"device_start": -1, "device_end": -1}}, "FFC_sans_bias0": {"write": {"device_start": -1, "host_queued_start": 1585578903.438315, "device_queued": -1, "device_end": -1, "host_queued_end": 1585578903.449371}, "device": "cpu", "nd_range": {"device_start": 2246677.639046049, "device_end": 2246677.6481975024}, "cmdq": 0, "read": {"device_start": -1, "device_end": -1}}, "FFC_sans_bias2": {"write": {"device_start": -1, "host_queued_start": 1585578903.440896, "device_queued": -1, "device_end": -1, "host_queued_end": 1585578903.449371}, "device": "cpu", "nd_range": {"device_start": 2246677.649163479, "device_end": 2246677.6553666163}, "cmdq": 0, "read": {"device_start": -1, "device_end": -1}}, "FFC_sans_bias61": {"write": {"device_start": 1585578838.2572417, "host_queued_start": 1585578903.433187, "device_queued": 1585578838.2415326, "device_end": 1585578838.2573192, "host_queued_end": 1585578903.434337}, "device": "gpu", "nd_range": {"device_start": 1585578838.2573242, "device_end": 1585578838.258236}, "cmdq": 1, "read": {"device_start": 1585578838.2582397, "device_end": 1585578838.2582629}}, "FFC_sans_bias52": {"write": {"device_start": 1585578838.2571545, "host_queued_start": 1585578903.432143, "device_queued": 1585578838.2414837, "device_end": 1585578838.2572217, "host_queued_end": 1585578903.434337}, "device": "gpu", "nd_range": {"device_start": 1585578838.2572258, "device_end": 1585578838.2578275}, "cmdq": 0, "read": {"device_start": 1585578838.2578328, "device_end": 1585578838.2578554}}, "FFC_sans_bias9": {"write": {"device_start": -1, "host_queued_start": 1585578903.442183, "device_queued": -1, "device_end": -1, "host_queued_end": 1585578903.449371}, "device": "cpu", "nd_range": {"device_start": 2246677.6472259113, "device_end": 2246677.6540069883}, "cmdq": 1, "read": {"device_start": -1, "device_end": -1}}, "coalesced_transpose39": {"write": {"device_start": -1, "host_queued_start": 1585578903.421595, "device_queued": -1, "device_end": -1, "host_queued_end": 1585578903.434337}, "device": "gpu", "nd_range": {"device_start": 1585578838.2470162, "device_end": 1585578838.247839}, "cmdq": 2, "read": {"device_start": -1, "device_end": -1}}, "FFC_sans_bias55": {"write": {"device_start": 1585578838.2442758, "host_queued_start": 1585578903.417477, "device_queued": 1585578838.2393675, "device_end": 1585578838.2443068, "host_queued_end": 1585578903.434337}, "device": "gpu", "nd_range": {"device_start": 1585578838.2443101, "device_end": 1585578838.2455876}, "cmdq": 2, "read": {"device_start": -1, "device_end": -1}}, "FFC_sans_bias54": {"write": {"device_start": 1585578838.2437482, "host_queued_start": 1585578903.416423, "device_queued": 1585578838.2393467, "device_end": 1585578838.2437804, "host_queued_end": 1585578903.434337}, "device": "gpu", "nd_range": {"device_start": 1585578838.2437842, "device_end": 1585578838.245117}, "cmdq": 1, "read": {"device_start": -1, "device_end": -1}}, "FFC_sans_bias56": {"write": {"device_start": 1585578838.2432888, "host_queued_start": 1585578903.415388, "device_queued": 1585578838.2391636, "device_end": 1585578838.2433205, "host_queued_end": 1585578903.434337}, "device": "gpu", "nd_range": {"device_start": 1585578838.243324, "device_end": 1585578838.2446012}, "cmdq": 0, "read": {"device_start": -1, "device_end": -1}}, "FFC_sans_bias51": {"write": {"device_start": -1, "host_queued_start": 1585578903.427273, "device_queued": -1, "device_end": -1, "host_queued_end": 1585578903.434337}, "device": "gpu", "nd_range": {"device_start": 1585578838.2506623, "device_end": 1585578838.2516396}, "cmdq": 0, "read": {"device_start": -1, "device_end": -1}}, "softmax23": {"write": {"device_start": -1, "host_queued_start": 1585578903.424732, "device_queued": -1, "device_end": -1, "host_queued_end": 1585578903.434337}, "device": "gpu", "nd_range": {"device_start": 1585578838.2485297, "device_end": 1585578838.2498457}, "cmdq": 0, "read": {"device_start": -1, "device_end": -1}}, "FFC_sans_bias37": {"write": {"device_start": 1585578838.2408514, "host_queued_start": 1585578903.410042, "device_queued": 1585578838.2387674, "device_end": 1585578838.2408774, "host_queued_end": 1585578903.434337}, "device": "gpu", "nd_range": {"device_start": 1585578838.240882, "device_end": 1585578838.2421927}, "cmdq": 1, "read": {"device_start": -1, "device_end": -1}}, "empty62": {"write": {"device_start": 1585578838.237922, "host_queued_start": 1585578903.400696, "device_queued": 1585578838.2378197, "device_end": 1585578838.237991, "host_queued_end": 1585578903.434337}, "device": "gpu", "nd_range": {"device_start": 1585578838.2379942, "device_end": 1585578838.238008}, "cmdq": 1, "read": {"device_start": -1, "device_end": -1}}, "FFC_sans_bias70": {"write": {"device_start": 1585578838.2573392, "host_queued_start": 1585578903.434229, "device_queued": 1585578838.2415605, "device_end": 1585578838.2573636, "host_queued_end": 1585578903.434337}, "device": "gpu", "nd_range": {"device_start": 1585578838.2573664, "device_end": 1585578838.2588036}, "cmdq": 2, "read": {"device_start": 1585578838.2588089, "device_end": 1585578838.2588313}}, "FFC_sans_bias58": {"write": {"device_start": -1, "host_queued_start": 1585578903.424158, "device_queued": -1, "device_end": -1, "host_queued_end": 1585578903.434337}, "device": "gpu", "nd_range": {"device_start": 1585578838.247988, "device_end": 1585578838.2489648}, "cmdq": 1, "read": {"device_start": -1, "device_end": -1}}, "softmax41": {"write": {"device_start": -1, "host_queued_start": 1585578903.425244, "device_queued": -1, "device_end": -1, "host_queued_end": 1585578903.434337}, "device": "gpu", "nd_range": {"device_start": 1585578838.250048, "device_end": 1585578838.2504287}, "cmdq": 2, "read": {"device_start": -1, "device_end": -1}}, "FFC_sans_bias11": {"write": {"device_start": -1, "host_queued_start": 1585578903.444577, "device_queued": -1, "device_end": -1, "host_queued_end": 1585578903.449371}, "device": "cpu", "nd_range": {"device_start": 2246677.6565486463, "device_end": 2246677.6718923533}, "cmdq": 1, "read": {"device_start": -1, "device_end": -1}}, "FFC_sans_bias10": {"write": {"device_start": -1, "host_queued_start": 1585578903.443513, "device_queued": -1, "device_end": -1, "host_queued_end": 1585578903.449371}, "device": "cpu", "nd_range": {"device_start": 2246677.6553735533, "device_end": 2246677.661600429}, "cmdq": 0, "read": {"device_start": -1, "device_end": -1}}, "coalesced_transpose3": {"write": {"device_start": -1, "host_queued_start": 1585578903.444905, "device_queued": -1, "device_end": -1, "host_queued_end": 1585578903.449371}, "device": "cpu", "nd_range": {"device_start": 2246677.661731128, "device_end": 2246677.6619735663}, "cmdq": 0, "read": {"device_start": -1, "device_end": -1}}, "FFC_sans_bias34": {"write": {"device_start": 1585578838.253537, "host_queued_start": 1585578903.430014, "device_queued": 1585578838.2412176, "device_end": 1585578838.2536077, "host_queued_end": 1585578903.434337}, "device": "gpu", "nd_range": {"device_start": 1585578838.2536147, "device_end": 1585578838.254219}, "cmdq": 1, "read": {"device_start": 1585578838.2542233, "device_end": 1585578838.2542477}}, "FFC_sans_bias15": {"write": {"device_start": -1, "host_queued_start": 1585578903.447248, "device_queued": -1, "device_end": -1, "host_queued_end": 1585578903.449371}, "device": "cpu", "nd_range": {"device_start": 2246677.684479549, "device_end": 2246677.6957227583}, "cmdq": 1, "read": {"device_start": -1, "device_end": -1}}, "FFC_sans_bias31": {"write": {"device_start": -1, "host_queued_start": 1585578903.423192, "device_queued": -1, "device_end": -1, "host_queued_end": 1585578903.434337}, "device": "gpu", "nd_range": {"device_start": 1585578838.246956, "device_end": 1585578838.2479868}, "cmdq": 1, "read": {"device_start": -1, "device_end": -1}}, "FFC_sans_bias16": {"write": {"device_start": -1, "host_queued_start": 1585578903.449297, "device_queued": -1, "device_end": -1, "host_queued_end": 1585578903.449371}, "device": "cpu", "nd_range": {"device_start": 2246677.695740229, "device_end": 2246677.7005111533}, "cmdq": 1, "read": {"device_start": -1, "device_end": -1}}, "FFC_sans_bias19": {"write": {"device_start": 1585578838.2382364, "host_queued_start": 1585578903.403566, "device_queued": 1585578838.2381105, "device_end": 1585578838.238302, "host_queued_end": 1585578903.434337}, "device": "gpu", "nd_range": {"device_start": 1585578838.2383084, "device_end": 1585578838.2392137}, "cmdq": 1, "read": {"device_start": -1, "device_end": -1}}, "FFC_sans_bias18": {"write": {"device_start": 1585578838.2381246, "host_queued_start": 1585578903.402489, "device_queued": 1585578838.2378964, "device_end": 1585578838.2381983, "host_queued_end": 1585578903.434337}, "device": "gpu", "nd_range": {"device_start": 1585578838.2382033, "device_end": 1585578838.2388103}, "cmdq": 0, "read": {"device_start": -1, "device_end": -1}}, "coalesced_transpose30": {"write": {"device_start": -1, "host_queued_start": 1585578903.421285, "device_queued": -1, "device_end": -1, "host_queued_end": 1585578903.434337}, "device": "gpu", "nd_range": {"device_start": 1585578838.2465608, "device_end": 1585578838.2469275}, "cmdq": 1, "read": {"device_start": -1, "device_end": -1}}, "FFC_sans_bias69": {"write": {"device_start": -1, "host_queued_start": 1585578903.427915, "device_queued": -1, "device_end": -1, "host_queued_end": 1585578903.434337}, "device": "gpu", "nd_range": {"device_start": 1585578838.2526298, "device_end": 1585578838.253594}, "cmdq": 2, "read": {"device_start": -1, "device_end": -1}}, "FFC_sans_bias38": {"write": {"device_start": 1585578838.2413073, "host_queued_start": 1585578903.411158, "device_queued": 1585578838.2387948, "device_end": 1585578838.241334, "host_queued_end": 1585578903.434337}, "device": "gpu", "nd_range": {"device_start": 1585578838.241338, "device_end": 1585578838.2426653}, "cmdq": 2, "read": {"device_start": -1, "device_end": -1}}, "coalesced_transpose57": {"write": {"device_start": -1, "host_queued_start": 1585578903.422213, "device_queued": -1, "device_end": -1, "host_queued_end": 1585578903.434337}, "device": "gpu", "nd_range": {"device_start": 1585578838.2469378, "device_end": 1585578838.2469552}, "cmdq": 1, "read": {"device_start": -1, "device_end": -1}}, "empty26": {"write": {"device_start": 1585578838.2374368, "host_queued_start": 1585578903.397075, "device_queued": 1585578838.2373095, "device_end": 1585578838.237495, "host_queued_end": 1585578903.434337}, "device": "gpu", "nd_range": {"device_start": 1585578838.2375033, "device_end": 1585578838.237516}, "cmdq": 0, "read": {"device_start": -1, "device_end": -1}}, "coalesced_transpose12": {"write": {"device_start": -1, "host_queued_start": 1585578903.445258, "device_queued": -1, "device_end": -1, "host_queued_end": 1585578903.449371}, "device": "cpu", "nd_range": {"device_start": 2246677.671899801, "device_end": 2246677.672698976}, "cmdq": 1, "read": {"device_start": -1, "device_end": -1}}, "empty44": {"write": {"device_start": 1585578838.2376702, "host_queued_start": 1585578903.399031, "device_queued": 1585578838.2374668, "device_end": 1585578838.2377496, "host_queued_end": 1585578903.434337}, "device": "gpu", "nd_range": {"device_start": 1585578838.237754, "device_end": 1585578838.2377586}, "cmdq": 2, "read": {"device_start": -1, "device_end": -1}}, "coalesced_transpose21": {"write": {"device_start": -1, "host_queued_start": 1585578903.420965, "device_queued": -1, "device_end": -1, "host_queued_end": 1585578903.434337}, "device": "gpu", "nd_range": {"device_start": 1585578838.2460625, "device_end": 1585578838.2469175}, "cmdq": 0, "read": {"device_start": -1, "device_end": -1}}, "FFC_sans_bias36": {"write": {"device_start": 1585578838.240302, "host_queued_start": 1585578903.409003, "device_queued": 1585578838.238604, "device_end": 1585578838.2403336, "host_queued_end": 1585578903.434337}, "device": "gpu", "nd_range": {"device_start": 1585578838.24034, "device_end": 1585578838.2416983}, "cmdq": 0, "read": {"device_start": -1, "device_end": -1}}, "softmax14": {"write": {"device_start": -1, "host_queued_start": 1585578903.446539, "device_queued": -1, "device_end": -1, "host_queued_end": 1585578903.449371}, "device": "cpu", "nd_range": {"device_start": 2246677.684264251, "device_end": 2246677.6844713152}, "cmdq": 1, "read": {"device_start": -1, "device_end": -1}}, "FFC_sans_bias13": {"write": {"device_start": -1, "host_queued_start": 1585578903.445977, "device_queued": -1, "device_end": -1, "host_queued_end": 1585578903.449371}, "device": "cpu", "nd_range": {"device_start": 2246677.672719859, "device_end": 2246677.6784319943}, "cmdq": 1, "read": {"device_start": -1, "device_end": -1}}, "empty8": {"write": {"device_start": -1, "host_queued_start": 1585578903.436129, "device_queued": -1, "device_end": -1, "host_queued_end": 1585578903.449371}, "device": "cpu", "nd_range": {"device_start": 2246677.639014921, "device_end": 2246677.639027068}, "cmdq": 0, "read": {"device_start": -1, "device_end": -1}}, "FFC_sans_bias42": {"write": {"device_start": -1, "host_queued_start": 1585578903.426954, "device_queued": -1, "device_end": -1, "host_queued_end": 1585578903.434337}, "device": "gpu", "nd_range": {"device_start": 1585578838.2512531, "device_end": 1585578838.2526286}, "cmdq": 2, "read": {"device_start": -1, "device_end": -1}}, "FFC_sans_bias43": {"write": {"device_start": 1585578838.2536864, "host_queued_start": 1585578903.4311, "device_queued": 1585578838.241252, "device_end": 1585578838.253712, "host_queued_end": 1585578903.434337}, "device": "gpu", "nd_range": {"device_start": 1585578838.2537177, "device_end": 1585578838.2546198}, "cmdq": 2, "read": {"device_start": 1585578838.2546234, "device_end": 1585578838.2546468}}, "FFC_sans_bias40": {"write": {"device_start": -1, "host_queued_start": 1585578903.42351, "device_queued": -1, "device_end": -1, "host_queued_end": 1585578903.434337}, "device": "gpu", "nd_range": {"device_start": 1585578838.2483666, "device_end": 1585578838.2494442}, "cmdq": 2, "read": {"device_start": -1, "device_end": -1}}, "softmax32": {"write": {"device_start": -1, "host_queued_start": 1585578903.42499, "device_queued": -1, "device_end": -1, "host_queued_end": 1585578903.434337}, "device": "gpu", "nd_range": {"device_start": 1585578838.2489657, "device_end": 1585578838.2498622}, "cmdq": 1, "read": {"device_start": -1, "device_end": -1}}, "FFC_sans_bias47": {"write": {"device_start": 1585578838.2427788, "host_queued_start": 1585578903.414313, "device_queued": 1585578838.2390184, "device_end": 1585578838.2428045, "host_queued_end": 1585578903.434337}, "device": "gpu", "nd_range": {"device_start": 1585578838.242811, "device_end": 1585578838.2441401}, "cmdq": 2, "read": {"device_start": -1, "device_end": -1}}, "FFC_sans_bias45": {"write": {"device_start": 1585578838.2418325, "host_queued_start": 1585578903.412218, "device_queued": 1585578838.2389674, "device_end": 1585578838.2418594, "host_queued_end": 1585578903.434337}, "device": "gpu", "nd_range": {"device_start": 1585578838.2418692, "device_end": 1585578838.243174}, "cmdq": 0, "read": {"device_start": -1, "device_end": -1}}, "softmax50": {"write": {"device_start": -1, "host_queued_start": 1585578903.425497, "device_queued": -1, "device_end": -1, "host_queued_end": 1585578903.434337}, "device": "gpu", "nd_range": {"device_start": 1585578838.249847, "device_end": 1585578838.250056}, "cmdq": 0, "read": {"device_start": -1, "device_end": -1}}, "FFC_sans_bias33": {"write": {"device_start": -1, "host_queued_start": 1585578903.426632, "device_queued": -1, "device_end": -1, "host_queued_end": 1585578903.434337}, "device": "gpu", "nd_range": {"device_start": 1585578838.250079, "device_end": 1585578838.251065}, "cmdq": 1, "read": {"device_start": -1, "device_end": -1}}, "FFC_sans_bias63": {"write": {"device_start": 1585578838.2457218, "host_queued_start": 1585578903.420634, "device_queued": 1585578838.2395694, "device_end": 1585578838.245754, "host_queued_end": 1585578903.434337}, "device": "gpu", "nd_range": {"device_start": 1585578838.2457592, "device_end": 1585578838.2470093}, "cmdq": 2, "read": {"device_start": -1, "device_end": -1}}, "FFC_sans_bias49": {"write": {"device_start": -1, "host_queued_start": 1585578903.423835, "device_queued": -1, "device_end": -1, "host_queued_end": 1585578903.434337}, "device": "gpu", "nd_range": {"device_start": 1585578838.2475564, "device_end": 1585578838.2485287}, "cmdq": 0, "read": {"device_start": -1, "device_end": -1}}, "FFC_sans_bias64": {"write": {"device_start": 1585578838.2447326, "host_queued_start": 1585578903.418528, "device_queued": 1585578838.2395163, "device_end": 1585578838.2447646, "host_queued_end": 1585578903.434337}, "device": "gpu", "nd_range": {"device_start": 1585578838.2447712, "device_end": 1585578838.2460608}, "cmdq": 0, "read": {"device_start": -1, "device_end": -1}}, "FFC_sans_bias65": {"write": {"device_start": 1585578838.2452488, "host_queued_start": 1585578903.419601, "device_queued": 1585578838.2395537, "device_end": 1585578838.2452815, "host_queued_end": 1585578903.434337}, "device": "gpu", "nd_range": {"device_start": 1585578838.245288, "device_end": 1585578838.2465596}, "cmdq": 1, "read": {"device_start": -1, "device_end": -1}}, "FFC_sans_bias67": {"write": {"device_start": -1, "host_queued_start": 1585578903.424477, "device_queued": -1, "device_end": -1, "host_queued_end": 1585578903.434337}, "device": "gpu", "nd_range": {"device_start": 1585578838.2494454, "device_end": 1585578838.2500465}, "cmdq": 2, "read": {"device_start": -1, "device_end": -1}}, "FFC_sans_bias24": {"write": {"device_start": -1, "host_queued_start": 1585578903.426308, "device_queued": -1, "device_end": -1, "host_queued_end": 1585578903.434337}, "device": "gpu", "nd_range": {"device_start": 1585578838.250057, "device_end": 1585578838.250661}, "cmdq": 0, "read": {"device_start": -1, "device_end": -1}}, "FFC_sans_bias25": {"write": {"device_start": 1585578838.2517827, "host_queued_start": 1585578903.428939, "device_queued": 1585578838.241063, "device_end": 1585578838.25181, "host_queued_end": 1585578903.434337}, "device": "gpu", "nd_range": {"device_start": 1585578838.251814, "device_end": 1585578838.2530448}, "cmdq": 0, "read": {"device_start": 1585578838.2530506, "device_end": 1585578838.2530766}}, "FFC_sans_bias27": {"write": {"device_start": 1585578838.2389193, "host_queued_start": 1585578903.405657, "device_queued": 1585578838.2383711, "device_end": 1585578838.2389443, "host_queued_end": 1585578903.434337}, "device": "gpu", "nd_range": {"device_start": 1585578838.2389474, "device_end": 1585578838.2402024}, "cmdq": 0, "read": {"device_start": -1, "device_end": -1}}, "FFC_sans_bias20": {"write": {"device_start": 1585578838.2383275, "host_queued_start": 1585578903.404612, "device_queued": 1585578838.238135, "device_end": 1585578838.2383525, "host_queued_end": 1585578903.434337}, "device": "gpu", "nd_range": {"device_start": 1585578838.2383578, "device_end": 1585578838.23978}, "cmdq": 2, "read": {"device_start": -1, "device_end": -1}}, "FFC_sans_bias22": {"write": {"device_start": -1, "host_queued_start": 1585578903.42287, "device_queued": -1, "device_end": -1, "host_queued_end": 1585578903.434337}, "device": "gpu", "nd_range": {"device_start": 1585578838.2469444, "device_end": 1585578838.2475545}, "cmdq": 0, "read": {"device_start": -1, "device_end": -1}}, "softmax68": {"write": {"device_start": -1, "host_queued_start": 1585578903.425995, "device_queued": -1, "device_end": -1, "host_queued_end": 1585578903.434337}, "device": "gpu", "nd_range": {"device_start": 1585578838.2504299, "device_end": 1585578838.2512522}, "cmdq": 2, "read": {"device_start": -1, "device_end": -1}}, "softmax5": {"write": {"device_start": -1, "host_queued_start": 1585578903.446261, "device_queued": -1, "device_end": -1, "host_queued_end": 1585578903.449371}, "device": "cpu", "nd_range": {"device_start": 2246677.671898918, "device_end": 2246677.673675739}, "cmdq": 0, "read": {"device_start": -1, "device_end": -1}}, "FFC_sans_bias28": {"write": {"device_start": 1585578838.2392983, "host_queued_start": 1585578903.406902, "device_queued": 1585578838.2384267, "device_end": 1585578838.2393234, "host_queued_end": 1585578903.434337}, "device": "gpu", "nd_range": {"device_start": 1585578838.2393274, "device_end": 1585578838.2407393}, "cmdq": 1, "read": {"device_start": -1, "device_end": -1}}, "FFC_sans_bias29": {"write": {"device_start": 1585578838.239949, "host_queued_start": 1585578903.407957, "device_queued": 1585578838.2384486, "device_end": 1585578838.2399743, "host_queued_end": 1585578903.434337}, "device": "gpu", "nd_range": {"device_start": 1585578838.2399778, "device_end": 1585578838.241196}, "cmdq": 2, "read": {"device_start": -1, "device_end": -1}}, "empty17": {"write": {"device_start": -1, "host_queued_start": 1585578903.437153, "device_queued": -1, "device_end": -1, "host_queued_end": 1585578903.449371}, "device": "cpu", "nd_range": {"device_start": 2246677.639014067, "device_end": 2246677.639027095}, "cmdq": 1, "read": {"device_start": -1, "device_end": -1}}, "softmax59": {"write": {"device_start": -1, "host_queued_start": 1585578903.425747, "device_queued": -1, "device_end": -1, "host_queued_end": 1585578903.434337}, "device": "gpu", "nd_range": {"device_start": 1585578838.2498631, "device_end": 1585578838.2500777}, "cmdq": 1, "read": {"device_start": -1, "device_end": -1}}, "empty71": {"write": {"device_start": 1585578838.2380238, "host_queued_start": 1585578903.401513, "device_queued": 1585578838.2378461, "device_end": 1585578838.238097, "host_queued_end": 1585578903.434337}, "device": "gpu", "nd_range": {"device_start": 1585578838.2381, "device_end": 1585578838.2381074}, "cmdq": 2, "read": {"device_start": -1, "device_end": -1}}, "empty35": {"write": {"device_start": 1585578838.2375548, "host_queued_start": 1585578903.39812, "device_queued": 1585578838.2374425, "device_end": 1585578838.2376251, "host_queued_end": 1585578903.434337}, "device": "gpu", "nd_range": {"device_start": 1585578838.2376292, "device_end": 1585578838.2376359}, "cmdq": 1, "read": {"device_start": -1, "device_end": -1}}, "empty53": {"write": {"device_start": 1585578838.2377803, "host_queued_start": 1585578903.399884, "device_queued": 1585578838.2375453, "device_end": 1585578838.2378094, "host_queued_end": 1585578903.434337}, "device": "gpu", "nd_range": {"device_start": 1585578838.2378209, "device_end": 1585578838.2378244}, "cmdq": 0, "read": {"device_start": -1, "device_end": -1}}, "FFC_sans_bias46": {"write": {"device_start": 1585578838.2423148, "host_queued_start": 1585578903.413266, "device_queued": 1585578838.2390044, "device_end": 1585578838.2423465, "host_queued_end": 1585578903.434337}, "device": "gpu", "nd_range": {"device_start": 1585578838.2423515, "device_end": 1585578838.2436347}, "cmdq": 1, "read": {"device_start": -1, "device_end": -1}}, "coalesced_transpose66": {"write": {"device_start": -1, "host_queued_start": 1585578903.422517, "device_queued": -1, "device_end": -1, "host_queued_end": 1585578903.434337}, "device": "gpu", "nd_range": {"device_start": 1585578838.2478485, "device_end": 1585578838.2483654}, "cmdq": 2, "read": {"device_start": -1, "device_end": -1}}, "coalesced_transpose48": {"write": {"device_start": -1, "host_queued_start": 1585578903.421903, "device_queued": -1, "device_end": -1, "host_queued_end": 1585578903.434337}, "device": "gpu", "nd_range": {"device_start": 1585578838.2469249, "device_end": 1585578838.246943}, "cmdq": 0, "read": {"device_start": -1, "device_end": -1}}}