{"FFC_sans_bias60": {"write": {"device_start": -1, "host_queued_start": 1585578721.293431, "device_queued": -1, "device_end": -1, "host_queued_end": 1585578721.302203}, "device": "gpu", "nd_range": {"device_start": 1585578656.1396854, "device_end": 1585578656.1402853}, "cmdq": 0, "read": {"device_start": -1, "device_end": -1}}, "FFC_sans_bias4": {"write": {"device_start": -1, "host_queued_start": 1585578721.286917, "device_queued": -1, "device_end": -1, "host_queued_end": 1585578721.302203}, "device": "gpu", "nd_range": {"device_start": 1585578656.1295757, "device_end": 1585578656.130169}, "cmdq": 0, "read": {"device_start": -1, "device_end": -1}}, "FFC_sans_bias7": {"write": {"device_start": 1585578656.1409943, "host_queued_start": 1585578721.294779, "device_queued": 1585578656.1146338, "device_end": 1585578656.1410174, "host_queued_end": 1585578721.302203}, "device": "gpu", "nd_range": {"device_start": 1585578656.1410327, "device_end": 1585578656.141631}, "cmdq": 0, "read": {"device_start": 1585578656.1416364, "device_end": 1585578656.1416595}}, "FFC_sans_bias6": {"write": {"device_start": -1, "host_queued_start": 1585578721.291416, "device_queued": -1, "device_end": -1, "host_queued_end": 1585578721.302203}, "device": "gpu", "nd_range": {"device_start": 1585578656.1360822, "device_end": 1585578656.1366825}, "cmdq": 0, "read": {"device_start": -1, "device_end": -1}}, "FFC_sans_bias1": {"write": {"device_start": 1585578656.1124485, "host_queued_start": 1585578721.261031, "device_queued": 1585578656.1109176, "device_end": 1585578656.112478, "host_queued_end": 1585578721.302203}, "device": "gpu", "nd_range": {"device_start": 1585578656.1124837, "device_end": 1585578656.1130717}, "cmdq": 0, "read": {"device_start": -1, "device_end": -1}}, "FFC_sans_bias0": {"write": {"device_start": 1585578656.111632, "host_queued_start": 1585578721.259992, "device_queued": 1585578656.1108637, "device_end": 1585578656.111656, "host_queued_end": 1585578721.302203}, "device": "gpu", "nd_range": {"device_start": 1585578656.1116648, "device_end": 1585578656.1122634}, "cmdq": 0, "read": {"device_start": -1, "device_end": -1}}, "FFC_sans_bias2": {"write": {"device_start": 1585578656.113189, "host_queued_start": 1585578721.262101, "device_queued": 1585578656.1110933, "device_end": 1585578656.1132123, "host_queued_end": 1585578721.302203}, "device": "gpu", "nd_range": {"device_start": 1585578656.113219, "device_end": 1585578656.1138215}, "cmdq": 0, "read": {"device_start": -1, "device_end": -1}}, "FFC_sans_bias61": {"write": {"device_start": 1585578656.145989, "host_queued_start": 1585578721.301038, "device_queued": 1585578656.1153324, "device_end": 1585578656.1460178, "host_queued_end": 1585578721.302203}, "device": "gpu", "nd_range": {"device_start": 1585578656.1460218, "device_end": 1585578656.146616}, "cmdq": 0, "read": {"device_start": 1585578656.1466186, "device_end": 1585578656.146641}}, "FFC_sans_bias52": {"write": {"device_start": 1585578656.1451666, "host_queued_start": 1585578721.299999, "device_queued": 1585578656.1151986, "device_end": 1585578656.1451967, "host_queued_end": 1585578721.302203}, "device": "gpu", "nd_range": {"device_start": 1585578656.1451993, "device_end": 1585578656.1457956}, "cmdq": 0, "read": {"device_start": 1585578656.1457982, "device_end": 1585578656.1458209}}, "FFC_sans_bias9": {"write": {"device_start": 1585578656.1139178, "host_queued_start": 1585578721.2632, "device_queued": 1585578656.1111388, "device_end": 1585578656.113947, "host_queued_end": 1585578721.302203}, "device": "gpu", "nd_range": {"device_start": 1585578656.1139562, "device_end": 1585578656.1145558}, "cmdq": 0, "read": {"device_start": -1, "device_end": -1}}, "coalesced_transpose39": {"write": {"device_start": -1, "host_queued_start": 1585578721.2857, "device_queued": -1, "device_end": -1, "host_queued_end": 1585578721.302203}, "device": "gpu", "nd_range": {"device_start": 1585578656.1295364, "device_end": 1585578656.1295447}, "cmdq": 0, "read": {"device_start": -1, "device_end": -1}}, "FFC_sans_bias55": {"write": {"device_start": 1585578656.1266134, "host_queued_start": 1585578721.281041, "device_queued": 1585578656.1129174, "device_end": 1585578656.1266367, "host_queued_end": 1585578721.302203}, "device": "gpu", "nd_range": {"device_start": 1585578656.126646, "device_end": 1585578656.127243}, "cmdq": 0, "read": {"device_start": -1, "device_end": -1}}, "FFC_sans_bias54": {"write": {"device_start": 1585578656.1258473, "host_queued_start": 1585578721.280018, "device_queued": 1585578656.1127796, "device_end": 1585578656.1258786, "host_queued_end": 1585578721.302203}, "device": "gpu", "nd_range": {"device_start": 1585578656.1258953, "device_end": 1585578656.1264954}, "cmdq": 0, "read": {"device_start": -1, "device_end": -1}}, "FFC_sans_bias56": {"write": {"device_start": 1585578656.125099, "host_queued_start": 1585578721.27899, "device_queued": 1585578656.1127274, "device_end": 1585578656.1251276, "host_queued_end": 1585578721.302203}, "device": "gpu", "nd_range": {"device_start": 1585578656.125131, "device_end": 1585578656.1257286}, "cmdq": 0, "read": {"device_start": -1, "device_end": -1}}, "FFC_sans_bias51": {"write": {"device_start": -1, "host_queued_start": 1585578721.293108, "device_queued": -1, "device_end": -1, "host_queued_end": 1585578721.302203}, "device": "gpu", "nd_range": {"device_start": 1585578656.1390831, "device_end": 1585578656.1396842}, "cmdq": 0, "read": {"device_start": -1, "device_end": -1}}, "softmax23": {"write": {"device_start": -1, "host_queued_start": 1585578721.289883, "device_queued": -1, "device_end": -1, "host_queued_end": 1585578721.302203}, "device": "gpu", "nd_range": {"device_start": 1585578656.134811, "device_end": 1585578656.135021}, "cmdq": 0, "read": {"device_start": -1, "device_end": -1}}, "FFC_sans_bias37": {"write": {"device_start": 1585578656.1213334, "host_queued_start": 1585578721.273781, "device_queued": 1585578656.1121666, "device_end": 1585578656.121363, "host_queued_end": 1585578721.302203}, "device": "gpu", "nd_range": {"device_start": 1585578656.1213691, "device_end": 1585578656.1219666}, "cmdq": 0, "read": {"device_start": -1, "device_end": -1}}, "empty62": {"write": {"device_start": 1585578656.111242, "host_queued_start": 1585578721.258192, "device_queued": 1585578656.110641, "device_end": 1585578656.1112707, "host_queued_end": 1585578721.302203}, "device": "gpu", "nd_range": {"device_start": 1585578656.1112764, "device_end": 1585578656.11128}, "cmdq": 0, "read": {"device_start": -1, "device_end": -1}}, "FFC_sans_bias70": {"write": {"device_start": 1585578656.1468081, "host_queued_start": 1585578721.3021, "device_queued": 1585578656.1154122, "device_end": 1585578656.1468363, "host_queued_end": 1585578721.302203}, "device": "gpu", "nd_range": {"device_start": 1585578656.1468399, "device_end": 1585578656.1474338}, "cmdq": 0, "read": {"device_start": 1585578656.1474378, "device_end": 1585578656.14746}}, "FFC_sans_bias58": {"write": {"device_start": -1, "host_queued_start": 1585578721.288805, "device_queued": -1, "device_end": -1, "host_queued_end": 1585578721.302203}, "device": "gpu", "nd_range": {"device_start": 1585578656.1331775, "device_end": 1585578656.133778}, "cmdq": 0, "read": {"device_start": -1, "device_end": -1}}, "softmax41": {"write": {"device_start": -1, "host_queued_start": 1585578721.290375, "device_queued": -1, "device_end": -1, "host_queued_end": 1585578721.302203}, "device": "gpu", "nd_range": {"device_start": 1585578656.1352332, "device_end": 1585578656.135444}, "cmdq": 0, "read": {"device_start": -1, "device_end": -1}}, "FFC_sans_bias11": {"write": {"device_start": 1585578656.1154573, "host_queued_start": 1585578721.265444, "device_queued": 1585578656.1113672, "device_end": 1585578656.1154814, "host_queued_end": 1585578721.302203}, "device": "gpu", "nd_range": {"device_start": 1585578656.1154883, "device_end": 1585578656.1160846}, "cmdq": 0, "read": {"device_start": -1, "device_end": -1}}, "FFC_sans_bias10": {"write": {"device_start": 1585578656.1147158, "host_queued_start": 1585578721.264398, "device_queued": 1585578656.1113083, "device_end": 1585578656.114746, "host_queued_end": 1585578721.302203}, "device": "gpu", "nd_range": {"device_start": 1585578656.114756, "device_end": 1585578656.115356}, "cmdq": 0, "read": {"device_start": -1, "device_end": -1}}, "coalesced_transpose3": {"write": {"device_start": -1, "host_queued_start": 1585578721.284488, "device_queued": -1, "device_end": -1, "host_queued_end": 1585578721.302203}, "device": "gpu", "nd_range": {"device_start": 1585578656.1294978, "device_end": 1585578656.1295068}, "cmdq": 0, "read": {"device_start": -1, "device_end": -1}}, "FFC_sans_bias34": {"write": {"device_start": 1585578656.1435027, "host_queued_start": 1585578721.297917, "device_queued": 1585578656.1149766, "device_end": 1585578656.143531, "host_queued_end": 1585578721.302203}, "device": "gpu", "nd_range": {"device_start": 1585578656.1435468, "device_end": 1585578656.1441379}, "cmdq": 0, "read": {"device_start": 1585578656.1441407, "device_end": 1585578656.144163}}, "FFC_sans_bias15": {"write": {"device_start": -1, "host_queued_start": 1585578721.291815, "device_queued": -1, "device_end": -1, "host_queued_end": 1585578721.302203}, "device": "gpu", "nd_range": {"device_start": 1585578656.1366837, "device_end": 1585578656.1372824}, "cmdq": 0, "read": {"device_start": -1, "device_end": -1}}, "FFC_sans_bias31": {"write": {"device_start": -1, "host_queued_start": 1585578721.287864, "device_queued": -1, "device_end": -1, "host_queued_end": 1585578721.302203}, "device": "gpu", "nd_range": {"device_start": 1585578656.1313727, "device_end": 1585578656.1319714}, "cmdq": 0, "read": {"device_start": -1, "device_end": -1}}, "FFC_sans_bias16": {"write": {"device_start": 1585578656.1418388, "host_queued_start": 1585578721.295847, "device_queued": 1585578656.1147125, "device_end": 1585578656.141868, "host_queued_end": 1585578721.302203}, "device": "gpu", "nd_range": {"device_start": 1585578656.141871, "device_end": 1585578656.142466}, "cmdq": 0, "read": {"device_start": 1585578656.1424685, "device_end": 1585578656.1424906}}, "FFC_sans_bias19": {"write": {"device_start": 1585578656.1169162, "host_queued_start": 1585578721.267526, "device_queued": 1585578656.1115887, "device_end": 1585578656.11694, "host_queued_end": 1585578721.302203}, "device": "gpu", "nd_range": {"device_start": 1585578656.1169465, "device_end": 1585578656.1175447}, "cmdq": 0, "read": {"device_start": -1, "device_end": -1}}, "FFC_sans_bias18": {"write": {"device_start": 1585578656.1161795, "host_queued_start": 1585578721.266471, "device_queued": 1585578656.1115305, "device_end": 1585578656.1162028, "host_queued_end": 1585578721.302203}, "device": "gpu", "nd_range": {"device_start": 1585578656.1162102, "device_end": 1585578656.1168168}, "cmdq": 0, "read": {"device_start": -1, "device_end": -1}}, "coalesced_transpose30": {"write": {"device_start": -1, "host_queued_start": 1585578721.285396, "device_queued": -1, "device_end": -1, "host_queued_end": 1585578721.302203}, "device": "gpu", "nd_range": {"device_start": 1585578656.129527, "device_end": 1585578656.1295354}, "cmdq": 0, "read": {"device_start": -1, "device_end": -1}}, "FFC_sans_bias69": {"write": {"device_start": -1, "host_queued_start": 1585578721.29375, "device_queued": -1, "device_end": -1, "host_queued_end": 1585578721.302203}, "device": "gpu", "nd_range": {"device_start": 1585578656.1402864, "device_end": 1585578656.1408763}, "cmdq": 0, "read": {"device_start": -1, "device_end": -1}}, "FFC_sans_bias38": {"write": {"device_start": 1585578656.1220865, "host_queued_start": 1585578721.27485, "device_queued": 1585578656.1123393, "device_end": 1585578656.122116, "host_queued_end": 1585578721.302203}, "device": "gpu", "nd_range": {"device_start": 1585578656.122125, "device_end": 1585578656.1227193}, "cmdq": 0, "read": {"device_start": -1, "device_end": -1}}, "coalesced_transpose57": {"write": {"device_start": -1, "host_queued_start": 1585578721.286298, "device_queued": -1, "device_end": -1, "host_queued_end": 1585578721.302203}, "device": "gpu", "nd_range": {"device_start": 1585578656.1295555, "device_end": 1585578656.1295638}, "cmdq": 0, "read": {"device_start": -1, "device_end": -1}}, "empty26": {"write": {"device_start": 1585578656.1105027, "host_queued_start": 1585578721.254958, "device_queued": 1585578656.1102593, "device_end": 1585578656.1105309, "host_queued_end": 1585578721.302203}, "device": "gpu", "nd_range": {"device_start": 1585578656.1105402, "device_end": 1585578656.1105506}, "cmdq": 0, "read": {"device_start": -1, "device_end": -1}}, "coalesced_transpose12": {"write": {"device_start": -1, "host_queued_start": 1585578721.284794, "device_queued": -1, "device_end": -1, "host_queued_end": 1585578721.302203}, "device": "gpu", "nd_range": {"device_start": 1585578656.129508, "device_end": 1585578656.1295164}, "cmdq": 0, "read": {"device_start": -1, "device_end": -1}}, "empty44": {"write": {"device_start": 1585578656.1109636, "host_queued_start": 1585578721.256571, "device_queued": 1585578656.110554, "device_end": 1585578656.1109915, "host_queued_end": 1585578721.302203}, "device": "gpu", "nd_range": {"device_start": 1585578656.1109943, "device_end": 1585578656.110998}, "cmdq": 0, "read": {"device_start": -1, "device_end": -1}}, "coalesced_transpose21": {"write": {"device_start": -1, "host_queued_start": 1585578721.285096, "device_queued": -1, "device_end": -1, "host_queued_end": 1585578721.302203}, "device": "gpu", "nd_range": {"device_start": 1585578656.1295176, "device_end": 1585578656.1295261}, "cmdq": 0, "read": {"device_start": -1, "device_end": -1}}, "FFC_sans_bias36": {"write": {"device_start": 1585578656.1205828, "host_queued_start": 1585578721.272735, "device_queued": 1585578656.112123, "device_end": 1585578656.1206129, "host_queued_end": 1585578721.302203}, "device": "gpu", "nd_range": {"device_start": 1585578656.1206207, "device_end": 1585578656.121221}, "cmdq": 0, "read": {"device_start": -1, "device_end": -1}}, "softmax14": {"write": {"device_start": -1, "host_queued_start": 1585578721.289631, "device_queued": -1, "device_end": -1, "host_queued_end": 1585578721.302203}, "device": "gpu", "nd_range": {"device_start": 1585578656.134599, "device_end": 1585578656.1348097}, "cmdq": 0, "read": {"device_start": -1, "device_end": -1}}, "FFC_sans_bias13": {"write": {"device_start": -1, "host_queued_start": 1585578721.287236, "device_queued": -1, "device_end": -1, "host_queued_end": 1585578721.302203}, "device": "gpu", "nd_range": {"device_start": 1585578656.130171, "device_end": 1585578656.1307704}, "cmdq": 0, "read": {"device_start": -1, "device_end": -1}}, "empty8": {"write": {"device_start": 1585578656.1101658, "host_queued_start": 1585578721.253062, "device_queued": 1585578656.110045, "device_end": 1585578656.1101973, "host_queued_end": 1585578721.302203}, "device": "gpu", "nd_range": {"device_start": 1585578656.1102078, "device_end": 1585578656.110212}, "cmdq": 0, "read": {"device_start": -1, "device_end": -1}}, "FFC_sans_bias42": {"write": {"device_start": -1, "host_queued_start": 1585578721.292789, "device_queued": -1, "device_end": -1, "host_queued_end": 1585578721.302203}, "device": "gpu", "nd_range": {"device_start": 1585578656.138483, "device_end": 1585578656.1390817}, "cmdq": 0, "read": {"device_start": -1, "device_end": -1}}, "FFC_sans_bias43": {"write": {"device_start": 1585578656.1443365, "host_queued_start": 1585578721.298963, "device_queued": 1585578656.1151464, "device_end": 1585578656.1443663, "host_queued_end": 1585578721.302203}, "device": "gpu", "nd_range": {"device_start": 1585578656.144372, "device_end": 1585578656.1449683}, "cmdq": 0, "read": {"device_start": 1585578656.1449752, "device_end": 1585578656.1449971}}, "FFC_sans_bias40": {"write": {"device_start": -1, "host_queued_start": 1585578721.288177, "device_queued": -1, "device_end": -1, "host_queued_end": 1585578721.302203}, "device": "gpu", "nd_range": {"device_start": 1585578656.1319733, "device_end": 1585578656.1325738}, "cmdq": 0, "read": {"device_start": -1, "device_end": -1}}, "softmax32": {"write": {"device_start": -1, "host_queued_start": 1585578721.290129, "device_queued": -1, "device_end": -1, "host_queued_end": 1585578721.302203}, "device": "gpu", "nd_range": {"device_start": 1585578656.135022, "device_end": 1585578656.1352322}, "cmdq": 0, "read": {"device_start": -1, "device_end": -1}}, "FFC_sans_bias47": {"write": {"device_start": 1585578656.1243432, "host_queued_start": 1585578721.277938, "device_queued": 1585578656.1125946, "device_end": 1585578656.124372, "host_queued_end": 1585578721.302203}, "device": "gpu", "nd_range": {"device_start": 1585578656.124382, "device_end": 1585578656.1249793}, "cmdq": 0, "read": {"device_start": -1, "device_end": -1}}, "FFC_sans_bias45": {"write": {"device_start": 1585578656.1228368, "host_queued_start": 1585578721.275874, "device_queued": 1585578656.1124036, "device_end": 1585578656.122867, "host_queued_end": 1585578721.302203}, "device": "gpu", "nd_range": {"device_start": 1585578656.12287, "device_end": 1585578656.1234694}, "cmdq": 0, "read": {"device_start": -1, "device_end": -1}}, "softmax50": {"write": {"device_start": -1, "host_queued_start": 1585578721.29062, "device_queued": -1, "device_end": -1, "host_queued_end": 1585578721.302203}, "device": "gpu", "nd_range": {"device_start": 1585578656.1354449, "device_end": 1585578656.135655}, "cmdq": 0, "read": {"device_start": -1, "device_end": -1}}, "FFC_sans_bias33": {"write": {"device_start": -1, "host_queued_start": 1585578721.292459, "device_queued": -1, "device_end": -1, "host_queued_end": 1585578721.302203}, "device": "gpu", "nd_range": {"device_start": 1585578656.1378865, "device_end": 1585578656.1384819}, "cmdq": 0, "read": {"device_start": -1, "device_end": -1}}, "FFC_sans_bias63": {"write": {"device_start": 1585578656.1288643, "host_queued_start": 1585578721.284165, "device_queued": 1585578656.1131628, "device_end": 1585578656.1288939, "host_queued_end": 1585578721.302203}, "device": "gpu", "nd_range": {"device_start": 1585578656.1289008, "device_end": 1585578656.1294966}, "cmdq": 0, "read": {"device_start": -1, "device_end": -1}}, "FFC_sans_bias49": {"write": {"device_start": -1, "host_queued_start": 1585578721.288493, "device_queued": -1, "device_end": -1, "host_queued_end": 1585578721.302203}, "device": "gpu", "nd_range": {"device_start": 1585578656.1325748, "device_end": 1585578656.1331756}, "cmdq": 0, "read": {"device_start": -1, "device_end": -1}}, "FFC_sans_bias64": {"write": {"device_start": 1585578656.127361, "host_queued_start": 1585578721.282082, "device_queued": 1585578656.1129692, "device_end": 1585578656.12739, "host_queued_end": 1585578721.302203}, "device": "gpu", "nd_range": {"device_start": 1585578656.1273997, "device_end": 1585578656.1279986}, "cmdq": 0, "read": {"device_start": -1, "device_end": -1}}, "FFC_sans_bias65": {"write": {"device_start": 1585578656.1281157, "host_queued_start": 1585578721.283136, "device_queued": 1585578656.1131072, "device_end": 1585578656.1281388, "host_queued_end": 1585578721.302203}, "device": "gpu", "nd_range": {"device_start": 1585578656.1281478, "device_end": 1585578656.1287475}, "cmdq": 0, "read": {"device_start": -1, "device_end": -1}}, "FFC_sans_bias67": {"write": {"device_start": -1, "host_queued_start": 1585578721.289136, "device_queued": -1, "device_end": -1, "host_queued_end": 1585578721.302203}, "device": "gpu", "nd_range": {"device_start": 1585578656.1337793, "device_end": 1585578656.1343842}, "cmdq": 0, "read": {"device_start": -1, "device_end": -1}}, "FFC_sans_bias24": {"write": {"device_start": -1, "host_queued_start": 1585578721.292134, "device_queued": -1, "device_end": -1, "host_queued_end": 1585578721.302203}, "device": "gpu", "nd_range": {"device_start": 1585578656.1372843, "device_end": 1585578656.1378856}, "cmdq": 0, "read": {"device_start": -1, "device_end": -1}}, "FFC_sans_bias25": {"write": {"device_start": 1585578656.142671, "host_queued_start": 1585578721.296881, "device_queued": 1585578656.1148982, "device_end": 1585578656.1427, "host_queued_end": 1585578721.302203}, "device": "gpu", "nd_range": {"device_start": 1585578656.1427023, "device_end": 1585578656.1432996}, "cmdq": 0, "read": {"device_start": 1585578656.1433082, "device_end": 1585578656.1433303}}, "FFC_sans_bias27": {"write": {"device_start": 1585578656.1183772, "host_queued_start": 1585578721.2696, "device_queued": 1585578656.1118376, "device_end": 1585578656.1184013, "host_queued_end": 1585578721.302203}, "device": "gpu", "nd_range": {"device_start": 1585578656.1184077, "device_end": 1585578656.1190045}, "cmdq": 0, "read": {"device_start": -1, "device_end": -1}}, "FFC_sans_bias20": {"write": {"device_start": 1585578656.1176453, "host_queued_start": 1585578721.268569, "device_queued": 1585578656.111782, "device_end": 1585578656.1176689, "host_queued_end": 1585578721.302203}, "device": "gpu", "nd_range": {"device_start": 1585578656.1176755, "device_end": 1585578656.1182764}, "cmdq": 0, "read": {"device_start": -1, "device_end": -1}}, "FFC_sans_bias22": {"write": {"device_start": -1, "host_queued_start": 1585578721.287548, "device_queued": -1, "device_end": -1, "host_queued_end": 1585578721.302203}, "device": "gpu", "nd_range": {"device_start": 1585578656.1307716, "device_end": 1585578656.1313713}, "cmdq": 0, "read": {"device_start": -1, "device_end": -1}}, "softmax68": {"write": {"device_start": -1, "host_queued_start": 1585578721.291108, "device_queued": -1, "device_end": -1, "host_queued_end": 1585578721.302203}, "device": "gpu", "nd_range": {"device_start": 1585578656.1358712, "device_end": 1585578656.1360812}, "cmdq": 0, "read": {"device_start": -1, "device_end": -1}}, "softmax5": {"write": {"device_start": -1, "host_queued_start": 1585578721.289384, "device_queued": -1, "device_end": -1, "host_queued_end": 1585578721.302203}, "device": "gpu", "nd_range": {"device_start": 1585578656.1343853, "device_end": 1585578656.134598}, "cmdq": 0, "read": {"device_start": -1, "device_end": -1}}, "FFC_sans_bias28": {"write": {"device_start": 1585578656.119098, "host_queued_start": 1585578721.27066, "device_queued": 1585578656.1119637, "device_end": 1585578656.1191275, "host_queued_end": 1585578721.302203}, "device": "gpu", "nd_range": {"device_start": 1585578656.119135, "device_end": 1585578656.1197364}, "cmdq": 0, "read": {"device_start": -1, "device_end": -1}}, "FFC_sans_bias29": {"write": {"device_start": 1585578656.1198704, "host_queued_start": 1585578721.271694, "device_queued": 1585578656.1119988, "device_end": 1585578656.1199002, "host_queued_end": 1585578721.302203}, "device": "gpu", "nd_range": {"device_start": 1585578656.119907, "device_end": 1585578656.1204932}, "cmdq": 0, "read": {"device_start": -1, "device_end": -1}}, "empty17": {"write": {"device_start": 1585578656.1103184, "host_queued_start": 1585578721.254118, "device_queued": 1585578656.1102183, "device_end": 1585578656.1103475, "host_queued_end": 1585578721.302203}, "device": "gpu", "nd_range": {"device_start": 1585578656.110357, "device_end": 1585578656.1103604}, "cmdq": 0, "read": {"device_start": -1, "device_end": -1}}, "softmax59": {"write": {"device_start": -1, "host_queued_start": 1585578721.290866, "device_queued": -1, "device_end": -1, "host_queued_end": 1585578721.302203}, "device": "gpu", "nd_range": {"device_start": 1585578656.135656, "device_end": 1585578656.1358697}, "cmdq": 0, "read": {"device_start": -1, "device_end": -1}}, "empty71": {"write": {"device_start": 1585578656.111411, "host_queued_start": 1585578721.259021, "device_queued": 1585578656.1106732, "device_end": 1585578656.1114397, "host_queued_end": 1585578721.302203}, "device": "gpu", "nd_range": {"device_start": 1585578656.1114485, "device_end": 1585578656.111452}, "cmdq": 0, "read": {"device_start": -1, "device_end": -1}}, "empty35": {"write": {"device_start": 1585578656.1106591, "host_queued_start": 1585578721.255768, "device_queued": 1585578656.1103108, "device_end": 1585578656.1106837, "host_queued_end": 1585578721.302203}, "device": "gpu", "nd_range": {"device_start": 1585578656.1106882, "device_end": 1585578656.1106913}, "cmdq": 0, "read": {"device_start": -1, "device_end": -1}}, "empty53": {"write": {"device_start": 1585578656.1110973, "host_queued_start": 1585578721.257379, "device_queued": 1585578656.1106, "device_end": 1585578656.1111217, "host_queued_end": 1585578721.302203}, "device": "gpu", "nd_range": {"device_start": 1585578656.11113, "device_end": 1585578656.1111336}, "cmdq": 0, "read": {"device_start": -1, "device_end": -1}}, "FFC_sans_bias46": {"write": {"device_start": 1585578656.1235874, "host_queued_start": 1585578721.276901, "device_queued": 1585578656.1125405, "device_end": 1585578656.1236167, "host_queued_end": 1585578721.302203}, "device": "gpu", "nd_range": {"device_start": 1585578656.1236262, "device_end": 1585578656.124225}, "cmdq": 0, "read": {"device_start": -1, "device_end": -1}}, "coalesced_transpose66": {"write": {"device_start": -1, "host_queued_start": 1585578721.2866, "device_queued": -1, "device_end": -1, "host_queued_end": 1585578721.302203}, "device": "gpu", "nd_range": {"device_start": 1585578656.129565, "device_end": 1585578656.129574}, "cmdq": 0, "read": {"device_start": -1, "device_end": -1}}, "coalesced_transpose48": {"write": {"device_start": -1, "host_queued_start": 1585578721.286, "device_queued": -1, "device_end": -1, "host_queued_end": 1585578721.302203}, "device": "gpu", "nd_range": {"device_start": 1585578656.129546, "device_end": 1585578656.1295543}, "cmdq": 0, "read": {"device_start": -1, "device_end": -1}}}