{"FFC_sans_bias60": {"write": {"device_start": -1, "host_queued_start": 1585579035.067271, "device_queued": -1, "device_end": -1, "host_queued_end": 1585579035.071837}, "device": "gpu", "nd_range": {"device_start": 1585578969.8799498, "device_end": 1585578969.8812394}, "cmdq": 2, "read": {"device_start": -1, "device_end": -1}}, "FFC_sans_bias4": {"write": {"device_start": -1, "host_queued_start": 1585579035.091397, "device_queued": -1, "device_end": -1, "host_queued_end": 1585579035.099142}, "device": "cpu", "nd_range": {"device_start": 2246809.341609339, "device_end": 2246809.351211342}, "cmdq": 0, "read": {"device_start": -1, "device_end": -1}}, "FFC_sans_bias7": {"write": {"device_start": -1, "host_queued_start": 1585579035.096006, "device_queued": -1, "device_end": -1, "host_queued_end": 1585579035.099142}, "device": "cpu", "nd_range": {"device_start": 2246809.3796448233, "device_end": 2246809.390392085}, "cmdq": 0, "read": {"device_start": -1, "device_end": -1}}, "FFC_sans_bias6": {"write": {"device_start": -1, "host_queued_start": 1585579035.093876, "device_queued": -1, "device_end": -1, "host_queued_end": 1585579035.099142}, "device": "cpu", "nd_range": {"device_start": 2246809.360707203, "device_end": 2246809.3729226133}, "cmdq": 0, "read": {"device_start": -1, "device_end": -1}}, "FFC_sans_bias1": {"write": {"device_start": -1, "host_queued_start": 1585579035.078685, "device_queued": -1, "device_end": -1, "host_queued_end": 1585579035.099142}, "device": "cpu", "nd_range": {"device_start": 2246809.288748221, "device_end": 2246809.2967136293}, "cmdq": 1, "read": {"device_start": -1, "device_end": -1}}, "FFC_sans_bias0": {"write": {"device_start": -1, "host_queued_start": 1585579035.077618, "device_queued": -1, "device_end": -1, "host_queued_end": 1585579035.099142}, "device": "cpu", "nd_range": {"device_start": 2246809.2887550723, "device_end": 2246809.297704998}, "cmdq": 0, "read": {"device_start": -1, "device_end": -1}}, "FFC_sans_bias2": {"write": {"device_start": -1, "host_queued_start": 1585579035.079737, "device_queued": -1, "device_end": -1, "host_queued_end": 1585579035.099142}, "device": "cpu", "nd_range": {"device_start": 2246809.298705163, "device_end": 2246809.30628425}, "cmdq": 0, "read": {"device_start": -1, "device_end": -1}}, "FFC_sans_bias61": {"write": {"device_start": 1585578969.88137, "host_queued_start": 1585579035.0707, "device_queued": 1585578969.874172, "device_end": 1585578969.8813953, "host_queued_end": 1585579035.071837}, "device": "gpu", "nd_range": {"device_start": 1585578969.8814023, "device_end": 1585578969.8831391}, "cmdq": 2, "read": {"device_start": 1585578969.8831458, "device_end": 1585578969.8831692}}, "FFC_sans_bias52": {"write": {"device_start": 1585578969.8804, "host_queued_start": 1585579035.069656, "device_queued": 1585578969.8741496, "device_end": 1585578969.8804321, "host_queued_end": 1585579035.071837}, "device": "gpu", "nd_range": {"device_start": 1585578969.8804379, "device_end": 1585578969.8817189}, "cmdq": 1, "read": {"device_start": 1585578969.88172, "device_end": 1585578969.881745}}, "FFC_sans_bias9": {"write": {"device_start": -1, "host_queued_start": 1585579035.080784, "device_queued": -1, "device_end": -1, "host_queued_end": 1585579035.099142}, "device": "cpu", "nd_range": {"device_start": 2246809.296737708, "device_end": 2246809.3033880433}, "cmdq": 1, "read": {"device_start": -1, "device_end": -1}}, "coalesced_transpose39": {"write": {"device_start": -1, "host_queued_start": 1585579035.063162, "device_queued": -1, "device_end": -1, "host_queued_end": 1585579035.071837}, "device": "gpu", "nd_range": {"device_start": 1585578969.8763394, "device_end": 1585578969.8776913}, "cmdq": 0, "read": {"device_start": -1, "device_end": -1}}, "FFC_sans_bias55": {"write": {"device_start": 1585578969.87453, "host_queued_start": 1585579035.059683, "device_queued": 1585578969.8727598, "device_end": 1585578969.874561, "host_queued_end": 1585579035.071837}, "device": "gpu", "nd_range": {"device_start": 1585578969.874572, "device_end": 1585578969.8763382}, "cmdq": 0, "read": {"device_start": -1, "device_end": -1}}, "FFC_sans_bias54": {"write": {"device_start": 1585578969.8740282, "host_queued_start": 1585579035.058655, "device_queued": 1585578969.8724794, "device_end": 1585578969.8740594, "host_queued_end": 1585579035.071837}, "device": "gpu", "nd_range": {"device_start": 1585578969.8740628, "device_end": 1585578969.875896}, "cmdq": 3, "read": {"device_start": -1, "device_end": -1}}, "FFC_sans_bias56": {"write": {"device_start": 1585578969.8736017, "host_queued_start": 1585579035.057585, "device_queued": 1585578969.8723564, "device_end": 1585578969.8736331, "host_queued_end": 1585579035.071837}, "device": "gpu", "nd_range": {"device_start": 1585578969.8736405, "device_end": 1585578969.875373}, "cmdq": 2, "read": {"device_start": -1, "device_end": -1}}, "FFC_sans_bias51": {"write": {"device_start": -1, "host_queued_start": 1585579035.066957, "device_queued": -1, "device_end": -1, "host_queued_end": 1585579035.071837}, "device": "gpu", "nd_range": {"device_start": 1585578969.879626, "device_end": 1585578969.880263}, "cmdq": 1, "read": {"device_start": -1, "device_end": -1}}, "softmax23": {"write": {"device_start": -1, "host_queued_start": 1585579035.093276, "device_queued": -1, "device_end": -1, "host_queued_end": 1585579035.099142}, "device": "cpu", "nd_range": {"device_start": 2246809.3603935083, "device_end": 2246809.36060191}, "cmdq": 0, "read": {"device_start": -1, "device_end": -1}}, "FFC_sans_bias37": {"write": {"device_start": 1585578969.8719218, "host_queued_start": 1585579035.05216, "device_queued": 1585578969.871774, "device_end": 1585578969.8719923, "host_queued_end": 1585579035.071837}, "device": "gpu", "nd_range": {"device_start": 1585578969.8721054, "device_end": 1585578969.8729115}, "cmdq": 1, "read": {"device_start": -1, "device_end": -1}}, "empty62": {"write": {"device_start": 1585578969.8715286, "host_queued_start": 1585579035.049211, "device_queued": 1585578969.8713598, "device_end": 1585578969.8715808, "host_queued_end": 1585579035.071837}, "device": "gpu", "nd_range": {"device_start": 1585578969.8715906, "device_end": 1585578969.871595}, "cmdq": 2, "read": {"device_start": -1, "device_end": -1}}, "FFC_sans_bias70": {"write": {"device_start": 1585578969.8828032, "host_queued_start": 1585579035.071734, "device_queued": 1585578969.8743014, "device_end": 1585578969.8828351, "host_queued_end": 1585579035.071837}, "device": "gpu", "nd_range": {"device_start": 1585578969.8828392, "device_end": 1585578969.8835962}, "cmdq": 3, "read": {"device_start": 1585578969.883599, "device_end": 1585578969.8836215}}, "FFC_sans_bias58": {"write": {"device_start": -1, "host_queued_start": 1585579035.065001, "device_queued": -1, "device_end": -1, "host_queued_end": 1585579035.071837}, "device": "gpu", "nd_range": {"device_start": 1585578969.8777094, "device_end": 1585578969.8792799}, "cmdq": 2, "read": {"device_start": -1, "device_end": -1}}, "softmax41": {"write": {"device_start": -1, "host_queued_start": 1585579035.065559, "device_queued": -1, "device_end": -1, "host_queued_end": 1585579035.071837}, "device": "gpu", "nd_range": {"device_start": 1585578969.8783038, "device_end": 1585578969.879644}, "cmdq": 0, "read": {"device_start": -1, "device_end": -1}}, "FFC_sans_bias11": {"write": {"device_start": -1, "host_queued_start": 1585579035.083176, "device_queued": -1, "device_end": -1, "host_queued_end": 1585579035.099142}, "device": "cpu", "nd_range": {"device_start": 2246809.303522862, "device_end": 2246809.3111254224}, "cmdq": 1, "read": {"device_start": -1, "device_end": -1}}, "FFC_sans_bias10": {"write": {"device_start": -1, "host_queued_start": 1585579035.081951, "device_queued": -1, "device_end": -1, "host_queued_end": 1585579035.099142}, "device": "cpu", "nd_range": {"device_start": 2246809.3064164203, "device_end": 2246809.315247849}, "cmdq": 0, "read": {"device_start": -1, "device_end": -1}}, "coalesced_transpose3": {"write": {"device_start": -1, "host_queued_start": 1585579035.089958, "device_queued": -1, "device_end": -1, "host_queued_end": 1585579035.099142}, "device": "cpu", "nd_range": {"device_start": 2246809.340875587, "device_end": 2246809.341042083}, "cmdq": 0, "read": {"device_start": -1, "device_end": -1}}, "FFC_sans_bias34": {"write": {"device_start": -1, "host_queued_start": 1585579035.099097, "device_queued": -1, "device_end": -1, "host_queued_end": 1585579035.099142}, "device": "cpu", "nd_range": {"device_start": 2246809.38324083, "device_end": 2246809.391575845}, "cmdq": 1, "read": {"device_start": -1, "device_end": -1}}, "FFC_sans_bias15": {"write": {"device_start": -1, "host_queued_start": 1585579035.094215, "device_queued": -1, "device_end": -1, "host_queued_end": 1585579035.099142}, "device": "cpu", "nd_range": {"device_start": 2246809.357510942, "device_end": 2246809.3656742093}, "cmdq": 1, "read": {"device_start": -1, "device_end": -1}}, "FFC_sans_bias31": {"write": {"device_start": -1, "host_queued_start": 1585579035.092428, "device_queued": -1, "device_end": -1, "host_queued_end": 1585579035.099142}, "device": "cpu", "nd_range": {"device_start": 2246809.349808689, "device_end": 2246809.356750923}, "cmdq": 1, "read": {"device_start": -1, "device_end": -1}}, "FFC_sans_bias16": {"write": {"device_start": -1, "host_queued_start": 1585579035.097069, "device_queued": -1, "device_end": -1, "host_queued_end": 1585579035.099142}, "device": "cpu", "nd_range": {"device_start": 2246809.374114953, "device_end": 2246809.3832350443}, "cmdq": 1, "read": {"device_start": -1, "device_end": -1}}, "FFC_sans_bias19": {"write": {"device_start": -1, "host_queued_start": 1585579035.085433, "device_queued": -1, "device_end": -1, "host_queued_end": 1585579035.099142}, "device": "cpu", "nd_range": {"device_start": 2246809.311244206, "device_end": 2246809.319360529}, "cmdq": 1, "read": {"device_start": -1, "device_end": -1}}, "FFC_sans_bias18": {"write": {"device_start": -1, "host_queued_start": 1585579035.084316, "device_queued": -1, "device_end": -1, "host_queued_end": 1585579035.099142}, "device": "cpu", "nd_range": {"device_start": 2246809.3153665, "device_end": 2246809.3248721203}, "cmdq": 0, "read": {"device_start": -1, "device_end": -1}}, "coalesced_transpose30": {"write": {"device_start": -1, "host_queued_start": 1585579035.091057, "device_queued": -1, "device_end": -1, "host_queued_end": 1585579035.099142}, "device": "cpu", "nd_range": {"device_start": 2246809.340883506, "device_end": 2246809.341065965}, "cmdq": 1, "read": {"device_start": -1, "device_end": -1}}, "FFC_sans_bias69": {"write": {"device_start": -1, "host_queued_start": 1585579035.067584, "device_queued": -1, "device_end": -1, "host_queued_end": 1585579035.071837}, "device": "gpu", "nd_range": {"device_start": 1585578969.8809094, "device_end": 1585578969.8826835}, "cmdq": 3, "read": {"device_start": -1, "device_end": -1}}, "FFC_sans_bias38": {"write": {"device_start": 1585578969.8720171, "host_queued_start": 1585579035.053195, "device_queued": 1585578969.8718066, "device_end": 1585578969.872047, "host_queued_end": 1585579035.071837}, "device": "gpu", "nd_range": {"device_start": 1585578969.8721306, "device_end": 1585578969.8734746}, "cmdq": 2, "read": {"device_start": -1, "device_end": -1}}, "coalesced_transpose57": {"write": {"device_start": -1, "host_queued_start": 1585579035.063763, "device_queued": -1, "device_end": -1, "host_queued_end": 1585579035.071837}, "device": "gpu", "nd_range": {"device_start": 1585578969.8773224, "device_end": 1585578969.8777084}, "cmdq": 2, "read": {"device_start": -1, "device_end": -1}}, "empty26": {"write": {"device_start": -1, "host_queued_start": 1585579035.075591, "device_queued": -1, "device_end": -1, "host_queued_end": 1585579035.099142}, "device": "cpu", "nd_range": {"device_start": 2246809.2887478443, "device_end": 2246809.2887489493}, "cmdq": 0, "read": {"device_start": -1, "device_end": -1}}, "coalesced_transpose12": {"write": {"device_start": -1, "host_queued_start": 1585579035.090293, "device_queued": -1, "device_end": -1, "host_queued_end": 1585579035.099142}, "device": "cpu", "nd_range": {"device_start": 2246809.3396392004, "device_end": 2246809.339895416}, "cmdq": 1, "read": {"device_start": -1, "device_end": -1}}, "empty44": {"write": {"device_start": 1585578969.8713229, "host_queued_start": 1585579035.047279, "device_queued": 1585578969.8712058, "device_end": 1585578969.8713586, "host_queued_end": 1585579035.071837}, "device": "gpu", "nd_range": {"device_start": 1585578969.8713677, "device_end": 1585578969.8713737}, "cmdq": 0, "read": {"device_start": -1, "device_end": -1}}, "coalesced_transpose21": {"write": {"device_start": -1, "host_queued_start": 1585579035.090727, "device_queued": -1, "device_end": -1, "host_queued_end": 1585579035.099142}, "device": "cpu", "nd_range": {"device_start": 2246809.341258698, "device_end": 2246809.341501288}, "cmdq": 0, "read": {"device_start": -1, "device_end": -1}}, "FFC_sans_bias36": {"write": {"device_start": 1585578969.8718116, "host_queued_start": 1585579035.051119, "device_queued": 1585578969.871716, "device_end": 1585578969.8718808, "host_queued_end": 1585579035.071837}, "device": "gpu", "nd_range": {"device_start": 1585578969.8718987, "device_end": 1585578969.872502}, "cmdq": 0, "read": {"device_start": -1, "device_end": -1}}, "softmax14": {"write": {"device_start": -1, "host_queued_start": 1585579035.093, "device_queued": -1, "device_end": -1, "host_queued_end": 1585579035.099142}, "device": "cpu", "nd_range": {"device_start": 2246809.3568726103, "device_end": 2246809.357089627}, "cmdq": 1, "read": {"device_start": -1, "device_end": -1}}, "FFC_sans_bias13": {"write": {"device_start": -1, "host_queued_start": 1585579035.091743, "device_queued": -1, "device_end": -1, "host_queued_end": 1585579035.099142}, "device": "cpu", "nd_range": {"device_start": 2246809.341096425, "device_end": 2246809.349675497}, "cmdq": 1, "read": {"device_start": -1, "device_end": -1}}, "empty8": {"write": {"device_start": -1, "host_queued_start": 1585579035.073376, "device_queued": -1, "device_end": -1, "host_queued_end": 1585579035.099142}, "device": "cpu", "nd_range": {"device_start": 2246809.288740244, "device_end": 2246809.288741242}, "cmdq": 0, "read": {"device_start": -1, "device_end": -1}}, "FFC_sans_bias42": {"write": {"device_start": -1, "host_queued_start": 1585579035.066641, "device_queued": -1, "device_end": -1, "host_queued_end": 1585579035.071837}, "device": "gpu", "nd_range": {"device_start": 1585578969.879645, "device_end": 1585578969.8807197}, "cmdq": 0, "read": {"device_start": -1, "device_end": -1}}, "FFC_sans_bias43": {"write": {"device_start": 1585578969.8808482, "host_queued_start": 1585579035.068601, "device_queued": 1585578969.8740852, "device_end": 1585578969.8808863, "host_queued_end": 1585579035.071837}, "device": "gpu", "nd_range": {"device_start": 1585578969.8808906, "device_end": 1585578969.882186}, "cmdq": 0, "read": {"device_start": 1585578969.8821883, "device_end": 1585578969.8822124}}, "FFC_sans_bias40": {"write": {"device_start": -1, "host_queued_start": 1585579035.064376, "device_queued": -1, "device_end": -1, "host_queued_end": 1585579035.071837}, "device": "gpu", "nd_range": {"device_start": 1585578969.8776922, "device_end": 1585578969.8783028}, "cmdq": 0, "read": {"device_start": -1, "device_end": -1}}, "softmax32": {"write": {"device_start": -1, "host_queued_start": 1585579035.093545, "device_queued": -1, "device_end": -1, "host_queued_end": 1585579035.099142}, "device": "cpu", "nd_range": {"device_start": 2246809.357198162, "device_end": 2246809.357401921}, "cmdq": 1, "read": {"device_start": -1, "device_end": -1}}, "FFC_sans_bias47": {"write": {"device_start": 1585578969.873087, "host_queued_start": 1585579035.056352, "device_queued": 1585578969.8723416, "device_end": 1585578969.8731174, "host_queued_end": 1585579035.071837}, "device": "gpu", "nd_range": {"device_start": 1585578969.8731227, "device_end": 1585578969.874903}, "cmdq": 1, "read": {"device_start": -1, "device_end": -1}}, "FFC_sans_bias45": {"write": {"device_start": 1585578969.8721638, "host_queued_start": 1585579035.054227, "device_queued": 1585578969.8720636, "device_end": 1585578969.8721962, "host_queued_end": 1585579035.071837}, "device": "gpu", "nd_range": {"device_start": 1585578969.8722005, "device_end": 1585578969.8739016}, "cmdq": 3, "read": {"device_start": -1, "device_end": -1}}, "softmax50": {"write": {"device_start": -1, "host_queued_start": 1585579035.065799, "device_queued": -1, "device_end": -1, "host_queued_end": 1585579035.071837}, "device": "gpu", "nd_range": {"device_start": 1585578969.878773, "device_end": 1585578969.879625}, "cmdq": 1, "read": {"device_start": -1, "device_end": -1}}, "FFC_sans_bias33": {"write": {"device_start": -1, "host_queued_start": 1585579035.094944, "device_queued": -1, "device_end": -1, "host_queued_end": 1585579035.099142}, "device": "cpu", "nd_range": {"device_start": 2246809.365786026, "device_end": 2246809.374006757}, "cmdq": 1, "read": {"device_start": -1, "device_end": -1}}, "FFC_sans_bias63": {"write": {"device_start": 1585578969.8760126, "host_queued_start": 1585579035.062843, "device_queued": 1585578969.8729815, "device_end": 1585578969.8760455, "host_queued_end": 1585579035.071837}, "device": "gpu", "nd_range": {"device_start": 1585578969.876051, "device_end": 1585578969.877848}, "cmdq": 3, "read": {"device_start": -1, "device_end": -1}}, "FFC_sans_bias49": {"write": {"device_start": -1, "host_queued_start": 1585579035.064685, "device_queued": -1, "device_end": -1, "host_queued_end": 1585579035.071837}, "device": "gpu", "nd_range": {"device_start": 1585578969.8776968, "device_end": 1585578969.8787718}, "cmdq": 1, "read": {"device_start": -1, "device_end": -1}}, "FFC_sans_bias64": {"write": {"device_start": 1585578969.875034, "host_queued_start": 1585579035.060713, "device_queued": 1585578969.8728173, "device_end": 1585578969.8750715, "host_queued_end": 1585579035.071837}, "device": "gpu", "nd_range": {"device_start": 1585578969.8750792, "device_end": 1585578969.8768737}, "cmdq": 1, "read": {"device_start": -1, "device_end": -1}}, "FFC_sans_bias65": {"write": {"device_start": 1585578969.8754609, "host_queued_start": 1585579035.061746, "device_queued": 1585578969.8728404, "device_end": 1585578969.8754873, "host_queued_end": 1585579035.071837}, "device": "gpu", "nd_range": {"device_start": 1585578969.875492, "device_end": 1585578969.877316}, "cmdq": 2, "read": {"device_start": -1, "device_end": -1}}, "FFC_sans_bias67": {"write": {"device_start": -1, "host_queued_start": 1585579035.065312, "device_queued": -1, "device_end": -1, "host_queued_end": 1585579035.071837}, "device": "gpu", "nd_range": {"device_start": 1585578969.8791106, "device_end": 1585578969.8797271}, "cmdq": 3, "read": {"device_start": -1, "device_end": -1}}, "FFC_sans_bias24": {"write": {"device_start": -1, "host_queued_start": 1585579035.094553, "device_queued": -1, "device_end": -1, "host_queued_end": 1585579035.099142}, "device": "cpu", "nd_range": {"device_start": 2246809.372930127, "device_end": 2246809.3796383003}, "cmdq": 0, "read": {"device_start": -1, "device_end": -1}}, "FFC_sans_bias25": {"write": {"device_start": -1, "host_queued_start": 1585579035.098059, "device_queued": -1, "device_end": -1, "host_queued_end": 1585579035.099142}, "device": "cpu", "nd_range": {"device_start": 2246809.390395794, "device_end": 2246809.394496101}, "cmdq": 0, "read": {"device_start": -1, "device_end": -1}}, "FFC_sans_bias27": {"write": {"device_start": -1, "host_queued_start": 1585579035.087536, "device_queued": -1, "device_end": -1, "host_queued_end": 1585579035.099142}, "device": "cpu", "nd_range": {"device_start": 2246809.3193679303, "device_end": 2246809.327966817}, "cmdq": 1, "read": {"device_start": -1, "device_end": -1}}, "FFC_sans_bias20": {"write": {"device_start": -1, "host_queued_start": 1585579035.086476, "device_queued": -1, "device_end": -1, "host_queued_end": 1585579035.099142}, "device": "cpu", "nd_range": {"device_start": 2246809.32488055, "device_end": 2246809.334924616}, "cmdq": 0, "read": {"device_start": -1, "device_end": -1}}, "FFC_sans_bias22": {"write": {"device_start": -1, "host_queued_start": 1585579035.092087, "device_queued": -1, "device_end": -1, "host_queued_end": 1585579035.099142}, "device": "cpu", "nd_range": {"device_start": 2246809.351328868, "device_end": 2246809.359955628}, "cmdq": 0, "read": {"device_start": -1, "device_end": -1}}, "softmax68": {"write": {"device_start": -1, "host_queued_start": 1585579035.066309, "device_queued": -1, "device_end": -1, "host_queued_end": 1585579035.071837}, "device": "gpu", "nd_range": {"device_start": 1585578969.8797283, "device_end": 1585578969.8809085}, "cmdq": 3, "read": {"device_start": -1, "device_end": -1}}, "softmax5": {"write": {"device_start": -1, "host_queued_start": 1585579035.092727, "device_queued": -1, "device_end": -1, "host_queued_end": 1585579035.099142}, "device": "cpu", "nd_range": {"device_start": 2246809.3600706593, "device_end": 2246809.360284903}, "cmdq": 0, "read": {"device_start": -1, "device_end": -1}}, "FFC_sans_bias28": {"write": {"device_start": -1, "host_queued_start": 1585579035.088577, "device_queued": -1, "device_end": -1, "host_queued_end": 1585579035.099142}, "device": "cpu", "nd_range": {"device_start": 2246809.334930765, "device_end": 2246809.3407367}, "cmdq": 0, "read": {"device_start": -1, "device_end": -1}}, "FFC_sans_bias29": {"write": {"device_start": -1, "host_queued_start": 1585579035.089624, "device_queued": -1, "device_end": -1, "host_queued_end": 1585579035.099142}, "device": "cpu", "nd_range": {"device_start": 2246809.328092384, "device_end": 2246809.3395264833}, "cmdq": 1, "read": {"device_start": -1, "device_end": -1}}, "empty17": {"write": {"device_start": -1, "host_queued_start": 1585579035.074496, "device_queued": -1, "device_end": -1, "host_queued_end": 1585579035.099142}, "device": "cpu", "nd_range": {"device_start": 2246809.288701725, "device_end": 2246809.2887129514}, "cmdq": 1, "read": {"device_start": -1, "device_end": -1}}, "softmax59": {"write": {"device_start": -1, "host_queued_start": 1585579035.066049, "device_queued": -1, "device_end": -1, "host_queued_end": 1585579035.071837}, "device": "gpu", "nd_range": {"device_start": 1585578969.879281, "device_end": 1585578969.8799489}, "cmdq": 2, "read": {"device_start": -1, "device_end": -1}}, "empty71": {"write": {"device_start": 1585578969.8716302, "host_queued_start": 1585579035.05007, "device_queued": 1585578969.8713865, "device_end": 1585578969.8716545, "host_queued_end": 1585579035.071837}, "device": "gpu", "nd_range": {"device_start": 1585578969.8716574, "device_end": 1585578969.8716662}, "cmdq": 3, "read": {"device_start": -1, "device_end": -1}}, "empty35": {"write": {"device_start": -1, "host_queued_start": 1585579035.07657, "device_queued": -1, "device_end": -1, "host_queued_end": 1585579035.099142}, "device": "cpu", "nd_range": {"device_start": 2246809.288732294, "device_end": 2246809.288733602}, "cmdq": 1, "read": {"device_start": -1, "device_end": -1}}, "empty53": {"write": {"device_start": 1585578969.8714225, "host_queued_start": 1585579035.048349, "device_queued": 1585578969.8713233, "device_end": 1585578969.871475, "host_queued_end": 1585579035.071837}, "device": "gpu", "nd_range": {"device_start": 1585578969.8714864, "device_end": 1585578969.871499}, "cmdq": 1, "read": {"device_start": -1, "device_end": -1}}, "FFC_sans_bias46": {"write": {"device_start": 1585578969.872599, "host_queued_start": 1585579035.055304, "device_queued": 1585578969.8722928, "device_end": 1585578969.8726287, "host_queued_end": 1585579035.071837}, "device": "gpu", "nd_range": {"device_start": 1585578969.872634, "device_end": 1585578969.87443}, "cmdq": 0, "read": {"device_start": -1, "device_end": -1}}, "coalesced_transpose66": {"write": {"device_start": -1, "host_queued_start": 1585579035.064057, "device_queued": -1, "device_end": -1, "host_queued_end": 1585579035.071837}, "device": "gpu", "nd_range": {"device_start": 1585578969.877856, "device_end": 1585578969.8791091}, "cmdq": 3, "read": {"device_start": -1, "device_end": -1}}, "coalesced_transpose48": {"write": {"device_start": -1, "host_queued_start": 1585579035.063464, "device_queued": -1, "device_end": -1, "host_queued_end": 1585579035.071837}, "device": "gpu", "nd_range": {"device_start": 1585578969.8768764, "device_end": 1585578969.8776953}, "cmdq": 1, "read": {"device_start": -1, "device_end": -1}}}