{"FFC_sans_bias60": {"write": {"device_start": -1, "host_queued_start": 1585578892.208816, "device_queued": -1, "device_end": -1, "host_queued_end": 1585578892.215949}, "device": "cpu", "nd_range": {"device_start": 2246666.5616215724, "device_end": 2246666.565954665}, "cmdq": 0, "read": {"device_start": -1, "device_end": -1}}, "FFC_sans_bias4": {"write": {"device_start": -1, "host_queued_start": 1585578892.202234, "device_queued": -1, "device_end": -1, "host_queued_end": 1585578892.215949}, "device": "cpu", "nd_range": {"device_start": 2246666.501111695, "device_end": 2246666.505576008}, "cmdq": 0, "read": {"device_start": -1, "device_end": -1}}, "FFC_sans_bias7": {"write": {"device_start": -1, "host_queued_start": 1585578892.209891, "device_queued": -1, "device_end": -1, "host_queued_end": 1585578892.215949}, "device": "cpu", "nd_range": {"device_start": 2246666.566073867, "device_end": 2246666.570532638}, "cmdq": 0, "read": {"device_start": -1, "device_end": -1}}, "FFC_sans_bias6": {"write": {"device_start": -1, "host_queued_start": 1585578892.20672, "device_queued": -1, "device_end": -1, "host_queued_end": 1585578892.215949}, "device": "cpu", "nd_range": {"device_start": 2246666.5342656663, "device_end": 2246666.538324666}, "cmdq": 0, "read": {"device_start": -1, "device_end": -1}}, "FFC_sans_bias1": {"write": {"device_start": -1, "host_queued_start": 1585578892.179385, "device_queued": -1, "device_end": -1, "host_queued_end": 1585578892.215949}, "device": "cpu", "nd_range": {"device_start": 2246666.4099218063, "device_end": 2246666.4137658253}, "cmdq": 0, "read": {"device_start": -1, "device_end": -1}}, "FFC_sans_bias0": {"write": {"device_start": -1, "host_queued_start": 1585578892.178307, "device_queued": -1, "device_end": -1, "host_queued_end": 1585578892.215949}, "device": "cpu", "nd_range": {"device_start": 2246666.4056268074, "device_end": 2246666.409802171}, "cmdq": 0, "read": {"device_start": -1, "device_end": -1}}, "FFC_sans_bias2": {"write": {"device_start": -1, "host_queued_start": 1585578892.180434, "device_queued": -1, "device_end": -1, "host_queued_end": 1585578892.215949}, "device": "cpu", "nd_range": {"device_start": 2246666.413908169, "device_end": 2246666.418545938}, "cmdq": 0, "read": {"device_start": -1, "device_end": -1}}, "FFC_sans_bias61": {"write": {"device_start": -1, "host_queued_start": 1585578892.215904, "device_queued": -1, "device_end": -1, "host_queued_end": 1585578892.215949}, "device": "cpu", "nd_range": {"device_start": 2246666.593490873, "device_end": 2246666.598018981}, "cmdq": 0, "read": {"device_start": -1, "device_end": -1}}, "FFC_sans_bias52": {"write": {"device_start": -1, "host_queued_start": 1585578892.214899, "device_queued": -1, "device_end": -1, "host_queued_end": 1585578892.215949}, "device": "cpu", "nd_range": {"device_start": 2246666.588727272, "device_end": 2246666.5934882}, "cmdq": 0, "read": {"device_start": -1, "device_end": -1}}, "FFC_sans_bias9": {"write": {"device_start": -1, "host_queued_start": 1585578892.181481, "device_queued": -1, "device_end": -1, "host_queued_end": 1585578892.215949}, "device": "cpu", "nd_range": {"device_start": 2246666.418551917, "device_end": 2246666.422616492}, "cmdq": 0, "read": {"device_start": -1, "device_end": -1}}, "coalesced_transpose39": {"write": {"device_start": -1, "host_queued_start": 1585578892.201223, "device_queued": -1, "device_end": -1, "host_queued_end": 1585578892.215949}, "device": "cpu", "nd_range": {"device_start": 2246666.500496692, "device_end": 2246666.500596301}, "cmdq": 0, "read": {"device_start": -1, "device_end": -1}}, "FFC_sans_bias55": {"write": {"device_start": -1, "host_queued_start": 1585578892.199549, "device_queued": -1, "device_end": -1, "host_queued_end": 1585578892.215949}, "device": "cpu", "nd_range": {"device_start": 2246666.494987879, "device_end": 2246666.499555815}, "cmdq": 0, "read": {"device_start": -1, "device_end": -1}}, "FFC_sans_bias54": {"write": {"device_start": -1, "host_queued_start": 1585578892.198466, "device_queued": -1, "device_end": -1, "host_queued_end": 1585578892.215949}, "device": "cpu", "nd_range": {"device_start": 2246666.490301285, "device_end": 2246666.494982611}, "cmdq": 0, "read": {"device_start": -1, "device_end": -1}}, "FFC_sans_bias56": {"write": {"device_start": -1, "host_queued_start": 1585578892.197417, "device_queued": -1, "device_end": -1, "host_queued_end": 1585578892.215949}, "device": "cpu", "nd_range": {"device_start": 2246666.4859279473, "device_end": 2246666.49028689}, "cmdq": 0, "read": {"device_start": -1, "device_end": -1}}, "FFC_sans_bias51": {"write": {"device_start": -1, "host_queued_start": 1585578892.208467, "device_queued": -1, "device_end": -1, "host_queued_end": 1585578892.215949}, "device": "cpu", "nd_range": {"device_start": 2246666.5567368823, "device_end": 2246666.561498498}, "cmdq": 0, "read": {"device_start": -1, "device_end": -1}}, "softmax23": {"write": {"device_start": -1, "host_queued_start": 1585578892.205248, "device_queued": -1, "device_end": -1, "host_queued_end": 1585578892.215949}, "device": "cpu", "nd_range": {"device_start": 2246666.5332323234, "device_end": 2246666.5333258}, "cmdq": 0, "read": {"device_start": -1, "device_end": -1}}, "FFC_sans_bias37": {"write": {"device_start": -1, "host_queued_start": 1585578892.192113, "device_queued": -1, "device_end": -1, "host_queued_end": 1585578892.215949}, "device": "cpu", "nd_range": {"device_start": 2246666.463125374, "device_end": 2246666.467778527}, "cmdq": 0, "read": {"device_start": -1, "device_end": -1}}, "empty62": {"write": {"device_start": -1, "host_queued_start": 1585578892.177351, "device_queued": -1, "device_end": -1, "host_queued_end": 1585578892.215949}, "device": "cpu", "nd_range": {"device_start": 2246666.4056208483, "device_end": 2246666.4056216213}, "cmdq": 0, "read": {"device_start": -1, "device_end": -1}}, "FFC_sans_bias70": {"write": {"device_start": 1585578826.9767814, "host_queued_start": 1585578892.170757, "device_queued": 1585578826.9747584, "device_end": 1585578826.9768057, "host_queued_end": 1585578892.170868}, "device": "gpu", "nd_range": {"device_start": 1585578826.977452, "device_end": 1585578826.9780505}, "cmdq": 2, "read": {"device_start": 1585578826.978056, "device_end": 1585578826.9780786}}, "FFC_sans_bias58": {"write": {"device_start": -1, "host_queued_start": 1585578892.204414, "device_queued": -1, "device_end": -1, "host_queued_end": 1585578892.215949}, "device": "cpu", "nd_range": {"device_start": 2246666.52820804, "device_end": 2246666.532748157}, "cmdq": 0, "read": {"device_start": -1, "device_end": -1}}, "softmax41": {"write": {"device_start": -1, "host_queued_start": 1585578892.205796, "device_queued": -1, "device_end": -1, "host_queued_end": 1585578892.215949}, "device": "cpu", "nd_range": {"device_start": 2246666.533653308, "device_end": 2246666.533745741}, "cmdq": 0, "read": {"device_start": -1, "device_end": -1}}, "FFC_sans_bias11": {"write": {"device_start": -1, "host_queued_start": 1585578892.183608, "device_queued": -1, "device_end": -1, "host_queued_end": 1585578892.215949}, "device": "cpu", "nd_range": {"device_start": 2246666.4272802793, "device_end": 2246666.4317112113}, "cmdq": 0, "read": {"device_start": -1, "device_end": -1}}, "FFC_sans_bias10": {"write": {"device_start": -1, "host_queued_start": 1585578892.182526, "device_queued": -1, "device_end": -1, "host_queued_end": 1585578892.215949}, "device": "cpu", "nd_range": {"device_start": 2246666.422622405, "device_end": 2246666.42727525}, "cmdq": 0, "read": {"device_start": -1, "device_end": -1}}, "coalesced_transpose3": {"write": {"device_start": -1, "host_queued_start": 1585578892.199887, "device_queued": -1, "device_end": -1, "host_queued_end": 1585578892.215949}, "device": "cpu", "nd_range": {"device_start": 2246666.499560874, "device_end": 2246666.499733081}, "cmdq": 0, "read": {"device_start": -1, "device_end": -1}}, "FFC_sans_bias34": {"write": {"device_start": -1, "host_queued_start": 1585578892.212875, "device_queued": -1, "device_end": -1, "host_queued_end": 1585578892.215949}, "device": "cpu", "nd_range": {"device_start": 2246666.5798808583, "device_end": 2246666.584416104}, "cmdq": 0, "read": {"device_start": -1, "device_end": -1}}, "FFC_sans_bias15": {"write": {"device_start": -1, "host_queued_start": 1585578892.207071, "device_queued": -1, "device_end": -1, "host_queued_end": 1585578892.215949}, "device": "cpu", "nd_range": {"device_start": 2246666.538330905, "device_end": 2246666.543262396}, "cmdq": 0, "read": {"device_start": -1, "device_end": -1}}, "FFC_sans_bias31": {"write": {"device_start": -1, "host_queued_start": 1585578892.203379, "device_queued": -1, "device_end": -1, "host_queued_end": 1585578892.215949}, "device": "cpu", "nd_range": {"device_start": 2246666.514388538, "device_end": 2246666.51898613}, "cmdq": 0, "read": {"device_start": -1, "device_end": -1}}, "FFC_sans_bias16": {"write": {"device_start": -1, "host_queued_start": 1585578892.210889, "device_queued": -1, "device_end": -1, "host_queued_end": 1585578892.215949}, "device": "cpu", "nd_range": {"device_start": 2246666.57053583, "device_end": 2246666.57510777}, "cmdq": 0, "read": {"device_start": -1, "device_end": -1}}, "FFC_sans_bias19": {"write": {"device_start": -1, "host_queued_start": 1585578892.185699, "device_queued": -1, "device_end": -1, "host_queued_end": 1585578892.215949}, "device": "cpu", "nd_range": {"device_start": 2246666.436240559, "device_end": 2246666.440309856}, "cmdq": 0, "read": {"device_start": -1, "device_end": -1}}, "FFC_sans_bias18": {"write": {"device_start": -1, "host_queued_start": 1585578892.184654, "device_queued": -1, "device_end": -1, "host_queued_end": 1585578892.215949}, "device": "cpu", "nd_range": {"device_start": 2246666.4317171313, "device_end": 2246666.436234448}, "cmdq": 0, "read": {"device_start": -1, "device_end": -1}}, "coalesced_transpose30": {"write": {"device_start": -1, "host_queued_start": 1585578892.200887, "device_queued": -1, "device_end": -1, "host_queued_end": 1585578892.215949}, "device": "cpu", "nd_range": {"device_start": 2246666.500284907, "device_end": 2246666.500384765}, "cmdq": 0, "read": {"device_start": -1, "device_end": -1}}, "FFC_sans_bias69": {"write": {"device_start": -1, "host_queued_start": 1585578892.169694, "device_queued": -1, "device_end": -1, "host_queued_end": 1585578892.170868}, "device": "gpu", "nd_range": {"device_start": 1585578826.9768507, "device_end": 1585578826.9774487}, "cmdq": 1, "read": {"device_start": -1, "device_end": -1}}, "FFC_sans_bias38": {"write": {"device_start": -1, "host_queued_start": 1585578892.193175, "device_queued": -1, "device_end": -1, "host_queued_end": 1585578892.215949}, "device": "cpu", "nd_range": {"device_start": 2246666.467783799, "device_end": 2246666.4720711233}, "cmdq": 0, "read": {"device_start": -1, "device_end": -1}}, "coalesced_transpose57": {"write": {"device_start": -1, "host_queued_start": 1585578892.201887, "device_queued": -1, "device_end": -1, "host_queued_end": 1585578892.215949}, "device": "cpu", "nd_range": {"device_start": 2246666.500911102, "device_end": 2246666.5010061692}, "cmdq": 0, "read": {"device_start": -1, "device_end": -1}}, "empty26": {"write": {"device_start": -1, "host_queued_start": 1585578892.174054, "device_queued": -1, "device_end": -1, "host_queued_end": 1585578892.215949}, "device": "cpu", "nd_range": {"device_start": 2246666.405602659, "device_end": 2246666.40560337}, "cmdq": 0, "read": {"device_start": -1, "device_end": -1}}, "coalesced_transpose12": {"write": {"device_start": -1, "host_queued_start": 1585578892.200221, "device_queued": -1, "device_end": -1, "host_queued_end": 1585578892.215949}, "device": "cpu", "nd_range": {"device_start": 2246666.4998547044, "device_end": 2246666.499956041}, "cmdq": 0, "read": {"device_start": -1, "device_end": -1}}, "empty44": {"write": {"device_start": -1, "host_queued_start": 1585578892.175736, "device_queued": -1, "device_end": -1, "host_queued_end": 1585578892.215949}, "device": "cpu", "nd_range": {"device_start": 2246666.4056119043, "device_end": 2246666.4056124464}, "cmdq": 0, "read": {"device_start": -1, "device_end": -1}}, "coalesced_transpose21": {"write": {"device_start": -1, "host_queued_start": 1585578892.200554, "device_queued": -1, "device_end": -1, "host_queued_end": 1585578892.215949}, "device": "cpu", "nd_range": {"device_start": 2246666.500072801, "device_end": 2246666.500176786}, "cmdq": 0, "read": {"device_start": -1, "device_end": -1}}, "FFC_sans_bias36": {"write": {"device_start": -1, "host_queued_start": 1585578892.191061, "device_queued": -1, "device_end": -1, "host_queued_end": 1585578892.215949}, "device": "cpu", "nd_range": {"device_start": 2246666.458785292, "device_end": 2246666.463120127}, "cmdq": 0, "read": {"device_start": -1, "device_end": -1}}, "softmax14": {"write": {"device_start": -1, "host_queued_start": 1585578892.204971, "device_queued": -1, "device_end": -1, "host_queued_end": 1585578892.215949}, "device": "cpu", "nd_range": {"device_start": 2246666.533020677, "device_end": 2246666.533116103}, "cmdq": 0, "read": {"device_start": -1, "device_end": -1}}, "FFC_sans_bias13": {"write": {"device_start": -1, "host_queued_start": 1585578892.202679, "device_queued": -1, "device_end": -1, "host_queued_end": 1585578892.215949}, "device": "cpu", "nd_range": {"device_start": 2246666.505582508, "device_end": 2246666.509860626}, "cmdq": 0, "read": {"device_start": -1, "device_end": -1}}, "empty8": {"write": {"device_start": -1, "host_queued_start": 1585578892.172329, "device_queued": -1, "device_end": -1, "host_queued_end": 1585578892.215949}, "device": "cpu", "nd_range": {"device_start": 2246666.405565138, "device_end": 2246666.4055759683}, "cmdq": 0, "read": {"device_start": -1, "device_end": -1}}, "FFC_sans_bias42": {"write": {"device_start": -1, "host_queued_start": 1585578892.208124, "device_queued": -1, "device_end": -1, "host_queued_end": 1585578892.215949}, "device": "cpu", "nd_range": {"device_start": 2246666.552200117, "device_end": 2246666.556731531}, "cmdq": 0, "read": {"device_start": -1, "device_end": -1}}, "FFC_sans_bias43": {"write": {"device_start": -1, "host_queued_start": 1585578892.213891, "device_queued": -1, "device_end": -1, "host_queued_end": 1585578892.215949}, "device": "cpu", "nd_range": {"device_start": 2246666.5844189352, "device_end": 2246666.5887245713}, "cmdq": 0, "read": {"device_start": -1, "device_end": -1}}, "FFC_sans_bias40": {"write": {"device_start": -1, "host_queued_start": 1585578892.203725, "device_queued": -1, "device_end": -1, "host_queued_end": 1585578892.215949}, "device": "cpu", "nd_range": {"device_start": 2246666.5189919, "device_end": 2246666.5237617493}, "cmdq": 0, "read": {"device_start": -1, "device_end": -1}}, "softmax32": {"write": {"device_start": -1, "host_queued_start": 1585578892.205521, "device_queued": -1, "device_end": -1, "host_queued_end": 1585578892.215949}, "device": "cpu", "nd_range": {"device_start": 2246666.533439427, "device_end": 2246666.533535736}, "cmdq": 0, "read": {"device_start": -1, "device_end": -1}}, "FFC_sans_bias47": {"write": {"device_start": -1, "host_queued_start": 1585578892.196359, "device_queued": -1, "device_end": -1, "host_queued_end": 1585578892.215949}, "device": "cpu", "nd_range": {"device_start": 2246666.481255779, "device_end": 2246666.485922758}, "cmdq": 0, "read": {"device_start": -1, "device_end": -1}}, "FFC_sans_bias45": {"write": {"device_start": -1, "host_queued_start": 1585578892.194232, "device_queued": -1, "device_end": -1, "host_queued_end": 1585578892.215949}, "device": "cpu", "nd_range": {"device_start": 2246666.472076381, "device_end": 2246666.476663027}, "cmdq": 0, "read": {"device_start": -1, "device_end": -1}}, "softmax50": {"write": {"device_start": -1, "host_queued_start": 1585578892.206069, "device_queued": -1, "device_end": -1, "host_queued_end": 1585578892.215949}, "device": "cpu", "nd_range": {"device_start": 2246666.5338612543, "device_end": 2246666.5339520923}, "cmdq": 0, "read": {"device_start": -1, "device_end": -1}}, "FFC_sans_bias33": {"write": {"device_start": -1, "host_queued_start": 1585578892.207778, "device_queued": -1, "device_end": -1, "host_queued_end": 1585578892.215949}, "device": "cpu", "nd_range": {"device_start": 2246666.5474916343, "device_end": 2246666.552194686}, "cmdq": 0, "read": {"device_start": -1, "device_end": -1}}, "FFC_sans_bias63": {"write": {"device_start": 1585578826.9746442, "host_queued_start": 1585578892.168472, "device_queued": 1585578826.974552, "device_end": 1585578826.9746735, "host_queued_end": 1585578892.170868}, "device": "gpu", "nd_range": {"device_start": 1585578826.9746766, "device_end": 1585578826.9760432}, "cmdq": 0, "read": {"device_start": -1, "device_end": -1}}, "FFC_sans_bias49": {"write": {"device_start": -1, "host_queued_start": 1585578892.204069, "device_queued": -1, "device_end": -1, "host_queued_end": 1585578892.215949}, "device": "cpu", "nd_range": {"device_start": 2246666.523767239, "device_end": 2246666.528202165}, "cmdq": 0, "read": {"device_start": -1, "device_end": -1}}, "FFC_sans_bias64": {"write": {"device_start": 1585578826.9744005, "host_queued_start": 1585578892.166346, "device_queued": 1585578826.9742754, "device_end": 1585578826.9744759, "host_queued_end": 1585578892.170868}, "device": "gpu", "nd_range": {"device_start": 1585578826.9744794, "device_end": 1585578826.975087}, "cmdq": 1, "read": {"device_start": -1, "device_end": -1}}, "FFC_sans_bias65": {"write": {"device_start": 1585578826.9744925, "host_queued_start": 1585578892.16739, "device_queued": 1585578826.9742959, "device_end": 1585578826.9745224, "host_queued_end": 1585578892.170868}, "device": "gpu", "nd_range": {"device_start": 1585578826.9745405, "device_end": 1585578826.97549}, "cmdq": 2, "read": {"device_start": -1, "device_end": -1}}, "FFC_sans_bias67": {"write": {"device_start": -1, "host_queued_start": 1585578892.169135, "device_queued": -1, "device_end": -1, "host_queued_end": 1585578892.170868}, "device": "gpu", "nd_range": {"device_start": 1585578826.9760482, "device_end": 1585578826.9766524}, "cmdq": 2, "read": {"device_start": -1, "device_end": -1}}, "FFC_sans_bias24": {"write": {"device_start": -1, "host_queued_start": 1585578892.207432, "device_queued": -1, "device_end": -1, "host_queued_end": 1585578892.215949}, "device": "cpu", "nd_range": {"device_start": 2246666.543268224, "device_end": 2246666.54748616}, "cmdq": 0, "read": {"device_start": -1, "device_end": -1}}, "FFC_sans_bias25": {"write": {"device_start": -1, "host_queued_start": 1585578892.211882, "device_queued": -1, "device_end": -1, "host_queued_end": 1585578892.215949}, "device": "cpu", "nd_range": {"device_start": 2246666.575110503, "device_end": 2246666.579878043}, "cmdq": 0, "read": {"device_start": -1, "device_end": -1}}, "FFC_sans_bias27": {"write": {"device_start": -1, "host_queued_start": 1585578892.187834, "device_queued": -1, "device_end": -1, "host_queued_end": 1585578892.215949}, "device": "cpu", "nd_range": {"device_start": 2246666.444534232, "device_end": 2246666.449292804}, "cmdq": 0, "read": {"device_start": -1, "device_end": -1}}, "FFC_sans_bias20": {"write": {"device_start": -1, "host_queued_start": 1585578892.186778, "device_queued": -1, "device_end": -1, "host_queued_end": 1585578892.215949}, "device": "cpu", "nd_range": {"device_start": 2246666.440315777, "device_end": 2246666.444528868}, "cmdq": 0, "read": {"device_start": -1, "device_end": -1}}, "FFC_sans_bias22": {"write": {"device_start": -1, "host_queued_start": 1585578892.203031, "device_queued": -1, "device_end": -1, "host_queued_end": 1585578892.215949}, "device": "cpu", "nd_range": {"device_start": 2246666.5098663163, "device_end": 2246666.5143827084}, "cmdq": 0, "read": {"device_start": -1, "device_end": -1}}, "softmax68": {"write": {"device_start": -1, "host_queued_start": 1585578892.169389, "device_queued": -1, "device_end": -1, "host_queued_end": 1585578892.170868}, "device": "gpu", "nd_range": {"device_start": 1585578826.9766545, "device_end": 1585578826.9768462}, "cmdq": 0, "read": {"device_start": -1, "device_end": -1}}, "softmax5": {"write": {"device_start": -1, "host_queued_start": 1585578892.204696, "device_queued": -1, "device_end": -1, "host_queued_end": 1585578892.215949}, "device": "cpu", "nd_range": {"device_start": 2246666.532754158, "device_end": 2246666.53289669}, "cmdq": 0, "read": {"device_start": -1, "device_end": -1}}, "FFC_sans_bias28": {"write": {"device_start": -1, "host_queued_start": 1585578892.188921, "device_queued": -1, "device_end": -1, "host_queued_end": 1585578892.215949}, "device": "cpu", "nd_range": {"device_start": 2246666.449421937, "device_end": 2246666.453579584}, "cmdq": 0, "read": {"device_start": -1, "device_end": -1}}, "FFC_sans_bias29": {"write": {"device_start": -1, "host_queued_start": 1585578892.189988, "device_queued": -1, "device_end": -1, "host_queued_end": 1585578892.215949}, "device": "cpu", "nd_range": {"device_start": 2246666.4535856023, "device_end": 2246666.4587796764}, "cmdq": 0, "read": {"device_start": -1, "device_end": -1}}, "empty17": {"write": {"device_start": -1, "host_queued_start": 1585578892.173213, "device_queued": -1, "device_end": -1, "host_queued_end": 1585578892.215949}, "device": "cpu", "nd_range": {"device_start": 2246666.405596915, "device_end": 2246666.405597789}, "cmdq": 0, "read": {"device_start": -1, "device_end": -1}}, "softmax59": {"write": {"device_start": -1, "host_queued_start": 1585578892.206344, "device_queued": -1, "device_end": -1, "host_queued_end": 1585578892.215949}, "device": "cpu", "nd_range": {"device_start": 2246666.534066909, "device_end": 2246666.5341585632}, "cmdq": 0, "read": {"device_start": -1, "device_end": -1}}, "empty71": {"write": {"device_start": 1585578826.9743068, "host_queued_start": 1585578892.165048, "device_queued": 1585578826.9741907, "device_end": 1585578826.9743507, "host_queued_end": 1585578892.170868}, "device": "gpu", "nd_range": {"device_start": 1585578826.9743552, "device_end": 1585578826.9743683}, "cmdq": 0, "read": {"device_start": -1, "device_end": -1}}, "empty35": {"write": {"device_start": -1, "host_queued_start": 1585578892.174892, "device_queued": -1, "device_end": -1, "host_queued_end": 1585578892.215949}, "device": "cpu", "nd_range": {"device_start": 2246666.405607451, "device_end": 2246666.4056080463}, "cmdq": 0, "read": {"device_start": -1, "device_end": -1}}, "empty53": {"write": {"device_start": -1, "host_queued_start": 1585578892.176542, "device_queued": -1, "device_end": -1, "host_queued_end": 1585578892.215949}, "device": "cpu", "nd_range": {"device_start": 2246666.4056163384, "device_end": 2246666.405616904}, "cmdq": 0, "read": {"device_start": -1, "device_end": -1}}, "FFC_sans_bias46": {"write": {"device_start": -1, "host_queued_start": 1585578892.195304, "device_queued": -1, "device_end": -1, "host_queued_end": 1585578892.215949}, "device": "cpu", "nd_range": {"device_start": 2246666.476668251, "device_end": 2246666.481241709}, "cmdq": 0, "read": {"device_start": -1, "device_end": -1}}, "coalesced_transpose66": {"write": {"device_start": -1, "host_queued_start": 1585578892.168806, "device_queued": -1, "device_end": -1, "host_queued_end": 1585578892.170868}, "device": "gpu", "nd_range": {"device_start": 1585578826.975088, "device_end": 1585578826.975894}, "cmdq": 1, "read": {"device_start": -1, "device_end": -1}}, "coalesced_transpose48": {"write": {"device_start": -1, "host_queued_start": 1585578892.201554, "device_queued": -1, "device_end": -1, "host_queued_end": 1585578892.215949}, "device": "cpu", "nd_range": {"device_start": 2246666.50070576, "device_end": 2246666.500803161}, "cmdq": 0, "read": {"device_start": -1, "device_end": -1}}}