{"FFC_sans_bias60": {"write": {"device_start": -1, "host_queued_start": 1585579021.244462, "device_queued": -1, "device_end": -1, "host_queued_end": 1585579021.252904}, "device": "cpu", "nd_range": {"device_start": 2246795.616877776, "device_end": 2246795.621427724}, "cmdq": 0, "read": {"device_start": -1, "device_end": -1}}, "FFC_sans_bias4": {"write": {"device_start": -1, "host_queued_start": 1585579021.237357, "device_queued": -1, "device_end": -1, "host_queued_end": 1585579021.252904}, "device": "cpu", "nd_range": {"device_start": 2246795.55286672, "device_end": 2246795.556896379}, "cmdq": 0, "read": {"device_start": -1, "device_end": -1}}, "FFC_sans_bias7": {"write": {"device_start": -1, "host_queued_start": 1585579021.2459, "device_queued": -1, "device_end": -1, "host_queued_end": 1585579021.252904}, "device": "cpu", "nd_range": {"device_start": 2246795.626201827, "device_end": 2246795.63070707}, "cmdq": 0, "read": {"device_start": -1, "device_end": -1}}, "FFC_sans_bias6": {"write": {"device_start": -1, "host_queued_start": 1585579021.242312, "device_queued": -1, "device_end": -1, "host_queued_end": 1585579021.252904}, "device": "cpu", "nd_range": {"device_start": 2246795.589986827, "device_end": 2246795.594266506}, "cmdq": 0, "read": {"device_start": -1, "device_end": -1}}, "FFC_sans_bias1": {"write": {"device_start": -1, "host_queued_start": 1585579021.211012, "device_queued": -1, "device_end": -1, "host_queued_end": 1585579021.252904}, "device": "cpu", "nd_range": {"device_start": 2246795.4473047913, "device_end": 2246795.451262635}, "cmdq": 0, "read": {"device_start": -1, "device_end": -1}}, "FFC_sans_bias0": {"write": {"device_start": -1, "host_queued_start": 1585579021.209946, "device_queued": -1, "device_end": -1, "host_queued_end": 1585579021.252904}, "device": "cpu", "nd_range": {"device_start": 2246795.442590902, "device_end": 2246795.447284792}, "cmdq": 0, "read": {"device_start": -1, "device_end": -1}}, "FFC_sans_bias2": {"write": {"device_start": -1, "host_queued_start": 1585579021.212079, "device_queued": -1, "device_end": -1, "host_queued_end": 1585579021.252904}, "device": "cpu", "nd_range": {"device_start": 2246795.4512736243, "device_end": 2246795.455196427}, "cmdq": 0, "read": {"device_start": -1, "device_end": -1}}, "FFC_sans_bias61": {"write": {"device_start": -1, "host_queued_start": 1585579021.251865, "device_queued": -1, "device_end": -1, "host_queued_end": 1585579021.252904}, "device": "cpu", "nd_range": {"device_start": 2246795.653111765, "device_end": 2246795.65765514}, "cmdq": 0, "read": {"device_start": -1, "device_end": -1}}, "FFC_sans_bias52": {"write": {"device_start": -1, "host_queued_start": 1585579021.25087, "device_queued": -1, "device_end": -1, "host_queued_end": 1585579021.252904}, "device": "cpu", "nd_range": {"device_start": 2246795.648712921, "device_end": 2246795.653108568}, "cmdq": 0, "read": {"device_start": -1, "device_end": -1}}, "FFC_sans_bias9": {"write": {"device_start": -1, "host_queued_start": 1585579021.213285, "device_queued": -1, "device_end": -1, "host_queued_end": 1585579021.252904}, "device": "cpu", "nd_range": {"device_start": 2246795.455202109, "device_end": 2246795.459166735}, "cmdq": 0, "read": {"device_start": -1, "device_end": -1}}, "coalesced_transpose39": {"write": {"device_start": -1, "host_queued_start": 1585579021.236027, "device_queued": -1, "device_end": -1, "host_queued_end": 1585579021.252904}, "device": "cpu", "nd_range": {"device_start": 2246795.551986923, "device_end": 2246795.552093423}, "cmdq": 0, "read": {"device_start": -1, "device_end": -1}}, "FFC_sans_bias55": {"write": {"device_start": -1, "host_queued_start": 1585579021.231181, "device_queued": -1, "device_end": -1, "host_queued_end": 1585579021.252904}, "device": "cpu", "nd_range": {"device_start": 2246795.532901002, "device_end": 2246795.5376557843}, "cmdq": 0, "read": {"device_start": -1, "device_end": -1}}, "FFC_sans_bias54": {"write": {"device_start": -1, "host_queued_start": 1585579021.230116, "device_queued": -1, "device_end": -1, "host_queued_end": 1585579021.252904}, "device": "cpu", "nd_range": {"device_start": 2246795.5286038313, "device_end": 2246795.532895258}, "cmdq": 0, "read": {"device_start": -1, "device_end": -1}}, "FFC_sans_bias56": {"write": {"device_start": -1, "host_queued_start": 1585579021.229079, "device_queued": -1, "device_end": -1, "host_queued_end": 1585579021.252904}, "device": "cpu", "nd_range": {"device_start": 2246795.523945448, "device_end": 2246795.528478921}, "cmdq": 0, "read": {"device_start": -1, "device_end": -1}}, "FFC_sans_bias51": {"write": {"device_start": -1, "host_queued_start": 1585579021.244098, "device_queued": -1, "device_end": -1, "host_queued_end": 1585579021.252904}, "device": "cpu", "nd_range": {"device_start": 2246795.612444796, "device_end": 2246795.6168724173}, "cmdq": 0, "read": {"device_start": -1, "device_end": -1}}, "softmax23": {"write": {"device_start": -1, "host_queued_start": 1585579021.240624, "device_queued": -1, "device_end": -1, "host_queued_end": 1585579021.252904}, "device": "cpu", "nd_range": {"device_start": 2246795.589287293, "device_end": 2246795.589398342}, "cmdq": 0, "read": {"device_start": -1, "device_end": -1}}, "FFC_sans_bias37": {"write": {"device_start": -1, "host_queued_start": 1585579021.223817, "device_queued": -1, "device_end": -1, "host_queued_end": 1585579021.252904}, "device": "cpu", "nd_range": {"device_start": 2246795.5009369194, "device_end": 2246795.5057393103}, "cmdq": 0, "read": {"device_start": -1, "device_end": -1}}, "empty62": {"write": {"device_start": -1, "host_queued_start": 1585579021.208176, "device_queued": -1, "device_end": -1, "host_queued_end": 1585579021.252904}, "device": "cpu", "nd_range": {"device_start": 2246795.44257935, "device_end": 2246795.442579852}, "cmdq": 0, "read": {"device_start": -1, "device_end": -1}}, "FFC_sans_bias70": {"write": {"device_start": -1, "host_queued_start": 1585579021.252859, "device_queued": -1, "device_end": -1, "host_queued_end": 1585579021.252904}, "device": "cpu", "nd_range": {"device_start": 2246795.657657862, "device_end": 2246795.662183667}, "cmdq": 0, "read": {"device_start": -1, "device_end": -1}}, "FFC_sans_bias58": {"write": {"device_start": -1, "host_queued_start": 1585579021.239461, "device_queued": -1, "device_end": -1, "host_queued_end": 1585579021.252904}, "device": "cpu", "nd_range": {"device_start": 2246795.579930223, "device_end": 2246795.584476373}, "cmdq": 0, "read": {"device_start": -1, "device_end": -1}}, "softmax41": {"write": {"device_start": -1, "host_queued_start": 1585579021.241168, "device_queued": -1, "device_end": -1, "host_queued_end": 1585579021.252904}, "device": "cpu", "nd_range": {"device_start": 2246795.5895214872, "device_end": 2246795.589635781}, "cmdq": 0, "read": {"device_start": -1, "device_end": -1}}, "FFC_sans_bias11": {"write": {"device_start": -1, "host_queued_start": 1585579021.215424, "device_queued": -1, "device_end": -1, "host_queued_end": 1585579021.252904}, "device": "cpu", "nd_range": {"device_start": 2246795.464208101, "device_end": 2246795.469316278}, "cmdq": 0, "read": {"device_start": -1, "device_end": -1}}, "FFC_sans_bias10": {"write": {"device_start": -1, "host_queued_start": 1585579021.214339, "device_queued": -1, "device_end": -1, "host_queued_end": 1585579021.252904}, "device": "cpu", "nd_range": {"device_start": 2246795.459172795, "device_end": 2246795.464203563}, "cmdq": 0, "read": {"device_start": -1, "device_end": -1}}, "coalesced_transpose3": {"write": {"device_start": -1, "host_queued_start": 1585579021.234708, "device_queued": -1, "device_end": -1, "host_queued_end": 1585579021.252904}, "device": "cpu", "nd_range": {"device_start": 2246795.551176967, "device_end": 2246795.551376739}, "cmdq": 0, "read": {"device_start": -1, "device_end": -1}}, "FFC_sans_bias34": {"write": {"device_start": -1, "host_queued_start": 1585579021.248884, "device_queued": -1, "device_end": -1, "host_queued_end": 1585579021.252904}, "device": "cpu", "nd_range": {"device_start": 2246795.639544921, "device_end": 2246795.644162435}, "cmdq": 0, "read": {"device_start": -1, "device_end": -1}}, "FFC_sans_bias15": {"write": {"device_start": -1, "host_queued_start": 1585579021.242664, "device_queued": -1, "device_end": -1, "host_queued_end": 1585579021.252904}, "device": "cpu", "nd_range": {"device_start": 2246795.5942719053, "device_end": 2246795.598796754}, "cmdq": 0, "read": {"device_start": -1, "device_end": -1}}, "FFC_sans_bias31": {"write": {"device_start": -1, "host_queued_start": 1585579021.238383, "device_queued": -1, "device_end": -1, "host_queued_end": 1585579021.252904}, "device": "cpu", "nd_range": {"device_start": 2246795.566203265, "device_end": 2246795.5709811323}, "cmdq": 0, "read": {"device_start": -1, "device_end": -1}}, "FFC_sans_bias16": {"write": {"device_start": -1, "host_queued_start": 1585579021.246908, "device_queued": -1, "device_end": -1, "host_queued_end": 1585579021.252904}, "device": "cpu", "nd_range": {"device_start": 2246795.630710302, "device_end": 2246795.635009298}, "cmdq": 0, "read": {"device_start": -1, "device_end": -1}}, "FFC_sans_bias19": {"write": {"device_start": -1, "host_queued_start": 1585579021.217496, "device_queued": -1, "device_end": -1, "host_queued_end": 1585579021.252904}, "device": "cpu", "nd_range": {"device_start": 2246795.473692689, "device_end": 2246795.4782816623}, "cmdq": 0, "read": {"device_start": -1, "device_end": -1}}, "FFC_sans_bias18": {"write": {"device_start": -1, "host_queued_start": 1585579021.216459, "device_queued": -1, "device_end": -1, "host_queued_end": 1585579021.252904}, "device": "cpu", "nd_range": {"device_start": 2246795.4693219443, "device_end": 2246795.473687331}, "cmdq": 0, "read": {"device_start": -1, "device_end": -1}}, "coalesced_transpose30": {"write": {"device_start": -1, "host_queued_start": 1585579021.235694, "device_queued": -1, "device_end": -1, "host_queued_end": 1585579021.252904}, "device": "cpu", "nd_range": {"device_start": 2246795.55173554, "device_end": 2246795.55188321}, "cmdq": 0, "read": {"device_start": -1, "device_end": -1}}, "FFC_sans_bias69": {"write": {"device_start": -1, "host_queued_start": 1585579021.244828, "device_queued": -1, "device_end": -1, "host_queued_end": 1585579021.252904}, "device": "cpu", "nd_range": {"device_start": 2246795.621433392, "device_end": 2246795.626195941}, "cmdq": 0, "read": {"device_start": -1, "device_end": -1}}, "FFC_sans_bias38": {"write": {"device_start": -1, "host_queued_start": 1585579021.22487, "device_queued": -1, "device_end": -1, "host_queued_end": 1585579021.252904}, "device": "cpu", "nd_range": {"device_start": 2246795.505744866, "device_end": 2246795.5103167864}, "cmdq": 0, "read": {"device_start": -1, "device_end": -1}}, "coalesced_transpose57": {"write": {"device_start": -1, "host_queued_start": 1585579021.236679, "device_queued": -1, "device_end": -1, "host_queued_end": 1585579021.252904}, "device": "cpu", "nd_range": {"device_start": 2246795.552437928, "device_end": 2246795.552544812}, "cmdq": 0, "read": {"device_start": -1, "device_end": -1}}, "empty26": {"write": {"device_start": -1, "host_queued_start": 1585579021.204926, "device_queued": -1, "device_end": -1, "host_queued_end": 1585579021.252904}, "device": "cpu", "nd_range": {"device_start": 2246795.4425595812, "device_end": 2246795.442560507}, "cmdq": 0, "read": {"device_start": -1, "device_end": -1}}, "coalesced_transpose12": {"write": {"device_start": -1, "host_queued_start": 1585579021.235036, "device_queued": -1, "device_end": -1, "host_queued_end": 1585579021.252904}, "device": "cpu", "nd_range": {"device_start": 2246795.551387437, "device_end": 2246795.551556129}, "cmdq": 0, "read": {"device_start": -1, "device_end": -1}}, "empty44": {"write": {"device_start": -1, "host_queued_start": 1585579021.206529, "device_queued": -1, "device_end": -1, "host_queued_end": 1585579021.252904}, "device": "cpu", "nd_range": {"device_start": 2246795.442569746, "device_end": 2246795.442570309}, "cmdq": 0, "read": {"device_start": -1, "device_end": -1}}, "coalesced_transpose21": {"write": {"device_start": -1, "host_queued_start": 1585579021.235367, "device_queued": -1, "device_end": -1, "host_queued_end": 1585579021.252904}, "device": "cpu", "nd_range": {"device_start": 2246795.551565811, "device_end": 2246795.551729824}, "cmdq": 0, "read": {"device_start": -1, "device_end": -1}}, "FFC_sans_bias36": {"write": {"device_start": -1, "host_queued_start": 1585579021.222778, "device_queued": -1, "device_end": -1, "host_queued_end": 1585579021.252904}, "device": "cpu", "nd_range": {"device_start": 2246795.496378549, "device_end": 2246795.5009315843}, "cmdq": 0, "read": {"device_start": -1, "device_end": -1}}, "softmax14": {"write": {"device_start": -1, "host_queued_start": 1585579021.240355, "device_queued": -1, "device_end": -1, "host_queued_end": 1585579021.252904}, "device": "cpu", "nd_range": {"device_start": 2246795.58916741, "device_end": 2246795.5892812493}, "cmdq": 0, "read": {"device_start": -1, "device_end": -1}}, "FFC_sans_bias13": {"write": {"device_start": -1, "host_queued_start": 1585579021.2377, "device_queued": -1, "device_end": -1, "host_queued_end": 1585579021.252904}, "device": "cpu", "nd_range": {"device_start": 2246795.5569024193, "device_end": 2246795.561647858}, "cmdq": 0, "read": {"device_start": -1, "device_end": -1}}, "empty8": {"write": {"device_start": -1, "host_queued_start": 1585579021.203094, "device_queued": -1, "device_end": -1, "host_queued_end": 1585579021.252904}, "device": "cpu", "nd_range": {"device_start": 2246795.442520426, "device_end": 2246795.442532619}, "cmdq": 0, "read": {"device_start": -1, "device_end": -1}}, "FFC_sans_bias42": {"write": {"device_start": -1, "host_queued_start": 1585579021.243736, "device_queued": -1, "device_end": -1, "host_queued_end": 1585579021.252904}, "device": "cpu", "nd_range": {"device_start": 2246795.607983272, "device_end": 2246795.612439076}, "cmdq": 0, "read": {"device_start": -1, "device_end": -1}}, "FFC_sans_bias43": {"write": {"device_start": -1, "host_queued_start": 1585579021.249874, "device_queued": -1, "device_end": -1, "host_queued_end": 1585579021.252904}, "device": "cpu", "nd_range": {"device_start": 2246795.644165556, "device_end": 2246795.6487101433}, "cmdq": 0, "read": {"device_start": -1, "device_end": -1}}, "FFC_sans_bias40": {"write": {"device_start": -1, "host_queued_start": 1585579021.238729, "device_queued": -1, "device_end": -1, "host_queued_end": 1585579021.252904}, "device": "cpu", "nd_range": {"device_start": 2246795.5709866793, "device_end": 2246795.5752739883}, "cmdq": 0, "read": {"device_start": -1, "device_end": -1}}, "softmax32": {"write": {"device_start": -1, "host_queued_start": 1585579021.240896, "device_queued": -1, "device_end": -1, "host_queued_end": 1585579021.252904}, "device": "cpu", "nd_range": {"device_start": 2246795.589404383, "device_end": 2246795.589515712}, "cmdq": 0, "read": {"device_start": -1, "device_end": -1}}, "FFC_sans_bias47": {"write": {"device_start": -1, "host_queued_start": 1585579021.228021, "device_queued": -1, "device_end": -1, "host_queued_end": 1585579021.252904}, "device": "cpu", "nd_range": {"device_start": 2246795.519267414, "device_end": 2246795.5238147783}, "cmdq": 0, "read": {"device_start": -1, "device_end": -1}}, "FFC_sans_bias45": {"write": {"device_start": -1, "host_queued_start": 1585579021.225911, "device_queued": -1, "device_end": -1, "host_queued_end": 1585579021.252904}, "device": "cpu", "nd_range": {"device_start": 2246795.5103221294, "device_end": 2246795.514743572}, "cmdq": 0, "read": {"device_start": -1, "device_end": -1}}, "softmax50": {"write": {"device_start": -1, "host_queued_start": 1585579021.24144, "device_queued": -1, "device_end": -1, "host_queued_end": 1585579021.252904}, "device": "cpu", "nd_range": {"device_start": 2246795.589641355, "device_end": 2246795.589750591}, "cmdq": 0, "read": {"device_start": -1, "device_end": -1}}, "FFC_sans_bias33": {"write": {"device_start": -1, "host_queued_start": 1585579021.243353, "device_queued": -1, "device_end": -1, "host_queued_end": 1585579021.252904}, "device": "cpu", "nd_range": {"device_start": 2246795.603321441, "device_end": 2246795.607977897}, "cmdq": 0, "read": {"device_start": -1, "device_end": -1}}, "FFC_sans_bias63": {"write": {"device_start": -1, "host_queued_start": 1585579021.23435, "device_queued": -1, "device_end": -1, "host_queued_end": 1585579021.252904}, "device": "cpu", "nd_range": {"device_start": 2246795.5466745603, "device_end": 2246795.5511714313}, "cmdq": 0, "read": {"device_start": -1, "device_end": -1}}, "FFC_sans_bias49": {"write": {"device_start": -1, "host_queued_start": 1585579021.239069, "device_queued": -1, "device_end": -1, "host_queued_end": 1585579021.252904}, "device": "cpu", "nd_range": {"device_start": 2246795.5752797653, "device_end": 2246795.5799246742}, "cmdq": 0, "read": {"device_start": -1, "device_end": -1}}, "FFC_sans_bias64": {"write": {"device_start": -1, "host_queued_start": 1585579021.232229, "device_queued": -1, "device_end": -1, "host_queued_end": 1585579021.252904}, "device": "cpu", "nd_range": {"device_start": 2246795.5376610453, "device_end": 2246795.542143096}, "cmdq": 0, "read": {"device_start": -1, "device_end": -1}}, "FFC_sans_bias65": {"write": {"device_start": -1, "host_queued_start": 1585579021.233298, "device_queued": -1, "device_end": -1, "host_queued_end": 1585579021.252904}, "device": "cpu", "nd_range": {"device_start": 2246795.5421482753, "device_end": 2246795.546667876}, "cmdq": 0, "read": {"device_start": -1, "device_end": -1}}, "FFC_sans_bias67": {"write": {"device_start": -1, "host_queued_start": 1585579021.239801, "device_queued": -1, "device_end": -1, "host_queued_end": 1585579021.252904}, "device": "cpu", "nd_range": {"device_start": 2246795.584481684, "device_end": 2246795.589015141}, "cmdq": 0, "read": {"device_start": -1, "device_end": -1}}, "FFC_sans_bias24": {"write": {"device_start": -1, "host_queued_start": 1585579021.24301, "device_queued": -1, "device_end": -1, "host_queued_end": 1585579021.252904}, "device": "cpu", "nd_range": {"device_start": 2246795.5988020413, "device_end": 2246795.6033155043}, "cmdq": 0, "read": {"device_start": -1, "device_end": -1}}, "FFC_sans_bias25": {"write": {"device_start": -1, "host_queued_start": 1585579021.247898, "device_queued": -1, "device_end": -1, "host_queued_end": 1585579021.252904}, "device": "cpu", "nd_range": {"device_start": 2246795.6350118793, "device_end": 2246795.6395422043}, "cmdq": 0, "read": {"device_start": -1, "device_end": -1}}, "FFC_sans_bias27": {"write": {"device_start": -1, "host_queued_start": 1585579021.219616, "device_queued": -1, "device_end": -1, "host_queued_end": 1585579021.252904}, "device": "cpu", "nd_range": {"device_start": 2246795.482713115, "device_end": 2246795.487244085}, "cmdq": 0, "read": {"device_start": -1, "device_end": -1}}, "FFC_sans_bias20": {"write": {"device_start": -1, "host_queued_start": 1585579021.218544, "device_queued": -1, "device_end": -1, "host_queued_end": 1585579021.252904}, "device": "cpu", "nd_range": {"device_start": 2246795.478287312, "device_end": 2246795.4827073803}, "cmdq": 0, "read": {"device_start": -1, "device_end": -1}}, "FFC_sans_bias22": {"write": {"device_start": -1, "host_queued_start": 1585579021.238039, "device_queued": -1, "device_end": -1, "host_queued_end": 1585579021.252904}, "device": "cpu", "nd_range": {"device_start": 2246795.561653294, "device_end": 2246795.5661978363}, "cmdq": 0, "read": {"device_start": -1, "device_end": -1}}, "softmax68": {"write": {"device_start": -1, "host_queued_start": 1585579021.241979, "device_queued": -1, "device_end": -1, "host_queued_end": 1585579021.252904}, "device": "cpu", "nd_range": {"device_start": 2246795.589872873, "device_end": 2246795.589980646}, "cmdq": 0, "read": {"device_start": -1, "device_end": -1}}, "softmax5": {"write": {"device_start": -1, "host_queued_start": 1585579021.24008, "device_queued": -1, "device_end": -1, "host_queued_end": 1585579021.252904}, "device": "cpu", "nd_range": {"device_start": 2246795.589020469, "device_end": 2246795.5891606873}, "cmdq": 0, "read": {"device_start": -1, "device_end": -1}}, "FFC_sans_bias28": {"write": {"device_start": -1, "host_queued_start": 1585579021.22066, "device_queued": -1, "device_end": -1, "host_queued_end": 1585579021.252904}, "device": "cpu", "nd_range": {"device_start": 2246795.487249465, "device_end": 2246795.4918191773}, "cmdq": 0, "read": {"device_start": -1, "device_end": -1}}, "FFC_sans_bias29": {"write": {"device_start": -1, "host_queued_start": 1585579021.221711, "device_queued": -1, "device_end": -1, "host_queued_end": 1585579021.252904}, "device": "cpu", "nd_range": {"device_start": 2246795.49182426, "device_end": 2246795.496373761}, "cmdq": 0, "read": {"device_start": -1, "device_end": -1}}, "empty17": {"write": {"device_start": -1, "host_queued_start": 1585579021.204119, "device_queued": -1, "device_end": -1, "host_queued_end": 1585579021.252904}, "device": "cpu", "nd_range": {"device_start": 2246795.442553461, "device_end": 2246795.442554585}, "cmdq": 0, "read": {"device_start": -1, "device_end": -1}}, "softmax59": {"write": {"device_start": -1, "host_queued_start": 1585579021.241712, "device_queued": -1, "device_end": -1, "host_queued_end": 1585579021.252904}, "device": "cpu", "nd_range": {"device_start": 2246795.589756337, "device_end": 2246795.589867475}, "cmdq": 0, "read": {"device_start": -1, "device_end": -1}}, "empty71": {"write": {"device_start": -1, "host_queued_start": 1585579021.208979, "device_queued": -1, "device_end": -1, "host_queued_end": 1585579021.252904}, "device": "cpu", "nd_range": {"device_start": 2246795.4425851703, "device_end": 2246795.442585891}, "cmdq": 0, "read": {"device_start": -1, "device_end": -1}}, "empty35": {"write": {"device_start": -1, "host_queued_start": 1585579021.205727, "device_queued": -1, "device_end": -1, "host_queued_end": 1585579021.252904}, "device": "cpu", "nd_range": {"device_start": 2246795.442564907, "device_end": 2246795.442565617}, "cmdq": 0, "read": {"device_start": -1, "device_end": -1}}, "empty53": {"write": {"device_start": -1, "host_queued_start": 1585579021.207374, "device_queued": -1, "device_end": -1, "host_queued_end": 1585579021.252904}, "device": "cpu", "nd_range": {"device_start": 2246795.442574907, "device_end": 2246795.442575431}, "cmdq": 0, "read": {"device_start": -1, "device_end": -1}}, "FFC_sans_bias46": {"write": {"device_start": -1, "host_queued_start": 1585579021.226974, "device_queued": -1, "device_end": -1, "host_queued_end": 1585579021.252904}, "device": "cpu", "nd_range": {"device_start": 2246795.51474946, "device_end": 2246795.5192622603}, "cmdq": 0, "read": {"device_start": -1, "device_end": -1}}, "coalesced_transpose66": {"write": {"device_start": -1, "host_queued_start": 1585579021.23701, "device_queued": -1, "device_end": -1, "host_queued_end": 1585579021.252904}, "device": "cpu", "nd_range": {"device_start": 2246795.5526563553, "device_end": 2246795.552764271}, "cmdq": 0, "read": {"device_start": -1, "device_end": -1}}, "coalesced_transpose48": {"write": {"device_start": -1, "host_queued_start": 1585579021.236354, "device_queued": -1, "device_end": -1, "host_queued_end": 1585579021.252904}, "device": "cpu", "nd_range": {"device_start": 2246795.552208648, "device_end": 2246795.552321229}, "cmdq": 0, "read": {"device_start": -1, "device_end": -1}}}