{"FFC_sans_bias60": {"write": {"device_start": -1, "host_queued_start": 1585579161.480986, "device_queued": -1, "device_end": -1, "host_queued_end": 1585579161.485572}, "device": "gpu", "nd_range": {"device_start": 1585579096.2905452, "device_end": 1585579096.2925088}, "cmdq": 0, "read": {"device_start": -1, "device_end": -1}}, "FFC_sans_bias4": {"write": {"device_start": -1, "host_queued_start": 1585579161.505417, "device_queued": -1, "device_end": -1, "host_queued_end": 1585579161.513115}, "device": "cpu", "nd_range": {"device_start": 2246935.75141897, "device_end": 2246935.759319905}, "cmdq": 0, "read": {"device_start": -1, "device_end": -1}}, "FFC_sans_bias7": {"write": {"device_start": -1, "host_queued_start": 1585579161.51008, "device_queued": -1, "device_end": -1, "host_queued_end": 1585579161.513115}, "device": "cpu", "nd_range": {"device_start": 2246935.7913251054, "device_end": 2246935.7984969253}, "cmdq": 0, "read": {"device_start": -1, "device_end": -1}}, "FFC_sans_bias6": {"write": {"device_start": -1, "host_queued_start": 1585579161.50796, "device_queued": -1, "device_end": -1, "host_queued_end": 1585579161.513115}, "device": "cpu", "nd_range": {"device_start": 2246935.7677652393, "device_end": 2246935.7836367832}, "cmdq": 0, "read": {"device_start": -1, "device_end": -1}}, "FFC_sans_bias1": {"write": {"device_start": -1, "host_queued_start": 1585579161.492544, "device_queued": -1, "device_end": -1, "host_queued_end": 1585579161.513115}, "device": "cpu", "nd_range": {"device_start": 2246935.702726353, "device_end": 2246935.7087157452}, "cmdq": 1, "read": {"device_start": -1, "device_end": -1}}, "FFC_sans_bias0": {"write": {"device_start": -1, "host_queued_start": 1585579161.4915, "device_queued": -1, "device_end": -1, "host_queued_end": 1585579161.513115}, "device": "cpu", "nd_range": {"device_start": 2246935.7027307684, "device_end": 2246935.71234381}, "cmdq": 0, "read": {"device_start": -1, "device_end": -1}}, "FFC_sans_bias2": {"write": {"device_start": -1, "host_queued_start": 1585579161.493595, "device_queued": -1, "device_end": -1, "host_queued_end": 1585579161.513115}, "device": "cpu", "nd_range": {"device_start": 2246935.712704935, "device_end": 2246935.720309319}, "cmdq": 0, "read": {"device_start": -1, "device_end": -1}}, "FFC_sans_bias61": {"write": {"device_start": 1585579096.2922287, "host_queued_start": 1585579161.484434, "device_queued": 1585579096.2843459, "device_end": 1585579096.2922595, "host_queued_end": 1585579161.485572}, "device": "gpu", "nd_range": {"device_start": 1585579096.2925267, "device_end": 1585579096.2939906}, "cmdq": 4, "read": {"device_start": 1585579096.293997, "device_end": 1585579096.2940292}}, "FFC_sans_bias52": {"write": {"device_start": 1585579096.29166, "host_queued_start": 1585579161.483398, "device_queued": 1585579096.2843158, "device_end": 1585579096.291691, "host_queued_end": 1585579161.485572}, "device": "gpu", "nd_range": {"device_start": 1585579096.2921073, "device_end": 1585579096.2934964}, "cmdq": 3, "read": {"device_start": 1585579096.2934985, "device_end": 1585579096.2935228}}, "FFC_sans_bias9": {"write": {"device_start": -1, "host_queued_start": 1585579161.494672, "device_queued": -1, "device_end": -1, "host_queued_end": 1585579161.513115}, "device": "cpu", "nd_range": {"device_start": 2246935.708833741, "device_end": 2246935.716424044}, "cmdq": 1, "read": {"device_start": -1, "device_end": -1}}, "coalesced_transpose39": {"write": {"device_start": -1, "host_queued_start": 1585579161.47685, "device_queued": -1, "device_end": -1, "host_queued_end": 1585579161.485572}, "device": "gpu", "nd_range": {"device_start": 1585579096.2861629, "device_end": 1585579096.2879577}, "cmdq": 1, "read": {"device_start": -1, "device_end": -1}}, "FFC_sans_bias55": {"write": {"device_start": 1585579096.2843988, "host_queued_start": 1585579161.473371, "device_queued": 1585579096.2828565, "device_end": 1585579096.284429, "host_queued_end": 1585579161.485572}, "device": "gpu", "nd_range": {"device_start": 1585579096.2844343, "device_end": 1585579096.2866144}, "cmdq": 2, "read": {"device_start": -1, "device_end": -1}}, "FFC_sans_bias54": {"write": {"device_start": 1585579096.2838614, "host_queued_start": 1585579161.472334, "device_queued": 1585579096.282835, "device_end": 1585579096.283892, "host_queued_end": 1585579161.485572}, "device": "gpu", "nd_range": {"device_start": 1585579096.2838998, "device_end": 1585579096.2861617}, "cmdq": 1, "read": {"device_start": -1, "device_end": -1}}, "FFC_sans_bias56": {"write": {"device_start": 1585579096.2833166, "host_queued_start": 1585579161.4713, "device_queued": 1585579096.2827678, "device_end": 1585579096.283348, "host_queued_end": 1585579161.485572}, "device": "gpu", "nd_range": {"device_start": 1585579096.2833545, "device_end": 1585579096.2856567}, "cmdq": 0, "read": {"device_start": -1, "device_end": -1}}, "FFC_sans_bias51": {"write": {"device_start": -1, "host_queued_start": 1585579161.480665, "device_queued": -1, "device_end": -1, "host_queued_end": 1585579161.485572}, "device": "gpu", "nd_range": {"device_start": 1585579096.2905326, "device_end": 1585579096.292093}, "cmdq": 4, "read": {"device_start": -1, "device_end": -1}}, "softmax23": {"write": {"device_start": -1, "host_queued_start": 1585579161.507343, "device_queued": -1, "device_end": -1, "host_queued_end": 1585579161.513115}, "device": "cpu", "nd_range": {"device_start": 2246935.767456715, "device_end": 2246935.767659569}, "cmdq": 0, "read": {"device_start": -1, "device_end": -1}}, "FFC_sans_bias37": {"write": {"device_start": 1585579096.2822838, "host_queued_start": 1585579161.465812, "device_queued": 1585579096.282159, "device_end": 1585579096.2823167, "host_queued_end": 1585579161.485572}, "device": "gpu", "nd_range": {"device_start": 1585579096.2823198, "device_end": 1585579096.2831879}, "cmdq": 0, "read": {"device_start": -1, "device_end": -1}}, "empty62": {"write": {"device_start": 1585579096.281923, "host_queued_start": 1585579161.462869, "device_queued": 1585579096.2817469, "device_end": 1585579096.2820003, "host_queued_end": 1585579161.485572}, "device": "gpu", "nd_range": {"device_start": 1585579096.2821064, "device_end": 1585579096.2821112}, "cmdq": 2, "read": {"device_start": -1, "device_end": -1}}, "FFC_sans_bias70": {"write": {"device_start": 1585579096.2926345, "host_queued_start": 1585579161.48547, "device_queued": 1585579096.2846048, "device_end": 1585579096.2926605, "host_queued_end": 1585579161.485572}, "device": "gpu", "nd_range": {"device_start": 1585579096.292674, "device_end": 1585579096.294462}, "cmdq": 0, "read": {"device_start": 1585579096.2944646, "device_end": 1585579096.2944899}}, "FFC_sans_bias58": {"write": {"device_start": -1, "host_queued_start": 1585579161.478733, "device_queued": -1, "device_end": -1, "host_queued_end": 1585579161.485572}, "device": "gpu", "nd_range": {"device_start": 1585579096.2880938, "device_end": 1585579096.2896519}, "cmdq": 2, "read": {"device_start": -1, "device_end": -1}}, "softmax41": {"write": {"device_start": -1, "host_queued_start": 1585579161.479302, "device_queued": -1, "device_end": -1, "host_queued_end": 1585579161.485572}, "device": "gpu", "nd_range": {"device_start": 1585579096.2886891, "device_end": 1585579096.290493}, "cmdq": 4, "read": {"device_start": -1, "device_end": -1}}, "FFC_sans_bias11": {"write": {"device_start": -1, "host_queued_start": 1585579161.497029, "device_queued": -1, "device_end": -1, "host_queued_end": 1585579161.513115}, "device": "cpu", "nd_range": {"device_start": 2246935.717989231, "device_end": 2246935.7236879813}, "cmdq": 1, "read": {"device_start": -1, "device_end": -1}}, "FFC_sans_bias10": {"write": {"device_start": -1, "host_queued_start": 1585579161.495817, "device_queued": -1, "device_end": -1, "host_queued_end": 1585579161.513115}, "device": "cpu", "nd_range": {"device_start": 2246935.720422436, "device_end": 2246935.727789227}, "cmdq": 0, "read": {"device_start": -1, "device_end": -1}}, "coalesced_transpose3": {"write": {"device_start": -1, "host_queued_start": 1585579161.503961, "device_queued": -1, "device_end": -1, "host_queued_end": 1585579161.513115}, "device": "cpu", "nd_range": {"device_start": 2246935.750807466, "device_end": 2246935.75090812}, "cmdq": 0, "read": {"device_start": -1, "device_end": -1}}, "FFC_sans_bias34": {"write": {"device_start": -1, "host_queued_start": 1585579161.513071, "device_queued": -1, "device_end": -1, "host_queued_end": 1585579161.513115}, "device": "cpu", "nd_range": {"device_start": 2246935.800752915, "device_end": 2246935.8114365693}, "cmdq": 1, "read": {"device_start": -1, "device_end": -1}}, "FFC_sans_bias15": {"write": {"device_start": -1, "host_queued_start": 1585579161.508304, "device_queued": -1, "device_end": -1, "host_queued_end": 1585579161.513115}, "device": "cpu", "nd_range": {"device_start": 2246935.777299562, "device_end": 2246935.7825727724}, "cmdq": 1, "read": {"device_start": -1, "device_end": -1}}, "FFC_sans_bias31": {"write": {"device_start": -1, "host_queued_start": 1585579161.506491, "device_queued": -1, "device_end": -1, "host_queued_end": 1585579161.513115}, "device": "cpu", "nd_range": {"device_start": 2246935.769056584, "device_end": 2246935.776824927}, "cmdq": 1, "read": {"device_start": -1, "device_end": -1}}, "FFC_sans_bias16": {"write": {"device_start": -1, "host_queued_start": 1585579161.511085, "device_queued": -1, "device_end": -1, "host_queued_end": 1585579161.513115}, "device": "cpu", "nd_range": {"device_start": 2246935.795024591, "device_end": 2246935.800748956}, "cmdq": 1, "read": {"device_start": -1, "device_end": -1}}, "FFC_sans_bias19": {"write": {"device_start": -1, "host_queued_start": 1585579161.499397, "device_queued": -1, "device_end": -1, "host_queued_end": 1585579161.513115}, "device": "cpu", "nd_range": {"device_start": 2246935.7295074943, "device_end": 2246935.7429143554}, "cmdq": 1, "read": {"device_start": -1, "device_end": -1}}, "FFC_sans_bias18": {"write": {"device_start": -1, "host_queued_start": 1585579161.498202, "device_queued": -1, "device_end": -1, "host_queued_end": 1585579161.513115}, "device": "cpu", "nd_range": {"device_start": 2246935.727908952, "device_end": 2246935.735518455}, "cmdq": 0, "read": {"device_start": -1, "device_end": -1}}, "coalesced_transpose30": {"write": {"device_start": -1, "host_queued_start": 1585579161.505072, "device_queued": -1, "device_end": -1, "host_queued_end": 1585579161.513115}, "device": "cpu", "nd_range": {"device_start": 2246935.7591417762, "device_end": 2246935.759279613}, "cmdq": 1, "read": {"device_start": -1, "device_end": -1}}, "FFC_sans_bias69": {"write": {"device_start": -1, "host_queued_start": 1585579161.481301, "device_queued": -1, "device_end": -1, "host_queued_end": 1585579161.485572}, "device": "gpu", "nd_range": {"device_start": 1585579096.2905102, "device_end": 1585579096.2911217}, "cmdq": 1, "read": {"device_start": -1, "device_end": -1}}, "FFC_sans_bias38": {"write": {"device_start": 1585579096.282429, "host_queued_start": 1585579161.466892, "device_queued": 1585579096.2823305, "device_end": 1585579096.2825007, "host_queued_end": 1585579161.485572}, "device": "gpu", "nd_range": {"device_start": 1585579096.2825797, "device_end": 1585579096.283746}, "cmdq": 1, "read": {"device_start": -1, "device_end": -1}}, "coalesced_transpose57": {"write": {"device_start": -1, "host_queued_start": 1585579161.477448, "device_queued": -1, "device_end": -1, "host_queued_end": 1585579161.485572}, "device": "gpu", "nd_range": {"device_start": 1585579096.2871542, "device_end": 1585579096.2879727}, "cmdq": 3, "read": {"device_start": -1, "device_end": -1}}, "empty26": {"write": {"device_start": -1, "host_queued_start": 1585579161.489552, "device_queued": -1, "device_end": -1, "host_queued_end": 1585579161.513115}, "device": "cpu", "nd_range": {"device_start": 2246935.702723058, "device_end": 2246935.702723899}, "cmdq": 0, "read": {"device_start": -1, "device_end": -1}}, "coalesced_transpose12": {"write": {"device_start": -1, "host_queued_start": 1585579161.504405, "device_queued": -1, "device_end": -1, "host_queued_end": 1585579161.513115}, "device": "cpu", "nd_range": {"device_start": 2246935.758780132, "device_end": 2246935.7590315393}, "cmdq": 1, "read": {"device_start": -1, "device_end": -1}}, "empty44": {"write": {"device_start": 1585579096.2817013, "host_queued_start": 1585579161.460939, "device_queued": 1585579096.2815244, "device_end": 1585579096.2817328, "host_queued_end": 1585579161.485572}, "device": "gpu", "nd_range": {"device_start": 1585579096.2817354, "device_end": 1585579096.2817402}, "cmdq": 0, "read": {"device_start": -1, "device_end": -1}}, "coalesced_transpose21": {"write": {"device_start": -1, "host_queued_start": 1585579161.504744, "device_queued": -1, "device_end": -1, "host_queued_end": 1585579161.513115}, "device": "cpu", "nd_range": {"device_start": 2246935.751056815, "device_end": 2246935.751307947}, "cmdq": 0, "read": {"device_start": -1, "device_end": -1}}, "FFC_sans_bias36": {"write": {"device_start": 1585579096.2821414, "host_queued_start": 1585579161.464717, "device_queued": 1585579096.2820299, "device_end": 1585579096.2821715, "host_queued_end": 1585579161.485572}, "device": "gpu", "nd_range": {"device_start": 1585579096.2821758, "device_end": 1585579096.2827764}, "cmdq": 4, "read": {"device_start": -1, "device_end": -1}}, "softmax14": {"write": {"device_start": -1, "host_queued_start": 1585579161.50707, "device_queued": -1, "device_end": -1, "host_queued_end": 1585579161.513115}, "device": "cpu", "nd_range": {"device_start": 2246935.77693588, "device_end": 2246935.777016356}, "cmdq": 1, "read": {"device_start": -1, "device_end": -1}}, "FFC_sans_bias13": {"write": {"device_start": -1, "host_queued_start": 1585579161.505781, "device_queued": -1, "device_end": -1, "host_queued_end": 1585579161.513115}, "device": "cpu", "nd_range": {"device_start": 2246935.759485812, "device_end": 2246935.7690486163}, "cmdq": 1, "read": {"device_start": -1, "device_end": -1}}, "empty8": {"write": {"device_start": -1, "host_queued_start": 1585579161.487216, "device_queued": -1, "device_end": -1, "host_queued_end": 1585579161.513115}, "device": "cpu", "nd_range": {"device_start": 2246935.7026990973, "device_end": 2246935.702705697}, "cmdq": 0, "read": {"device_start": -1, "device_end": -1}}, "FFC_sans_bias42": {"write": {"device_start": -1, "host_queued_start": 1585579161.480353, "device_queued": -1, "device_end": -1, "host_queued_end": 1585579161.485572}, "device": "gpu", "nd_range": {"device_start": 1585579096.2905238, "device_end": 1585579096.29153}, "cmdq": 3, "read": {"device_start": -1, "device_end": -1}}, "FFC_sans_bias43": {"write": {"device_start": 1585579096.2904143, "host_queued_start": 1585579161.482317, "device_queued": 1585579096.2841337, "device_end": 1585579096.2904406, "host_queued_end": 1585579161.485572}, "device": "gpu", "nd_range": {"device_start": 1585579096.2915468, "device_end": 1585579096.2930481}, "cmdq": 2, "read": {"device_start": 1585579096.2930508, "device_end": 1585579096.2930746}}, "FFC_sans_bias40": {"write": {"device_start": -1, "host_queued_start": 1585579161.478073, "device_queued": -1, "device_end": -1, "host_queued_end": 1585579161.485572}, "device": "gpu", "nd_range": {"device_start": 1585579096.2880723, "device_end": 1585579096.2886767}, "cmdq": 0, "read": {"device_start": -1, "device_end": -1}}, "softmax32": {"write": {"device_start": -1, "host_queued_start": 1585579161.507623, "device_queued": -1, "device_end": -1, "host_queued_end": 1585579161.513115}, "device": "cpu", "nd_range": {"device_start": 2246935.77711861, "device_end": 2246935.777197108}, "cmdq": 1, "read": {"device_start": -1, "device_end": -1}}, "FFC_sans_bias47": {"write": {"device_start": 1585579096.2828863, "host_queued_start": 1585579161.470187, "device_queued": 1585579096.28239, "device_end": 1585579096.2829108, "host_queued_end": 1585579161.485572}, "device": "gpu", "nd_range": {"device_start": 1585579096.2829225, "device_end": 1585579096.285177}, "cmdq": 4, "read": {"device_start": -1, "device_end": -1}}, "FFC_sans_bias45": {"write": {"device_start": 1585579096.2825346, "host_queued_start": 1585579161.467928, "device_queued": 1585579096.282356, "device_end": 1585579096.2825975, "host_queued_end": 1585579161.485572}, "device": "gpu", "nd_range": {"device_start": 1585579096.2826042, "device_end": 1585579096.2841876}, "cmdq": 2, "read": {"device_start": -1, "device_end": -1}}, "softmax50": {"write": {"device_start": -1, "host_queued_start": 1585579161.47955, "device_queued": -1, "device_end": -1, "host_queued_end": 1585579161.485572}, "device": "gpu", "nd_range": {"device_start": 1585579096.2890995, "device_end": 1585579096.290501}, "cmdq": 0, "read": {"device_start": -1, "device_end": -1}}, "FFC_sans_bias33": {"write": {"device_start": -1, "host_queued_start": 1585579161.509013, "device_queued": -1, "device_end": -1, "host_queued_end": 1585579161.513115}, "device": "cpu", "nd_range": {"device_start": 2246935.782680718, "device_end": 2246935.794914373}, "cmdq": 1, "read": {"device_start": -1, "device_end": -1}}, "FFC_sans_bias63": {"write": {"device_start": 1585579096.2857797, "host_queued_start": 1585579161.476515, "device_queued": 1585579096.2832615, "device_end": 1585579096.2858124, "host_queued_end": 1585579161.485572}, "device": "gpu", "nd_range": {"device_start": 1585579096.2858171, "device_end": 1585579096.288064}, "cmdq": 0, "read": {"device_start": -1, "device_end": -1}}, "FFC_sans_bias49": {"write": {"device_start": -1, "host_queued_start": 1585579161.47839, "device_queued": -1, "device_end": -1, "host_queued_end": 1585579161.485572}, "device": "gpu", "nd_range": {"device_start": 1585579096.288083, "device_end": 1585579096.2890875}, "cmdq": 1, "read": {"device_start": -1, "device_end": -1}}, "FFC_sans_bias64": {"write": {"device_start": 1585579096.2848167, "host_queued_start": 1585579161.474405, "device_queued": 1585579096.2830164, "device_end": 1585579096.2848504, "host_queued_end": 1585579161.485572}, "device": "gpu", "nd_range": {"device_start": 1585579096.2848635, "device_end": 1585579096.287147}, "cmdq": 3, "read": {"device_start": -1, "device_end": -1}}, "FFC_sans_bias65": {"write": {"device_start": 1585579096.2853048, "host_queued_start": 1585579161.475475, "device_queued": 1585579096.2830524, "device_end": 1585579096.2853367, "host_queued_end": 1585579161.485572}, "device": "gpu", "nd_range": {"device_start": 1585579096.2853398, "device_end": 1585579096.2875807}, "cmdq": 4, "read": {"device_start": -1, "device_end": -1}}, "FFC_sans_bias67": {"write": {"device_start": -1, "host_queued_start": 1585579161.479055, "device_queued": -1, "device_end": -1, "host_queued_end": 1585579161.485572}, "device": "gpu", "nd_range": {"device_start": 1585579096.288104, "device_end": 1585579096.2900577}, "cmdq": 3, "read": {"device_start": -1, "device_end": -1}}, "FFC_sans_bias24": {"write": {"device_start": -1, "host_queued_start": 1585579161.508645, "device_queued": -1, "device_end": -1, "host_queued_end": 1585579161.513115}, "device": "cpu", "nd_range": {"device_start": 2246935.7837508703, "device_end": 2246935.7912083482}, "cmdq": 0, "read": {"device_start": -1, "device_end": -1}}, "FFC_sans_bias25": {"write": {"device_start": -1, "host_queued_start": 1585579161.512075, "device_queued": -1, "device_end": -1, "host_queued_end": 1585579161.513115}, "device": "cpu", "nd_range": {"device_start": 2246935.798501281, "device_end": 2246935.807204441}, "cmdq": 0, "read": {"device_start": -1, "device_end": -1}}, "FFC_sans_bias27": {"write": {"device_start": -1, "host_queued_start": 1585579161.501495, "device_queued": -1, "device_end": -1, "host_queued_end": 1585579161.513115}, "device": "cpu", "nd_range": {"device_start": 2246935.742921757, "device_end": 2246935.7507909983}, "cmdq": 1, "read": {"device_start": -1, "device_end": -1}}, "FFC_sans_bias20": {"write": {"device_start": -1, "host_queued_start": 1585579161.500447, "device_queued": -1, "device_end": -1, "host_queued_end": 1585579161.513115}, "device": "cpu", "nd_range": {"device_start": 2246935.7356347363, "device_end": 2246935.742914726}, "cmdq": 0, "read": {"device_start": -1, "device_end": -1}}, "FFC_sans_bias22": {"write": {"device_start": -1, "host_queued_start": 1585579161.506147, "device_queued": -1, "device_end": -1, "host_queued_end": 1585579161.513115}, "device": "cpu", "nd_range": {"device_start": 2246935.759332388, "device_end": 2246935.7670125663}, "cmdq": 0, "read": {"device_start": -1, "device_end": -1}}, "softmax68": {"write": {"device_start": -1, "host_queued_start": 1585579161.480042, "device_queued": -1, "device_end": -1, "host_queued_end": 1585579161.485572}, "device": "gpu", "nd_range": {"device_start": 1585579096.290068, "device_end": 1585579096.2902746}, "cmdq": 2, "read": {"device_start": -1, "device_end": -1}}, "softmax5": {"write": {"device_start": -1, "host_queued_start": 1585579161.506796, "device_queued": -1, "device_end": -1, "host_queued_end": 1585579161.513115}, "device": "cpu", "nd_range": {"device_start": 2246935.7671332452, "device_end": 2246935.767348294}, "cmdq": 0, "read": {"device_start": -1, "device_end": -1}}, "FFC_sans_bias28": {"write": {"device_start": -1, "host_queued_start": 1585579161.502542, "device_queued": -1, "device_end": -1, "host_queued_end": 1585579161.513115}, "device": "cpu", "nd_range": {"device_start": 2246935.743171148, "device_end": 2246935.7507916}, "cmdq": 0, "read": {"device_start": -1, "device_end": -1}}, "FFC_sans_bias29": {"write": {"device_start": -1, "host_queued_start": 1585579161.503626, "device_queued": -1, "device_end": -1, "host_queued_end": 1585579161.513115}, "device": "cpu", "nd_range": {"device_start": 2246935.750933038, "device_end": 2246935.7586716143}, "cmdq": 1, "read": {"device_start": -1, "device_end": -1}}, "empty17": {"write": {"device_start": -1, "host_queued_start": 1585579161.488376, "device_queued": -1, "device_end": -1, "host_queued_end": 1585579161.513115}, "device": "cpu", "nd_range": {"device_start": 2246935.70268506, "device_end": 2246935.702698021}, "cmdq": 1, "read": {"device_start": -1, "device_end": -1}}, "softmax59": {"write": {"device_start": -1, "host_queued_start": 1585579161.479795, "device_queued": -1, "device_end": -1, "host_queued_end": 1585579161.485572}, "device": "gpu", "nd_range": {"device_start": 1585579096.2896638, "device_end": 1585579096.290504}, "cmdq": 1, "read": {"device_start": -1, "device_end": -1}}, "empty71": {"write": {"device_start": 1585579096.282044, "host_queued_start": 1585579161.463713, "device_queued": 1585579096.2817752, "device_end": 1585579096.2821028, "host_queued_end": 1585579161.485572}, "device": "gpu", "nd_range": {"device_start": 1585579096.282116, "device_end": 1585579096.2821193}, "cmdq": 3, "read": {"device_start": -1, "device_end": -1}}, "empty35": {"write": {"device_start": -1, "host_queued_start": 1585579161.490522, "device_queued": -1, "device_end": -1, "host_queued_end": 1585579161.513115}, "device": "cpu", "nd_range": {"device_start": 2246935.702718919, "device_end": 2246935.702719817}, "cmdq": 1, "read": {"device_start": -1, "device_end": -1}}, "empty53": {"write": {"device_start": 1585579096.2818227, "host_queued_start": 1585579161.461982, "device_queued": 1585579096.2817173, "device_end": 1585579096.2818882, "host_queued_end": 1585579161.485572}, "device": "gpu", "nd_range": {"device_start": 1585579096.282092, "device_end": 1585579096.2821095}, "cmdq": 1, "read": {"device_start": -1, "device_end": -1}}, "FFC_sans_bias46": {"write": {"device_start": 1585579096.2826364, "host_queued_start": 1585579161.468968, "device_queued": 1585579096.282373, "device_end": 1585579096.2826672, "host_queued_end": 1585579161.485572}, "device": "gpu", "nd_range": {"device_start": 1585579096.2826712, "device_end": 1585579096.2847176}, "cmdq": 3, "read": {"device_start": -1, "device_end": -1}}, "coalesced_transpose66": {"write": {"device_start": -1, "host_queued_start": 1585579161.477744, "device_queued": -1, "device_end": -1, "host_queued_end": 1585579161.485572}, "device": "gpu", "nd_range": {"device_start": 1585579096.2875884, "device_end": 1585579096.2879865}, "cmdq": 4, "read": {"device_start": -1, "device_end": -1}}, "coalesced_transpose48": {"write": {"device_start": -1, "host_queued_start": 1585579161.477153, "device_queued": -1, "device_end": -1, "host_queued_end": 1585579161.485572}, "device": "gpu", "nd_range": {"device_start": 1585579096.2866163, "device_end": 1585579096.287971}, "cmdq": 2, "read": {"device_start": -1, "device_end": -1}}}