{"FFC_sans_bias60": {"write": {"device_start": -1, "host_queued_start": 1585578917.476619, "device_queued": -1, "device_end": -1, "host_queued_end": 1585578917.483693}, "device": "cpu", "nd_range": {"device_start": 2246691.831232077, "device_end": 2246691.839593519}, "cmdq": 1, "read": {"device_start": -1, "device_end": -1}}, "FFC_sans_bias4": {"write": {"device_start": -1, "host_queued_start": 1585578917.470016, "device_queued": -1, "device_end": -1, "host_queued_end": 1585578917.483693}, "device": "cpu", "nd_range": {"device_start": 2246691.7722559553, "device_end": 2246691.779898222}, "cmdq": 1, "read": {"device_start": -1, "device_end": -1}}, "FFC_sans_bias7": {"write": {"device_start": -1, "host_queued_start": 1585578917.477669, "device_queued": -1, "device_end": -1, "host_queued_end": 1585578917.483693}, "device": "cpu", "nd_range": {"device_start": 2246691.8284582403, "device_end": 2246691.837455688}, "cmdq": 0, "read": {"device_start": -1, "device_end": -1}}, "FFC_sans_bias6": {"write": {"device_start": -1, "host_queued_start": 1585578917.474526, "device_queued": -1, "device_end": -1, "host_queued_end": 1585578917.483693}, "device": "cpu", "nd_range": {"device_start": 2246691.802881677, "device_end": 2246691.811745338}, "cmdq": 1, "read": {"device_start": -1, "device_end": -1}}, "FFC_sans_bias1": {"write": {"device_start": -1, "host_queued_start": 1585578917.447273, "device_queued": -1, "device_end": -1, "host_queued_end": 1585578917.483693}, "device": "cpu", "nd_range": {"device_start": 2246691.673354927, "device_end": 2246691.682425167}, "cmdq": 0, "read": {"device_start": -1, "device_end": -1}}, "FFC_sans_bias0": {"write": {"device_start": -1, "host_queued_start": 1585578917.446198, "device_queued": -1, "device_end": -1, "host_queued_end": 1585578917.483693}, "device": "cpu", "nd_range": {"device_start": 2246691.673345562, "device_end": 2246691.6795461243}, "cmdq": 1, "read": {"device_start": -1, "device_end": -1}}, "FFC_sans_bias2": {"write": {"device_start": -1, "host_queued_start": 1585578917.448325, "device_queued": -1, "device_end": -1, "host_queued_end": 1585578917.483693}, "device": "cpu", "nd_range": {"device_start": 2246691.680243556, "device_end": 2246691.687862927}, "cmdq": 1, "read": {"device_start": -1, "device_end": -1}}, "FFC_sans_bias61": {"write": {"device_start": -1, "host_queued_start": 1585578917.483648, "device_queued": -1, "device_end": -1, "host_queued_end": 1585578917.483693}, "device": "cpu", "nd_range": {"device_start": 2246691.853638988, "device_end": 2246691.8612679793}, "cmdq": 0, "read": {"device_start": -1, "device_end": -1}}, "FFC_sans_bias52": {"write": {"device_start": -1, "host_queued_start": 1585578917.482644, "device_queued": -1, "device_end": -1, "host_queued_end": 1585578917.483693}, "device": "cpu", "nd_range": {"device_start": 2246691.8602864114, "device_end": 2246691.868027475}, "cmdq": 1, "read": {"device_start": -1, "device_end": -1}}, "FFC_sans_bias9": {"write": {"device_start": -1, "host_queued_start": 1585578917.449372, "device_queued": -1, "device_end": -1, "host_queued_end": 1585578917.483693}, "device": "cpu", "nd_range": {"device_start": 2246691.682530519, "device_end": 2246691.691085808}, "cmdq": 0, "read": {"device_start": -1, "device_end": -1}}, "coalesced_transpose39": {"write": {"device_start": -1, "host_queued_start": 1585578917.46902, "device_queued": -1, "device_end": -1, "host_queued_end": 1585578917.483693}, "device": "cpu", "nd_range": {"device_start": 2246691.772634725, "device_end": 2246691.772881819}, "cmdq": 0, "read": {"device_start": -1, "device_end": -1}}, "FFC_sans_bias55": {"write": {"device_start": -1, "host_queued_start": 1585578917.467353, "device_queued": -1, "device_end": -1, "host_queued_end": 1585578917.483693}, "device": "cpu", "nd_range": {"device_start": 2246691.745350257, "device_end": 2246691.755169693}, "cmdq": 1, "read": {"device_start": -1, "device_end": -1}}, "FFC_sans_bias54": {"write": {"device_start": -1, "host_queued_start": 1585578917.466292, "device_queued": -1, "device_end": -1, "host_queued_end": 1585578917.483693}, "device": "cpu", "nd_range": {"device_start": 2246691.766736487, "device_end": 2246691.771963503}, "cmdq": 0, "read": {"device_start": -1, "device_end": -1}}, "FFC_sans_bias56": {"write": {"device_start": -1, "host_queued_start": 1585578917.465219, "device_queued": -1, "device_end": -1, "host_queued_end": 1585578917.483693}, "device": "cpu", "nd_range": {"device_start": 2246691.738559607, "device_end": 2246691.745232887}, "cmdq": 1, "read": {"device_start": -1, "device_end": -1}}, "FFC_sans_bias51": {"write": {"device_start": -1, "host_queued_start": 1585578917.476279, "device_queued": -1, "device_end": -1, "host_queued_end": 1585578917.483693}, "device": "cpu", "nd_range": {"device_start": 2246691.820579038, "device_end": 2246691.828451862}, "cmdq": 0, "read": {"device_start": -1, "device_end": -1}}, "softmax23": {"write": {"device_start": -1, "host_queued_start": 1585578917.473023, "device_queued": -1, "device_end": -1, "host_queued_end": 1585578917.483693}, "device": "cpu", "nd_range": {"device_start": 2246691.801239447, "device_end": 2246691.801451373}, "cmdq": 0, "read": {"device_start": -1, "device_end": -1}}, "FFC_sans_bias37": {"write": {"device_start": -1, "host_queued_start": 1585578917.459936, "device_queued": -1, "device_end": -1, "host_queued_end": 1585578917.483693}, "device": "cpu", "nd_range": {"device_start": 2246691.7411677893, "device_end": 2246691.7551696394}, "cmdq": 0, "read": {"device_start": -1, "device_end": -1}}, "empty62": {"write": {"device_start": -1, "host_queued_start": 1585578917.445241, "device_queued": -1, "device_end": -1, "host_queued_end": 1585578917.483693}, "device": "cpu", "nd_range": {"device_start": 2246691.673347896, "device_end": 2246691.6733489423}, "cmdq": 0, "read": {"device_start": -1, "device_end": -1}}, "FFC_sans_bias70": {"write": {"device_start": 1585578852.2439494, "host_queued_start": 1585578917.438568, "device_queued": 1585578852.2419455, "device_end": 1585578852.2439792, "host_queued_end": 1585578917.438729}, "device": "gpu", "nd_range": {"device_start": 1585578852.2446299, "device_end": 1585578852.245216}, "cmdq": 2, "read": {"device_start": 1585578852.2452233, "device_end": 1585578852.245246}}, "FFC_sans_bias58": {"write": {"device_start": -1, "host_queued_start": 1585578917.472193, "device_queued": -1, "device_end": -1, "host_queued_end": 1585578917.483693}, "device": "cpu", "nd_range": {"device_start": 2246691.794756994, "device_end": 2246691.802111463}, "cmdq": 1, "read": {"device_start": -1, "device_end": -1}}, "softmax41": {"write": {"device_start": -1, "host_queued_start": 1585578917.473572, "device_queued": -1, "device_end": -1, "host_queued_end": 1585578917.483693}, "device": "cpu", "nd_range": {"device_start": 2246691.80155754, "device_end": 2246691.801766052}, "cmdq": 0, "read": {"device_start": -1, "device_end": -1}}, "FFC_sans_bias11": {"write": {"device_start": -1, "host_queued_start": 1585578917.451478, "device_queued": -1, "device_end": -1, "host_queued_end": 1585578917.483693}, "device": "cpu", "nd_range": {"device_start": 2246691.696512417, "device_end": 2246691.7034672173}, "cmdq": 0, "read": {"device_start": -1, "device_end": -1}}, "FFC_sans_bias10": {"write": {"device_start": -1, "host_queued_start": 1585578917.450416, "device_queued": -1, "device_end": -1, "host_queued_end": 1585578917.483693}, "device": "cpu", "nd_range": {"device_start": 2246691.6879856973, "device_end": 2246691.6939179352}, "cmdq": 1, "read": {"device_start": -1, "device_end": -1}}, "coalesced_transpose3": {"write": {"device_start": -1, "host_queued_start": 1585578917.467689, "device_queued": -1, "device_end": -1, "host_queued_end": 1585578917.483693}, "device": "cpu", "nd_range": {"device_start": 2246691.771967906, "device_end": 2246691.7721254663}, "cmdq": 0, "read": {"device_start": -1, "device_end": -1}}, "FFC_sans_bias34": {"write": {"device_start": -1, "host_queued_start": 1585578917.480648, "device_queued": -1, "device_end": -1, "host_queued_end": 1585578917.483693}, "device": "cpu", "nd_range": {"device_start": 2246691.848747882, "device_end": 2246691.860281344}, "cmdq": 1, "read": {"device_start": -1, "device_end": -1}}, "FFC_sans_bias15": {"write": {"device_start": -1, "host_queued_start": 1585578917.474885, "device_queued": -1, "device_end": -1, "host_queued_end": 1585578917.483693}, "device": "cpu", "nd_range": {"device_start": 2246691.802444776, "device_end": 2246691.8127339873}, "cmdq": 0, "read": {"device_start": -1, "device_end": -1}}, "FFC_sans_bias31": {"write": {"device_start": -1, "host_queued_start": 1585578917.471161, "device_queued": -1, "device_end": -1, "host_queued_end": 1585578917.483693}, "device": "cpu", "nd_range": {"device_start": 2246691.781346606, "device_end": 2246691.791879765}, "cmdq": 0, "read": {"device_start": -1, "device_end": -1}}, "FFC_sans_bias16": {"write": {"device_start": -1, "host_queued_start": 1585578917.478665, "device_queued": -1, "device_end": -1, "host_queued_end": 1585578917.483693}, "device": "cpu", "nd_range": {"device_start": 2246691.839600209, "device_end": 2246691.848743889}, "cmdq": 1, "read": {"device_start": -1, "device_end": -1}}, "FFC_sans_bias19": {"write": {"device_start": -1, "host_queued_start": 1585578917.453581, "device_queued": -1, "device_end": -1, "host_queued_end": 1585578917.483693}, "device": "cpu", "nd_range": {"device_start": 2246691.703477548, "device_end": 2246691.713362003}, "cmdq": 0, "read": {"device_start": -1, "device_end": -1}}, "FFC_sans_bias18": {"write": {"device_start": -1, "host_queued_start": 1585578917.452519, "device_queued": -1, "device_end": -1, "host_queued_end": 1585578917.483693}, "device": "cpu", "nd_range": {"device_start": 2246691.694041852, "device_end": 2246691.701693245}, "cmdq": 1, "read": {"device_start": -1, "device_end": -1}}, "coalesced_transpose30": {"write": {"device_start": -1, "host_queued_start": 1585578917.468683, "device_queued": -1, "device_end": -1, "host_queued_end": 1585578917.483693}, "device": "cpu", "nd_range": {"device_start": 2246691.7566279923, "device_end": 2246691.756897605}, "cmdq": 1, "read": {"device_start": -1, "device_end": -1}}, "FFC_sans_bias69": {"write": {"device_start": -1, "host_queued_start": 1585578917.437558, "device_queued": -1, "device_end": -1, "host_queued_end": 1585578917.438729}, "device": "gpu", "nd_range": {"device_start": 1585578852.2440283, "device_end": 1585578852.2446265}, "cmdq": 1, "read": {"device_start": -1, "device_end": -1}}, "FFC_sans_bias38": {"write": {"device_start": -1, "host_queued_start": 1585578917.460993, "device_queued": -1, "device_end": -1, "host_queued_end": 1585578917.483693}, "device": "cpu", "nd_range": {"device_start": 2246691.725156155, "device_end": 2246691.732764788}, "cmdq": 1, "read": {"device_start": -1, "device_end": -1}}, "coalesced_transpose57": {"write": {"device_start": -1, "host_queued_start": 1585578917.469674, "device_queued": -1, "device_end": -1, "host_queued_end": 1585578917.483693}, "device": "cpu", "nd_range": {"device_start": 2246691.7729929, "device_end": 2246691.7732344493}, "cmdq": 0, "read": {"device_start": -1, "device_end": -1}}, "empty26": {"write": {"device_start": -1, "host_queued_start": 1585578917.441957, "device_queued": -1, "device_end": -1, "host_queued_end": 1585578917.483693}, "device": "cpu", "nd_range": {"device_start": 2246691.6733341403, "device_end": 2246691.673335195}, "cmdq": 0, "read": {"device_start": -1, "device_end": -1}}, "coalesced_transpose12": {"write": {"device_start": -1, "host_queued_start": 1585578917.468019, "device_queued": -1, "device_end": -1, "host_queued_end": 1585578917.483693}, "device": "cpu", "nd_range": {"device_start": 2246691.75517687, "device_end": 2246691.756619752}, "cmdq": 1, "read": {"device_start": -1, "device_end": -1}}, "empty44": {"write": {"device_start": -1, "host_queued_start": 1585578917.443634, "device_queued": -1, "device_end": -1, "host_queued_end": 1585578917.483693}, "device": "cpu", "nd_range": {"device_start": 2246691.673342143, "device_end": 2246691.67334283}, "cmdq": 0, "read": {"device_start": -1, "device_end": -1}}, "coalesced_transpose21": {"write": {"device_start": -1, "host_queued_start": 1585578917.468352, "device_queued": -1, "device_end": -1, "host_queued_end": 1585578917.483693}, "device": "cpu", "nd_range": {"device_start": 2246691.7722690944, "device_end": 2246691.772519112}, "cmdq": 0, "read": {"device_start": -1, "device_end": -1}}, "FFC_sans_bias36": {"write": {"device_start": -1, "host_queued_start": 1585578917.458891, "device_queued": -1, "device_end": -1, "host_queued_end": 1585578917.483693}, "device": "cpu", "nd_range": {"device_start": 2246691.717555859, "device_end": 2246691.725034199}, "cmdq": 1, "read": {"device_start": -1, "device_end": -1}}, "softmax14": {"write": {"device_start": -1, "host_queued_start": 1585578917.472749, "device_queued": -1, "device_end": -1, "host_queued_end": 1585578917.483693}, "device": "cpu", "nd_range": {"device_start": 2246691.8021334712, "device_end": 2246691.802435405}, "cmdq": 1, "read": {"device_start": -1, "device_end": -1}}, "FFC_sans_bias13": {"write": {"device_start": -1, "host_queued_start": 1585578917.470457, "device_queued": -1, "device_end": -1, "host_queued_end": 1585578917.483693}, "device": "cpu", "nd_range": {"device_start": 2246691.773341219, "device_end": 2246691.781232988}, "cmdq": 0, "read": {"device_start": -1, "device_end": -1}}, "empty8": {"write": {"device_start": -1, "host_queued_start": 1585578917.440196, "device_queued": -1, "device_end": -1, "host_queued_end": 1585578917.483693}, "device": "cpu", "nd_range": {"device_start": 2246691.673297595, "device_end": 2246691.673310116}, "cmdq": 0, "read": {"device_start": -1, "device_end": -1}}, "FFC_sans_bias42": {"write": {"device_start": -1, "host_queued_start": 1585578917.475935, "device_queued": -1, "device_end": -1, "host_queued_end": 1585578917.483693}, "device": "cpu", "nd_range": {"device_start": 2246691.821550665, "device_end": 2246691.8312235964}, "cmdq": 1, "read": {"device_start": -1, "device_end": -1}}, "FFC_sans_bias43": {"write": {"device_start": -1, "host_queued_start": 1585578917.481641, "device_queued": -1, "device_end": -1, "host_queued_end": 1585578917.483693}, "device": "cpu", "nd_range": {"device_start": 2246691.845093945, "device_end": 2246691.853635644}, "cmdq": 0, "read": {"device_start": -1, "device_end": -1}}, "FFC_sans_bias40": {"write": {"device_start": -1, "host_queued_start": 1585578917.471507, "device_queued": -1, "device_end": -1, "host_queued_end": 1585578917.483693}, "device": "cpu", "nd_range": {"device_start": 2246691.786481812, "device_end": 2246691.7946411152}, "cmdq": 1, "read": {"device_start": -1, "device_end": -1}}, "softmax32": {"write": {"device_start": -1, "host_queued_start": 1585578917.473295, "device_queued": -1, "device_end": -1, "host_queued_end": 1585578917.483693}, "device": "cpu", "nd_range": {"device_start": 2246691.802445556, "device_end": 2246691.8026577183}, "cmdq": 1, "read": {"device_start": -1, "device_end": -1}}, "FFC_sans_bias47": {"write": {"device_start": -1, "host_queued_start": 1585578917.464147, "device_queued": -1, "device_end": -1, "host_queued_end": 1585578917.483693}, "device": "cpu", "nd_range": {"device_start": 2246691.76123484, "device_end": 2246691.766731636}, "cmdq": 0, "read": {"device_start": -1, "device_end": -1}}, "FFC_sans_bias45": {"write": {"device_start": -1, "host_queued_start": 1585578917.462042, "device_queued": -1, "device_end": -1, "host_queued_end": 1585578917.483693}, "device": "cpu", "nd_range": {"device_start": 2246691.755561987, "device_end": 2246691.761229496}, "cmdq": 0, "read": {"device_start": -1, "device_end": -1}}, "softmax50": {"write": {"device_start": -1, "host_queued_start": 1585578917.473875, "device_queued": -1, "device_end": -1, "host_queued_end": 1585578917.483693}, "device": "cpu", "nd_range": {"device_start": 2246691.802663487, "device_end": 2246691.80287472}, "cmdq": 1, "read": {"device_start": -1, "device_end": -1}}, "FFC_sans_bias33": {"write": {"device_start": -1, "host_queued_start": 1585578917.475588, "device_queued": -1, "device_end": -1, "host_queued_end": 1585578917.483693}, "device": "cpu", "nd_range": {"device_start": 2246691.812742398, "device_end": 2246691.8205720433}, "cmdq": 0, "read": {"device_start": -1, "device_end": -1}}, "FFC_sans_bias63": {"write": {"device_start": 1585578852.241826, "host_queued_start": 1585578917.436348, "device_queued": 1585578852.2417367, "device_end": 1585578852.2418556, "host_queued_end": 1585578917.438729}, "device": "gpu", "nd_range": {"device_start": 1585578852.241858, "device_end": 1585578852.2432327}, "cmdq": 0, "read": {"device_start": -1, "device_end": -1}}, "FFC_sans_bias49": {"write": {"device_start": -1, "host_queued_start": 1585578917.471852, "device_queued": -1, "device_end": -1, "host_queued_end": 1585578917.483693}, "device": "cpu", "nd_range": {"device_start": 2246691.791991154, "device_end": 2246691.800786424}, "cmdq": 0, "read": {"device_start": -1, "device_end": -1}}, "FFC_sans_bias64": {"write": {"device_start": 1585578852.2415886, "host_queued_start": 1585578917.434164, "device_queued": 1585578852.2414515, "device_end": 1585578852.2416582, "host_queued_end": 1585578917.438729}, "device": "gpu", "nd_range": {"device_start": 1585578852.2416615, "device_end": 1585578852.2422724}, "cmdq": 1, "read": {"device_start": -1, "device_end": -1}}, "FFC_sans_bias65": {"write": {"device_start": 1585578852.241677, "host_queued_start": 1585578917.435272, "device_queued": 1585578852.24147, "device_end": 1585578852.2417018, "host_queued_end": 1585578917.438729}, "device": "gpu", "nd_range": {"device_start": 1585578852.2417252, "device_end": 1585578852.24269}, "cmdq": 2, "read": {"device_start": -1, "device_end": -1}}, "FFC_sans_bias67": {"write": {"device_start": -1, "host_queued_start": 1585578917.436986, "device_queued": -1, "device_end": -1, "host_queued_end": 1585578917.438729}, "device": "gpu", "nd_range": {"device_start": 1585578852.2432375, "device_end": 1585578852.2438276}, "cmdq": 2, "read": {"device_start": -1, "device_end": -1}}, "FFC_sans_bias24": {"write": {"device_start": -1, "host_queued_start": 1585578917.475245, "device_queued": -1, "device_end": -1, "host_queued_end": 1585578917.483693}, "device": "cpu", "nd_range": {"device_start": 2246691.8117521103, "device_end": 2246691.82154342}, "cmdq": 1, "read": {"device_start": -1, "device_end": -1}}, "FFC_sans_bias25": {"write": {"device_start": -1, "host_queued_start": 1585578917.479656, "device_queued": -1, "device_end": -1, "host_queued_end": 1585578917.483693}, "device": "cpu", "nd_range": {"device_start": 2246691.837459152, "device_end": 2246691.845088032}, "cmdq": 0, "read": {"device_start": -1, "device_end": -1}}, "FFC_sans_bias27": {"write": {"device_start": -1, "host_queued_start": 1585578917.455707, "device_queued": -1, "device_end": -1, "host_queued_end": 1585578917.483693}, "device": "cpu", "nd_range": {"device_start": 2246691.7133686403, "device_end": 2246691.728551443}, "cmdq": 0, "read": {"device_start": -1, "device_end": -1}}, "FFC_sans_bias20": {"write": {"device_start": -1, "host_queued_start": 1585578917.454657, "device_queued": -1, "device_end": -1, "host_queued_end": 1585578917.483693}, "device": "cpu", "nd_range": {"device_start": 2246691.701812102, "device_end": 2246691.708162047}, "cmdq": 1, "read": {"device_start": -1, "device_end": -1}}, "FFC_sans_bias22": {"write": {"device_start": -1, "host_queued_start": 1585578917.470812, "device_queued": -1, "device_end": -1, "host_queued_end": 1585578917.483693}, "device": "cpu", "nd_range": {"device_start": 2246691.7800323414, "device_end": 2246691.786358859}, "cmdq": 1, "read": {"device_start": -1, "device_end": -1}}, "softmax68": {"write": {"device_start": -1, "host_queued_start": 1585578917.437242, "device_queued": -1, "device_end": -1, "host_queued_end": 1585578917.438729}, "device": "gpu", "nd_range": {"device_start": 1585578852.24383, "device_end": 1585578852.2440236}, "cmdq": 0, "read": {"device_start": -1, "device_end": -1}}, "softmax5": {"write": {"device_start": -1, "host_queued_start": 1585578917.472475, "device_queued": -1, "device_end": -1, "host_queued_end": 1585578917.483693}, "device": "cpu", "nd_range": {"device_start": 2246691.8008993734, "device_end": 2246691.801123789}, "cmdq": 0, "read": {"device_start": -1, "device_end": -1}}, "FFC_sans_bias28": {"write": {"device_start": -1, "host_queued_start": 1585578917.456762, "device_queued": -1, "device_end": -1, "host_queued_end": 1585578917.483693}, "device": "cpu", "nd_range": {"device_start": 2246691.708272415, "device_end": 2246691.717445809}, "cmdq": 1, "read": {"device_start": -1, "device_end": -1}}, "FFC_sans_bias29": {"write": {"device_start": -1, "host_queued_start": 1585578917.457818, "device_queued": -1, "device_end": -1, "host_queued_end": 1585578917.483693}, "device": "cpu", "nd_range": {"device_start": 2246691.72871793, "device_end": 2246691.734879145}, "cmdq": 0, "read": {"device_start": -1, "device_end": -1}}, "empty17": {"write": {"device_start": -1, "host_queued_start": 1585578917.441076, "device_queued": -1, "device_end": -1, "host_queued_end": 1585578917.483693}, "device": "cpu", "nd_range": {"device_start": 2246691.673300804, "device_end": 2246691.673310067}, "cmdq": 1, "read": {"device_start": -1, "device_end": -1}}, "softmax59": {"write": {"device_start": -1, "host_queued_start": 1585578917.474168, "device_queued": -1, "device_end": -1, "host_queued_end": 1585578917.483693}, "device": "cpu", "nd_range": {"device_start": 2246691.8021343853, "device_end": 2246691.8023261}, "cmdq": 0, "read": {"device_start": -1, "device_end": -1}}, "empty71": {"write": {"device_start": 1585578852.2414815, "host_queued_start": 1585578917.432909, "device_queued": 1585578852.2413657, "device_end": 1585578852.2415178, "host_queued_end": 1585578917.438729}, "device": "gpu", "nd_range": {"device_start": 1585578852.241525, "device_end": 1585578852.2415378}, "cmdq": 0, "read": {"device_start": -1, "device_end": -1}}, "empty35": {"write": {"device_start": -1, "host_queued_start": 1585578917.442795, "device_queued": -1, "device_end": -1, "host_queued_end": 1585578917.483693}, "device": "cpu", "nd_range": {"device_start": 2246691.673333947, "device_end": 2246691.67333481}, "cmdq": 1, "read": {"device_start": -1, "device_end": -1}}, "empty53": {"write": {"device_start": -1, "host_queued_start": 1585578917.444435, "device_queued": -1, "device_end": -1, "host_queued_end": 1585578917.483693}, "device": "cpu", "nd_range": {"device_start": 2246691.67334032, "device_end": 2246691.673340925}, "cmdq": 1, "read": {"device_start": -1, "device_end": -1}}, "FFC_sans_bias46": {"write": {"device_start": -1, "host_queued_start": 1585578917.463095, "device_queued": -1, "device_end": -1, "host_queued_end": 1585578917.483693}, "device": "cpu", "nd_range": {"device_start": 2246691.732876285, "device_end": 2246691.738435766}, "cmdq": 1, "read": {"device_start": -1, "device_end": -1}}, "coalesced_transpose66": {"write": {"device_start": -1, "host_queued_start": 1585578917.436671, "device_queued": -1, "device_end": -1, "host_queued_end": 1585578917.438729}, "device": "gpu", "nd_range": {"device_start": 1585578852.2422733, "device_end": 1585578852.243082}, "cmdq": 1, "read": {"device_start": -1, "device_end": -1}}, "coalesced_transpose48": {"write": {"device_start": -1, "host_queued_start": 1585578917.469346, "device_queued": -1, "device_end": -1, "host_queued_end": 1585578917.483693}, "device": "cpu", "nd_range": {"device_start": 2246691.756903786, "device_end": 2246691.757171728}, "cmdq": 1, "read": {"device_start": -1, "device_end": -1}}}