{"FFC_sans_bias60": {"write": {"device_start": -1, "host_queued_start": 1585579063.155751, "device_queued": -1, "device_end": -1, "host_queued_end": 1585579063.159311}, "device": "gpu", "nd_range": {"device_start": 1585578997.964644, "device_end": 1585578997.965648}, "cmdq": 2, "read": {"device_start": -1, "device_end": -1}}, "FFC_sans_bias4": {"write": {"device_start": -1, "host_queued_start": 1585579063.182605, "device_queued": -1, "device_end": -1, "host_queued_end": 1585579063.192154}, "device": "cpu", "nd_range": {"device_start": 2246837.455990718, "device_end": 2246837.467404089}, "cmdq": 1, "read": {"device_start": -1, "device_end": -1}}, "FFC_sans_bias7": {"write": {"device_start": -1, "host_queued_start": 1585579063.188153, "device_queued": -1, "device_end": -1, "host_queued_end": 1585579063.192154}, "device": "cpu", "nd_range": {"device_start": 2246837.48748879, "device_end": 2246837.501255699}, "cmdq": 1, "read": {"device_start": -1, "device_end": -1}}, "FFC_sans_bias6": {"write": {"device_start": -1, "host_queued_start": 1585579063.185727, "device_queued": -1, "device_end": -1, "host_queued_end": 1585579063.192154}, "device": "cpu", "nd_range": {"device_start": 2246837.470966453, "device_end": 2246837.483825652}, "cmdq": 2, "read": {"device_start": -1, "device_end": -1}}, "FFC_sans_bias1": {"write": {"device_start": -1, "host_queued_start": 1585579063.166501, "device_queued": -1, "device_end": -1, "host_queued_end": 1585579063.192154}, "device": "cpu", "nd_range": {"device_start": 2246837.3818018013, "device_end": 2246837.389836534}, "cmdq": 0, "read": {"device_start": -1, "device_end": -1}}, "FFC_sans_bias0": {"write": {"device_start": -1, "host_queued_start": 1585579063.165435, "device_queued": -1, "device_end": -1, "host_queued_end": 1585579063.192154}, "device": "cpu", "nd_range": {"device_start": 2246837.381788391, "device_end": 2246837.3968648883}, "cmdq": 2, "read": {"device_start": -1, "device_end": -1}}, "FFC_sans_bias2": {"write": {"device_start": -1, "host_queued_start": 1585579063.167719, "device_queued": -1, "device_end": -1, "host_queued_end": 1585579063.192154}, "device": "cpu", "nd_range": {"device_start": 2246837.381819282, "device_end": 2246837.394264058}, "cmdq": 1, "read": {"device_start": -1, "device_end": -1}}, "FFC_sans_bias61": {"write": {"device_start": 1585578997.9653606, "host_queued_start": 1585579063.158107, "device_queued": 1585578997.9600058, "device_end": 1585578997.9653919, "host_queued_end": 1585579063.159311}, "device": "gpu", "nd_range": {"device_start": 1585578997.965664, "device_end": 1585578997.9672022}, "cmdq": 1, "read": {"device_start": 1585578997.9672077, "device_end": 1585578997.9672313}}, "FFC_sans_bias52": {"write": {"device_start": 1585578997.9648118, "host_queued_start": 1585579063.157067, "device_queued": 1585578997.959961, "device_end": 1585578997.9648423, "host_queued_end": 1585579063.159311}, "device": "gpu", "nd_range": {"device_start": 1585578997.9652631, "device_end": 1585578997.9666402}, "cmdq": 0, "read": {"device_start": 1585578997.96665, "device_end": 1585578997.966674}}, "FFC_sans_bias9": {"write": {"device_start": -1, "host_queued_start": 1585579063.168837, "device_queued": -1, "device_end": -1, "host_queued_end": 1585579063.192154}, "device": "cpu", "nd_range": {"device_start": 2246837.3999031703, "device_end": 2246837.407081583}, "cmdq": 2, "read": {"device_start": -1, "device_end": -1}}, "coalesced_transpose39": {"write": {"device_start": -1, "host_queued_start": 1585579063.182233, "device_queued": -1, "device_end": -1, "host_queued_end": 1585579063.192154}, "device": "cpu", "nd_range": {"device_start": 2246837.4360727123, "device_end": 2246837.436317312}, "cmdq": 0, "read": {"device_start": -1, "device_end": -1}}, "FFC_sans_bias55": {"write": {"device_start": 1585578997.9595513, "host_queued_start": 1585579063.149221, "device_queued": 1585578997.9589436, "device_end": 1585578997.9595807, "host_queued_end": 1585579063.159311}, "device": "gpu", "nd_range": {"device_start": 1585578997.9595852, "device_end": 1585578997.9614081}, "cmdq": 0, "read": {"device_start": -1, "device_end": -1}}, "FFC_sans_bias54": {"write": {"device_start": 1585578997.9591181, "host_queued_start": 1585579063.148189, "device_queued": 1585578997.9587097, "device_end": 1585578997.9591486, "host_queued_end": 1585579063.159311}, "device": "gpu", "nd_range": {"device_start": 1585578997.9591556, "device_end": 1585578997.9609709}, "cmdq": 3, "read": {"device_start": -1, "device_end": -1}}, "FFC_sans_bias56": {"write": {"device_start": 1585578997.9587822, "host_queued_start": 1585579063.147143, "device_queued": 1585578997.958683, "device_end": 1585578997.9588087, "host_queued_end": 1585579063.159311}, "device": "gpu", "nd_range": {"device_start": 1585578997.958819, "device_end": 1585578997.960416}, "cmdq": 2, "read": {"device_start": -1, "device_end": -1}}, "FFC_sans_bias51": {"write": {"device_start": -1, "host_queued_start": 1585579063.15544, "device_queued": -1, "device_end": -1, "host_queued_end": 1585579063.159311}, "device": "gpu", "nd_range": {"device_start": 1585578997.9646392, "device_end": 1585578997.9652462}, "cmdq": 1, "read": {"device_start": -1, "device_end": -1}}, "softmax23": {"write": {"device_start": -1, "host_queued_start": 1585579063.184823, "device_queued": -1, "device_end": -1, "host_queued_end": 1585579063.192154}, "device": "cpu", "nd_range": {"device_start": 2246837.470640901, "device_end": 2246837.470858099}, "cmdq": 2, "read": {"device_start": -1, "device_end": -1}}, "FFC_sans_bias37": {"write": {"device_start": -1, "host_queued_start": 1585579063.179444, "device_queued": -1, "device_end": -1, "host_queued_end": 1585579063.192154}, "device": "cpu", "nd_range": {"device_start": 2246837.4256630633, "device_end": 2246837.4355792673}, "cmdq": 0, "read": {"device_start": -1, "device_end": -1}}, "empty62": {"write": {"device_start": 1585578997.9581296, "host_queued_start": 1585579063.142045, "device_queued": 1585578997.9580266, "device_end": 1585578997.9581847, "host_queued_end": 1585579063.159311}, "device": "gpu", "nd_range": {"device_start": 1585578997.9581916, "device_end": 1585578997.9581952}, "cmdq": 1, "read": {"device_start": -1, "device_end": -1}}, "FFC_sans_bias70": {"write": {"device_start": 1585578997.9657767, "host_queued_start": 1585579063.159212, "device_queued": 1585578997.9601798, "device_end": 1585578997.9658062, "host_queued_end": 1585579063.159311}, "device": "gpu", "nd_range": {"device_start": 1585578997.9662387, "device_end": 1585578997.9676223}, "cmdq": 2, "read": {"device_start": 1585578997.9676254, "device_end": 1585578997.9676485}}, "FFC_sans_bias58": {"write": {"device_start": -1, "host_queued_start": 1585579063.154044, "device_queued": -1, "device_end": -1, "host_queued_end": 1585579063.159311}, "device": "gpu", "nd_range": {"device_start": 1585578997.962855, "device_end": 1585578997.9638658}, "cmdq": 0, "read": {"device_start": -1, "device_end": -1}}, "softmax41": {"write": {"device_start": -1, "host_queued_start": 1585579063.185394, "device_queued": -1, "device_end": -1, "host_queued_end": 1585579063.192154}, "device": "cpu", "nd_range": {"device_start": 2246837.474656032, "device_end": 2246837.4748591213}, "cmdq": 1, "read": {"device_start": -1, "device_end": -1}}, "FFC_sans_bias11": {"write": {"device_start": -1, "host_queued_start": 1585579063.171045, "device_queued": -1, "device_end": -1, "host_queued_end": 1585579063.192154}, "device": "cpu", "nd_range": {"device_start": 2246837.3942795713, "device_end": 2246837.4092620723}, "cmdq": 1, "read": {"device_start": -1, "device_end": -1}}, "FFC_sans_bias10": {"write": {"device_start": -1, "host_queued_start": 1585579063.169977, "device_queued": -1, "device_end": -1, "host_queued_end": 1585579063.192154}, "device": "cpu", "nd_range": {"device_start": 2246837.389961405, "device_end": 2246837.40009411}, "cmdq": 0, "read": {"device_start": -1, "device_end": -1}}, "coalesced_transpose3": {"write": {"device_start": -1, "host_queued_start": 1585579063.180818, "device_queued": -1, "device_end": -1, "host_queued_end": 1585579063.192154}, "device": "cpu", "nd_range": {"device_start": 2246837.4557404453, "device_end": 2246837.455870502}, "cmdq": 2, "read": {"device_start": -1, "device_end": -1}}, "FFC_sans_bias34": {"write": {"device_start": -1, "host_queued_start": 1585579063.191121, "device_queued": -1, "device_end": -1, "host_queued_end": 1585579063.192154}, "device": "cpu", "nd_range": {"device_start": 2246837.501260625, "device_end": 2246837.5165152443}, "cmdq": 1, "read": {"device_start": -1, "device_end": -1}}, "FFC_sans_bias15": {"write": {"device_start": -1, "host_queued_start": 1585579063.186065, "device_queued": -1, "device_end": -1, "host_queued_end": 1585579063.192154}, "device": "cpu", "nd_range": {"device_start": 2246837.477501981, "device_end": 2246837.4879959193}, "cmdq": 0, "read": {"device_start": -1, "device_end": -1}}, "FFC_sans_bias31": {"write": {"device_start": -1, "host_queued_start": 1585579063.18366, "device_queued": -1, "device_end": -1, "host_queued_end": 1585579063.192154}, "device": "cpu", "nd_range": {"device_start": 2246837.4675465473, "device_end": 2246837.474216015}, "cmdq": 1, "read": {"device_start": -1, "device_end": -1}}, "FFC_sans_bias16": {"write": {"device_start": -1, "host_queued_start": 1585579063.18914, "device_queued": -1, "device_end": -1, "host_queued_end": 1585579063.192154}, "device": "cpu", "nd_range": {"device_start": 2246837.499324466, "device_end": 2246837.508422464}, "cmdq": 2, "read": {"device_start": -1, "device_end": -1}}, "FFC_sans_bias19": {"write": {"device_start": -1, "host_queued_start": 1585579063.173128, "device_queued": -1, "device_end": -1, "host_queued_end": 1585579063.192154}, "device": "cpu", "nd_range": {"device_start": 2246837.400210538, "device_end": 2246837.4123888733}, "cmdq": 0, "read": {"device_start": -1, "device_end": -1}}, "FFC_sans_bias18": {"write": {"device_start": -1, "host_queued_start": 1585579063.172086, "device_queued": -1, "device_end": -1, "host_queued_end": 1585579063.192154}, "device": "cpu", "nd_range": {"device_start": 2246837.41439351, "device_end": 2246837.434060873}, "cmdq": 2, "read": {"device_start": -1, "device_end": -1}}, "coalesced_transpose30": {"write": {"device_start": -1, "host_queued_start": 1585579063.181905, "device_queued": -1, "device_end": -1, "host_queued_end": 1585579063.192154}, "device": "cpu", "nd_range": {"device_start": 2246837.455996655, "device_end": 2246837.45626146}, "cmdq": 2, "read": {"device_start": -1, "device_end": -1}}, "FFC_sans_bias69": {"write": {"device_start": -1, "host_queued_start": 1585579063.156059, "device_queued": -1, "device_end": -1, "host_queued_end": 1585579063.159311}, "device": "gpu", "nd_range": {"device_start": 1585578997.9646628, "device_end": 1585578997.9662344}, "cmdq": 3, "read": {"device_start": -1, "device_end": -1}}, "FFC_sans_bias38": {"write": {"device_start": -1, "host_queued_start": 1585579063.180491, "device_queued": -1, "device_end": -1, "host_queued_end": 1585579063.192154}, "device": "cpu", "nd_range": {"device_start": 2246837.432334737, "device_end": 2246837.4421116724}, "cmdq": 1, "read": {"device_start": -1, "device_end": -1}}, "coalesced_transpose57": {"write": {"device_start": -1, "host_queued_start": 1585579063.153117, "device_queued": -1, "device_end": -1, "host_queued_end": 1585579063.159311}, "device": "gpu", "nd_range": {"device_start": 1585578997.961913, "device_end": 1585578997.962758}, "cmdq": 1, "read": {"device_start": -1, "device_end": -1}}, "empty26": {"write": {"device_start": -1, "host_queued_start": 1585579063.162771, "device_queued": -1, "device_end": -1, "host_queued_end": 1585579063.192154}, "device": "cpu", "nd_range": {"device_start": 2246837.3817500654, "device_end": 2246837.381760199}, "cmdq": 2, "read": {"device_start": -1, "device_end": -1}}, "coalesced_transpose12": {"write": {"device_start": -1, "host_queued_start": 1585579063.181151, "device_queued": -1, "device_end": -1, "host_queued_end": 1585579063.192154}, "device": "cpu", "nd_range": {"device_start": 2246837.435688538, "device_end": 2246837.435944208}, "cmdq": 0, "read": {"device_start": -1, "device_end": -1}}, "empty44": {"write": {"device_start": -1, "host_queued_start": 1585579063.164461, "device_queued": -1, "device_end": -1, "host_queued_end": 1585579063.192154}, "device": "cpu", "nd_range": {"device_start": 2246837.381780732, "device_end": 2246837.381782054}, "cmdq": 1, "read": {"device_start": -1, "device_end": -1}}, "coalesced_transpose21": {"write": {"device_start": -1, "host_queued_start": 1585579063.18148, "device_queued": -1, "device_end": -1, "host_queued_end": 1585579063.192154}, "device": "cpu", "nd_range": {"device_start": 2246837.442241238, "device_end": 2246837.44235776}, "cmdq": 1, "read": {"device_start": -1, "device_end": -1}}, "FFC_sans_bias36": {"write": {"device_start": -1, "host_queued_start": 1585579063.1784, "device_queued": -1, "device_end": -1, "host_queued_end": 1585579063.192154}, "device": "cpu", "nd_range": {"device_start": 2246837.4479995803, "device_end": 2246837.455734299}, "cmdq": 2, "read": {"device_start": -1, "device_end": -1}}, "softmax14": {"write": {"device_start": -1, "host_queued_start": 1585579063.184552, "device_queued": -1, "device_end": -1, "host_queued_end": 1585579063.192154}, "device": "cpu", "nd_range": {"device_start": 2246837.474335312, "device_end": 2246837.474541067}, "cmdq": 1, "read": {"device_start": -1, "device_end": -1}}, "FFC_sans_bias13": {"write": {"device_start": -1, "host_queued_start": 1585579063.182972, "device_queued": -1, "device_end": -1, "host_queued_end": 1585579063.192154}, "device": "cpu", "nd_range": {"device_start": 2246837.456376585, "device_end": 2246837.4640642772}, "cmdq": 2, "read": {"device_start": -1, "device_end": -1}}, "empty8": {"write": {"device_start": -1, "host_queued_start": 1585579063.16067, "device_queued": -1, "device_end": -1, "host_queued_end": 1585579063.192154}, "device": "cpu", "nd_range": {"device_start": 2246837.38178024, "device_end": 2246837.3817812502}, "cmdq": 0, "read": {"device_start": -1, "device_end": -1}}, "FFC_sans_bias42": {"write": {"device_start": -1, "host_queued_start": 1585579063.187088, "device_queued": -1, "device_end": -1, "host_queued_end": 1585579063.192154}, "device": "cpu", "nd_range": {"device_start": 2246837.488116899, "device_end": 2246837.502249152}, "cmdq": 0, "read": {"device_start": -1, "device_end": -1}}, "FFC_sans_bias43": {"write": {"device_start": -1, "host_queued_start": 1585579063.19211, "device_queued": -1, "device_end": -1, "host_queued_end": 1585579063.192154}, "device": "cpu", "nd_range": {"device_start": 2246837.508429727, "device_end": 2246837.5181626943}, "cmdq": 2, "read": {"device_start": -1, "device_end": -1}}, "FFC_sans_bias40": {"write": {"device_start": -1, "host_queued_start": 1585579063.184002, "device_queued": -1, "device_end": -1, "host_queued_end": 1585579063.192154}, "device": "cpu", "nd_range": {"device_start": 2246837.464071446, "device_end": 2246837.470528917}, "cmdq": 2, "read": {"device_start": -1, "device_end": -1}}, "softmax32": {"write": {"device_start": -1, "host_queued_start": 1585579063.185116, "device_queued": -1, "device_end": -1, "host_queued_end": 1585579063.192154}, "device": "cpu", "nd_range": {"device_start": 2246837.4771729843, "device_end": 2246837.47737951}, "cmdq": 0, "read": {"device_start": -1, "device_end": -1}}, "FFC_sans_bias47": {"write": {"device_start": 1585578997.9586265, "host_queued_start": 1585579063.14606, "device_queued": 1585578997.9584854, "device_end": 1585578997.958656, "host_queued_end": 1585579063.159311}, "device": "gpu", "nd_range": {"device_start": 1585578997.9587507, "device_end": 1585578997.9600017}, "cmdq": 1, "read": {"device_start": -1, "device_end": -1}}, "FFC_sans_bias45": {"write": {"device_start": 1585578997.9583426, "host_queued_start": 1585579063.143949, "device_queued": 1585578997.9580908, "device_end": 1585578997.9583678, "host_queued_end": 1585579063.159311}, "device": "gpu", "nd_range": {"device_start": 1585578997.9584138, "device_end": 1585578997.9590225}, "cmdq": 3, "read": {"device_start": -1, "device_end": -1}}, "softmax50": {"write": {"device_start": -1, "host_queued_start": 1585579063.154634, "device_queued": -1, "device_end": -1, "host_queued_end": 1585579063.159311}, "device": "gpu", "nd_range": {"device_start": 1585578997.963463, "device_end": 1585578997.9646292}, "cmdq": 2, "read": {"device_start": -1, "device_end": -1}}, "FFC_sans_bias33": {"write": {"device_start": -1, "host_queued_start": 1585579063.186747, "device_queued": -1, "device_end": -1, "host_queued_end": 1585579063.192154}, "device": "cpu", "nd_range": {"device_start": 2246837.483941135, "device_end": 2246837.4992021574}, "cmdq": 2, "read": {"device_start": -1, "device_end": -1}}, "FFC_sans_bias63": {"write": {"device_start": 1585578997.9610589, "host_queued_start": 1585579063.152506, "device_queued": 1585578997.9591913, "device_end": 1585578997.9610853, "host_queued_end": 1585579063.159311}, "device": "gpu", "nd_range": {"device_start": 1585578997.9610884, "device_end": 1585578997.9628417}, "cmdq": 3, "read": {"device_start": -1, "device_end": -1}}, "FFC_sans_bias49": {"write": {"device_start": -1, "host_queued_start": 1585579063.153728, "device_queued": -1, "device_end": -1, "host_queued_end": 1585579063.159311}, "device": "gpu", "nd_range": {"device_start": 1585578997.9628482, "device_end": 1585578997.9634545}, "cmdq": 3, "read": {"device_start": -1, "device_end": -1}}, "FFC_sans_bias64": {"write": {"device_start": 1585578997.960133, "host_queued_start": 1585579063.150425, "device_queued": 1585578997.958997, "device_end": 1585578997.9601638, "host_queued_end": 1585579063.159311}, "device": "gpu", "nd_range": {"device_start": 1585578997.9601703, "device_end": 1585578997.9619093}, "cmdq": 1, "read": {"device_start": -1, "device_end": -1}}, "FFC_sans_bias65": {"write": {"device_start": 1585578997.9605126, "host_queued_start": 1585579063.15148, "device_queued": 1585578997.959172, "device_end": 1585578997.9605439, "host_queued_end": 1585579063.159311}, "device": "gpu", "nd_range": {"device_start": 1585578997.9605474, "device_end": 1585578997.962388}, "cmdq": 2, "read": {"device_start": -1, "device_end": -1}}, "FFC_sans_bias67": {"write": {"device_start": -1, "host_queued_start": 1585579063.154354, "device_queued": -1, "device_end": -1, "host_queued_end": 1585579063.159311}, "device": "gpu", "nd_range": {"device_start": 1585578997.9628623, "device_end": 1585578997.9644418}, "cmdq": 1, "read": {"device_start": -1, "device_end": -1}}, "FFC_sans_bias24": {"write": {"device_start": -1, "host_queued_start": 1585579063.186402, "device_queued": -1, "device_end": -1, "host_queued_end": 1585579063.192154}, "device": "cpu", "nd_range": {"device_start": 2246837.474964866, "device_end": 2246837.487372791}, "cmdq": 1, "read": {"device_start": -1, "device_end": -1}}, "FFC_sans_bias25": {"write": {"device_start": -1, "host_queued_start": 1585579063.190125, "device_queued": -1, "device_end": -1, "host_queued_end": 1585579063.192154}, "device": "cpu", "nd_range": {"device_start": 2246837.502376709, "device_end": 2246837.518163187}, "cmdq": 0, "read": {"device_start": -1, "device_end": -1}}, "FFC_sans_bias27": {"write": {"device_start": -1, "host_queued_start": 1585579063.175235, "device_queued": -1, "device_end": -1, "host_queued_end": 1585579063.192154}, "device": "cpu", "nd_range": {"device_start": 2246837.434069125, "device_end": 2246837.4471256724}, "cmdq": 2, "read": {"device_start": -1, "device_end": -1}}, "FFC_sans_bias20": {"write": {"device_start": -1, "host_queued_start": 1585579063.17417, "device_queued": -1, "device_end": -1, "host_queued_end": 1585579063.192154}, "device": "cpu", "nd_range": {"device_start": 2246837.409269098, "device_end": 2246837.419755406}, "cmdq": 1, "read": {"device_start": -1, "device_end": -1}}, "FFC_sans_bias22": {"write": {"device_start": -1, "host_queued_start": 1585579063.183314, "device_queued": -1, "device_end": -1, "host_queued_end": 1585579063.192154}, "device": "cpu", "nd_range": {"device_start": 2246837.442482246, "device_end": 2246837.4477353073}, "cmdq": 0, "read": {"device_start": -1, "device_end": -1}}, "softmax68": {"write": {"device_start": -1, "host_queued_start": 1585579063.155129, "device_queued": -1, "device_end": -1, "host_queued_end": 1585579063.159311}, "device": "gpu", "nd_range": {"device_start": 1585578997.96445, "device_end": 1585578997.9646537}, "cmdq": 0, "read": {"device_start": -1, "device_end": -1}}, "softmax5": {"write": {"device_start": -1, "host_queued_start": 1585579063.184278, "device_queued": -1, "device_end": -1, "host_queued_end": 1585579063.192154}, "device": "cpu", "nd_range": {"device_start": 2246837.4676046344, "device_end": 2246837.467819969}, "cmdq": 0, "read": {"device_start": -1, "device_end": -1}}, "FFC_sans_bias28": {"write": {"device_start": -1, "host_queued_start": 1585579063.176273, "device_queued": -1, "device_end": -1, "host_queued_end": 1585579063.192154}, "device": "cpu", "nd_range": {"device_start": 2246837.412510485, "device_end": 2246837.42554756}, "cmdq": 0, "read": {"device_start": -1, "device_end": -1}}, "FFC_sans_bias29": {"write": {"device_start": -1, "host_queued_start": 1585579063.177344, "device_queued": -1, "device_end": -1, "host_queued_end": 1585579063.192154}, "device": "cpu", "nd_range": {"device_start": 2246837.419761795, "device_end": 2246837.432196951}, "cmdq": 1, "read": {"device_start": -1, "device_end": -1}}, "empty17": {"write": {"device_start": -1, "host_queued_start": 1585579063.161753, "device_queued": -1, "device_end": -1, "host_queued_end": 1585579063.192154}, "device": "cpu", "nd_range": {"device_start": 2246837.3817473273, "device_end": 2246837.381760091}, "cmdq": 1, "read": {"device_start": -1, "device_end": -1}}, "softmax59": {"write": {"device_start": -1, "host_queued_start": 1585579063.154885, "device_queued": -1, "device_end": -1, "host_queued_end": 1585579063.159311}, "device": "gpu", "nd_range": {"device_start": 1585578997.9638727, "device_end": 1585578997.9646337}, "cmdq": 3, "read": {"device_start": -1, "device_end": -1}}, "empty71": {"write": {"device_start": 1585578997.9582539, "host_queued_start": 1585579063.14294, "device_queued": 1585578997.9580684, "device_end": 1585578997.9583063, "host_queued_end": 1585579063.159311}, "device": "gpu", "nd_range": {"device_start": 1585578997.9583094, "device_end": 1585578997.9583127}, "cmdq": 2, "read": {"device_start": -1, "device_end": -1}}, "empty35": {"write": {"device_start": -1, "host_queued_start": 1585579063.163649, "device_queued": -1, "device_end": -1, "host_queued_end": 1585579063.192154}, "device": "cpu", "nd_range": {"device_start": 2246837.381792975, "device_end": 2246837.381794208}, "cmdq": 0, "read": {"device_start": -1, "device_end": -1}}, "empty53": {"write": {"device_start": 1585578997.9580312, "host_queued_start": 1585579063.140991, "device_queued": 1585578997.957902, "device_end": 1585578997.9580588, "host_queued_end": 1585579063.159311}, "device": "gpu", "nd_range": {"device_start": 1585578997.9580626, "device_end": 1585578997.958068}, "cmdq": 0, "read": {"device_start": -1, "device_end": -1}}, "FFC_sans_bias46": {"write": {"device_start": 1585578997.9585347, "host_queued_start": 1585579063.145029, "device_queued": 1585578997.9584324, "device_end": 1585578997.9585855, "host_queued_end": 1585579063.159311}, "device": "gpu", "nd_range": {"device_start": 1585578997.9585886, "device_end": 1585578997.9594243}, "cmdq": 0, "read": {"device_start": -1, "device_end": -1}}, "coalesced_transpose66": {"write": {"device_start": -1, "host_queued_start": 1585579063.153413, "device_queued": -1, "device_end": -1, "host_queued_end": 1585579063.159311}, "device": "gpu", "nd_range": {"device_start": 1585578997.9623961, "device_end": 1585578997.9627695}, "cmdq": 2, "read": {"device_start": -1, "device_end": -1}}, "coalesced_transpose48": {"write": {"device_start": -1, "host_queued_start": 1585579063.152824, "device_queued": -1, "device_end": -1, "host_queued_end": 1585579063.159311}, "device": "gpu", "nd_range": {"device_start": 1585578997.9614096, "device_end": 1585578997.962749}, "cmdq": 0, "read": {"device_start": -1, "device_end": -1}}}