{"FFC_sans_bias60": {"write": {"device_start": -1, "host_queued_start": 1585578993.148603, "device_queued": -1, "device_end": -1, "host_queued_end": 1585578993.155693}, "device": "cpu", "nd_range": {"device_start": 2246767.5130548202, "device_end": 2246767.536411636}, "cmdq": 0, "read": {"device_start": -1, "device_end": -1}}, "FFC_sans_bias4": {"write": {"device_start": -1, "host_queued_start": 1585578993.142182, "device_queued": -1, "device_end": -1, "host_queued_end": 1585578993.155693}, "device": "cpu", "nd_range": {"device_start": 2246767.462556038, "device_end": 2246767.480092578}, "cmdq": 0, "read": {"device_start": -1, "device_end": -1}}, "FFC_sans_bias7": {"write": {"device_start": -1, "host_queued_start": 1585578993.149666, "device_queued": -1, "device_end": -1, "host_queued_end": 1585578993.155693}, "device": "cpu", "nd_range": {"device_start": 2246767.49412046, "device_end": 2246767.516732938}, "cmdq": 1, "read": {"device_start": -1, "device_end": -1}}, "FFC_sans_bias6": {"write": {"device_start": -1, "host_queued_start": 1585578993.146517, "device_queued": -1, "device_end": -1, "host_queued_end": 1585578993.155693}, "device": "cpu", "nd_range": {"device_start": 2246767.482667081, "device_end": 2246767.49363376}, "cmdq": 4, "read": {"device_start": -1, "device_end": -1}}, "FFC_sans_bias1": {"write": {"device_start": -1, "host_queued_start": 1585578993.119457, "device_queued": -1, "device_end": -1, "host_queued_end": 1585578993.155693}, "device": "cpu", "nd_range": {"device_start": 2246767.345379503, "device_end": 2246767.3607130903}, "cmdq": 3, "read": {"device_start": -1, "device_end": -1}}, "FFC_sans_bias0": {"write": {"device_start": -1, "host_queued_start": 1585578993.118391, "device_queued": -1, "device_end": -1, "host_queued_end": 1585578993.155693}, "device": "cpu", "nd_range": {"device_start": 2246767.3609062512, "device_end": 2246767.376055513}, "cmdq": 2, "read": {"device_start": -1, "device_end": -1}}, "FFC_sans_bias2": {"write": {"device_start": -1, "host_queued_start": 1585578993.120509, "device_queued": -1, "device_end": -1, "host_queued_end": 1585578993.155693}, "device": "cpu", "nd_range": {"device_start": 2246767.3611735823, "device_end": 2246767.376424618}, "cmdq": 4, "read": {"device_start": -1, "device_end": -1}}, "FFC_sans_bias61": {"write": {"device_start": -1, "host_queued_start": 1585578993.155649, "device_queued": -1, "device_end": -1, "host_queued_end": 1585578993.155693}, "device": "cpu", "nd_range": {"device_start": 2246767.538771463, "device_end": 2246767.551669023}, "cmdq": 2, "read": {"device_start": -1, "device_end": -1}}, "FFC_sans_bias52": {"write": {"device_start": -1, "host_queued_start": 1585578993.154639, "device_queued": -1, "device_end": -1, "host_queued_end": 1585578993.155693}, "device": "cpu", "nd_range": {"device_start": 2246767.531062161, "device_end": 2246767.546370237}, "cmdq": 1, "read": {"device_start": -1, "device_end": -1}}, "FFC_sans_bias9": {"write": {"device_start": -1, "host_queued_start": 1585578993.121551, "device_queued": -1, "device_end": -1, "host_queued_end": 1585578993.155693}, "device": "cpu", "nd_range": {"device_start": 2246767.3453412834, "device_end": 2246767.360865702}, "cmdq": 0, "read": {"device_start": -1, "device_end": -1}}, "coalesced_transpose39": {"write": {"device_start": -1, "host_queued_start": 1585578993.141089, "device_queued": -1, "device_end": -1, "host_queued_end": 1585578993.155693}, "device": "cpu", "nd_range": {"device_start": 2246767.437480179, "device_end": 2246767.437727251}, "cmdq": 2, "read": {"device_start": -1, "device_end": -1}}, "FFC_sans_bias55": {"write": {"device_start": -1, "host_queued_start": 1585578993.139442, "device_queued": -1, "device_end": -1, "host_queued_end": 1585578993.155693}, "device": "cpu", "nd_range": {"device_start": 2246767.422215306, "device_end": 2246767.4373546853}, "cmdq": 2, "read": {"device_start": -1, "device_end": -1}}, "FFC_sans_bias54": {"write": {"device_start": -1, "host_queued_start": 1585578993.138396, "device_queued": -1, "device_end": -1, "host_queued_end": 1585578993.155693}, "device": "cpu", "nd_range": {"device_start": 2246767.393822458, "device_end": 2246767.40990311}, "cmdq": 1, "read": {"device_start": -1, "device_end": -1}}, "FFC_sans_bias56": {"write": {"device_start": -1, "host_queued_start": 1585578993.13735, "device_queued": -1, "device_end": -1, "host_queued_end": 1585578993.155693}, "device": "cpu", "nd_range": {"device_start": 2246767.4182147663, "device_end": 2246767.449461086}, "cmdq": 0, "read": {"device_start": -1, "device_end": -1}}, "FFC_sans_bias51": {"write": {"device_start": -1, "host_queued_start": 1585578993.148244, "device_queued": -1, "device_end": -1, "host_queued_end": 1585578993.155693}, "device": "cpu", "nd_range": {"device_start": 2246767.516378927, "device_end": 2246767.530494558}, "cmdq": 4, "read": {"device_start": -1, "device_end": -1}}, "softmax23": {"write": {"device_start": -1, "host_queued_start": 1585578993.145065, "device_queued": -1, "device_end": -1, "host_queued_end": 1585578993.155693}, "device": "cpu", "nd_range": {"device_start": 2246767.47808732, "device_end": 2246767.478291077}, "cmdq": 4, "read": {"device_start": -1, "device_end": -1}}, "FFC_sans_bias37": {"write": {"device_start": -1, "host_queued_start": 1585578993.132102, "device_queued": -1, "device_end": -1, "host_queued_end": 1585578993.155693}, "device": "cpu", "nd_range": {"device_start": 2246767.3949538074, "device_end": 2246767.418203658}, "cmdq": 0, "read": {"device_start": -1, "device_end": -1}}, "empty62": {"write": {"device_start": -1, "host_queued_start": 1585578993.117444, "device_queued": -1, "device_end": -1, "host_queued_end": 1585578993.155693}, "device": "cpu", "nd_range": {"device_start": 2246767.3453330533, "device_end": 2246767.3453343404}, "cmdq": 1, "read": {"device_start": -1, "device_end": -1}}, "FFC_sans_bias70": {"write": {"device_start": 1585578927.9140882, "host_queued_start": 1585578993.110771, "device_queued": 1585578927.912105, "device_end": 1585578927.9141257, "host_queued_end": 1585578993.110885}, "device": "gpu", "nd_range": {"device_start": 1585578927.914741, "device_end": 1585578927.9153378}, "cmdq": 2, "read": {"device_start": 1585578927.9153469, "device_end": 1585578927.9153695}}, "FFC_sans_bias58": {"write": {"device_start": -1, "host_queued_start": 1585578993.14424, "device_queued": -1, "device_end": -1, "host_queued_end": 1585578993.155693}, "device": "cpu", "nd_range": {"device_start": 2246767.4382911203, "device_end": 2246767.453586594}, "cmdq": 1, "read": {"device_start": -1, "device_end": -1}}, "softmax41": {"write": {"device_start": -1, "host_queued_start": 1585578993.145621, "device_queued": -1, "device_end": -1, "host_queued_end": 1585578993.155693}, "device": "cpu", "nd_range": {"device_start": 2246767.453699083, "device_end": 2246767.453912986}, "cmdq": 1, "read": {"device_start": -1, "device_end": -1}}, "FFC_sans_bias11": {"write": {"device_start": -1, "host_queued_start": 1585578993.123669, "device_queued": -1, "device_end": -1, "host_queued_end": 1585578993.155693}, "device": "cpu", "nd_range": {"device_start": 2246767.3761764313, "device_end": 2246767.391432711}, "cmdq": 2, "read": {"device_start": -1, "device_end": -1}}, "FFC_sans_bias10": {"write": {"device_start": -1, "host_queued_start": 1585578993.122618, "device_queued": -1, "device_end": -1, "host_queued_end": 1585578993.155693}, "device": "cpu", "nd_range": {"device_start": 2246767.3453410203, "device_end": 2246767.3615597324}, "cmdq": 1, "read": {"device_start": -1, "device_end": -1}}, "coalesced_transpose3": {"write": {"device_start": -1, "host_queued_start": 1585578993.139778, "device_queued": -1, "device_end": -1, "host_queued_end": 1585578993.155693}, "device": "cpu", "nd_range": {"device_start": 2246767.4555663313, "device_end": 2246767.455699724}, "cmdq": 3, "read": {"device_start": -1, "device_end": -1}}, "FFC_sans_bias34": {"write": {"device_start": -1, "host_queued_start": 1585578993.152655, "device_queued": -1, "device_end": -1, "host_queued_end": 1585578993.155693}, "device": "cpu", "nd_range": {"device_start": 2246767.530505016, "device_end": 2246767.5501375673}, "cmdq": 4, "read": {"device_start": -1, "device_end": -1}}, "FFC_sans_bias15": {"write": {"device_start": -1, "host_queued_start": 1585578993.146877, "device_queued": -1, "device_end": -1, "host_queued_end": 1585578993.155693}, "device": "cpu", "nd_range": {"device_start": 2246767.504486055, "device_end": 2246767.513047796}, "cmdq": 0, "read": {"device_start": -1, "device_end": -1}}, "FFC_sans_bias31": {"write": {"device_start": -1, "host_queued_start": 1585578993.143213, "device_queued": -1, "device_end": -1, "host_queued_end": 1585578993.155693}, "device": "cpu", "nd_range": {"device_start": 2246767.4560099863, "device_end": 2246767.462542296}, "cmdq": 3, "read": {"device_start": -1, "device_end": -1}}, "FFC_sans_bias16": {"write": {"device_start": -1, "host_queued_start": 1585578993.150684, "device_queued": -1, "device_end": -1, "host_queued_end": 1585578993.155693}, "device": "cpu", "nd_range": {"device_start": 2246767.5167424683, "device_end": 2246767.5319884503}, "cmdq": 2, "read": {"device_start": -1, "device_end": -1}}, "FFC_sans_bias19": {"write": {"device_start": -1, "host_queued_start": 1585578993.125743, "device_queued": -1, "device_end": -1, "host_queued_end": 1585578993.155693}, "device": "cpu", "nd_range": {"device_start": 2246767.376541574, "device_end": 2246767.3918134184}, "cmdq": 4, "read": {"device_start": -1, "device_end": -1}}, "FFC_sans_bias18": {"write": {"device_start": -1, "host_queued_start": 1585578993.124707, "device_queued": -1, "device_end": -1, "host_queued_end": 1585578993.155693}, "device": "cpu", "nd_range": {"device_start": 2246767.410370224, "device_end": 2246767.4275306882}, "cmdq": 3, "read": {"device_start": -1, "device_end": -1}}, "coalesced_transpose30": {"write": {"device_start": -1, "host_queued_start": 1585578993.140761, "device_queued": -1, "device_end": -1, "host_queued_end": 1585578993.155693}, "device": "cpu", "nd_range": {"device_start": 2246767.410015781, "device_end": 2246767.410254707}, "cmdq": 1, "read": {"device_start": -1, "device_end": -1}}, "FFC_sans_bias69": {"write": {"device_start": -1, "host_queued_start": 1585578993.109742, "device_queued": -1, "device_end": -1, "host_queued_end": 1585578993.110885}, "device": "gpu", "nd_range": {"device_start": 1585578927.9141517, "device_end": 1585578927.9147377}, "cmdq": 1, "read": {"device_start": -1, "device_end": -1}}, "FFC_sans_bias38": {"write": {"device_start": -1, "host_queued_start": 1585578993.133143, "device_queued": -1, "device_end": -1, "host_queued_end": 1585578993.155693}, "device": "cpu", "nd_range": {"device_start": 2246767.3771062433, "device_end": 2246767.393702073}, "cmdq": 1, "read": {"device_start": -1, "device_end": -1}}, "coalesced_transpose57": {"write": {"device_start": -1, "host_queued_start": 1585578993.141747, "device_queued": -1, "device_end": -1, "host_queued_end": 1585578993.155693}, "device": "cpu", "nd_range": {"device_start": 2246767.437839019, "device_end": 2246767.438072903}, "cmdq": 4, "read": {"device_start": -1, "device_end": -1}}, "empty26": {"write": {"device_start": -1, "host_queued_start": 1585578993.114014, "device_queued": -1, "device_end": -1, "host_queued_end": 1585578993.155693}, "device": "cpu", "nd_range": {"device_start": 2246767.360829291, "device_end": 2246767.360831893}, "cmdq": 2, "read": {"device_start": -1, "device_end": -1}}, "coalesced_transpose12": {"write": {"device_start": -1, "host_queued_start": 1585578993.140103, "device_queued": -1, "device_end": -1, "host_queued_end": 1585578993.155693}, "device": "cpu", "nd_range": {"device_start": 2246767.422499626, "device_end": 2246767.4227495072}, "cmdq": 4, "read": {"device_start": -1, "device_end": -1}}, "empty44": {"write": {"device_start": -1, "host_queued_start": 1585578993.115804, "device_queued": -1, "device_end": -1, "host_queued_end": 1585578993.155693}, "device": "cpu", "nd_range": {"device_start": 2246767.3608814133, "device_end": 2246767.3608873733}, "cmdq": 4, "read": {"device_start": -1, "device_end": -1}}, "coalesced_transpose21": {"write": {"device_start": -1, "host_queued_start": 1585578993.140432, "device_queued": -1, "device_end": -1, "host_queued_end": 1585578993.155693}, "device": "cpu", "nd_range": {"device_start": 2246767.4555258853, "device_end": 2246767.460038939}, "cmdq": 0, "read": {"device_start": -1, "device_end": -1}}, "FFC_sans_bias36": {"write": {"device_start": -1, "host_queued_start": 1585578993.13106, "device_queued": -1, "device_end": -1, "host_queued_end": 1585578993.155693}, "device": "cpu", "nd_range": {"device_start": 2246767.3919296, "device_end": 2246767.407134239}, "cmdq": 4, "read": {"device_start": -1, "device_end": -1}}, "softmax14": {"write": {"device_start": -1, "host_queued_start": 1585578993.144794, "device_queued": -1, "device_end": -1, "host_queued_end": 1585578993.155693}, "device": "cpu", "nd_range": {"device_start": 2246767.462651491, "device_end": 2246767.4628646793}, "cmdq": 3, "read": {"device_start": -1, "device_end": -1}}, "FFC_sans_bias13": {"write": {"device_start": -1, "host_queued_start": 1585578993.142525, "device_queued": -1, "device_end": -1, "host_queued_end": 1585578993.155693}, "device": "cpu", "nd_range": {"device_start": 2246767.422861836, "device_end": 2246767.438176576}, "cmdq": 1, "read": {"device_start": -1, "device_end": -1}}, "empty8": {"write": {"device_start": -1, "host_queued_start": 1585578993.112263, "device_queued": -1, "device_end": -1, "host_queued_end": 1585578993.155693}, "device": "cpu", "nd_range": {"device_start": 2246767.345300759, "device_end": 2246767.345310824}, "cmdq": 0, "read": {"device_start": -1, "device_end": -1}}, "FFC_sans_bias42": {"write": {"device_start": -1, "host_queued_start": 1585578993.147905, "device_queued": -1, "device_end": -1, "host_queued_end": 1585578993.155693}, "device": "cpu", "nd_range": {"device_start": 2246767.463286063, "device_end": 2246767.480315523}, "cmdq": 3, "read": {"device_start": -1, "device_end": -1}}, "FFC_sans_bias43": {"write": {"device_start": -1, "host_queued_start": 1585578993.153641, "device_queued": -1, "device_end": -1, "host_queued_end": 1585578993.155693}, "device": "cpu", "nd_range": {"device_start": 2246767.536419563, "device_end": 2246767.551787998}, "cmdq": 0, "read": {"device_start": -1, "device_end": -1}}, "FFC_sans_bias40": {"write": {"device_start": -1, "host_queued_start": 1585578993.143551, "device_queued": -1, "device_end": -1, "host_queued_end": 1585578993.155693}, "device": "cpu", "nd_range": {"device_start": 2246767.438178029, "device_end": 2246767.453436266}, "cmdq": 4, "read": {"device_start": -1, "device_end": -1}}, "softmax32": {"write": {"device_start": -1, "host_queued_start": 1585578993.145337, "device_queued": -1, "device_end": -1, "host_queued_end": 1585578993.155693}, "device": "cpu", "nd_range": {"device_start": 2246767.504261875, "device_end": 2246767.5044800513}, "cmdq": 0, "read": {"device_start": -1, "device_end": -1}}, "FFC_sans_bias47": {"write": {"device_start": -1, "host_queued_start": 1585578993.136304, "device_queued": -1, "device_end": -1, "host_queued_end": 1585578993.155693}, "device": "cpu", "nd_range": {"device_start": 2246767.407142296, "device_end": 2246767.422380344}, "cmdq": 4, "read": {"device_start": -1, "device_end": -1}}, "FFC_sans_bias45": {"write": {"device_start": -1, "host_queued_start": 1585578993.134199, "device_queued": -1, "device_end": -1, "host_queued_end": 1585578993.155693}, "device": "cpu", "nd_range": {"device_start": 2246767.406944549, "device_end": 2246767.422207251}, "cmdq": 2, "read": {"device_start": -1, "device_end": -1}}, "softmax50": {"write": {"device_start": -1, "host_queued_start": 1585578993.145903, "device_queued": -1, "device_end": -1, "host_queued_end": 1585578993.155693}, "device": "cpu", "nd_range": {"device_start": 2246767.5043923273, "device_end": 2246767.504700567}, "cmdq": 2, "read": {"device_start": -1, "device_end": -1}}, "FFC_sans_bias33": {"write": {"device_start": -1, "host_queued_start": 1585578993.147563, "device_queued": -1, "device_end": -1, "host_queued_end": 1585578993.155693}, "device": "cpu", "nd_range": {"device_start": 2246767.5048074243, "device_end": 2246767.516629109}, "cmdq": 2, "read": {"device_start": -1, "device_end": -1}}, "FFC_sans_bias63": {"write": {"device_start": 1585578927.9119687, "host_queued_start": 1585578993.108538, "device_queued": 1585578927.911874, "device_end": 1585578927.9120004, "host_queued_end": 1585578993.110885}, "device": "gpu", "nd_range": {"device_start": 1585578927.9120028, "device_end": 1585578927.913354}, "cmdq": 0, "read": {"device_start": -1, "device_end": -1}}, "FFC_sans_bias49": {"write": {"device_start": -1, "host_queued_start": 1585578993.143895, "device_queued": -1, "device_end": -1, "host_queued_end": 1585578993.155693}, "device": "cpu", "nd_range": {"device_start": 2246767.480103854, "device_end": 2246767.504250972}, "cmdq": 0, "read": {"device_start": -1, "device_end": -1}}, "FFC_sans_bias64": {"write": {"device_start": 1585578927.9116936, "host_queued_start": 1585578993.106397, "device_queued": 1585578927.911591, "device_end": 1585578927.911759, "host_queued_end": 1585578993.110885}, "device": "gpu", "nd_range": {"device_start": 1585578927.9117646, "device_end": 1585578927.9123702}, "cmdq": 1, "read": {"device_start": -1, "device_end": -1}}, "FFC_sans_bias65": {"write": {"device_start": 1585578927.911772, "host_queued_start": 1585578993.107474, "device_queued": 1585578927.9116318, "device_end": 1585578927.911797, "host_queued_end": 1585578993.110885}, "device": "gpu", "nd_range": {"device_start": 1585578927.9118626, "device_end": 1585578927.9127843}, "cmdq": 2, "read": {"device_start": -1, "device_end": -1}}, "FFC_sans_bias67": {"write": {"device_start": -1, "host_queued_start": 1585578993.109194, "device_queued": -1, "device_end": -1, "host_queued_end": 1585578993.110885}, "device": "gpu", "nd_range": {"device_start": 1585578927.913359, "device_end": 1585578927.9139545}, "cmdq": 2, "read": {"device_start": -1, "device_end": -1}}, "FFC_sans_bias24": {"write": {"device_start": -1, "host_queued_start": 1585578993.147221, "device_queued": -1, "device_end": -1, "host_queued_end": 1585578993.155693}, "device": "cpu", "nd_range": {"device_start": 2246767.478402583, "device_end": 2246767.4872238063}, "cmdq": 1, "read": {"device_start": -1, "device_end": -1}}, "FFC_sans_bias25": {"write": {"device_start": -1, "host_queued_start": 1585578993.15167, "device_queued": -1, "device_end": -1, "host_queued_end": 1585578993.155693}, "device": "cpu", "nd_range": {"device_start": 2246767.490190252, "device_end": 2246767.504040806}, "cmdq": 3, "read": {"device_start": -1, "device_end": -1}}, "FFC_sans_bias27": {"write": {"device_start": -1, "host_queued_start": 1585578993.127862, "device_queued": -1, "device_end": -1, "host_queued_end": 1585578993.155693}, "device": "cpu", "nd_range": {"device_start": 2246767.36168304, "device_end": 2246767.3769855862}, "cmdq": 1, "read": {"device_start": -1, "device_end": -1}}, "FFC_sans_bias20": {"write": {"device_start": -1, "host_queued_start": 1585578993.126819, "device_queued": -1, "device_end": -1, "host_queued_end": 1585578993.155693}, "device": "cpu", "nd_range": {"device_start": 2246767.3762208633, "device_end": 2246767.3914320893}, "cmdq": 0, "read": {"device_start": -1, "device_end": -1}}, "FFC_sans_bias22": {"write": {"device_start": -1, "host_queued_start": 1585578993.142873, "device_queued": -1, "device_end": -1, "host_queued_end": 1585578993.155693}, "device": "cpu", "nd_range": {"device_start": 2246767.462553355, "device_end": 2246767.47795782}, "cmdq": 2, "read": {"device_start": -1, "device_end": -1}}, "softmax68": {"write": {"device_start": -1, "host_queued_start": 1585578993.109442, "device_queued": -1, "device_end": -1, "host_queued_end": 1585578993.110885}, "device": "gpu", "nd_range": {"device_start": 1585578927.9139564, "device_end": 1585578927.9141467}, "cmdq": 0, "read": {"device_start": -1, "device_end": -1}}, "softmax5": {"write": {"device_start": -1, "host_queued_start": 1585578993.14452, "device_queued": -1, "device_end": -1, "host_queued_end": 1585578993.155693}, "device": "cpu", "nd_range": {"device_start": 2246767.482453906, "device_end": 2246767.48265826}, "cmdq": 2, "read": {"device_start": -1, "device_end": -1}}, "FFC_sans_bias28": {"write": {"device_start": -1, "host_queued_start": 1585578993.128945, "device_queued": -1, "device_end": -1, "host_queued_end": 1585578993.155693}, "device": "cpu", "nd_range": {"device_start": 2246767.391449245, "device_end": 2246767.406810938}, "cmdq": 2, "read": {"device_start": -1, "device_end": -1}}, "FFC_sans_bias29": {"write": {"device_start": -1, "host_queued_start": 1585578993.129995, "device_queued": -1, "device_end": -1, "host_queued_end": 1585578993.155693}, "device": "cpu", "nd_range": {"device_start": 2246767.4276490943, "device_end": 2246767.4432413173}, "cmdq": 3, "read": {"device_start": -1, "device_end": -1}}, "empty17": {"write": {"device_start": -1, "host_queued_start": 1585578993.113165, "device_queued": -1, "device_end": -1, "host_queued_end": 1585578993.155693}, "device": "cpu", "nd_range": {"device_start": 2246767.345300782, "device_end": 2246767.3453106973}, "cmdq": 1, "read": {"device_start": -1, "device_end": -1}}, "softmax59": {"write": {"device_start": -1, "host_queued_start": 1585578993.146175, "device_queued": -1, "device_end": -1, "host_queued_end": 1585578993.155693}, "device": "cpu", "nd_range": {"device_start": 2246767.4629730172, "device_end": 2246767.463180248}, "cmdq": 3, "read": {"device_start": -1, "device_end": -1}}, "empty71": {"write": {"device_start": 1585578927.9116042, "host_queued_start": 1585578993.105144, "device_queued": 1585578927.9114907, "device_end": 1585578927.91163, "host_queued_end": 1585578993.110885}, "device": "gpu", "nd_range": {"device_start": 1585578927.9116325, "device_end": 1585578927.9116373}, "cmdq": 0, "read": {"device_start": -1, "device_end": -1}}, "empty35": {"write": {"device_start": -1, "host_queued_start": 1585578993.114926, "device_queued": -1, "device_end": -1, "host_queued_end": 1585578993.155693}, "device": "cpu", "nd_range": {"device_start": 2246767.345354448, "device_end": 2246767.345360078}, "cmdq": 3, "read": {"device_start": -1, "device_end": -1}}, "empty53": {"write": {"device_start": -1, "host_queued_start": 1585578993.116639, "device_queued": -1, "device_end": -1, "host_queued_end": 1585578993.155693}, "device": "cpu", "nd_range": {"device_start": 2246767.3453331133, "device_end": 2246767.3453345993}, "cmdq": 0, "read": {"device_start": -1, "device_end": -1}}, "FFC_sans_bias46": {"write": {"device_start": -1, "host_queued_start": 1585578993.135256, "device_queued": -1, "device_end": -1, "host_queued_end": 1585578993.155693}, "device": "cpu", "nd_range": {"device_start": 2246767.4433634803, "device_end": 2246767.4554468463}, "cmdq": 3, "read": {"device_start": -1, "device_end": -1}}, "coalesced_transpose66": {"write": {"device_start": -1, "host_queued_start": 1585578993.108866, "device_queued": -1, "device_end": -1, "host_queued_end": 1585578993.110885}, "device": "gpu", "nd_range": {"device_start": 1585578927.9123783, "device_end": 1585578927.9131813}, "cmdq": 1, "read": {"device_start": -1, "device_end": -1}}, "coalesced_transpose48": {"write": {"device_start": -1, "host_queued_start": 1585578993.14142, "device_queued": -1, "device_end": -1, "host_queued_end": 1585578993.155693}, "device": "cpu", "nd_range": {"device_start": 2246767.4558102763, "device_end": 2246767.4558996973}, "cmdq": 3, "read": {"device_start": -1, "device_end": -1}}}