{"FFC_sans_bias60": {"write": {"device_start": -1, "host_queued_start": 1585578653.745992, "device_queued": -1, "device_end": -1, "host_queued_end": 1585578653.751646}, "device": "gpu", "nd_range": {"device_start": 1585578588.578921, "device_end": 1585578588.5795062}, "cmdq": 0, "read": {"device_start": -1, "device_end": -1}}, "FFC_sans_bias4": {"write": {"device_start": -1, "host_queued_start": 1585578653.766466, "device_queued": -1, "device_end": -1, "host_queued_end": 1585578653.772291}, "device": "cpu", "nd_range": {"device_start": 2246428.0064253802, "device_end": 2246428.012140204}, "cmdq": 1, "read": {"device_start": -1, "device_end": -1}}, "FFC_sans_bias7": {"write": {"device_start": -1, "host_queued_start": 1585578653.770071, "device_queued": -1, "device_end": -1, "host_queued_end": 1585578653.772291}, "device": "cpu", "nd_range": {"device_start": 2246428.032825523, "device_end": 2246428.0458599012}, "cmdq": 0, "read": {"device_start": -1, "device_end": -1}}, "FFC_sans_bias6": {"write": {"device_start": -1, "host_queued_start": 1585578653.768335, "device_queued": -1, "device_end": -1, "host_queued_end": 1585578653.772291}, "device": "cpu", "nd_range": {"device_start": 2246428.019982181, "device_end": 2246428.028899411}, "cmdq": 1, "read": {"device_start": -1, "device_end": -1}}, "FFC_sans_bias1": {"write": {"device_start": -1, "host_queued_start": 1585578653.757268, "device_queued": -1, "device_end": -1, "host_queued_end": 1585578653.772291}, "device": "cpu", "nd_range": {"device_start": 2246427.961916068, "device_end": 2246427.9724030253}, "cmdq": 0, "read": {"device_start": -1, "device_end": -1}}, "FFC_sans_bias0": {"write": {"device_start": -1, "host_queued_start": 1585578653.756184, "device_queued": -1, "device_end": -1, "host_queued_end": 1585578653.772291}, "device": "cpu", "nd_range": {"device_start": 2246427.96190726, "device_end": 2246427.968005867}, "cmdq": 1, "read": {"device_start": -1, "device_end": -1}}, "FFC_sans_bias2": {"write": {"device_start": -1, "host_queued_start": 1585578653.758417, "device_queued": -1, "device_end": -1, "host_queued_end": 1585578653.772291}, "device": "cpu", "nd_range": {"device_start": 2246427.968022615, "device_end": 2246427.974346321}, "cmdq": 1, "read": {"device_start": -1, "device_end": -1}}, "FFC_sans_bias61": {"write": {"device_start": 1585578588.5878205, "host_queued_start": 1585578653.750502, "device_queued": 1585578588.5644755, "device_end": 1585578588.5878444, "host_queued_end": 1585578653.751646}, "device": "gpu", "nd_range": {"device_start": 1585578588.5878475, "device_end": 1585578588.5884478}, "cmdq": 0, "read": {"device_start": 1585578588.5884533, "device_end": 1585578588.5884755}}, "FFC_sans_bias52": {"write": {"device_start": 1585578588.5838342, "host_queued_start": 1585578653.749426, "device_queued": 1585578588.5642033, "device_end": 1585578588.5838578, "host_queued_end": 1585578653.751646}, "device": "gpu", "nd_range": {"device_start": 1585578588.5838609, "device_end": 1585578588.5844593}, "cmdq": 0, "read": {"device_start": 1585578588.5844667, "device_end": 1585578588.5844893}}, "FFC_sans_bias9": {"write": {"device_start": -1, "host_queued_start": 1585578653.759522, "device_queued": -1, "device_end": -1, "host_queued_end": 1585578653.772291}, "device": "cpu", "nd_range": {"device_start": 2246427.9725308223, "device_end": 2246427.980212917}, "cmdq": 0, "read": {"device_start": -1, "device_end": -1}}, "coalesced_transpose39": {"write": {"device_start": -1, "host_queued_start": 1585578653.741023, "device_queued": -1, "device_end": -1, "host_queued_end": 1585578653.751646}, "device": "gpu", "nd_range": {"device_start": 1585578588.572988, "device_end": 1585578588.5729964}, "cmdq": 0, "read": {"device_start": -1, "device_end": -1}}, "FFC_sans_bias55": {"write": {"device_start": 1585578588.570162, "host_queued_start": 1585578653.73725, "device_queued": 1585578588.5628064, "device_end": 1585578588.5701916, "host_queued_end": 1585578653.751646}, "device": "gpu", "nd_range": {"device_start": 1585578588.5701966, "device_end": 1585578588.5707903}, "cmdq": 0, "read": {"device_start": -1, "device_end": -1}}, "FFC_sans_bias54": {"write": {"device_start": 1585578588.5694401, "host_queued_start": 1585578653.736222, "device_queued": 1585578588.562767, "device_end": 1585578588.5694702, "host_queued_end": 1585578653.751646}, "device": "gpu", "nd_range": {"device_start": 1585578588.5694757, "device_end": 1585578588.5700703}, "cmdq": 0, "read": {"device_start": -1, "device_end": -1}}, "FFC_sans_bias56": {"write": {"device_start": 1585578588.568709, "host_queued_start": 1585578653.735198, "device_queued": 1585578588.5626318, "device_end": 1585578588.56874, "host_queued_end": 1585578653.751646}, "device": "gpu", "nd_range": {"device_start": 1585578588.5687432, "device_end": 1585578588.5693498}, "cmdq": 0, "read": {"device_start": -1, "device_end": -1}}, "FFC_sans_bias51": {"write": {"device_start": -1, "host_queued_start": 1585578653.745677, "device_queued": -1, "device_end": -1, "host_queued_end": 1585578653.751646}, "device": "gpu", "nd_range": {"device_start": 1585578588.57832, "device_end": 1585578588.5789201}, "cmdq": 0, "read": {"device_start": -1, "device_end": -1}}, "softmax23": {"write": {"device_start": -1, "host_queued_start": 1585578653.767997, "device_queued": -1, "device_end": -1, "host_queued_end": 1585578653.772291}, "device": "cpu", "nd_range": {"device_start": 2246428.019736327, "device_end": 2246428.024050813}, "cmdq": 0, "read": {"device_start": -1, "device_end": -1}}, "FFC_sans_bias37": {"write": {"device_start": 1585578588.5650725, "host_queued_start": 1585578653.729755, "device_queued": 1585578588.5622656, "device_end": 1585578588.5650969, "host_queued_end": 1585578653.751646}, "device": "gpu", "nd_range": {"device_start": 1585578588.5650997, "device_end": 1585578588.5656955}, "cmdq": 0, "read": {"device_start": -1, "device_end": -1}}, "empty62": {"write": {"device_start": 1585578588.5618982, "host_queued_start": 1585578653.72376, "device_queued": 1585578588.56156, "device_end": 1585578588.561922, "host_queued_end": 1585578653.751646}, "device": "gpu", "nd_range": {"device_start": 1585578588.5619304, "device_end": 1585578588.561934}, "cmdq": 0, "read": {"device_start": -1, "device_end": -1}}, "FFC_sans_bias70": {"write": {"device_start": 1585578588.5886059, "host_queued_start": 1585578653.751548, "device_queued": 1585578588.5645134, "device_end": 1585578588.5886288, "host_queued_end": 1585578653.751646}, "device": "gpu", "nd_range": {"device_start": 1585578588.5886323, "device_end": 1585578588.589231}, "cmdq": 0, "read": {"device_start": 1585578588.5892386, "device_end": 1585578588.5892608}}, "FFC_sans_bias58": {"write": {"device_start": -1, "host_queued_start": 1585578653.743198, "device_queued": -1, "device_end": -1, "host_queued_end": 1585578653.751646}, "device": "gpu", "nd_range": {"device_start": 1585578588.574829, "device_end": 1585578588.575435}, "cmdq": 0, "read": {"device_start": -1, "device_end": -1}}, "softmax41": {"write": {"device_start": -1, "host_queued_start": 1585578653.744005, "device_queued": -1, "device_end": -1, "host_queued_end": 1585578653.751646}, "device": "gpu", "nd_range": {"device_start": 1585578588.5762537, "device_end": 1585578588.576467}, "cmdq": 0, "read": {"device_start": -1, "device_end": -1}}, "FFC_sans_bias11": {"write": {"device_start": -1, "host_queued_start": 1585578653.761753, "device_queued": -1, "device_end": -1, "host_queued_end": 1585578653.772291}, "device": "cpu", "nd_range": {"device_start": 2246427.986374493, "device_end": 2246427.994567365}, "cmdq": 0, "read": {"device_start": -1, "device_end": -1}}, "FFC_sans_bias10": {"write": {"device_start": -1, "host_queued_start": 1585578653.760644, "device_queued": -1, "device_end": -1, "host_queued_end": 1585578653.772291}, "device": "cpu", "nd_range": {"device_start": 2246427.9744596863, "device_end": 2246427.982247222}, "cmdq": 1, "read": {"device_start": -1, "device_end": -1}}, "coalesced_transpose3": {"write": {"device_start": -1, "host_queued_start": 1585578653.765366, "device_queued": -1, "device_end": -1, "host_queued_end": 1585578653.772291}, "device": "cpu", "nd_range": {"device_start": 2246428.0061094523, "device_end": 2246428.006272791}, "cmdq": 0, "read": {"device_start": -1, "device_end": -1}}, "FFC_sans_bias34": {"write": {"device_start": 1585578588.580227, "host_queued_start": 1585578653.747328, "device_queued": 1585578588.56401, "device_end": 1585578588.5802517, "host_queued_end": 1585578653.751646}, "device": "gpu", "nd_range": {"device_start": 1585578588.580255, "device_end": 1585578588.5808518}, "cmdq": 0, "read": {"device_start": 1585578588.5808537, "device_end": 1585578588.580878}}, "FFC_sans_bias15": {"write": {"device_start": -1, "host_queued_start": 1585578653.768679, "device_queued": -1, "device_end": -1, "host_queued_end": 1585578653.772291}, "device": "cpu", "nd_range": {"device_start": 2246428.024064007, "device_end": 2246428.032818627}, "cmdq": 0, "read": {"device_start": -1, "device_end": -1}}, "FFC_sans_bias31": {"write": {"device_start": -1, "host_queued_start": 1585578653.742233, "device_queued": -1, "device_end": -1, "host_queued_end": 1585578653.751646}, "device": "gpu", "nd_range": {"device_start": 1585578588.5730255, "device_end": 1585578588.5736158}, "cmdq": 0, "read": {"device_start": -1, "device_end": -1}}, "FFC_sans_bias16": {"write": {"device_start": -1, "host_queued_start": 1585578653.771156, "device_queued": -1, "device_end": -1, "host_queued_end": 1585578653.772291}, "device": "cpu", "nd_range": {"device_start": 2246428.037317229, "device_end": 2246428.046817467}, "cmdq": 1, "read": {"device_start": -1, "device_end": -1}}, "FFC_sans_bias19": {"write": {"device_start": -1, "host_queued_start": 1585578653.763996, "device_queued": -1, "device_end": -1, "host_queued_end": 1585578653.772291}, "device": "cpu", "nd_range": {"device_start": 2246428.0008094762, "device_end": 2246428.006103732}, "cmdq": 0, "read": {"device_start": -1, "device_end": -1}}, "FFC_sans_bias18": {"write": {"device_start": -1, "host_queued_start": 1585578653.762913, "device_queued": -1, "device_end": -1, "host_queued_end": 1585578653.772291}, "device": "cpu", "nd_range": {"device_start": 2246427.982374284, "device_end": 2246427.9885637374}, "cmdq": 1, "read": {"device_start": -1, "device_end": -1}}, "coalesced_transpose30": {"write": {"device_start": -1, "host_queued_start": 1585578653.740722, "device_queued": -1, "device_end": -1, "host_queued_end": 1585578653.751646}, "device": "gpu", "nd_range": {"device_start": 1585578588.5729785, "device_end": 1585578588.572987}, "cmdq": 0, "read": {"device_start": -1, "device_end": -1}}, "FFC_sans_bias69": {"write": {"device_start": -1, "host_queued_start": 1585578653.746306, "device_queued": -1, "device_end": -1, "host_queued_end": 1585578653.751646}, "device": "gpu", "nd_range": {"device_start": 1585578588.5795074, "device_end": 1585578588.5801072}, "cmdq": 0, "read": {"device_start": -1, "device_end": -1}}, "FFC_sans_bias38": {"write": {"device_start": 1585578588.5657876, "host_queued_start": 1585578653.730856, "device_queued": 1585578588.5623057, "device_end": 1585578588.565817, "host_queued_end": 1585578653.751646}, "device": "gpu", "nd_range": {"device_start": 1585578588.56582, "device_end": 1585578588.5664158}, "cmdq": 0, "read": {"device_start": -1, "device_end": -1}}, "coalesced_transpose57": {"write": {"device_start": -1, "host_queued_start": 1585578653.741619, "device_queued": -1, "device_end": -1, "host_queued_end": 1585578653.751646}, "device": "gpu", "nd_range": {"device_start": 1585578588.5730064, "device_end": 1585578588.5730152}, "cmdq": 0, "read": {"device_start": -1, "device_end": -1}}, "empty26": {"write": {"device_start": -1, "host_queued_start": 1585578653.755107, "device_queued": -1, "device_end": -1, "host_queued_end": 1585578653.772291}, "device": "cpu", "nd_range": {"device_start": 2246427.961906522, "device_end": 2246427.961907559}, "cmdq": 0, "read": {"device_start": -1, "device_end": -1}}, "coalesced_transpose12": {"write": {"device_start": -1, "host_queued_start": 1585578653.765795, "device_queued": -1, "device_end": -1, "host_queued_end": 1585578653.772291}, "device": "cpu", "nd_range": {"device_start": 2246427.995618414, "device_end": 2246427.995721523}, "cmdq": 1, "read": {"device_start": -1, "device_end": -1}}, "empty44": {"write": {"device_start": 1585578588.561614, "host_queued_start": 1585578653.722078, "device_queued": 1585578588.5614398, "device_end": 1585578588.56164, "host_queued_end": 1585578653.751646}, "device": "gpu", "nd_range": {"device_start": 1585578588.5616426, "device_end": 1585578588.5616527}, "cmdq": 0, "read": {"device_start": -1, "device_end": -1}}, "coalesced_transpose21": {"write": {"device_start": -1, "host_queued_start": 1585578653.766123, "device_queued": -1, "device_end": -1, "host_queued_end": 1585578653.772291}, "device": "cpu", "nd_range": {"device_start": 2246428.006420069, "device_end": 2246428.0075292573}, "cmdq": 0, "read": {"device_start": -1, "device_end": -1}}, "FFC_sans_bias36": {"write": {"device_start": 1585578588.5643651, "host_queued_start": 1585578653.72869, "device_queued": 1585578588.5621226, "device_end": 1585578588.564394, "host_queued_end": 1585578653.751646}, "device": "gpu", "nd_range": {"device_start": 1585578588.5643969, "device_end": 1585578588.5649948}, "cmdq": 0, "read": {"device_start": -1, "device_end": -1}}, "softmax14": {"write": {"device_start": -1, "host_queued_start": 1585578653.767728, "device_queued": -1, "device_end": -1, "host_queued_end": 1585578653.772291}, "device": "cpu", "nd_range": {"device_start": 2246428.019745058, "device_end": 2246428.019857462}, "cmdq": 1, "read": {"device_start": -1, "device_end": -1}}, "FFC_sans_bias13": {"write": {"device_start": -1, "host_queued_start": 1585578653.766819, "device_queued": -1, "device_end": -1, "host_queued_end": 1585578653.772291}, "device": "cpu", "nd_range": {"device_start": 2246428.007641137, "device_end": 2246428.0152375842}, "cmdq": 0, "read": {"device_start": -1, "device_end": -1}}, "empty8": {"write": {"device_start": -1, "host_queued_start": 1585578653.753198, "device_queued": -1, "device_end": -1, "host_queued_end": 1585578653.772291}, "device": "cpu", "nd_range": {"device_start": 2246427.961876459, "device_end": 2246427.961887708}, "cmdq": 0, "read": {"device_start": -1, "device_end": -1}}, "FFC_sans_bias42": {"write": {"device_start": -1, "host_queued_start": 1585578653.745364, "device_queued": -1, "device_end": -1, "host_queued_end": 1585578653.751646}, "device": "gpu", "nd_range": {"device_start": 1585578588.5777168, "device_end": 1585578588.5783186}, "cmdq": 0, "read": {"device_start": -1, "device_end": -1}}, "FFC_sans_bias43": {"write": {"device_start": 1585578588.581063, "host_queued_start": 1585578653.748374, "device_queued": 1585578588.5641465, "device_end": 1585578588.581095, "host_queued_end": 1585578653.751646}, "device": "gpu", "nd_range": {"device_start": 1585578588.5811012, "device_end": 1585578588.5816967}, "cmdq": 0, "read": {"device_start": 1585578588.581699, "device_end": 1585578588.581741}}, "FFC_sans_bias40": {"write": {"device_start": -1, "host_queued_start": 1585578653.742546, "device_queued": -1, "device_end": -1, "host_queued_end": 1585578653.751646}, "device": "gpu", "nd_range": {"device_start": 1585578588.573617, "device_end": 1585578588.574215}, "cmdq": 0, "read": {"device_start": -1, "device_end": -1}}, "softmax32": {"write": {"device_start": -1, "host_queued_start": 1585578653.743763, "device_queued": -1, "device_end": -1, "host_queued_end": 1585578653.751646}, "device": "gpu", "nd_range": {"device_start": 1585578588.5760362, "device_end": 1585578588.5762525}, "cmdq": 0, "read": {"device_start": -1, "device_end": -1}}, "FFC_sans_bias47": {"write": {"device_start": 1585578588.56798, "host_queued_start": 1585578653.734132, "device_queued": 1585578588.5625935, "device_end": 1585578588.5680094, "host_queued_end": 1585578653.751646}, "device": "gpu", "nd_range": {"device_start": 1585578588.5680175, "device_end": 1585578588.5686088}, "cmdq": 0, "read": {"device_start": -1, "device_end": -1}}, "FFC_sans_bias45": {"write": {"device_start": 1585578588.5665092, "host_queued_start": 1585578653.732065, "device_queued": 1585578588.5624256, "device_end": 1585578588.5665386, "host_queued_end": 1585578653.751646}, "device": "gpu", "nd_range": {"device_start": 1585578588.5665472, "device_end": 1585578588.5671384}, "cmdq": 0, "read": {"device_start": -1, "device_end": -1}}, "softmax50": {"write": {"device_start": -1, "host_queued_start": 1585578653.744255, "device_queued": -1, "device_end": -1, "host_queued_end": 1585578653.751646}, "device": "gpu", "nd_range": {"device_start": 1585578588.5764685, "device_end": 1585578588.5766861}, "cmdq": 0, "read": {"device_start": -1, "device_end": -1}}, "FFC_sans_bias33": {"write": {"device_start": -1, "host_queued_start": 1585578653.745053, "device_queued": -1, "device_end": -1, "host_queued_end": 1585578653.751646}, "device": "gpu", "nd_range": {"device_start": 1585578588.5771167, "device_end": 1585578588.5777159}, "cmdq": 0, "read": {"device_start": -1, "device_end": -1}}, "FFC_sans_bias63": {"write": {"device_start": 1585578588.5723503, "host_queued_start": 1585578653.740387, "device_queued": 1585578588.5631924, "device_end": 1585578588.5723786, "host_queued_end": 1585578653.751646}, "device": "gpu", "nd_range": {"device_start": 1585578588.572388, "device_end": 1585578588.5729773}, "cmdq": 0, "read": {"device_start": -1, "device_end": -1}}, "FFC_sans_bias49": {"write": {"device_start": -1, "host_queued_start": 1585578653.742885, "device_queued": -1, "device_end": -1, "host_queued_end": 1585578653.751646}, "device": "gpu", "nd_range": {"device_start": 1585578588.5742164, "device_end": 1585578588.5748272}, "cmdq": 0, "read": {"device_start": -1, "device_end": -1}}, "FFC_sans_bias64": {"write": {"device_start": 1585578588.57088, "host_queued_start": 1585578653.738292, "device_queued": 1585578588.5630162, "device_end": 1585578588.57091, "host_queued_end": 1585578653.751646}, "device": "gpu", "nd_range": {"device_start": 1585578588.5709133, "device_end": 1585578588.5715098}, "cmdq": 0, "read": {"device_start": -1, "device_end": -1}}, "FFC_sans_bias65": {"write": {"device_start": 1585578588.571611, "host_queued_start": 1585578653.739359, "device_queued": 1585578588.5630558, "device_end": 1585578588.5716355, "host_queued_end": 1585578653.751646}, "device": "gpu", "nd_range": {"device_start": 1585578588.5716436, "device_end": 1585578588.5722482}, "cmdq": 0, "read": {"device_start": -1, "device_end": -1}}, "FFC_sans_bias67": {"write": {"device_start": -1, "host_queued_start": 1585578653.743512, "device_queued": -1, "device_end": -1, "host_queued_end": 1585578653.751646}, "device": "gpu", "nd_range": {"device_start": 1585578588.5754359, "device_end": 1585578588.5760353}, "cmdq": 0, "read": {"device_start": -1, "device_end": -1}}, "FFC_sans_bias24": {"write": {"device_start": -1, "host_queued_start": 1585578653.769019, "device_queued": -1, "device_end": -1, "host_queued_end": 1585578653.772291}, "device": "cpu", "nd_range": {"device_start": 2246428.029017055, "device_end": 2246428.037208097}, "cmdq": 1, "read": {"device_start": -1, "device_end": -1}}, "FFC_sans_bias25": {"write": {"device_start": -1, "host_queued_start": 1585578653.772246, "device_queued": -1, "device_end": -1, "host_queued_end": 1585578653.772291}, "device": "cpu", "nd_range": {"device_start": 2246428.045864339, "device_end": 2246428.051080671}, "cmdq": 0, "read": {"device_start": -1, "device_end": -1}}, "FFC_sans_bias27": {"write": {"device_start": 1585578588.5621922, "host_queued_start": 1585578653.725537, "device_queued": 1585578588.5617907, "device_end": 1585578588.5622218, "host_queued_end": 1585578653.751646}, "device": "gpu", "nd_range": {"device_start": 1585578588.5622306, "device_end": 1585578588.5628283}, "cmdq": 0, "read": {"device_start": -1, "device_end": -1}}, "FFC_sans_bias20": {"write": {"device_start": -1, "host_queued_start": 1585578653.765039, "device_queued": -1, "device_end": -1, "host_queued_end": 1585578653.772291}, "device": "cpu", "nd_range": {"device_start": 2246427.988688257, "device_end": 2246427.995492543}, "cmdq": 1, "read": {"device_start": -1, "device_end": -1}}, "FFC_sans_bias22": {"write": {"device_start": -1, "host_queued_start": 1585578653.76718, "device_queued": -1, "device_end": -1, "host_queued_end": 1585578653.772291}, "device": "cpu", "nd_range": {"device_start": 2246428.013199911, "device_end": 2246428.019726937}, "cmdq": 1, "read": {"device_start": -1, "device_end": -1}}, "softmax68": {"write": {"device_start": -1, "host_queued_start": 1585578653.744745, "device_queued": -1, "device_end": -1, "host_queued_end": 1585578653.751646}, "device": "gpu", "nd_range": {"device_start": 1585578588.5768979, "device_end": 1585578588.5771158}, "cmdq": 0, "read": {"device_start": -1, "device_end": -1}}, "softmax5": {"write": {"device_start": -1, "host_queued_start": 1585578653.767456, "device_queued": -1, "device_end": -1, "host_queued_end": 1585578653.772291}, "device": "cpu", "nd_range": {"device_start": 2246428.015346671, "device_end": 2246428.0155649413}, "cmdq": 0, "read": {"device_start": -1, "device_end": -1}}, "FFC_sans_bias28": {"write": {"device_start": 1585578588.562912, "host_queued_start": 1585578653.726595, "device_queued": 1585578588.5618618, "device_end": 1585578588.5629408, "host_queued_end": 1585578653.751646}, "device": "gpu", "nd_range": {"device_start": 1585578588.5629432, "device_end": 1585578588.5635295}, "cmdq": 0, "read": {"device_start": -1, "device_end": -1}}, "FFC_sans_bias29": {"write": {"device_start": 1585578588.5636094, "host_queued_start": 1585578653.727655, "device_queued": 1585578588.5620475, "device_end": 1585578588.5636337, "host_queued_end": 1585578653.751646}, "device": "gpu", "nd_range": {"device_start": 1585578588.5636387, "device_end": 1585578588.5642262}, "cmdq": 0, "read": {"device_start": -1, "device_end": -1}}, "empty17": {"write": {"device_start": -1, "host_queued_start": 1585578653.754216, "device_queued": -1, "device_end": -1, "host_queued_end": 1585578653.772291}, "device": "cpu", "nd_range": {"device_start": 2246427.9618765, "device_end": 2246427.961887645}, "cmdq": 1, "read": {"device_start": -1, "device_end": -1}}, "softmax59": {"write": {"device_start": -1, "host_queued_start": 1585578653.744499, "device_queued": -1, "device_end": -1, "host_queued_end": 1585578653.751646}, "device": "gpu", "nd_range": {"device_start": 1585578588.576687, "device_end": 1585578588.5768962}, "cmdq": 0, "read": {"device_start": -1, "device_end": -1}}, "empty71": {"write": {"device_start": 1585578588.5620506, "host_queued_start": 1585578653.724569, "device_queued": 1585578588.5617447, "device_end": 1585578588.562084, "host_queued_end": 1585578653.751646}, "device": "gpu", "nd_range": {"device_start": 1585578588.5620868, "device_end": 1585578588.5620904}, "cmdq": 0, "read": {"device_start": -1, "device_end": -1}}, "empty35": {"write": {"device_start": 1585578588.5614505, "host_queued_start": 1585578653.721035, "device_queued": 1585578588.561299, "device_end": 1585578588.5614777, "host_queued_end": 1585578653.751646}, "device": "gpu", "nd_range": {"device_start": 1585578588.5614834, "device_end": 1585578588.5614927}, "cmdq": 0, "read": {"device_start": -1, "device_end": -1}}, "empty53": {"write": {"device_start": 1585578588.5617568, "host_queued_start": 1585578653.722945, "device_queued": 1585578588.5614822, "device_end": 1585578588.5617883, "host_queued_end": 1585578653.751646}, "device": "gpu", "nd_range": {"device_start": 1585578588.5617907, "device_end": 1585578588.561794}, "cmdq": 0, "read": {"device_start": -1, "device_end": -1}}, "FFC_sans_bias46": {"write": {"device_start": 1585578588.5672374, "host_queued_start": 1585578653.733102, "device_queued": 1585578588.562466, "device_end": 1585578588.5672677, "host_queued_end": 1585578653.751646}, "device": "gpu", "nd_range": {"device_start": 1585578588.567274, "device_end": 1585578588.5678802}, "cmdq": 0, "read": {"device_start": -1, "device_end": -1}}, "coalesced_transpose66": {"write": {"device_start": -1, "host_queued_start": 1585578653.741916, "device_queued": -1, "device_end": -1, "host_queued_end": 1585578653.751646}, "device": "gpu", "nd_range": {"device_start": 1585578588.5730162, "device_end": 1585578588.5730243}, "cmdq": 0, "read": {"device_start": -1, "device_end": -1}}, "coalesced_transpose48": {"write": {"device_start": -1, "host_queued_start": 1585578653.74132, "device_queued": -1, "device_end": -1, "host_queued_end": 1585578653.751646}, "device": "gpu", "nd_range": {"device_start": 1585578588.5729976, "device_end": 1585578588.5730054}, "cmdq": 0, "read": {"device_start": -1, "device_end": -1}}}