{"FFC_sans_bias60": {"write": {"device_start": -1, "host_queued_start": 1585579206.427339, "device_queued": -1, "device_end": -1, "host_queued_end": 1585579206.434067}, "device": "gpu", "nd_range": {"device_start": 1585579141.2428484, "device_end": 1585579141.2446127}, "cmdq": 1, "read": {"device_start": -1, "device_end": -1}}, "FFC_sans_bias4": {"write": {"device_start": -1, "host_queued_start": 1585579206.445146, "device_queued": -1, "device_end": -1, "host_queued_end": 1585579206.448939}, "device": "cpu", "nd_range": {"device_start": 2246980.663344318, "device_end": 2246980.670973159}, "cmdq": 2, "read": {"device_start": -1, "device_end": -1}}, "FFC_sans_bias7": {"write": {"device_start": -1, "host_queued_start": 1585579206.447829, "device_queued": -1, "device_end": -1, "host_queued_end": 1585579206.448939}, "device": "cpu", "nd_range": {"device_start": 2246980.686015995, "device_end": 2246980.6905106003}, "cmdq": 0, "read": {"device_start": -1, "device_end": -1}}, "FFC_sans_bias6": {"write": {"device_start": -1, "host_queued_start": 1585579206.446379, "device_queued": -1, "device_end": -1, "host_queued_end": 1585579206.448939}, "device": "cpu", "nd_range": {"device_start": 2246980.6714380193, "device_end": 2246980.68372655}, "cmdq": 2, "read": {"device_start": -1, "device_end": -1}}, "FFC_sans_bias1": {"write": {"device_start": -1, "host_queued_start": 1585579206.439424, "device_queued": -1, "device_end": -1, "host_queued_end": 1585579206.448939}, "device": "cpu", "nd_range": {"device_start": 2246980.638570745, "device_end": 2246980.6538408003}, "cmdq": 3, "read": {"device_start": -1, "device_end": -1}}, "FFC_sans_bias0": {"write": {"device_start": -1, "host_queued_start": 1585579206.438121, "device_queued": -1, "device_end": -1, "host_queued_end": 1585579206.448939}, "device": "cpu", "nd_range": {"device_start": 2246980.638653281, "device_end": 2246980.654979422}, "cmdq": 2, "read": {"device_start": -1, "device_end": -1}}, "FFC_sans_bias2": {"write": {"device_start": -1, "host_queued_start": 1585579206.440745, "device_queued": -1, "device_end": -1, "host_queued_end": 1585579206.448939}, "device": "cpu", "nd_range": {"device_start": 2246980.638564561, "device_end": 2246980.6540331733}, "cmdq": 0, "read": {"device_start": -1, "device_end": -1}}, "FFC_sans_bias61": {"write": {"device_start": 1585579141.2451546, "host_queued_start": 1585579206.432843, "device_queued": 1585579141.2329903, "device_end": 1585579141.2451804, "host_queued_end": 1585579206.434067}, "device": "gpu", "nd_range": {"device_start": 1585579141.2451894, "device_end": 1585579141.247462}, "cmdq": 2, "read": {"device_start": 1585579141.247465, "device_end": 1585579141.2474923}}, "FFC_sans_bias52": {"write": {"device_start": 1585579141.2447019, "host_queued_start": 1585579206.431806, "device_queued": 1585579141.2329674, "device_end": 1585579141.2447271, "host_queued_end": 1585579206.434067}, "device": "gpu", "nd_range": {"device_start": 1585579141.2447402, "device_end": 1585579141.2470129}, "cmdq": 1, "read": {"device_start": 1585579141.247023, "device_end": 1585579141.2470462}}, "FFC_sans_bias9": {"write": {"device_start": -1, "host_queued_start": 1585579206.44192, "device_queued": -1, "device_end": -1, "host_queued_end": 1585579206.448939}, "device": "cpu", "nd_range": {"device_start": 2246980.6385608204, "device_end": 2246980.654949454}, "cmdq": 1, "read": {"device_start": -1, "device_end": -1}}, "coalesced_transpose39": {"write": {"device_start": -1, "host_queued_start": 1585579206.421475, "device_queued": -1, "device_end": -1, "host_queued_end": 1585579206.434067}, "device": "gpu", "nd_range": {"device_start": 1585579141.2375503, "device_end": 1585579141.2384205}, "cmdq": 1, "read": {"device_start": -1, "device_end": -1}}, "FFC_sans_bias55": {"write": {"device_start": 1585579141.2347744, "host_queued_start": 1585579206.41741, "device_queued": 1585579141.2309234, "device_end": 1585579141.2347994, "host_queued_end": 1585579206.434067}, "device": "gpu", "nd_range": {"device_start": 1585579141.2348042, "device_end": 1585579141.2370799}, "cmdq": 0, "read": {"device_start": -1, "device_end": -1}}, "FFC_sans_bias54": {"write": {"device_start": 1585579141.2342603, "host_queued_start": 1585579206.416378, "device_queued": 1585579141.2307014, "device_end": 1585579141.2342935, "host_queued_end": 1585579206.434067}, "device": "gpu", "nd_range": {"device_start": 1585579141.2343018, "device_end": 1585579141.2365808}, "cmdq": 4, "read": {"device_start": -1, "device_end": -1}}, "FFC_sans_bias56": {"write": {"device_start": 1585579141.2337787, "host_queued_start": 1585579206.415334, "device_queued": 1585579141.230673, "device_end": 1585579141.23381, "host_queued_end": 1585579206.434067}, "device": "gpu", "nd_range": {"device_start": 1585579141.2338185, "device_end": 1585579141.23611}, "cmdq": 3, "read": {"device_start": -1, "device_end": -1}}, "FFC_sans_bias51": {"write": {"device_start": -1, "host_queued_start": 1585579206.427026, "device_queued": -1, "device_end": -1, "host_queued_end": 1585579206.434067}, "device": "gpu", "nd_range": {"device_start": 1585579141.2420645, "device_end": 1585579141.2426696}, "cmdq": 0, "read": {"device_start": -1, "device_end": -1}}, "softmax23": {"write": {"device_start": -1, "host_queued_start": 1585579206.424543, "device_queued": -1, "device_end": -1, "host_queued_end": 1585579206.434067}, "device": "gpu", "nd_range": {"device_start": 1585579141.2394907, "device_end": 1585579141.242067}, "cmdq": 1, "read": {"device_start": -1, "device_end": -1}}, "FFC_sans_bias37": {"write": {"device_start": 1585579141.2314124, "host_queued_start": 1585579206.410062, "device_queued": 1585579141.2301064, "device_end": 1585579141.2314372, "host_queued_end": 1585579206.434067}, "device": "gpu", "nd_range": {"device_start": 1585579141.23144, "device_end": 1585579141.2336862}, "cmdq": 3, "read": {"device_start": -1, "device_end": -1}}, "empty62": {"write": {"device_start": 1585579141.229377, "host_queued_start": 1585579206.400744, "device_queued": 1585579141.2292695, "device_end": 1585579141.2294528, "host_queued_end": 1585579206.434067}, "device": "gpu", "nd_range": {"device_start": 1585579141.2294576, "device_end": 1585579141.2294626}, "cmdq": 4, "read": {"device_start": -1, "device_end": -1}}, "FFC_sans_bias70": {"write": {"device_start": 1585579141.245724, "host_queued_start": 1585579206.433965, "device_queued": 1585579141.233157, "device_end": 1585579141.245749, "host_queued_end": 1585579206.434067}, "device": "gpu", "nd_range": {"device_start": 1585579141.2457619, "device_end": 1585579141.2479587}, "cmdq": 3, "read": {"device_start": 1585579141.2479613, "device_end": 1585579141.2479835}}, "FFC_sans_bias58": {"write": {"device_start": -1, "host_queued_start": 1585579206.423983, "device_queued": -1, "device_end": -1, "host_queued_end": 1585579206.434067}, "device": "gpu", "nd_range": {"device_start": 1585579141.2389097, "device_end": 1585579141.240966}, "cmdq": 4, "read": {"device_start": -1, "device_end": -1}}, "softmax41": {"write": {"device_start": -1, "host_queued_start": 1585579206.425035, "device_queued": -1, "device_end": -1, "host_queued_end": 1585579206.434067}, "device": "gpu", "nd_range": {"device_start": 1585579141.2409954, "device_end": 1585579141.2420912}, "cmdq": 3, "read": {"device_start": -1, "device_end": -1}}, "FFC_sans_bias11": {"write": {"device_start": -1, "host_queued_start": 1585579206.444138, "device_queued": -1, "device_end": -1, "host_queued_end": 1585579206.448939}, "device": "cpu", "nd_range": {"device_start": 2246980.653972505, "device_end": 2246980.6630427693}, "cmdq": 3, "read": {"device_start": -1, "device_end": -1}}, "FFC_sans_bias10": {"write": {"device_start": -1, "host_queued_start": 1585579206.443079, "device_queued": -1, "device_end": -1, "host_queued_end": 1585579206.448939}, "device": "cpu", "nd_range": {"device_start": 2246980.65501879, "device_end": 2246980.663321354}, "cmdq": 2, "read": {"device_start": -1, "device_end": -1}}, "coalesced_transpose3": {"write": {"device_start": -1, "host_queued_start": 1585579206.44447, "device_queued": -1, "device_end": -1, "host_queued_end": 1585579206.448939}, "device": "cpu", "nd_range": {"device_start": 2246980.657454152, "device_end": 2246980.6576935463}, "cmdq": 0, "read": {"device_start": -1, "device_end": -1}}, "FFC_sans_bias34": {"write": {"device_start": 1585579141.2441726, "host_queued_start": 1585579206.429727, "device_queued": 1585579141.2325234, "device_end": 1585579141.2441983, "host_queued_end": 1585579206.434067}, "device": "gpu", "nd_range": {"device_start": 1585579141.24421, "device_end": 1585579141.2460477}, "cmdq": 4, "read": {"device_start": 1585579141.2460568, "device_end": 1585579141.2460809}}, "FFC_sans_bias15": {"write": {"device_start": -1, "host_queued_start": 1585579206.446745, "device_queued": -1, "device_end": -1, "host_queued_end": 1585579206.448939}, "device": "cpu", "nd_range": {"device_start": 2246980.675581756, "device_end": 2246980.682185938}, "cmdq": 3, "read": {"device_start": -1, "device_end": -1}}, "FFC_sans_bias31": {"write": {"device_start": -1, "host_queued_start": 1585579206.423037, "device_queued": -1, "device_end": -1, "host_queued_end": 1585579206.434067}, "device": "gpu", "nd_range": {"device_start": 1585579141.238564, "device_end": 1585579141.2394817}, "cmdq": 1, "read": {"device_start": -1, "device_end": -1}}, "FFC_sans_bias16": {"write": {"device_start": -1, "host_queued_start": 1585579206.448894, "device_queued": -1, "device_end": -1, "host_queued_end": 1585579206.448939}, "device": "cpu", "nd_range": {"device_start": 2246980.68219318, "device_end": 2246980.686958514}, "cmdq": 1, "read": {"device_start": -1, "device_end": -1}}, "FFC_sans_bias19": {"write": {"device_start": 1585579141.2296436, "host_queued_start": 1585579206.403652, "device_queued": 1585579141.2294369, "device_end": 1585579141.2297187, "host_queued_end": 1585579206.434067}, "device": "gpu", "nd_range": {"device_start": 1585579141.2297304, "device_end": 1585579141.2307255}, "cmdq": 2, "read": {"device_start": -1, "device_end": -1}}, "FFC_sans_bias18": {"write": {"device_start": 1585579141.2295632, "host_queued_start": 1585579206.402605, "device_queued": 1585579141.2294183, "device_end": 1585579141.22963, "host_queued_end": 1585579206.434067}, "device": "gpu", "nd_range": {"device_start": 1585579141.2297182, "device_end": 1585579141.2303278}, "cmdq": 1, "read": {"device_start": -1, "device_end": -1}}, "coalesced_transpose30": {"write": {"device_start": -1, "host_queued_start": 1585579206.421174, "device_queued": -1, "device_end": -1, "host_queued_end": 1585579206.434067}, "device": "gpu", "nd_range": {"device_start": 1585579141.2370818, "device_end": 1585579141.2384043}, "cmdq": 0, "read": {"device_start": -1, "device_end": -1}}, "FFC_sans_bias69": {"write": {"device_start": -1, "host_queued_start": 1585579206.427656, "device_queued": -1, "device_end": -1, "host_queued_end": 1585579206.434067}, "device": "gpu", "nd_range": {"device_start": 1585579141.244085, "device_end": 1585579141.2450695}, "cmdq": 2, "read": {"device_start": -1, "device_end": -1}}, "FFC_sans_bias38": {"write": {"device_start": 1585579141.2318017, "host_queued_start": 1585579206.411134, "device_queued": 1585579141.2301278, "device_end": 1585579141.2318277, "host_queued_end": 1585579206.434067}, "device": "gpu", "nd_range": {"device_start": 1585579141.2318313, "device_end": 1585579141.2341774}, "cmdq": 4, "read": {"device_start": -1, "device_end": -1}}, "coalesced_transpose57": {"write": {"device_start": -1, "host_queued_start": 1585579206.422078, "device_queued": -1, "device_end": -1, "host_queued_end": 1585579206.434067}, "device": "gpu", "nd_range": {"device_start": 1585579141.2385468, "device_end": 1585579141.238889}, "cmdq": 3, "read": {"device_start": -1, "device_end": -1}}, "empty26": {"write": {"device_start": 1585579141.2289934, "host_queued_start": 1585579206.397115, "device_queued": 1585579141.2288675, "device_end": 1585579141.2290492, "host_queued_end": 1585579206.434067}, "device": "gpu", "nd_range": {"device_start": 1585579141.2290554, "device_end": 1585579141.2290606}, "cmdq": 0, "read": {"device_start": -1, "device_end": -1}}, "coalesced_transpose12": {"write": {"device_start": -1, "host_queued_start": 1585579206.444801, "device_queued": -1, "device_end": -1, "host_queued_end": 1585579206.448939}, "device": "cpu", "nd_range": {"device_start": 2246980.663362352, "device_end": 2246980.663540118}, "cmdq": 1, "read": {"device_start": -1, "device_end": -1}}, "empty44": {"write": {"device_start": 1585579141.2291915, "host_queued_start": 1585579206.399067, "device_queued": 1585579141.229022, "device_end": 1585579141.2292552, "host_queued_end": 1585579206.434067}, "device": "gpu", "nd_range": {"device_start": 1585579141.229347, "device_end": 1585579141.2293577}, "cmdq": 2, "read": {"device_start": -1, "device_end": -1}}, "coalesced_transpose21": {"write": {"device_start": -1, "host_queued_start": 1585579206.420871, "device_queued": -1, "device_end": -1, "host_queued_end": 1585579206.434067}, "device": "gpu", "nd_range": {"device_start": 1585579141.2365823, "device_end": 1585579141.2383883}, "cmdq": 4, "read": {"device_start": -1, "device_end": -1}}, "FFC_sans_bias36": {"write": {"device_start": 1585579141.2308, "host_queued_start": 1585579206.409031, "device_queued": 1585579141.2300906, "device_end": 1585579141.2308245, "host_queued_end": 1585579206.434067}, "device": "gpu", "nd_range": {"device_start": 1585579141.2308323, "device_end": 1585579141.233213}, "cmdq": 2, "read": {"device_start": -1, "device_end": -1}}, "softmax14": {"write": {"device_start": -1, "host_queued_start": 1585579206.44604, "device_queued": -1, "device_end": -1, "host_queued_end": 1585579206.448939}, "device": "cpu", "nd_range": {"device_start": 2246980.6752615334, "device_end": 2246980.675466409}, "cmdq": 1, "read": {"device_start": -1, "device_end": -1}}, "FFC_sans_bias13": {"write": {"device_start": -1, "host_queued_start": 1585579206.445488, "device_queued": -1, "device_end": -1, "host_queued_end": 1585579206.448939}, "device": "cpu", "nd_range": {"device_start": 2246980.66365971, "device_end": 2246980.674186611}, "cmdq": 3, "read": {"device_start": -1, "device_end": -1}}, "empty8": {"write": {"device_start": -1, "host_queued_start": 1585579206.435832, "device_queued": -1, "device_end": -1, "host_queued_end": 1585579206.448939}, "device": "cpu", "nd_range": {"device_start": 2246980.638528192, "device_end": 2246980.638540224}, "cmdq": 0, "read": {"device_start": -1, "device_end": -1}}, "FFC_sans_bias42": {"write": {"device_start": -1, "host_queued_start": 1585579206.426712, "device_queued": -1, "device_end": -1, "host_queued_end": 1585579206.434067}, "device": "gpu", "nd_range": {"device_start": 1585579141.2421098, "device_end": 1585579141.2440703}, "cmdq": 4, "read": {"device_start": -1, "device_end": -1}}, "FFC_sans_bias43": {"write": {"device_start": 1585579141.244284, "host_queued_start": 1585579206.430768, "device_queued": 1585579141.2327445, "device_end": 1585579141.2443092, "host_queued_end": 1585579206.434067}, "device": "gpu", "nd_range": {"device_start": 1585579141.244323, "device_end": 1585579141.246497}, "cmdq": 0, "read": {"device_start": 1585579141.246501, "device_end": 1585579141.2465246}}, "FFC_sans_bias40": {"write": {"device_start": -1, "host_queued_start": 1585579206.423352, "device_queued": -1, "device_end": -1, "host_queued_end": 1585579206.434067}, "device": "gpu", "nd_range": {"device_start": 1585579141.2385755, "device_end": 1585579141.2400188}, "cmdq": 2, "read": {"device_start": -1, "device_end": -1}}, "softmax32": {"write": {"device_start": -1, "host_queued_start": 1585579206.424788, "device_queued": -1, "device_end": -1, "host_queued_end": 1585579206.434067}, "device": "gpu", "nd_range": {"device_start": 1585579141.240987, "device_end": 1585579141.2420797}, "cmdq": 2, "read": {"device_start": -1, "device_end": -1}}, "FFC_sans_bias47": {"write": {"device_start": 1585579141.2332911, "host_queued_start": 1585579206.414264, "device_queued": 1585579141.2305572, "device_end": 1585579141.2333238, "host_queued_end": 1585579206.434067}, "device": "gpu", "nd_range": {"device_start": 1585579141.2333338, "device_end": 1585579141.235642}, "cmdq": 2, "read": {"device_start": -1, "device_end": -1}}, "FFC_sans_bias45": {"write": {"device_start": 1585579141.232381, "host_queued_start": 1585579206.412171, "device_queued": 1585579141.2304738, "device_end": 1585579141.2324061, "host_queued_end": 1585579206.434067}, "device": "gpu", "nd_range": {"device_start": 1585579141.2324133, "device_end": 1585579141.234675}, "cmdq": 0, "read": {"device_start": -1, "device_end": -1}}, "softmax50": {"write": {"device_start": -1, "host_queued_start": 1585579206.425276, "device_queued": -1, "device_end": -1, "host_queued_end": 1585579206.434067}, "device": "gpu", "nd_range": {"device_start": 1585579141.2409747, "device_end": 1585579141.2420552}, "cmdq": 4, "read": {"device_start": -1, "device_end": -1}}, "FFC_sans_bias33": {"write": {"device_start": -1, "host_queued_start": 1585579206.42639, "device_queued": -1, "device_end": -1, "host_queued_end": 1585579206.434067}, "device": "gpu", "nd_range": {"device_start": 1585579141.2420995, "device_end": 1585579141.243649}, "cmdq": 3, "read": {"device_start": -1, "device_end": -1}}, "FFC_sans_bias63": {"write": {"device_start": 1585579141.2362003, "host_queued_start": 1585579206.420546, "device_queued": 1585579141.2310927, "device_end": 1585579141.2362318, "host_queued_end": 1585579206.434067}, "device": "gpu", "nd_range": {"device_start": 1585579141.2362378, "device_end": 1585579141.2385364}, "cmdq": 3, "read": {"device_start": -1, "device_end": -1}}, "FFC_sans_bias49": {"write": {"device_start": -1, "host_queued_start": 1585579206.423667, "device_queued": -1, "device_end": -1, "host_queued_end": 1585579206.434067}, "device": "gpu", "nd_range": {"device_start": 1585579141.2389002, "device_end": 1585579141.2404747}, "cmdq": 3, "read": {"device_start": -1, "device_end": -1}}, "FFC_sans_bias64": {"write": {"device_start": 1585579141.2352448, "host_queued_start": 1585579206.418473, "device_queued": 1585579141.231057, "device_end": 1585579141.23527, "host_queued_end": 1585579206.434067}, "device": "gpu", "nd_range": {"device_start": 1585579141.2352798, "device_end": 1585579141.2375457}, "cmdq": 1, "read": {"device_start": -1, "device_end": -1}}, "FFC_sans_bias65": {"write": {"device_start": 1585579141.2357228, "host_queued_start": 1585579206.419516, "device_queued": 1585579141.231076, "device_end": 1585579141.235749, "host_queued_end": 1585579206.434067}, "device": "gpu", "nd_range": {"device_start": 1585579141.2357569, "device_end": 1585579141.238025}, "cmdq": 2, "read": {"device_start": -1, "device_end": -1}}, "FFC_sans_bias67": {"write": {"device_start": -1, "host_queued_start": 1585579206.424291, "device_queued": -1, "device_end": -1, "host_queued_end": 1585579206.434067}, "device": "gpu", "nd_range": {"device_start": 1585579141.2390366, "device_end": 1585579141.241449}, "cmdq": 0, "read": {"device_start": -1, "device_end": -1}}, "FFC_sans_bias24": {"write": {"device_start": -1, "host_queued_start": 1585579206.426077, "device_queued": -1, "device_end": -1, "host_queued_end": 1585579206.434067}, "device": "gpu", "nd_range": {"device_start": 1585579141.2420883, "device_end": 1585579141.2430804}, "cmdq": 2, "read": {"device_start": -1, "device_end": -1}}, "FFC_sans_bias25": {"write": {"device_start": 1585579141.2437766, "host_queued_start": 1585579206.428681, "device_queued": 1585579141.2325504, "device_end": 1585579141.2438023, "host_queued_end": 1585579206.434067}, "device": "gpu", "nd_range": {"device_start": 1585579141.2440948, "device_end": 1585579141.245553}, "cmdq": 3, "read": {"device_start": 1585579141.245555, "device_end": 1585579141.2455795}}, "FFC_sans_bias27": {"write": {"device_start": 1585579141.229828, "host_queued_start": 1585579206.405882, "device_queued": 1585579141.2296646, "device_end": 1585579141.2298522, "host_queued_end": 1585579206.434067}, "device": "gpu", "nd_range": {"device_start": 1585579141.2298927, "device_end": 1585579141.231726}, "cmdq": 4, "read": {"device_start": -1, "device_end": -1}}, "FFC_sans_bias20": {"write": {"device_start": 1585579141.229736, "host_queued_start": 1585579206.404695, "device_queued": 1585579141.2296422, "device_end": 1585579141.2297986, "host_queued_end": 1585579206.434067}, "device": "gpu", "nd_range": {"device_start": 1585579141.2298763, "device_end": 1585579141.2313097}, "cmdq": 3, "read": {"device_start": -1, "device_end": -1}}, "FFC_sans_bias22": {"write": {"device_start": -1, "host_queued_start": 1585579206.422722, "device_queued": -1, "device_end": -1, "host_queued_end": 1585579206.434067}, "device": "gpu", "nd_range": {"device_start": 1585579141.2384164, "device_end": 1585579141.2390265}, "cmdq": 0, "read": {"device_start": -1, "device_end": -1}}, "softmax68": {"write": {"device_start": -1, "host_queued_start": 1585579206.425764, "device_queued": -1, "device_end": -1, "host_queued_end": 1585579206.434067}, "device": "gpu", "nd_range": {"device_start": 1585579141.2420764, "device_end": 1585579141.2428398}, "cmdq": 1, "read": {"device_start": -1, "device_end": -1}}, "softmax5": {"write": {"device_start": -1, "host_queued_start": 1585579206.445765, "device_queued": -1, "device_end": -1, "host_queued_end": 1585579206.448939}, "device": "cpu", "nd_range": {"device_start": 2246980.671102981, "device_end": 2246980.671320023}, "cmdq": 0, "read": {"device_start": -1, "device_end": -1}}, "FFC_sans_bias28": {"write": {"device_start": 1585579141.2299945, "host_queued_start": 1585579206.406945, "device_queued": 1585579141.2299027, "device_end": 1585579141.2300246, "host_queued_end": 1585579206.434067}, "device": "gpu", "nd_range": {"device_start": 1585579141.2300305, "device_end": 1585579141.2322714}, "cmdq": 0, "read": {"device_start": -1, "device_end": -1}}, "FFC_sans_bias29": {"write": {"device_start": 1585579141.2304308, "host_queued_start": 1585579206.407992, "device_queued": 1585579141.230064, "device_end": 1585579141.2304616, "host_queued_end": 1585579206.434067}, "device": "gpu", "nd_range": {"device_start": 1585579141.2304683, "device_end": 1585579141.2327144}, "cmdq": 1, "read": {"device_start": -1, "device_end": -1}}, "empty17": {"write": {"device_start": -1, "host_queued_start": 1585579206.436943, "device_queued": -1, "device_end": -1, "host_queued_end": 1585579206.448939}, "device": "cpu", "nd_range": {"device_start": 2246980.638528264, "device_end": 2246980.6385401953}, "cmdq": 1, "read": {"device_start": -1, "device_end": -1}}, "softmax59": {"write": {"device_start": -1, "host_queued_start": 1585579206.42552, "device_queued": -1, "device_end": -1, "host_queued_end": 1585579206.434067}, "device": "gpu", "nd_range": {"device_start": 1585579141.241458, "device_end": 1585579141.2416632}, "cmdq": 0, "read": {"device_start": -1, "device_end": -1}}, "empty71": {"write": {"device_start": 1585579141.2294767, "host_queued_start": 1585579206.401586, "device_queued": 1585579141.2293737, "device_end": 1585579141.2295468, "host_queued_end": 1585579206.434067}, "device": "gpu", "nd_range": {"device_start": 1585579141.22955, "device_end": 1585579141.2295537}, "cmdq": 0, "read": {"device_start": -1, "device_end": -1}}, "empty35": {"write": {"device_start": 1585579141.2290974, "host_queued_start": 1585579206.398197, "device_queued": 1585579141.2289972, "device_end": 1585579141.229164, "host_queued_end": 1585579206.434067}, "device": "gpu", "nd_range": {"device_start": 1585579141.229321, "device_end": 1585579141.2293508}, "cmdq": 1, "read": {"device_start": -1, "device_end": -1}}, "empty53": {"write": {"device_start": 1585579141.2292829, "host_queued_start": 1585579206.399904, "device_queued": 1585579141.229049, "device_end": 1585579141.2293475, "host_queued_end": 1585579206.434067}, "device": "gpu", "nd_range": {"device_start": 1585579141.2293546, "device_end": 1585579141.229362}, "cmdq": 3, "read": {"device_start": -1, "device_end": -1}}, "FFC_sans_bias46": {"write": {"device_start": 1585579141.2328234, "host_queued_start": 1585579206.413207, "device_queued": 1585579141.2305324, "device_end": 1585579141.232855, "host_queued_end": 1585579206.434067}, "device": "gpu", "nd_range": {"device_start": 1585579141.2328656, "device_end": 1585579141.23514}, "cmdq": 1, "read": {"device_start": -1, "device_end": -1}}, "coalesced_transpose66": {"write": {"device_start": -1, "host_queued_start": 1585579206.422375, "device_queued": -1, "device_end": -1, "host_queued_end": 1585579206.434067}, "device": "gpu", "nd_range": {"device_start": 1585579141.2384014, "device_end": 1585579141.2384367}, "cmdq": 4, "read": {"device_start": -1, "device_end": -1}}, "coalesced_transpose48": {"write": {"device_start": -1, "host_queued_start": 1585579206.42178, "device_queued": -1, "device_end": -1, "host_queued_end": 1585579206.434067}, "device": "gpu", "nd_range": {"device_start": 1585579141.2380342, "device_end": 1585579141.2384305}, "cmdq": 2, "read": {"device_start": -1, "device_end": -1}}}