{"FFC_sans_bias60": {"write": {"device_start": -1, "host_queued_start": 1585578827.731601, "device_queued": -1, "device_end": -1, "host_queued_end": 1585578827.738355}, "device": "gpu", "nd_range": {"device_start": 1585578762.558029, "device_end": 1585578762.5590088}, "cmdq": 0, "read": {"device_start": -1, "device_end": -1}}, "FFC_sans_bias4": {"write": {"device_start": -1, "host_queued_start": 1585578827.749867, "device_queued": -1, "device_end": -1, "host_queued_end": 1585578827.753568}, "device": "cpu", "nd_range": {"device_start": 2246601.966205088, "device_end": 2246601.9766473863}, "cmdq": 2, "read": {"device_start": -1, "device_end": -1}}, "FFC_sans_bias7": {"write": {"device_start": -1, "host_queued_start": 1585578827.752532, "device_queued": -1, "device_end": -1, "host_queued_end": 1585578827.753568}, "device": "cpu", "nd_range": {"device_start": 2246601.9822292523, "device_end": 2246601.990355216}, "cmdq": 0, "read": {"device_start": -1, "device_end": -1}}, "FFC_sans_bias6": {"write": {"device_start": -1, "host_queued_start": 1585578827.751144, "device_queued": -1, "device_end": -1, "host_queued_end": 1585578827.753568}, "device": "cpu", "nd_range": {"device_start": 2246601.976938793, "device_end": 2246601.982210739}, "cmdq": 2, "read": {"device_start": -1, "device_end": -1}}, "FFC_sans_bias1": {"write": {"device_start": -1, "host_queued_start": 1585578827.743801, "device_queued": -1, "device_end": -1, "host_queued_end": 1585578827.753568}, "device": "cpu", "nd_range": {"device_start": 2246601.9431980653, "device_end": 2246601.960392205}, "cmdq": 3, "read": {"device_start": -1, "device_end": -1}}, "FFC_sans_bias0": {"write": {"device_start": -1, "host_queued_start": 1585578827.742425, "device_queued": -1, "device_end": -1, "host_queued_end": 1585578827.753568}, "device": "cpu", "nd_range": {"device_start": 2246601.9432864212, "device_end": 2246601.9585485393}, "cmdq": 2, "read": {"device_start": -1, "device_end": -1}}, "FFC_sans_bias2": {"write": {"device_start": -1, "host_queued_start": 1585578827.745149, "device_queued": -1, "device_end": -1, "host_queued_end": 1585578827.753568}, "device": "cpu", "nd_range": {"device_start": 2246601.943187648, "device_end": 2246601.9590853523}, "cmdq": 0, "read": {"device_start": -1, "device_end": -1}}, "FFC_sans_bias61": {"write": {"device_start": 1585578762.5610693, "host_queued_start": 1585578827.737206, "device_queued": 1585578762.5475497, "device_end": 1585578762.5610955, "host_queued_end": 1585578827.738355}, "device": "gpu", "nd_range": {"device_start": 1585578762.561099, "device_end": 1585578762.561858}, "cmdq": 0, "read": {"device_start": 1585578762.5618618, "device_end": 1585578762.5618856}}, "FFC_sans_bias52": {"write": {"device_start": 1585578762.5605886, "host_queued_start": 1585578827.736163, "device_queued": 1585578762.5474663, "device_end": 1585578762.5606153, "host_queued_end": 1585578827.738355}, "device": "gpu", "nd_range": {"device_start": 1585578762.560618, "device_end": 1585578762.5613904}, "cmdq": 1, "read": {"device_start": 1585578762.561397, "device_end": 1585578762.561422}}, "FFC_sans_bias9": {"write": {"device_start": -1, "host_queued_start": 1585578827.746466, "device_queued": -1, "device_end": -1, "host_queued_end": 1585578827.753568}, "device": "cpu", "nd_range": {"device_start": 2246601.943181505, "device_end": 2246601.9586401093}, "cmdq": 1, "read": {"device_start": -1, "device_end": -1}}, "coalesced_transpose39": {"write": {"device_start": -1, "host_queued_start": 1585578827.725683, "device_queued": -1, "device_end": -1, "host_queued_end": 1585578827.738355}, "device": "gpu", "nd_range": {"device_start": 1585578762.5529015, "device_end": 1585578762.5529213}, "cmdq": 0, "read": {"device_start": -1, "device_end": -1}}, "FFC_sans_bias55": {"write": {"device_start": 1585578762.5507522, "host_queued_start": 1585578827.721539, "device_queued": 1585578762.5454493, "device_end": 1585578762.550784, "host_queued_end": 1585578827.738355}, "device": "gpu", "nd_range": {"device_start": 1585578762.5507903, "device_end": 1585578762.5516038}, "cmdq": 0, "read": {"device_start": -1, "device_end": -1}}, "FFC_sans_bias54": {"write": {"device_start": 1585578762.5502498, "host_queued_start": 1585578827.720501, "device_queued": 1585578762.5454042, "device_end": 1585578762.5502822, "host_queued_end": 1585578827.738355}, "device": "gpu", "nd_range": {"device_start": 1585578762.5502865, "device_end": 1585578762.551073}, "cmdq": 1, "read": {"device_start": -1, "device_end": -1}}, "FFC_sans_bias56": {"write": {"device_start": 1585578762.5497766, "host_queued_start": 1585578827.71947, "device_queued": 1585578762.5452476, "device_end": 1585578762.5498085, "host_queued_end": 1585578827.738355}, "device": "gpu", "nd_range": {"device_start": 1585578762.5498147, "device_end": 1585578762.5506244}, "cmdq": 0, "read": {"device_start": -1, "device_end": -1}}, "FFC_sans_bias51": {"write": {"device_start": -1, "host_queued_start": 1585578827.731284, "device_queued": -1, "device_end": -1, "host_queued_end": 1585578827.738355}, "device": "gpu", "nd_range": {"device_start": 1585578762.5574553, "device_end": 1585578762.5584474}, "cmdq": 1, "read": {"device_start": -1, "device_end": -1}}, "softmax23": {"write": {"device_start": -1, "host_queued_start": 1585578827.72877, "device_queued": -1, "device_end": -1, "host_queued_end": 1585578827.738355}, "device": "gpu", "nd_range": {"device_start": 1585578762.5554895, "device_end": 1585578762.5560417}, "cmdq": 0, "read": {"device_start": -1, "device_end": -1}}, "FFC_sans_bias37": {"write": {"device_start": 1585578762.5473485, "host_queued_start": 1585578827.714206, "device_queued": 1585578762.544763, "device_end": 1585578762.5473762, "host_queued_end": 1585578827.738355}, "device": "gpu", "nd_range": {"device_start": 1585578762.5473824, "device_end": 1585578762.5482078}, "cmdq": 1, "read": {"device_start": -1, "device_end": -1}}, "empty62": {"write": {"device_start": 1585578762.543933, "host_queued_start": 1585578827.704846, "device_queued": 1585578762.5438187, "device_end": 1585578762.5440056, "host_queued_end": 1585578827.738355}, "device": "gpu", "nd_range": {"device_start": 1585578762.5440123, "device_end": 1585578762.5440166}, "cmdq": 0, "read": {"device_start": -1, "device_end": -1}}, "FFC_sans_bias70": {"write": {"device_start": 1585578762.561556, "host_queued_start": 1585578827.738255, "device_queued": 1585578762.5476813, "device_end": 1585578762.561582, "host_queued_end": 1585578827.738355}, "device": "gpu", "nd_range": {"device_start": 1585578762.561585, "device_end": 1585578762.5622993}, "cmdq": 1, "read": {"device_start": 1585578762.5623064, "device_end": 1585578762.5623288}}, "FFC_sans_bias58": {"write": {"device_start": -1, "host_queued_start": 1585578827.728197, "device_queued": -1, "device_end": -1, "host_queued_end": 1585578827.738355}, "device": "gpu", "nd_range": {"device_start": 1585578762.5545309, "device_end": 1585578762.555488}, "cmdq": 0, "read": {"device_start": -1, "device_end": -1}}, "softmax41": {"write": {"device_start": -1, "host_queued_start": 1585578827.72927, "device_queued": -1, "device_end": -1, "host_queued_end": 1585578827.738355}, "device": "gpu", "nd_range": {"device_start": 1585578762.5560436, "device_end": 1585578762.5562456}, "cmdq": 0, "read": {"device_start": -1, "device_end": -1}}, "FFC_sans_bias11": {"write": {"device_start": -1, "host_queued_start": 1585578827.748847, "device_queued": -1, "device_end": -1, "host_queued_end": 1585578827.753568}, "device": "cpu", "nd_range": {"device_start": 2246601.960516363, "device_end": 2246601.9701455743}, "cmdq": 3, "read": {"device_start": -1, "device_end": -1}}, "FFC_sans_bias10": {"write": {"device_start": -1, "host_queued_start": 1585578827.747743, "device_queued": -1, "device_end": -1, "host_queued_end": 1585578827.753568}, "device": "cpu", "nd_range": {"device_start": 2246601.9585635583, "device_end": 2246601.9661952523}, "cmdq": 2, "read": {"device_start": -1, "device_end": -1}}, "coalesced_transpose3": {"write": {"device_start": -1, "host_queued_start": 1585578827.749182, "device_queued": -1, "device_end": -1, "host_queued_end": 1585578827.753568}, "device": "cpu", "nd_range": {"device_start": 2246601.9621098624, "device_end": 2246601.962345853}, "cmdq": 0, "read": {"device_start": -1, "device_end": -1}}, "FFC_sans_bias34": {"write": {"device_start": 1585578762.5595405, "host_queued_start": 1585578827.734033, "device_queued": 1585578762.5471923, "device_end": 1585578762.5595675, "host_queued_end": 1585578827.738355}, "device": "gpu", "nd_range": {"device_start": 1585578762.5595715, "device_end": 1585578762.5604107}, "cmdq": 1, "read": {"device_start": 1585578762.560413, "device_end": 1585578762.5604384}}, "FFC_sans_bias15": {"write": {"device_start": -1, "host_queued_start": 1585578827.751488, "device_queued": -1, "device_end": -1, "host_queued_end": 1585578827.753568}, "device": "cpu", "nd_range": {"device_start": 2246601.9826872894, "device_end": 2246601.9903571}, "cmdq": 3, "read": {"device_start": -1, "device_end": -1}}, "FFC_sans_bias31": {"write": {"device_start": -1, "host_queued_start": 1585578827.727248, "device_queued": -1, "device_end": -1, "host_queued_end": 1585578827.738355}, "device": "gpu", "nd_range": {"device_start": 1585578762.5534546, "device_end": 1585578762.5540648}, "cmdq": 1, "read": {"device_start": -1, "device_end": -1}}, "FFC_sans_bias16": {"write": {"device_start": -1, "host_queued_start": 1585578827.753523, "device_queued": -1, "device_end": -1, "host_queued_end": 1585578827.753568}, "device": "cpu", "nd_range": {"device_start": 2246601.9903754382, "device_end": 2246601.994343874}, "cmdq": 1, "read": {"device_start": -1, "device_end": -1}}, "FFC_sans_bias19": {"write": {"device_start": 1585578762.5442517, "host_queued_start": 1585578827.707704, "device_queued": 1585578762.544118, "device_end": 1585578762.544278, "host_queued_end": 1585578827.738355}, "device": "gpu", "nd_range": {"device_start": 1585578762.5442808, "device_end": 1585578762.5452294}, "cmdq": 1, "read": {"device_start": -1, "device_end": -1}}, "FFC_sans_bias18": {"write": {"device_start": 1585578762.5441432, "host_queued_start": 1585578827.70667, "device_queued": 1585578762.5439131, "device_end": 1585578762.544216, "host_queued_end": 1585578827.738355}, "device": "gpu", "nd_range": {"device_start": 1585578762.544225, "device_end": 1585578762.5448349}, "cmdq": 0, "read": {"device_start": -1, "device_end": -1}}, "coalesced_transpose30": {"write": {"device_start": -1, "host_queued_start": 1585578827.725376, "device_queued": -1, "device_end": -1, "host_queued_end": 1585578827.738355}, "device": "gpu", "nd_range": {"device_start": 1585578762.5530398, "device_end": 1585578762.5534117}, "cmdq": 1, "read": {"device_start": -1, "device_end": -1}}, "FFC_sans_bias69": {"write": {"device_start": -1, "host_queued_start": 1585578827.731922, "device_queued": -1, "device_end": -1, "host_queued_end": 1585578827.738355}, "device": "gpu", "nd_range": {"device_start": 1585578762.5584488, "device_end": 1585578762.559426}, "cmdq": 1, "read": {"device_start": -1, "device_end": -1}}, "FFC_sans_bias38": {"write": {"device_start": 1585578762.5478344, "host_queued_start": 1585578827.715303, "device_queued": 1585578762.5448081, "device_end": 1585578762.5478673, "host_queued_end": 1585578827.738355}, "device": "gpu", "nd_range": {"device_start": 1585578762.547873, "device_end": 1585578762.548672}, "cmdq": 0, "read": {"device_start": -1, "device_end": -1}}, "coalesced_transpose57": {"write": {"device_start": -1, "host_queued_start": 1585578827.726295, "device_queued": -1, "device_end": -1, "host_queued_end": 1585578827.738355}, "device": "gpu", "nd_range": {"device_start": 1585578762.5529227, "device_end": 1585578762.5529377}, "cmdq": 0, "read": {"device_start": -1, "device_end": -1}}, "empty26": {"write": {"device_start": 1585578762.5435011, "host_queued_start": 1585578827.701251, "device_queued": 1585578762.5433505, "device_end": 1585578762.543571, "host_queued_end": 1585578827.738355}, "device": "gpu", "nd_range": {"device_start": 1585578762.5435765, "device_end": 1585578762.5435882}, "cmdq": 0, "read": {"device_start": -1, "device_end": -1}}, "coalesced_transpose12": {"write": {"device_start": -1, "host_queued_start": 1585578827.749518, "device_queued": -1, "device_end": -1, "host_queued_end": 1585578827.753568}, "device": "cpu", "nd_range": {"device_start": 2246601.966763738, "device_end": 2246601.9669965194}, "cmdq": 1, "read": {"device_start": -1, "device_end": -1}}, "empty44": {"write": {"device_start": 1585578762.543726, "host_queued_start": 1585578827.703221, "device_queued": 1585578762.5434976, "device_end": 1585578762.5437899, "host_queued_end": 1585578827.738355}, "device": "gpu", "nd_range": {"device_start": 1585578762.5438006, "device_end": 1585578762.5438051}, "cmdq": 0, "read": {"device_start": -1, "device_end": -1}}, "coalesced_transpose21": {"write": {"device_start": -1, "host_queued_start": 1585578827.725062, "device_queued": -1, "device_end": -1, "host_queued_end": 1585578827.738355}, "device": "gpu", "nd_range": {"device_start": 1585578762.55258, "device_end": 1585578762.552896}, "cmdq": 0, "read": {"device_start": -1, "device_end": -1}}, "FFC_sans_bias36": {"write": {"device_start": 1585578762.546901, "host_queued_start": 1585578827.713164, "device_queued": 1585578762.5446086, "device_end": 1585578762.5469332, "host_queued_end": 1585578827.738355}, "device": "gpu", "nd_range": {"device_start": 1585578762.5469372, "device_end": 1585578762.5477293}, "cmdq": 0, "read": {"device_start": -1, "device_end": -1}}, "softmax14": {"write": {"device_start": -1, "host_queued_start": 1585578827.7508, "device_queued": -1, "device_end": -1, "host_queued_end": 1585578827.753568}, "device": "cpu", "nd_range": {"device_start": 2246601.982473149, "device_end": 2246601.9826801294}, "cmdq": 1, "read": {"device_start": -1, "device_end": -1}}, "FFC_sans_bias13": {"write": {"device_start": -1, "host_queued_start": 1585578827.750216, "device_queued": -1, "device_end": -1, "host_queued_end": 1585578827.753568}, "device": "cpu", "nd_range": {"device_start": 2246601.971414606, "device_end": 2246601.9769134494}, "cmdq": 3, "read": {"device_start": -1, "device_end": -1}}, "empty8": {"write": {"device_start": -1, "host_queued_start": 1585578827.740082, "device_queued": -1, "device_end": -1, "host_queued_end": 1585578827.753568}, "device": "cpu", "nd_range": {"device_start": 2246601.9431545623, "device_end": 2246601.943163151}, "cmdq": 0, "read": {"device_start": -1, "device_end": -1}}, "FFC_sans_bias42": {"write": {"device_start": -1, "host_queued_start": 1585578827.730969, "device_queued": -1, "device_end": -1, "host_queued_end": 1585578827.738355}, "device": "gpu", "nd_range": {"device_start": 1585578762.5570567, "device_end": 1585578762.558028}, "cmdq": 0, "read": {"device_start": -1, "device_end": -1}}, "FFC_sans_bias43": {"write": {"device_start": 1585578762.5601618, "host_queued_start": 1585578827.735117, "device_queued": 1585578762.5472958, "device_end": 1585578762.5601878, "host_queued_end": 1585578827.738355}, "device": "gpu", "nd_range": {"device_start": 1585578762.56019, "device_end": 1585578762.5608969}, "cmdq": 0, "read": {"device_start": 1585578762.5609078, "device_end": 1585578762.5609326}}, "FFC_sans_bias40": {"write": {"device_start": -1, "host_queued_start": 1585578827.727564, "device_queued": -1, "device_end": -1, "host_queued_end": 1585578827.738355}, "device": "gpu", "nd_range": {"device_start": 1585578762.553542, "device_end": 1585578762.5545297}, "cmdq": 0, "read": {"device_start": -1, "device_end": -1}}, "softmax32": {"write": {"device_start": -1, "host_queued_start": 1585578827.729018, "device_queued": -1, "device_end": -1, "host_queued_end": 1585578827.738355}, "device": "gpu", "nd_range": {"device_start": 1585578762.5560133, "device_end": 1585578762.5562208}, "cmdq": 1, "read": {"device_start": -1, "device_end": -1}}, "FFC_sans_bias47": {"write": {"device_start": 1585578762.5493116, "host_queued_start": 1585578827.718414, "device_queued": 1585578762.545195, "device_end": 1585578762.5493374, "host_queued_end": 1585578827.738355}, "device": "gpu", "nd_range": {"device_start": 1585578762.549343, "device_end": 1585578762.5501306}, "cmdq": 1, "read": {"device_start": -1, "device_end": -1}}, "FFC_sans_bias45": {"write": {"device_start": 1585578762.548317, "host_queued_start": 1585578827.716336, "device_queued": 1585578762.5450022, "device_end": 1585578762.5483506, "host_queued_end": 1585578827.738355}, "device": "gpu", "nd_range": {"device_start": 1585578762.5483549, "device_end": 1585578762.5491712}, "cmdq": 1, "read": {"device_start": -1, "device_end": -1}}, "softmax50": {"write": {"device_start": -1, "host_queued_start": 1585578827.72951, "device_queued": -1, "device_end": -1, "host_queued_end": 1585578827.738355}, "device": "gpu", "nd_range": {"device_start": 1585578762.5562222, "device_end": 1585578762.5564284}, "cmdq": 1, "read": {"device_start": -1, "device_end": -1}}, "FFC_sans_bias33": {"write": {"device_start": -1, "host_queued_start": 1585578827.730652, "device_queued": -1, "device_end": -1, "host_queued_end": 1585578827.738355}, "device": "gpu", "nd_range": {"device_start": 1585578762.5568032, "device_end": 1585578762.5574539}, "cmdq": 1, "read": {"device_start": -1, "device_end": -1}}, "FFC_sans_bias63": {"write": {"device_start": 1585578762.5521863, "host_queued_start": 1585578827.724734, "device_queued": 1585578762.5457606, "device_end": 1585578762.5522184, "host_queued_end": 1585578827.738355}, "device": "gpu", "nd_range": {"device_start": 1585578762.5522218, "device_end": 1585578762.553036}, "cmdq": 1, "read": {"device_start": -1, "device_end": -1}}, "FFC_sans_bias49": {"write": {"device_start": -1, "host_queued_start": 1585578827.727881, "device_queued": -1, "device_end": -1, "host_queued_end": 1585578827.738355}, "device": "gpu", "nd_range": {"device_start": 1585578762.5540662, "device_end": 1585578762.5550466}, "cmdq": 1, "read": {"device_start": -1, "device_end": -1}}, "FFC_sans_bias64": {"write": {"device_start": 1585578762.5512002, "host_queued_start": 1585578827.722655, "device_queued": 1585578762.545587, "device_end": 1585578762.5512335, "host_queued_end": 1585578827.738355}, "device": "gpu", "nd_range": {"device_start": 1585578762.5512385, "device_end": 1585578762.5520582}, "cmdq": 1, "read": {"device_start": -1, "device_end": -1}}, "FFC_sans_bias65": {"write": {"device_start": 1585578762.5517354, "host_queued_start": 1585578827.723697, "device_queued": 1585578762.5456314, "device_end": 1585578762.5517688, "host_queued_end": 1585578827.738355}, "device": "gpu", "nd_range": {"device_start": 1585578762.5517738, "device_end": 1585578762.5525782}, "cmdq": 0, "read": {"device_start": -1, "device_end": -1}}, "FFC_sans_bias67": {"write": {"device_start": -1, "host_queued_start": 1585578827.728516, "device_queued": -1, "device_end": -1, "host_queued_end": 1585578827.738355}, "device": "gpu", "nd_range": {"device_start": 1585578762.5550475, "device_end": 1585578762.5560122}, "cmdq": 1, "read": {"device_start": -1, "device_end": -1}}, "FFC_sans_bias24": {"write": {"device_start": -1, "host_queued_start": 1585578827.730319, "device_queued": -1, "device_end": -1, "host_queued_end": 1585578827.738355}, "device": "gpu", "nd_range": {"device_start": 1585578762.5564497, "device_end": 1585578762.5570552}, "cmdq": 0, "read": {"device_start": -1, "device_end": -1}}, "FFC_sans_bias25": {"write": {"device_start": 1585578762.5591304, "host_queued_start": 1585578827.732948, "device_queued": 1585578762.547037, "device_end": 1585578762.5591586, "host_queued_end": 1585578827.738355}, "device": "gpu", "nd_range": {"device_start": 1585578762.559162, "device_end": 1585578762.5599597}, "cmdq": 0, "read": {"device_start": 1585578762.559967, "device_end": 1585578762.5599942}}, "FFC_sans_bias27": {"write": {"device_start": 1585578762.5453548, "host_queued_start": 1585578827.709816, "device_queued": 1585578762.5443637, "device_end": 1585578762.5453818, "host_queued_end": 1585578827.738355}, "device": "gpu", "nd_range": {"device_start": 1585578762.5453851, "device_end": 1585578762.5462234}, "cmdq": 1, "read": {"device_start": -1, "device_end": -1}}, "FFC_sans_bias20": {"write": {"device_start": 1585578762.5449271, "host_queued_start": 1585578827.708755, "device_queued": 1585578762.5441794, "device_end": 1585578762.544958, "host_queued_end": 1585578827.738355}, "device": "gpu", "nd_range": {"device_start": 1585578762.5449612, "device_end": 1585578762.5457947}, "cmdq": 0, "read": {"device_start": -1, "device_end": -1}}, "FFC_sans_bias22": {"write": {"device_start": -1, "host_queued_start": 1585578827.72693, "device_queued": -1, "device_end": -1, "host_queued_end": 1585578827.738355}, "device": "gpu", "nd_range": {"device_start": 1585578762.55294, "device_end": 1585578762.5535407}, "cmdq": 0, "read": {"device_start": -1, "device_end": -1}}, "softmax68": {"write": {"device_start": -1, "host_queued_start": 1585578827.73001, "device_queued": -1, "device_end": -1, "host_queued_end": 1585578827.738355}, "device": "gpu", "nd_range": {"device_start": 1585578762.5564294, "device_end": 1585578762.556802}, "cmdq": 1, "read": {"device_start": -1, "device_end": -1}}, "softmax5": {"write": {"device_start": -1, "host_queued_start": 1585578827.750498, "device_queued": -1, "device_end": -1, "host_queued_end": 1585578827.753568}, "device": "cpu", "nd_range": {"device_start": 2246601.976823403, "device_end": 2246601.9769234}, "cmdq": 0, "read": {"device_start": -1, "device_end": -1}}, "FFC_sans_bias28": {"write": {"device_start": 1585578762.5459092, "host_queued_start": 1585578827.711081, "device_queued": 1585578762.544408, "device_end": 1585578762.545935, "host_queued_end": 1585578827.738355}, "device": "gpu", "nd_range": {"device_start": 1585578762.5459383, "device_end": 1585578762.5467644}, "cmdq": 0, "read": {"device_start": -1, "device_end": -1}}, "FFC_sans_bias29": {"write": {"device_start": 1585578762.5463934, "host_queued_start": 1585578827.712132, "device_queued": 1585578762.544553, "device_end": 1585578762.546422, "host_queued_end": 1585578827.738355}, "device": "gpu", "nd_range": {"device_start": 1585578762.5464268, "device_end": 1585578762.5472174}, "cmdq": 1, "read": {"device_start": -1, "device_end": -1}}, "empty17": {"write": {"device_start": -1, "host_queued_start": 1585578827.741228, "device_queued": -1, "device_end": -1, "host_queued_end": 1585578827.753568}, "device": "cpu", "nd_range": {"device_start": 2246601.9431525674, "device_end": 2246601.9431632073}, "cmdq": 1, "read": {"device_start": -1, "device_end": -1}}, "softmax59": {"write": {"device_start": -1, "host_queued_start": 1585578827.729763, "device_queued": -1, "device_end": -1, "host_queued_end": 1585578827.738355}, "device": "gpu", "nd_range": {"device_start": 1585578762.556247, "device_end": 1585578762.556448}, "cmdq": 0, "read": {"device_start": -1, "device_end": -1}}, "empty71": {"write": {"device_start": 1585578762.5440302, "host_queued_start": 1585578827.705658, "device_queued": 1585578762.5438623, "device_end": 1585578762.5441022, "host_queued_end": 1585578827.738355}, "device": "gpu", "nd_range": {"device_start": 1585578762.5441134, "device_end": 1585578762.5441182}, "cmdq": 1, "read": {"device_start": -1, "device_end": -1}}, "empty35": {"write": {"device_start": 1585578762.5436192, "host_queued_start": 1585578827.702299, "device_queued": 1585578762.5434568, "device_end": 1585578762.5436976, "host_queued_end": 1585578827.738355}, "device": "gpu", "nd_range": {"device_start": 1585578762.5437016, "device_end": 1585578762.5437064}, "cmdq": 1, "read": {"device_start": -1, "device_end": -1}}, "empty53": {"write": {"device_start": 1585578762.5438228, "host_queued_start": 1585578827.704041, "device_queued": 1585578762.5435371, "device_end": 1585578762.54389, "host_queued_end": 1585578827.738355}, "device": "gpu", "nd_range": {"device_start": 1585578762.5438933, "device_end": 1585578762.5438988}, "cmdq": 1, "read": {"device_start": -1, "device_end": -1}}, "FFC_sans_bias46": {"write": {"device_start": 1585578762.5488052, "host_queued_start": 1585578827.717366, "device_queued": 1585578762.545063, "device_end": 1585578762.5488386, "host_queued_end": 1585578827.738355}, "device": "gpu", "nd_range": {"device_start": 1585578762.5488427, "device_end": 1585578762.5496454}, "cmdq": 0, "read": {"device_start": -1, "device_end": -1}}, "coalesced_transpose66": {"write": {"device_start": -1, "host_queued_start": 1585578827.726606, "device_queued": -1, "device_end": -1, "host_queued_end": 1585578827.738355}, "device": "gpu", "nd_range": {"device_start": 1585578762.5534375, "device_end": 1585578762.5534537}, "cmdq": 1, "read": {"device_start": -1, "device_end": -1}}, "coalesced_transpose48": {"write": {"device_start": -1, "host_queued_start": 1585578827.725989, "device_queued": -1, "device_end": -1, "host_queued_end": 1585578827.738355}, "device": "gpu", "nd_range": {"device_start": 1585578762.553418, "device_end": 1585578762.5534365}, "cmdq": 1, "read": {"device_start": -1, "device_end": -1}}}