{"FFC_sans_bias60": {"write": {"device_start": -1, "host_queued_start": 1585578939.782779, "device_queued": -1, "device_end": -1, "host_queued_end": 1585578939.78526}, "device": "gpu", "nd_range": {"device_start": 1585578874.5917175, "device_end": 1585578874.5923207}, "cmdq": 2, "read": {"device_start": -1, "device_end": -1}}, "FFC_sans_bias4": {"write": {"device_start": -1, "host_queued_start": 1585578939.812619, "device_queued": -1, "device_end": -1, "host_queued_end": 1585578939.824193}, "device": "cpu", "nd_range": {"device_start": 2246714.1136836084, "device_end": 2246714.120393861}, "cmdq": 0, "read": {"device_start": -1, "device_end": -1}}, "FFC_sans_bias7": {"write": {"device_start": -1, "host_queued_start": 1585578939.819155, "device_queued": -1, "device_end": -1, "host_queued_end": 1585578939.824193}, "device": "cpu", "nd_range": {"device_start": 2246714.154376382, "device_end": 2246714.166269707}, "cmdq": 0, "read": {"device_start": -1, "device_end": -1}}, "FFC_sans_bias6": {"write": {"device_start": -1, "host_queued_start": 1585578939.816369, "device_queued": -1, "device_end": -1, "host_queued_end": 1585578939.824193}, "device": "cpu", "nd_range": {"device_start": 2246714.1333632423, "device_end": 2246714.1457728352}, "cmdq": 0, "read": {"device_start": -1, "device_end": -1}}, "FFC_sans_bias1": {"write": {"device_start": -1, "host_queued_start": 1585578939.793308, "device_queued": -1, "device_end": -1, "host_queued_end": 1585578939.824193}, "device": "cpu", "nd_range": {"device_start": 2246714.0139237694, "device_end": 2246714.030787407}, "cmdq": 1, "read": {"device_start": -1, "device_end": -1}}, "FFC_sans_bias0": {"write": {"device_start": -1, "host_queued_start": 1585578939.792218, "device_queued": -1, "device_end": -1, "host_queued_end": 1585578939.824193}, "device": "cpu", "nd_range": {"device_start": 2246714.013834378, "device_end": 2246714.022848077}, "cmdq": 0, "read": {"device_start": -1, "device_end": -1}}, "FFC_sans_bias2": {"write": {"device_start": -1, "host_queued_start": 1585578939.794356, "device_queued": -1, "device_end": -1, "host_queued_end": 1585578939.824193}, "device": "cpu", "nd_range": {"device_start": 2246714.013943835, "device_end": 2246714.025709539}, "cmdq": 2, "read": {"device_start": -1, "device_end": -1}}, "FFC_sans_bias61": {"write": {"device_start": 1585578874.591809, "host_queued_start": 1585578939.784103, "device_queued": 1585578874.5884628, "device_end": 1585578874.5918336, "host_queued_end": 1585578939.78526}, "device": "gpu", "nd_range": {"device_start": 1585578874.5923357, "device_end": 1585578874.5933318}, "cmdq": 1, "read": {"device_start": 1585578874.5933366, "device_end": 1585578874.59336}}, "FFC_sans_bias52": {"write": {"device_start": -1, "host_queued_start": 1585578939.824148, "device_queued": -1, "device_end": -1, "host_queued_end": 1585578939.824193}, "device": "cpu", "nd_range": {"device_start": 2246714.1497211433, "device_end": 2246714.163519008}, "cmdq": 2, "read": {"device_start": -1, "device_end": -1}}, "FFC_sans_bias9": {"write": {"device_start": -1, "host_queued_start": 1585578939.795436, "device_queued": -1, "device_end": -1, "host_queued_end": 1585578939.824193}, "device": "cpu", "nd_range": {"device_start": 2246714.023939573, "device_end": 2246714.0382093973}, "cmdq": 0, "read": {"device_start": -1, "device_end": -1}}, "coalesced_transpose39": {"write": {"device_start": -1, "host_queued_start": 1585578939.811849, "device_queued": -1, "device_end": -1, "host_queued_end": 1585578939.824193}, "device": "cpu", "nd_range": {"device_start": 2246714.08933343, "device_end": 2246714.089573597}, "cmdq": 1, "read": {"device_start": -1, "device_end": -1}}, "FFC_sans_bias55": {"write": {"device_start": 1585578874.5877092, "host_queued_start": 1585578939.777292, "device_queued": 1585578874.587558, "device_end": 1585578874.5877402, "host_queued_end": 1585578939.78526}, "device": "gpu", "nd_range": {"device_start": 1585578874.587758, "device_end": 1585578874.5890744}, "cmdq": 1, "read": {"device_start": -1, "device_end": -1}}, "FFC_sans_bias54": {"write": {"device_start": 1585578874.587613, "host_queued_start": 1585578939.776255, "device_queued": 1585578874.5875125, "device_end": 1585578874.587664, "host_queued_end": 1585578939.78526}, "device": "gpu", "nd_range": {"device_start": 1585578874.5876675, "device_end": 1585578874.5885136}, "cmdq": 0, "read": {"device_start": -1, "device_end": -1}}, "FFC_sans_bias56": {"write": {"device_start": 1585578874.5874686, "host_queued_start": 1585578939.775183, "device_queued": 1585578874.5872567, "device_end": 1585578874.5874934, "host_queued_end": 1585578939.78526}, "device": "gpu", "nd_range": {"device_start": 1585578874.5875032, "device_end": 1585578874.5881052}, "cmdq": 2, "read": {"device_start": -1, "device_end": -1}}, "FFC_sans_bias51": {"write": {"device_start": -1, "host_queued_start": 1585578939.818081, "device_queued": -1, "device_end": -1, "host_queued_end": 1585578939.824193}, "device": "cpu", "nd_range": {"device_start": 2246714.122417475, "device_end": 2246714.1353787133}, "cmdq": 2, "read": {"device_start": -1, "device_end": -1}}, "softmax23": {"write": {"device_start": -1, "host_queued_start": 1585578939.81518, "device_queued": -1, "device_end": -1, "host_queued_end": 1585578939.824193}, "device": "cpu", "nd_range": {"device_start": 2246714.1082539773, "device_end": 2246714.1084737573}, "cmdq": 2, "read": {"device_start": -1, "device_end": -1}}, "FFC_sans_bias37": {"write": {"device_start": -1, "host_queued_start": 1585578939.805981, "device_queued": -1, "device_end": -1, "host_queued_end": 1585578939.824193}, "device": "cpu", "nd_range": {"device_start": 2246714.0655298983, "device_end": 2246714.075910923}, "cmdq": 1, "read": {"device_start": -1, "device_end": -1}}, "empty62": {"write": {"device_start": 1585578874.5872707, "host_queued_start": 1585578939.773116, "device_queued": 1585578874.5871425, "device_end": 1585578874.5873199, "host_queued_end": 1585578939.78526}, "device": "gpu", "nd_range": {"device_start": 1585578874.5873263, "device_end": 1585578874.5873325}, "cmdq": 0, "read": {"device_start": -1, "device_end": -1}}, "FFC_sans_bias70": {"write": {"device_start": 1585578874.5924513, "host_queued_start": 1585578939.785157, "device_queued": 1585578874.5884356, "device_end": 1585578874.5924816, "host_queued_end": 1585578939.78526}, "device": "gpu", "nd_range": {"device_start": 1585578874.5929327, "device_end": 1585578874.593885}, "cmdq": 2, "read": {"device_start": 1585578874.5938892, "device_end": 1585578874.5939128}}, "FFC_sans_bias58": {"write": {"device_start": -1, "host_queued_start": 1585578939.781596, "device_queued": -1, "device_end": -1, "host_queued_end": 1585578939.78526}, "device": "gpu", "nd_range": {"device_start": 1585578874.590507, "device_end": 1585578874.5911095}, "cmdq": 1, "read": {"device_start": -1, "device_end": -1}}, "softmax41": {"write": {"device_start": -1, "host_queued_start": 1585578939.81572, "device_queued": -1, "device_end": -1, "host_queued_end": 1585578939.824193}, "device": "cpu", "nd_range": {"device_start": 2246714.118563531, "device_end": 2246714.119101107}, "cmdq": 1, "read": {"device_start": -1, "device_end": -1}}, "FFC_sans_bias11": {"write": {"device_start": -1, "host_queued_start": 1585578939.79752, "device_queued": -1, "device_end": -1, "host_queued_end": 1585578939.824193}, "device": "cpu", "nd_range": {"device_start": 2246714.025839473, "device_end": 2246714.0409021843}, "cmdq": 2, "read": {"device_start": -1, "device_end": -1}}, "FFC_sans_bias10": {"write": {"device_start": -1, "host_queued_start": 1585578939.796475, "device_queued": -1, "device_end": -1, "host_queued_end": 1585578939.824193}, "device": "cpu", "nd_range": {"device_start": 2246714.030916404, "device_end": 2246714.038821856}, "cmdq": 1, "read": {"device_start": -1, "device_end": -1}}, "coalesced_transpose3": {"write": {"device_start": -1, "host_queued_start": 1585578939.810527, "device_queued": -1, "device_end": -1, "host_queued_end": 1585578939.824193}, "device": "cpu", "nd_range": {"device_start": 2246714.112952695, "device_end": 2246714.113207486}, "cmdq": 0, "read": {"device_start": -1, "device_end": -1}}, "FFC_sans_bias34": {"write": {"device_start": -1, "host_queued_start": 1585578939.822164, "device_queued": -1, "device_end": -1, "host_queued_end": 1585578939.824193}, "device": "cpu", "nd_range": {"device_start": 2246714.166272994, "device_end": 2246714.174032431}, "cmdq": 0, "read": {"device_start": -1, "device_end": -1}}, "FFC_sans_bias15": {"write": {"device_start": -1, "host_queued_start": 1585578939.816711, "device_queued": -1, "device_end": -1, "host_queued_end": 1585578939.824193}, "device": "cpu", "nd_range": {"device_start": 2246714.119108748, "device_end": 2246714.133347833}, "cmdq": 1, "read": {"device_start": -1, "device_end": -1}}, "FFC_sans_bias31": {"write": {"device_start": -1, "host_queued_start": 1585578939.813652, "device_queued": -1, "device_end": -1, "host_queued_end": 1585578939.824193}, "device": "cpu", "nd_range": {"device_start": 2246714.1205035923, "device_end": 2246714.132905447}, "cmdq": 0, "read": {"device_start": -1, "device_end": -1}}, "FFC_sans_bias16": {"write": {"device_start": -1, "host_queued_start": 1585578939.82016, "device_queued": -1, "device_end": -1, "host_queued_end": 1585578939.824193}, "device": "cpu", "nd_range": {"device_start": 2246714.149143816, "device_end": 2246714.163261949}, "cmdq": 1, "read": {"device_start": -1, "device_end": -1}}, "FFC_sans_bias19": {"write": {"device_start": -1, "host_queued_start": 1585578939.799683, "device_queued": -1, "device_end": -1, "host_queued_end": 1585578939.824193}, "device": "cpu", "nd_range": {"device_start": 2246714.038942295, "device_end": 2246714.05756154}, "cmdq": 1, "read": {"device_start": -1, "device_end": -1}}, "FFC_sans_bias18": {"write": {"device_start": -1, "host_queued_start": 1585578939.798589, "device_queued": -1, "device_end": -1, "host_queued_end": 1585578939.824193}, "device": "cpu", "nd_range": {"device_start": 2246714.038852087, "device_end": 2246714.057561257}, "cmdq": 0, "read": {"device_start": -1, "device_end": -1}}, "coalesced_transpose30": {"write": {"device_start": -1, "host_queued_start": 1585578939.811522, "device_queued": -1, "device_end": -1, "host_queued_end": 1585578939.824193}, "device": "cpu", "nd_range": {"device_start": 2246714.113321822, "device_end": 2246714.113573886}, "cmdq": 0, "read": {"device_start": -1, "device_end": -1}}, "FFC_sans_bias69": {"write": {"device_start": -1, "host_queued_start": 1585578939.783091, "device_queued": -1, "device_end": -1, "host_queued_end": 1585578939.78526}, "device": "gpu", "nd_range": {"device_start": 1585578874.5923252, "device_end": 1585578874.5929284}, "cmdq": 0, "read": {"device_start": -1, "device_end": -1}}, "FFC_sans_bias38": {"write": {"device_start": -1, "host_queued_start": 1585578939.807054, "device_queued": -1, "device_end": -1, "host_queued_end": 1585578939.824193}, "device": "cpu", "nd_range": {"device_start": 2246714.05758694, "device_end": 2246714.069016184}, "cmdq": 2, "read": {"device_start": -1, "device_end": -1}}, "coalesced_transpose57": {"write": {"device_start": -1, "host_queued_start": 1585578939.780793, "device_queued": -1, "device_end": -1, "host_queued_end": 1585578939.78526}, "device": "gpu", "nd_range": {"device_start": 1585578874.5895047, "device_end": 1585578874.5898893}, "cmdq": 2, "read": {"device_start": -1, "device_end": -1}}, "empty26": {"write": {"device_start": -1, "host_queued_start": 1585578939.788594, "device_queued": -1, "device_end": -1, "host_queued_end": 1585578939.824193}, "device": "cpu", "nd_range": {"device_start": 2246714.013855203, "device_end": 2246714.013859826}, "cmdq": 2, "read": {"device_start": -1, "device_end": -1}}, "coalesced_transpose12": {"write": {"device_start": -1, "host_queued_start": 1585578939.810862, "device_queued": -1, "device_end": -1, "host_queued_end": 1585578939.824193}, "device": "cpu", "nd_range": {"device_start": 2246714.08889411, "device_end": 2246714.089111749}, "cmdq": 1, "read": {"device_start": -1, "device_end": -1}}, "empty44": {"write": {"device_start": -1, "host_queued_start": 1585578939.790281, "device_queued": -1, "device_end": -1, "host_queued_end": 1585578939.824193}, "device": "cpu", "nd_range": {"device_start": 2246714.013896435, "device_end": 2246714.013898266}, "cmdq": 1, "read": {"device_start": -1, "device_end": -1}}, "coalesced_transpose21": {"write": {"device_start": -1, "host_queued_start": 1585578939.811195, "device_queued": -1, "device_end": -1, "host_queued_end": 1585578939.824193}, "device": "cpu", "nd_range": {"device_start": 2246714.0816473654, "device_end": 2246714.081895347}, "cmdq": 2, "read": {"device_start": -1, "device_end": -1}}, "FFC_sans_bias36": {"write": {"device_start": -1, "host_queued_start": 1585578939.804935, "device_queued": -1, "device_end": -1, "host_queued_end": 1585578939.824193}, "device": "cpu", "nd_range": {"device_start": 2246714.081041728, "device_end": 2246714.086742619}, "cmdq": 0, "read": {"device_start": -1, "device_end": -1}}, "softmax14": {"write": {"device_start": -1, "host_queued_start": 1585578939.814905, "device_queued": -1, "device_end": -1, "host_queued_end": 1585578939.824193}, "device": "cpu", "nd_range": {"device_start": 2246714.1183430213, "device_end": 2246714.118556951}, "cmdq": 1, "read": {"device_start": -1, "device_end": -1}}, "FFC_sans_bias13": {"write": {"device_start": -1, "host_queued_start": 1585578939.812965, "device_queued": -1, "device_end": -1, "host_queued_end": 1585578939.824193}, "device": "cpu", "nd_range": {"device_start": 2246714.0896830093, "device_end": 2246714.1044910923}, "cmdq": 1, "read": {"device_start": -1, "device_end": -1}}, "empty8": {"write": {"device_start": -1, "host_queued_start": 1585578939.786568, "device_queued": -1, "device_end": -1, "host_queued_end": 1585578939.824193}, "device": "cpu", "nd_range": {"device_start": 2246714.0137920133, "device_end": 2246714.0138045764}, "cmdq": 0, "read": {"device_start": -1, "device_end": -1}}, "FFC_sans_bias42": {"write": {"device_start": -1, "host_queued_start": 1585578939.817737, "device_queued": -1, "device_end": -1, "host_queued_end": 1585578939.824193}, "device": "cpu", "nd_range": {"device_start": 2246714.1333562103, "device_end": 2246714.149136229}, "cmdq": 1, "read": {"device_start": -1, "device_end": -1}}, "FFC_sans_bias43": {"write": {"device_start": -1, "host_queued_start": 1585578939.82316, "device_queued": -1, "device_end": -1, "host_queued_end": 1585578939.824193}, "device": "cpu", "nd_range": {"device_start": 2246714.163266147, "device_end": 2246714.1740044393}, "cmdq": 1, "read": {"device_start": -1, "device_end": -1}}, "FFC_sans_bias40": {"write": {"device_start": -1, "host_queued_start": 1585578939.813991, "device_queued": -1, "device_end": -1, "host_queued_end": 1585578939.824193}, "device": "cpu", "nd_range": {"device_start": 2246714.104607215, "device_end": 2246714.115425058}, "cmdq": 1, "read": {"device_start": -1, "device_end": -1}}, "softmax32": {"write": {"device_start": -1, "host_queued_start": 1585578939.81545, "device_queued": -1, "device_end": -1, "host_queued_end": 1585578939.824193}, "device": "cpu", "nd_range": {"device_start": 2246714.1331331683, "device_end": 2246714.133356561}, "cmdq": 0, "read": {"device_start": -1, "device_end": -1}}, "FFC_sans_bias47": {"write": {"device_start": -1, "host_queued_start": 1585578939.810194, "device_queued": -1, "device_end": -1, "host_queued_end": 1585578939.824193}, "device": "cpu", "nd_range": {"device_start": 2246714.069138132, "device_end": 2246714.081531266}, "cmdq": 2, "read": {"device_start": -1, "device_end": -1}}, "FFC_sans_bias45": {"write": {"device_start": -1, "host_queued_start": 1585578939.808099, "device_queued": -1, "device_end": -1, "host_queued_end": 1585578939.824193}, "device": "cpu", "nd_range": {"device_start": 2246714.0925731813, "device_end": 2246714.112835137}, "cmdq": 0, "read": {"device_start": -1, "device_end": -1}}, "softmax50": {"write": {"device_start": -1, "host_queued_start": 1585578939.816008, "device_queued": -1, "device_end": -1, "host_queued_end": 1585578939.824193}, "device": "cpu", "nd_range": {"device_start": 2246714.1085860603, "device_end": 2246714.108792149}, "cmdq": 2, "read": {"device_start": -1, "device_end": -1}}, "FFC_sans_bias33": {"write": {"device_start": -1, "host_queued_start": 1585578939.817391, "device_queued": -1, "device_end": -1, "host_queued_end": 1585578939.824193}, "device": "cpu", "nd_range": {"device_start": 2246714.145781299, "device_end": 2246714.1543696313}, "cmdq": 0, "read": {"device_start": -1, "device_end": -1}}, "FFC_sans_bias63": {"write": {"device_start": 1585578874.5898604, "host_queued_start": 1585578939.780472, "device_queued": 1585578874.5879219, "device_end": 1585578874.5898926, "host_queued_end": 1585578939.78526}, "device": "gpu", "nd_range": {"device_start": 1585578874.5898952, "device_end": 1585578874.5905025}, "cmdq": 1, "read": {"device_start": -1, "device_end": -1}}, "FFC_sans_bias49": {"write": {"device_start": -1, "host_queued_start": 1585578939.814335, "device_queued": -1, "device_end": -1, "host_queued_end": 1585578939.824193}, "device": "cpu", "nd_range": {"device_start": 2246714.096921847, "device_end": 2246714.108135234}, "cmdq": 2, "read": {"device_start": -1, "device_end": -1}}, "FFC_sans_bias64": {"write": {"device_start": 1585578874.5882497, "host_queued_start": 1585578939.778335, "device_queued": 1585578874.5875764, "device_end": 1585578874.5882797, "host_queued_end": 1585578939.78526}, "device": "gpu", "nd_range": {"device_start": 1585578874.588284, "device_end": 1585578874.5895023}, "cmdq": 2, "read": {"device_start": -1, "device_end": -1}}, "FFC_sans_bias65": {"write": {"device_start": 1585578874.5886264, "host_queued_start": 1585578939.779443, "device_queued": 1585578874.587781, "device_end": 1585578874.5886567, "host_queued_end": 1585578939.78526}, "device": "gpu", "nd_range": {"device_start": 1585578874.5886593, "device_end": 1585578874.5900474}, "cmdq": 0, "read": {"device_start": -1, "device_end": -1}}, "FFC_sans_bias67": {"write": {"device_start": -1, "host_queued_start": 1585578939.781918, "device_queued": -1, "device_end": -1, "host_queued_end": 1585578939.78526}, "device": "gpu", "nd_range": {"device_start": 1585578874.590514, "device_end": 1585578874.5915124}, "cmdq": 2, "read": {"device_start": -1, "device_end": -1}}, "FFC_sans_bias24": {"write": {"device_start": -1, "host_queued_start": 1585578939.817051, "device_queued": -1, "device_end": -1, "host_queued_end": 1585578939.824193}, "device": "cpu", "nd_range": {"device_start": 2246714.108898948, "device_end": 2246714.1223003883}, "cmdq": 2, "read": {"device_start": -1, "device_end": -1}}, "FFC_sans_bias25": {"write": {"device_start": -1, "host_queued_start": 1585578939.821151, "device_queued": -1, "device_end": -1, "host_queued_end": 1585578939.824193}, "device": "cpu", "nd_range": {"device_start": 2246714.135387659, "device_end": 2246714.149716441}, "cmdq": 2, "read": {"device_start": -1, "device_end": -1}}, "FFC_sans_bias27": {"write": {"device_start": -1, "host_queued_start": 1585578939.801777, "device_queued": -1, "device_end": -1, "host_queued_end": 1585578939.824193}, "device": "cpu", "nd_range": {"device_start": 2246714.058018731, "device_end": 2246714.079454666}, "cmdq": 0, "read": {"device_start": -1, "device_end": -1}}, "FFC_sans_bias20": {"write": {"device_start": -1, "host_queued_start": 1585578939.800732, "device_queued": -1, "device_end": -1, "host_queued_end": 1585578939.824193}, "device": "cpu", "nd_range": {"device_start": 2246714.041021674, "device_end": 2246714.052149007}, "cmdq": 2, "read": {"device_start": -1, "device_end": -1}}, "FFC_sans_bias22": {"write": {"device_start": -1, "host_queued_start": 1585578939.813308, "device_queued": -1, "device_end": -1, "host_queued_end": 1585578939.824193}, "device": "cpu", "nd_range": {"device_start": 2246714.08913188, "device_end": 2246714.096793285}, "cmdq": 2, "read": {"device_start": -1, "device_end": -1}}, "softmax68": {"write": {"device_start": -1, "host_queued_start": 1585578939.782417, "device_queued": -1, "device_end": -1, "host_queued_end": 1585578939.78526}, "device": "gpu", "nd_range": {"device_start": 1585578874.5915225, "device_end": 1585578874.591712}, "cmdq": 1, "read": {"device_start": -1, "device_end": -1}}, "softmax5": {"write": {"device_start": -1, "host_queued_start": 1585578939.814629, "device_queued": -1, "device_end": -1, "host_queued_end": 1585578939.824193}, "device": "cpu", "nd_range": {"device_start": 2246714.1329141962, "device_end": 2246714.1331272894}, "cmdq": 0, "read": {"device_start": -1, "device_end": -1}}, "FFC_sans_bias28": {"write": {"device_start": -1, "host_queued_start": 1585578939.802845, "device_queued": -1, "device_end": -1, "host_queued_end": 1585578939.824193}, "device": "cpu", "nd_range": {"device_start": 2246714.057579176, "device_end": 2246714.065411216}, "cmdq": 1, "read": {"device_start": -1, "device_end": -1}}, "FFC_sans_bias29": {"write": {"device_start": -1, "host_queued_start": 1585578939.803897, "device_queued": -1, "device_end": -1, "host_queued_end": 1585578939.824193}, "device": "cpu", "nd_range": {"device_start": 2246714.052265394, "device_end": 2246714.057474217}, "cmdq": 2, "read": {"device_start": -1, "device_end": -1}}, "empty17": {"write": {"device_start": -1, "host_queued_start": 1585578939.787677, "device_queued": -1, "device_end": -1, "host_queued_end": 1585578939.824193}, "device": "cpu", "nd_range": {"device_start": 2246714.013792048, "device_end": 2246714.0138045233}, "cmdq": 1, "read": {"device_start": -1, "device_end": -1}}, "softmax59": {"write": {"device_start": -1, "host_queued_start": 1585578939.782171, "device_queued": -1, "device_end": -1, "host_queued_end": 1585578939.78526}, "device": "gpu", "nd_range": {"device_start": 1585578874.5915182, "device_end": 1585578874.59171}, "cmdq": 0, "read": {"device_start": -1, "device_end": -1}}, "empty71": {"write": {"device_start": 1585578874.5873754, "host_queued_start": 1585578939.774148, "device_queued": 1585578874.5872345, "device_end": 1585578874.5874295, "host_queued_end": 1585578939.78526}, "device": "gpu", "nd_range": {"device_start": 1585578874.5874338, "device_end": 1585578874.5874379}, "cmdq": 1, "read": {"device_start": -1, "device_end": -1}}, "empty35": {"write": {"device_start": -1, "host_queued_start": 1585578939.789454, "device_queued": -1, "device_end": -1, "host_queued_end": 1585578939.824193}, "device": "cpu", "nd_range": {"device_start": 2246714.013825735, "device_end": 2246714.01382672}, "cmdq": 0, "read": {"device_start": -1, "device_end": -1}}, "empty53": {"write": {"device_start": -1, "host_queued_start": 1585578939.791192, "device_queued": -1, "device_end": -1, "host_queued_end": 1585578939.824193}, "device": "cpu", "nd_range": {"device_start": 2246714.0139362044, "device_end": 2246714.013937956}, "cmdq": 2, "read": {"device_start": -1, "device_end": -1}}, "FFC_sans_bias46": {"write": {"device_start": -1, "host_queued_start": 1585578939.809144, "device_queued": -1, "device_end": -1, "host_queued_end": 1585578939.824193}, "device": "cpu", "nd_range": {"device_start": 2246714.0760355373, "device_end": 2246714.088872511}, "cmdq": 1, "read": {"device_start": -1, "device_end": -1}}, "coalesced_transpose66": {"write": {"device_start": -1, "host_queued_start": 1585578939.781104, "device_queued": -1, "device_end": -1, "host_queued_end": 1585578939.78526}, "device": "gpu", "nd_range": {"device_start": 1585578874.5900507, "device_end": 1585578874.5903678}, "cmdq": 0, "read": {"device_start": -1, "device_end": -1}}, "coalesced_transpose48": {"write": {"device_start": -1, "host_queued_start": 1585578939.812267, "device_queued": -1, "device_end": -1, "host_queued_end": 1585578939.824193}, "device": "cpu", "nd_range": {"device_start": 2246714.088880874, "device_end": 2246714.0891116112}, "cmdq": 2, "read": {"device_start": -1, "device_end": -1}}}