{"FFC_sans_bias60": {"write": {"device_start": -1, "host_queued_start": 1585579077.420326, "device_queued": -1, "device_end": -1, "host_queued_end": 1585579077.428075}, "device": "gpu", "nd_range": {"device_start": 1585579012.2507331, "device_end": 1585579012.2526271}, "cmdq": 2, "read": {"device_start": -1, "device_end": -1}}, "FFC_sans_bias4": {"write": {"device_start": -1, "host_queued_start": 1585579077.434545, "device_queued": -1, "device_end": -1, "host_queued_end": 1585579077.436474}, "device": "cpu", "nd_range": {"device_start": 2246851.638166908, "device_end": 2246851.642431055}, "cmdq": 1, "read": {"device_start": -1, "device_end": -1}}, "FFC_sans_bias7": {"write": {"device_start": -1, "host_queued_start": 1585579077.436428, "device_queued": -1, "device_end": -1, "host_queued_end": 1585579077.436474}, "device": "cpu", "nd_range": {"device_start": 2246851.647147017, "device_end": 2246851.652067196}, "cmdq": 0, "read": {"device_start": -1, "device_end": -1}}, "FFC_sans_bias6": {"write": {"device_start": -1, "host_queued_start": 1585579077.435269, "device_queued": -1, "device_end": -1, "host_queued_end": 1585579077.436474}, "device": "cpu", "nd_range": {"device_start": 2246851.642812484, "device_end": 2246851.647117094}, "cmdq": 3, "read": {"device_start": -1, "device_end": -1}}, "FFC_sans_bias1": {"write": {"device_start": -1, "host_queued_start": 1585579077.432434, "device_queued": -1, "device_end": -1, "host_queued_end": 1585579077.436474}, "device": "cpu", "nd_range": {"device_start": 2246851.626169443, "device_end": 2246851.633916458}, "cmdq": 2, "read": {"device_start": -1, "device_end": -1}}, "FFC_sans_bias0": {"write": {"device_start": -1, "host_queued_start": 1585579077.431121, "device_queued": -1, "device_end": -1, "host_queued_end": 1585579077.436474}, "device": "cpu", "nd_range": {"device_start": 2246851.626127445, "device_end": 2246851.638143434}, "cmdq": 1, "read": {"device_start": -1, "device_end": -1}}, "FFC_sans_bias2": {"write": {"device_start": -1, "host_queued_start": 1585579077.433753, "device_queued": -1, "device_end": -1, "host_queued_end": 1585579077.436474}, "device": "cpu", "nd_range": {"device_start": 2246851.626139428, "device_end": 2246851.637003203}, "cmdq": 3, "read": {"device_start": -1, "device_end": -1}}, "FFC_sans_bias61": {"write": {"device_start": 1585579012.2537463, "host_queued_start": 1585579077.426935, "device_queued": 1585579012.2313766, "device_end": 1585579012.2537715, "host_queued_end": 1585579077.428075}, "device": "gpu", "nd_range": {"device_start": 1585579012.2537837, "device_end": 1585579012.2555137}, "cmdq": 1, "read": {"device_start": 1585579012.2555225, "device_end": 1585579012.255549}}, "FFC_sans_bias52": {"write": {"device_start": 1585579012.2532666, "host_queued_start": 1585579077.42589, "device_queued": 1585579012.231314, "device_end": 1585579012.2532911, "host_queued_end": 1585579077.428075}, "device": "gpu", "nd_range": {"device_start": 1585579012.2533014, "device_end": 1585579012.2550519}, "cmdq": 0, "read": {"device_start": 1585579012.2550595, "device_end": 1585579012.2550826}}, "FFC_sans_bias9": {"write": {"device_start": 1585579012.227141, "host_queued_start": 1585579077.391267, "device_queued": 1585579012.2268374, "device_end": 1585579012.2272222, "host_queued_end": 1585579077.428075}, "device": "gpu", "nd_range": {"device_start": 1585579012.2272282, "device_end": 1585579012.2278354}, "cmdq": 3, "read": {"device_start": -1, "device_end": -1}}, "coalesced_transpose39": {"write": {"device_start": -1, "host_queued_start": 1585579077.413519, "device_queued": -1, "device_end": -1, "host_queued_end": 1585579077.428075}, "device": "gpu", "nd_range": {"device_start": 1585579012.2451386, "device_end": 1585579012.2451737}, "cmdq": 3, "read": {"device_start": -1, "device_end": -1}}, "FFC_sans_bias55": {"write": {"device_start": 1585579012.234289, "host_queued_start": 1585579077.409185, "device_queued": 1585579012.22889, "device_end": 1585579012.23432, "host_queued_end": 1585579077.428075}, "device": "gpu", "nd_range": {"device_start": 1585579012.2343297, "device_end": 1585579012.236025}, "cmdq": 0, "read": {"device_start": -1, "device_end": -1}}, "FFC_sans_bias54": {"write": {"device_start": 1585579012.233746, "host_queued_start": 1585579077.408154, "device_queued": 1585579012.2286897, "device_end": 1585579012.2337716, "host_queued_end": 1585579077.428075}, "device": "gpu", "nd_range": {"device_start": 1585579012.2337792, "device_end": 1585579012.2355728}, "cmdq": 3, "read": {"device_start": -1, "device_end": -1}}, "FFC_sans_bias56": {"write": {"device_start": 1585579012.233297, "host_queued_start": 1585579077.407128, "device_queued": 1585579012.228663, "device_end": 1585579012.2333236, "host_queued_end": 1585579077.428075}, "device": "gpu", "nd_range": {"device_start": 1585579012.2333312, "device_end": 1585579012.2350566}, "cmdq": 2, "read": {"device_start": -1, "device_end": -1}}, "FFC_sans_bias51": {"write": {"device_start": -1, "host_queued_start": 1585579077.419929, "device_queued": -1, "device_end": -1, "host_queued_end": 1585579077.428075}, "device": "gpu", "nd_range": {"device_start": 1585579012.2497547, "device_end": 1585579012.2516797}, "cmdq": 1, "read": {"device_start": -1, "device_end": -1}}, "softmax23": {"write": {"device_start": -1, "host_queued_start": 1585579077.417122, "device_queued": -1, "device_end": -1, "host_queued_end": 1585579077.428075}, "device": "gpu", "nd_range": {"device_start": 1585579012.2486386, "device_end": 1585579012.2488465}, "cmdq": 3, "read": {"device_start": -1, "device_end": -1}}, "FFC_sans_bias37": {"write": {"device_start": 1585579012.230961, "host_queued_start": 1585579077.40183, "device_queued": 1585579012.2280755, "device_end": 1585579012.2309875, "host_queued_end": 1585579077.428075}, "device": "gpu", "nd_range": {"device_start": 1585579012.2309942, "device_end": 1585579012.232639}, "cmdq": 1, "read": {"device_start": -1, "device_end": -1}}, "empty62": {"write": {"device_start": 1585579012.2269528, "host_queued_start": 1585579077.389453, "device_queued": 1585579012.2268062, "device_end": 1585579012.2270226, "host_queued_end": 1585579077.428075}, "device": "gpu", "nd_range": {"device_start": 1585579012.2270372, "device_end": 1585579012.227042}, "cmdq": 1, "read": {"device_start": -1, "device_end": -1}}, "FFC_sans_bias70": {"write": {"device_start": 1585579012.2546983, "host_queued_start": 1585579077.427974, "device_queued": 1585579012.2315028, "device_end": 1585579012.2547238, "host_queued_end": 1585579077.428075}, "device": "gpu", "nd_range": {"device_start": 1585579012.2547321, "device_end": 1585579012.2559514}, "cmdq": 2, "read": {"device_start": 1585579012.255954, "device_end": 1585579012.2559764}}, "FFC_sans_bias58": {"write": {"device_start": -1, "host_queued_start": 1585579077.416311, "device_queued": -1, "device_end": -1, "host_queued_end": 1585579077.428075}, "device": "gpu", "nd_range": {"device_start": 1585579012.245774, "device_end": 1585579012.2477214}, "cmdq": 0, "read": {"device_start": -1, "device_end": -1}}, "softmax41": {"write": {"device_start": -1, "host_queued_start": 1585579077.417615, "device_queued": -1, "device_end": -1, "host_queued_end": 1585579077.428075}, "device": "gpu", "nd_range": {"device_start": 1585579012.2481582, "device_end": 1585579012.2490978}, "cmdq": 1, "read": {"device_start": -1, "device_end": -1}}, "FFC_sans_bias11": {"write": {"device_start": 1585579012.2273226, "host_queued_start": 1585579077.393498, "device_queued": 1585579012.227165, "device_end": 1585579012.227392, "host_queued_end": 1585579077.428075}, "device": "gpu", "nd_range": {"device_start": 1585579012.2273982, "device_end": 1585579012.2288132}, "cmdq": 1, "read": {"device_start": -1, "device_end": -1}}, "FFC_sans_bias10": {"write": {"device_start": 1585579012.2272403, "host_queued_start": 1585579077.392303, "device_queued": 1585579012.2270849, "device_end": 1585579012.2273026, "host_queued_end": 1585579077.428075}, "device": "gpu", "nd_range": {"device_start": 1585579012.2273068, "device_end": 1585579012.228239}, "cmdq": 0, "read": {"device_start": -1, "device_end": -1}}, "coalesced_transpose3": {"write": {"device_start": -1, "host_queued_start": 1585579077.434188, "device_queued": -1, "device_end": -1, "host_queued_end": 1585579077.436474}, "device": "cpu", "nd_range": {"device_start": 2246851.633934663, "device_end": 2246851.634174893}, "cmdq": 0, "read": {"device_start": -1, "device_end": -1}}, "FFC_sans_bias34": {"write": {"device_start": 1585579012.2527049, "host_queued_start": 1585579077.42378, "device_queued": 1585579012.231011, "device_end": 1585579012.2527297, "host_queued_end": 1585579077.428075}, "device": "gpu", "nd_range": {"device_start": 1585579012.252743, "device_end": 1585579012.2545445}, "cmdq": 2, "read": {"device_start": 1585579012.254549, "device_end": 1585579012.2545726}}, "FFC_sans_bias15": {"write": {"device_start": -1, "host_queued_start": 1585579077.418678, "device_queued": -1, "device_end": -1, "host_queued_end": 1585579077.428075}, "device": "gpu", "nd_range": {"device_start": 1585579012.249138, "device_end": 1585579012.2497454}, "cmdq": 1, "read": {"device_start": -1, "device_end": -1}}, "FFC_sans_bias31": {"write": {"device_start": -1, "host_queued_start": 1585579077.415371, "device_queued": -1, "device_end": -1, "host_queued_end": 1585579077.428075}, "device": "gpu", "nd_range": {"device_start": 1585579012.245169, "device_end": 1585579012.2461689}, "cmdq": 1, "read": {"device_start": -1, "device_end": -1}}, "FFC_sans_bias16": {"write": {"device_start": 1585579012.2512264, "host_queued_start": 1585579077.421649, "device_queued": 1585579012.2308285, "device_end": 1585579012.2512527, "host_queued_end": 1585579077.428075}, "device": "gpu", "nd_range": {"device_start": 1585579012.251263, "device_end": 1585579012.2531114}, "cmdq": 0, "read": {"device_start": 1585579012.253113, "device_end": 1585579012.2531374}}, "FFC_sans_bias19": {"write": {"device_start": 1585579012.2279422, "host_queued_start": 1585579077.395586, "device_queued": 1585579012.2273448, "device_end": 1585579012.2279718, "host_queued_end": 1585579077.428075}, "device": "gpu", "nd_range": {"device_start": 1585579012.2279768, "device_end": 1585579012.229765}, "cmdq": 3, "read": {"device_start": -1, "device_end": -1}}, "FFC_sans_bias18": {"write": {"device_start": 1585579012.2274115, "host_queued_start": 1585579077.394532, "device_queued": 1585579012.2273192, "device_end": 1585579012.227438, "host_queued_end": 1585579077.428075}, "device": "gpu", "nd_range": {"device_start": 1585579012.2274413, "device_end": 1585579012.229237}, "cmdq": 2, "read": {"device_start": -1, "device_end": -1}}, "coalesced_transpose30": {"write": {"device_start": -1, "host_queued_start": 1585579077.413223, "device_queued": -1, "device_end": -1, "host_queued_end": 1585579077.428075}, "device": "gpu", "nd_range": {"device_start": 1585579012.2446518, "device_end": 1585579012.2450678}, "cmdq": 2, "read": {"device_start": -1, "device_end": -1}}, "FFC_sans_bias69": {"write": {"device_start": -1, "host_queued_start": 1585579077.420636, "device_queued": -1, "device_end": -1, "host_queued_end": 1585579077.428075}, "device": "gpu", "nd_range": {"device_start": 1585579012.250158, "device_end": 1585579012.2521324}, "cmdq": 3, "read": {"device_start": -1, "device_end": -1}}, "FFC_sans_bias38": {"write": {"device_start": 1585579012.2313206, "host_queued_start": 1585579077.402905, "device_queued": 1585579012.2282026, "device_end": 1585579012.2313485, "host_queued_end": 1585579077.428075}, "device": "gpu", "nd_range": {"device_start": 1585579012.231355, "device_end": 1585579012.2331831}, "cmdq": 2, "read": {"device_start": -1, "device_end": -1}}, "coalesced_transpose57": {"write": {"device_start": -1, "host_queued_start": 1585579077.414122, "device_queued": -1, "device_end": -1, "host_queued_end": 1585579077.428075}, "device": "gpu", "nd_range": {"device_start": 1585579012.2450647, "device_end": 1585579012.2450907}, "cmdq": 1, "read": {"device_start": -1, "device_end": -1}}, "empty26": {"write": {"device_start": 1585579012.226512, "host_queued_start": 1585579077.386112, "device_queued": 1585579012.2264013, "device_end": 1585579012.2265859, "host_queued_end": 1585579077.428075}, "device": "gpu", "nd_range": {"device_start": 1585579012.2265887, "device_end": 1585579012.226594}, "cmdq": 1, "read": {"device_start": -1, "device_end": -1}}, "coalesced_transpose12": {"write": {"device_start": -1, "host_queued_start": 1585579077.412619, "device_queued": -1, "device_end": -1, "host_queued_end": 1585579077.428075}, "device": "gpu", "nd_range": {"device_start": 1585579012.2360263, "device_end": 1585579012.2360423}, "cmdq": 0, "read": {"device_start": -1, "device_end": -1}}, "empty44": {"write": {"device_start": 1585579012.2267041, "host_queued_start": 1585579077.387817, "device_queued": 1585579012.2264616, "device_end": 1585579012.2267303, "host_queued_end": 1585579077.428075}, "device": "gpu", "nd_range": {"device_start": 1585579012.2267344, "device_end": 1585579012.226738}, "cmdq": 3, "read": {"device_start": -1, "device_end": -1}}, "coalesced_transpose21": {"write": {"device_start": -1, "host_queued_start": 1585579077.412923, "device_queued": -1, "device_end": -1, "host_queued_end": 1585579077.428075}, "device": "gpu", "nd_range": {"device_start": 1585579012.2442474, "device_end": 1585579012.2450542}, "cmdq": 1, "read": {"device_start": -1, "device_end": -1}}, "FFC_sans_bias36": {"write": {"device_start": 1585579012.2303445, "host_queued_start": 1585579077.400798, "device_queued": 1585579012.2280233, "device_end": 1585579012.2303696, "host_queued_end": 1585579077.428075}, "device": "gpu", "nd_range": {"device_start": 1585579012.2303746, "device_end": 1585579012.2321923}, "cmdq": 0, "read": {"device_start": -1, "device_end": -1}}, "softmax14": {"write": {"device_start": -1, "host_queued_start": 1585579077.416877, "device_queued": -1, "device_end": -1, "host_queued_end": 1585579077.428075}, "device": "gpu", "nd_range": {"device_start": 1585579012.2471642, "device_end": 1585579012.2491007}, "cmdq": 2, "read": {"device_start": -1, "device_end": -1}}, "FFC_sans_bias13": {"write": {"device_start": -1, "host_queued_start": 1585579077.41474, "device_queued": -1, "device_end": -1, "host_queued_end": 1585579077.428075}, "device": "gpu", "nd_range": {"device_start": 1585579012.2451873, "device_end": 1585579012.2467546}, "cmdq": 3, "read": {"device_start": -1, "device_end": -1}}, "empty8": {"write": {"device_start": -1, "host_queued_start": 1585579077.429819, "device_queued": -1, "device_end": -1, "host_queued_end": 1585579077.436474}, "device": "cpu", "nd_range": {"device_start": 2246851.626104949, "device_end": 2246851.626115223}, "cmdq": 0, "read": {"device_start": -1, "device_end": -1}}, "FFC_sans_bias42": {"write": {"device_start": -1, "host_queued_start": 1585579077.419613, "device_queued": -1, "device_end": -1, "host_queued_end": 1585579077.428075}, "device": "gpu", "nd_range": {"device_start": 1585579012.2495103, "device_end": 1585579012.2511368}, "cmdq": 0, "read": {"device_start": -1, "device_end": -1}}, "FFC_sans_bias43": {"write": {"device_start": 1585579012.25221, "host_queued_start": 1585579077.424815, "device_queued": 1585579012.2310436, "device_end": 1585579012.2522357, "host_queued_end": 1585579077.428075}, "device": "gpu", "nd_range": {"device_start": 1585579012.252248, "device_end": 1585579012.2540896}, "cmdq": 3, "read": {"device_start": 1585579012.2540948, "device_end": 1585579012.254118}}, "FFC_sans_bias40": {"write": {"device_start": -1, "host_queued_start": 1585579077.415685, "device_queued": -1, "device_end": -1, "host_queued_end": 1585579077.428075}, "device": "gpu", "nd_range": {"device_start": 1585579012.2452, "device_end": 1585579012.247154}, "cmdq": 2, "read": {"device_start": -1, "device_end": -1}}, "softmax32": {"write": {"device_start": -1, "host_queued_start": 1585579077.417366, "device_queued": -1, "device_end": -1, "host_queued_end": 1585579077.428075}, "device": "gpu", "nd_range": {"device_start": 1585579012.247732, "device_end": 1585579012.2491157}, "cmdq": 0, "read": {"device_start": -1, "device_end": -1}}, "FFC_sans_bias47": {"write": {"device_start": 1585579012.2327676, "host_queued_start": 1585579077.406067, "device_queued": 1585579012.2285426, "device_end": 1585579012.2327924, "host_queued_end": 1585579077.428075}, "device": "gpu", "nd_range": {"device_start": 1585579012.2327983, "device_end": 1585579012.2345955}, "cmdq": 1, "read": {"device_start": -1, "device_end": -1}}, "FFC_sans_bias45": {"write": {"device_start": 1585579012.2317955, "host_queued_start": 1585579077.403933, "device_queued": 1585579012.228222, "device_end": 1585579012.2318213, "host_queued_end": 1585579077.428075}, "device": "gpu", "nd_range": {"device_start": 1585579012.23183, "device_end": 1585579012.233627}, "cmdq": 3, "read": {"device_start": -1, "device_end": -1}}, "softmax50": {"write": {"device_start": -1, "host_queued_start": 1585579077.417862, "device_queued": -1, "device_end": -1, "host_queued_end": 1585579077.428075}, "device": "gpu", "nd_range": {"device_start": 1585579012.2491112, "device_end": 1585579012.2494788}, "cmdq": 2, "read": {"device_start": -1, "device_end": -1}}, "FFC_sans_bias33": {"write": {"device_start": -1, "host_queued_start": 1585579077.419303, "device_queued": -1, "device_end": -1, "host_queued_end": 1585579077.428075}, "device": "gpu", "nd_range": {"device_start": 1585579012.2491508, "device_end": 1585579012.2501488}, "cmdq": 3, "read": {"device_start": -1, "device_end": -1}}, "FFC_sans_bias63": {"write": {"device_start": 1585579012.2436848, "host_queued_start": 1585579077.412296, "device_queued": 1585579012.2291503, "device_end": 1585579012.2437127, "host_queued_end": 1585579077.428075}, "device": "gpu", "nd_range": {"device_start": 1585579012.2437196, "device_end": 1585579012.2451303}, "cmdq": 3, "read": {"device_start": -1, "device_end": -1}}, "FFC_sans_bias49": {"write": {"device_start": -1, "host_queued_start": 1585579077.415997, "device_queued": -1, "device_end": -1, "host_queued_end": 1585579077.428075}, "device": "gpu", "nd_range": {"device_start": 1585579012.2467651, "device_end": 1585579012.2486277}, "cmdq": 3, "read": {"device_start": -1, "device_end": -1}}, "FFC_sans_bias64": {"write": {"device_start": 1585579012.2435296, "host_queued_start": 1585579077.410224, "device_queued": 1585579012.2289603, "device_end": 1585579012.243598, "host_queued_end": 1585579077.428075}, "device": "gpu", "nd_range": {"device_start": 1585579012.243623, "device_end": 1585579012.2442458}, "cmdq": 1, "read": {"device_start": -1, "device_end": -1}}, "FFC_sans_bias65": {"write": {"device_start": 1585579012.243602, "host_queued_start": 1585579077.411263, "device_queued": 1585579012.2291205, "device_end": 1585579012.2436771, "host_queued_end": 1585579077.428075}, "device": "gpu", "nd_range": {"device_start": 1585579012.2436883, "device_end": 1585579012.2446504}, "cmdq": 2, "read": {"device_start": -1, "device_end": -1}}, "FFC_sans_bias67": {"write": {"device_start": -1, "host_queued_start": 1585579077.416624, "device_queued": -1, "device_end": -1, "host_queued_end": 1585579077.428075}, "device": "gpu", "nd_range": {"device_start": 1585579012.2461793, "device_end": 1585579012.2481484}, "cmdq": 1, "read": {"device_start": -1, "device_end": -1}}, "FFC_sans_bias24": {"write": {"device_start": -1, "host_queued_start": 1585579077.41899, "device_queued": -1, "device_end": -1, "host_queued_end": 1585579077.428075}, "device": "gpu", "nd_range": {"device_start": 1585579012.249489, "device_end": 1585579012.2507231}, "cmdq": 2, "read": {"device_start": -1, "device_end": -1}}, "FFC_sans_bias25": {"write": {"device_start": 1585579012.2517586, "host_queued_start": 1585579077.422738, "device_queued": 1585579012.2308698, "device_end": 1585579012.2517834, "host_queued_end": 1585579077.428075}, "device": "gpu", "nd_range": {"device_start": 1585579012.2517986, "device_end": 1585579012.2535834}, "cmdq": 1, "read": {"device_start": 1585579012.253589, "device_end": 1585579012.2536128}}, "FFC_sans_bias27": {"write": {"device_start": 1585579012.2289352, "host_queued_start": 1585579077.397646, "device_queued": 1585579012.2275934, "device_end": 1585579012.2289722, "host_queued_end": 1585579077.428075}, "device": "gpu", "nd_range": {"device_start": 1585579012.228977, "device_end": 1585579012.230715}, "cmdq": 1, "read": {"device_start": -1, "device_end": -1}}, "FFC_sans_bias20": {"write": {"device_start": 1585579012.2283711, "host_queued_start": 1585579077.39662, "device_queued": 1585579012.2275476, "device_end": 1585579012.2284014, "host_queued_end": 1585579077.428075}, "device": "gpu", "nd_range": {"device_start": 1585579012.2284064, "device_end": 1585579012.2302258}, "cmdq": 0, "read": {"device_start": -1, "device_end": -1}}, "FFC_sans_bias22": {"write": {"device_start": -1, "host_queued_start": 1585579077.415056, "device_queued": -1, "device_end": -1, "host_queued_end": 1585579077.428075}, "device": "gpu", "nd_range": {"device_start": 1585579012.2451541, "device_end": 1585579012.2457635}, "cmdq": 0, "read": {"device_start": -1, "device_end": -1}}, "softmax68": {"write": {"device_start": -1, "host_queued_start": 1585579077.418364, "device_queued": -1, "device_end": -1, "host_queued_end": 1585579077.428075}, "device": "gpu", "nd_range": {"device_start": 1585579012.2491257, "device_end": 1585579012.2495005}, "cmdq": 0, "read": {"device_start": -1, "device_end": -1}}, "softmax5": {"write": {"device_start": -1, "host_queued_start": 1585579077.434866, "device_queued": -1, "device_end": -1, "host_queued_end": 1585579077.436474}, "device": "cpu", "nd_range": {"device_start": 2246851.642572767, "device_end": 2246851.6426832583}, "cmdq": 2, "read": {"device_start": -1, "device_end": -1}}, "FFC_sans_bias28": {"write": {"device_start": 1585579012.2293367, "host_queued_start": 1585579077.398691, "device_queued": 1585579012.2277453, "device_end": 1585579012.2293627, "host_queued_end": 1585579077.428075}, "device": "gpu", "nd_range": {"device_start": 1585579012.2293699, "device_end": 1585579012.2312107}, "cmdq": 2, "read": {"device_start": -1, "device_end": -1}}, "FFC_sans_bias29": {"write": {"device_start": 1585579012.2298517, "host_queued_start": 1585579077.399762, "device_queued": 1585579012.227775, "device_end": 1585579012.2298758, "host_queued_end": 1585579077.428075}, "device": "gpu", "nd_range": {"device_start": 1585579012.2298815, "device_end": 1585579012.2316804}, "cmdq": 3, "read": {"device_start": -1, "device_end": -1}}, "empty17": {"write": {"device_start": 1585579012.2264001, "host_queued_start": 1585579077.385046, "device_queued": 1585579012.2262723, "device_end": 1585579012.2264585, "host_queued_end": 1585579077.428075}, "device": "gpu", "nd_range": {"device_start": 1585579012.2264674, "device_end": 1585579012.2264721}, "cmdq": 0, "read": {"device_start": -1, "device_end": -1}}, "softmax59": {"write": {"device_start": -1, "host_queued_start": 1585579077.418123, "device_queued": -1, "device_end": -1, "host_queued_end": 1585579077.428075}, "device": "gpu", "nd_range": {"device_start": 1585579012.2488556, "device_end": 1585579012.2490616}, "cmdq": 3, "read": {"device_start": -1, "device_end": -1}}, "empty71": {"write": {"device_start": 1585579012.227049, "host_queued_start": 1585579077.390255, "device_queued": 1585579012.2268217, "device_end": 1585579012.2271326, "host_queued_end": 1585579077.428075}, "device": "gpu", "nd_range": {"device_start": 1585579012.22714, "device_end": 1585579012.2271657}, "cmdq": 2, "read": {"device_start": -1, "device_end": -1}}, "empty35": {"write": {"device_start": 1585579012.2266154, "host_queued_start": 1585579077.38698, "device_queued": 1585579012.2264333, "device_end": 1585579012.2266884, "host_queued_end": 1585579077.428075}, "device": "gpu", "nd_range": {"device_start": 1585579012.2266936, "device_end": 1585579012.2266984}, "cmdq": 2, "read": {"device_start": -1, "device_end": -1}}, "empty53": {"write": {"device_start": 1585579012.2268598, "host_queued_start": 1585579077.388651, "device_queued": 1585579012.2267597, "device_end": 1585579012.2269428, "host_queued_end": 1585579077.428075}, "device": "gpu", "nd_range": {"device_start": 1585579012.2269497, "device_end": 1585579012.22696}, "cmdq": 0, "read": {"device_start": -1, "device_end": -1}}, "FFC_sans_bias46": {"write": {"device_start": 1585579012.2323017, "host_queued_start": 1585579077.404989, "device_queued": 1585579012.228498, "device_end": 1585579012.2323346, "host_queued_end": 1585579077.428075}, "device": "gpu", "nd_range": {"device_start": 1585579012.2323427, "device_end": 1585579012.2341542}, "cmdq": 0, "read": {"device_start": -1, "device_end": -1}}, "coalesced_transpose66": {"write": {"device_start": -1, "host_queued_start": 1585579077.414416, "device_queued": -1, "device_end": -1, "host_queued_end": 1585579077.428075}, "device": "gpu", "nd_range": {"device_start": 1585579012.2450817, "device_end": 1585579012.245103}, "cmdq": 2, "read": {"device_start": -1, "device_end": -1}}, "coalesced_transpose48": {"write": {"device_start": -1, "host_queued_start": 1585579077.41382, "device_queued": -1, "device_end": -1, "host_queued_end": 1585579077.428075}, "device": "gpu", "nd_range": {"device_start": 1585579012.2360437, "device_end": 1585579012.2360544}, "cmdq": 0, "read": {"device_start": -1, "device_end": -1}}}