{"FFC_sans_bias60": {"write": {"device_start": -1, "host_queued_start": 1585579394.232565, "device_queued": -1, "device_end": -1, "host_queued_end": 1585579394.250145}, "device": "gpu", "nd_range": {"device_start": 1585579329.142207, "device_end": 1585579329.1461651}, "cmdq": 0, "read": {"device_start": -1, "device_end": -1}}, "FFC_sans_bias4": {"write": {"device_start": -1, "host_queued_start": 1585579394.294375, "device_queued": -1, "device_end": -1, "host_queued_end": 1585579394.307633}, "device": "cpu", "nd_range": {"device_start": 2247168.805543681, "device_end": 2247168.904613179}, "cmdq": 0, "read": {"device_start": -1, "device_end": -1}}, "FFC_sans_bias7": {"write": {"device_start": -1, "host_queued_start": 1585579394.300513, "device_queued": -1, "device_end": -1, "host_queued_end": 1585579394.307633}, "device": "cpu", "nd_range": {"device_start": 2247169.0722508403, "device_end": 2247169.189708219}, "cmdq": 4, "read": {"device_start": -1, "device_end": -1}}, "FFC_sans_bias6": {"write": {"device_start": -1, "host_queued_start": 1585579394.296237, "device_queued": -1, "device_end": -1, "host_queued_end": 1585579394.307633}, "device": "cpu", "nd_range": {"device_start": 2247168.9511022693, "device_end": 2247169.0722223623}, "cmdq": 1, "read": {"device_start": -1, "device_end": -1}}, "FFC_sans_bias1": {"write": {"device_start": -1, "host_queued_start": 1585579394.267569, "device_queued": -1, "device_end": -1, "host_queued_end": 1585579394.307633}, "device": "cpu", "nd_range": {"device_start": 2247168.62046743, "device_end": 2247168.746871151}, "cmdq": 4, "read": {"device_start": -1, "device_end": -1}}, "FFC_sans_bias0": {"write": {"device_start": -1, "host_queued_start": 1585579394.263876, "device_queued": -1, "device_end": -1, "host_queued_end": 1585579394.307633}, "device": "cpu", "nd_range": {"device_start": 2247168.508304237, "device_end": 2247168.7434890713}, "cmdq": 3, "read": {"device_start": -1, "device_end": -1}}, "FFC_sans_bias2": {"write": {"device_start": -1, "host_queued_start": 1585579394.27135, "device_queued": -1, "device_end": -1, "host_queued_end": 1585579394.307633}, "device": "cpu", "nd_range": {"device_start": 2247168.497265002, "device_end": 2247168.619668596}, "cmdq": 0, "read": {"device_start": -1, "device_end": -1}}, "FFC_sans_bias61": {"write": {"device_start": 1585579329.1640887, "host_queued_start": 1585579394.246611, "device_queued": 1585579329.0481987, "device_end": 1585579329.1641862, "host_queued_end": 1585579394.250145}, "device": "gpu", "nd_range": {"device_start": 1585579329.1641912, "device_end": 1585579329.1681376}, "cmdq": 0, "read": {"device_start": 1585579329.1681397, "device_end": 1585579329.168228}}, "FFC_sans_bias52": {"write": {"device_start": 1585579329.1595063, "host_queued_start": 1585579394.243191, "device_queued": 1585579329.0479367, "device_end": 1585579329.1596017, "host_queued_end": 1585579394.250145}, "device": "gpu", "nd_range": {"device_start": 1585579329.1596045, "device_end": 1585579329.1635582}, "cmdq": 0, "read": {"device_start": 1585579329.1635613, "device_end": 1585579329.1636481}}, "FFC_sans_bias9": {"write": {"device_start": -1, "host_queued_start": 1585579394.274956, "device_queued": -1, "device_end": -1, "host_queued_end": 1585579394.307633}, "device": "cpu", "nd_range": {"device_start": 2247168.497308134, "device_end": 2247168.6905455613}, "cmdq": 1, "read": {"device_start": -1, "device_end": -1}}, "coalesced_transpose39": {"write": {"device_start": -1, "host_queued_start": 1585579394.227578, "device_queued": -1, "device_end": -1, "host_queued_end": 1585579394.250145}, "device": "gpu", "nd_range": {"device_start": 1585579329.1079366, "device_end": 1585579329.107957}, "cmdq": 0, "read": {"device_start": -1, "device_end": -1}}, "FFC_sans_bias55": {"write": {"device_start": 1585579329.090694, "host_queued_start": 1585579394.216599, "device_queued": 1585579329.0442345, "device_end": 1585579329.090792, "host_queued_end": 1585579394.250145}, "device": "gpu", "nd_range": {"device_start": 1585579329.090799, "device_end": 1585579329.0947468}, "cmdq": 0, "read": {"device_start": -1, "device_end": -1}}, "FFC_sans_bias54": {"write": {"device_start": 1585579329.0862918, "host_queued_start": 1585579394.213162, "device_queued": 1585579329.0440063, "device_end": 1585579329.0863967, "host_queued_end": 1585579394.250145}, "device": "gpu", "nd_range": {"device_start": 1585579329.086404, "device_end": 1585579329.090365}, "cmdq": 0, "read": {"device_start": -1, "device_end": -1}}, "FFC_sans_bias56": {"write": {"device_start": 1585579329.0818608, "host_queued_start": 1585579394.209735, "device_queued": 1585579329.0437667, "device_end": 1585579329.0819638, "host_queued_end": 1585579394.250145}, "device": "gpu", "nd_range": {"device_start": 1585579329.0819664, "device_end": 1585579329.0859542}, "cmdq": 0, "read": {"device_start": -1, "device_end": -1}}, "FFC_sans_bias51": {"write": {"device_start": -1, "host_queued_start": 1585579394.232246, "device_queued": -1, "device_end": -1, "host_queued_end": 1585579394.250145}, "device": "gpu", "nd_range": {"device_start": 1585579329.1382399, "device_end": 1585579329.1422055}, "cmdq": 0, "read": {"device_start": -1, "device_end": -1}}, "softmax23": {"write": {"device_start": -1, "host_queued_start": 1585579394.295904, "device_queued": -1, "device_end": -1, "host_queued_end": 1585579394.307633}, "device": "cpu", "nd_range": {"device_start": 2247168.998047891, "device_end": 2247168.998989649}, "cmdq": 0, "read": {"device_start": -1, "device_end": -1}}, "FFC_sans_bias37": {"write": {"device_start": 1585579329.0597436, "host_queued_start": 1585579394.192313, "device_queued": 1585579329.042628, "device_end": 1585579329.0598652, "host_queued_end": 1585579394.250145}, "device": "gpu", "nd_range": {"device_start": 1585579329.0598714, "device_end": 1585579329.0638413}, "cmdq": 0, "read": {"device_start": -1, "device_end": -1}}, "empty62": {"write": {"device_start": 1585579329.041495, "host_queued_start": 1585579394.172737, "device_queued": 1585579329.0408041, "device_end": 1585579329.0415885, "host_queued_end": 1585579394.250145}, "device": "gpu", "nd_range": {"device_start": 1585579329.0416033, "device_end": 1585579329.041607}, "cmdq": 0, "read": {"device_start": -1, "device_end": -1}}, "FFC_sans_bias70": {"write": {"device_start": 1585579329.1686578, "host_queued_start": 1585579394.250035, "device_queued": 1585579329.048455, "device_end": 1585579329.1687512, "host_queued_end": 1585579394.250145}, "device": "gpu", "nd_range": {"device_start": 1585579329.1687582, "device_end": 1585579329.172693}, "cmdq": 0, "read": {"device_start": 1585579329.1726995, "device_end": 1585579329.1727905}}, "FFC_sans_bias58": {"write": {"device_start": -1, "host_queued_start": 1585579394.229751, "device_queued": -1, "device_end": -1, "host_queued_end": 1585579394.250145}, "device": "gpu", "nd_range": {"device_start": 1585579329.1199, "device_end": 1585579329.1238554}, "cmdq": 0, "read": {"device_start": -1, "device_end": -1}}, "softmax41": {"write": {"device_start": -1, "host_queued_start": 1585579394.23056, "device_queued": -1, "device_end": -1, "host_queued_end": 1585579394.250145}, "device": "gpu", "nd_range": {"device_start": 1585579329.1283298, "device_end": 1585579329.1288223}, "cmdq": 0, "read": {"device_start": -1, "device_end": -1}}, "FFC_sans_bias11": {"write": {"device_start": -1, "host_queued_start": 1585579394.282097, "device_queued": -1, "device_end": -1, "host_queued_end": 1585579394.307633}, "device": "cpu", "nd_range": {"device_start": 2247168.7439869423, "device_end": 2247168.837919141}, "cmdq": 3, "read": {"device_start": -1, "device_end": -1}}, "FFC_sans_bias10": {"write": {"device_start": -1, "host_queued_start": 1585579394.27848, "device_queued": -1, "device_end": -1, "host_queued_end": 1585579394.307633}, "device": "cpu", "nd_range": {"device_start": 2247168.497310835, "device_end": 2247168.620295869}, "cmdq": 2, "read": {"device_start": -1, "device_end": -1}}, "coalesced_transpose3": {"write": {"device_start": -1, "host_queued_start": 1585579394.293369, "device_queued": -1, "device_end": -1, "host_queued_end": 1585579394.307633}, "device": "cpu", "nd_range": {"device_start": 2247168.804413793, "device_end": 2247168.805521237}, "cmdq": 2, "read": {"device_start": -1, "device_end": -1}}, "FFC_sans_bias34": {"write": {"device_start": 1585579329.1503687, "host_queued_start": 1585579394.236232, "device_queued": 1585579329.0473847, "device_end": 1585579329.1504683, "host_queued_end": 1585579394.250145}, "device": "gpu", "nd_range": {"device_start": 1585579329.150471, "device_end": 1585579329.1544235}, "cmdq": 0, "read": {"device_start": 1585579329.1544256, "device_end": 1585579329.1545138}}, "FFC_sans_bias15": {"write": {"device_start": -1, "host_queued_start": 1585579394.296579, "device_queued": -1, "device_end": -1, "host_queued_end": 1585579394.307633}, "device": "cpu", "nd_range": {"device_start": 2247168.9729490783, "device_end": 2247169.1289848373}, "cmdq": 2, "read": {"device_start": -1, "device_end": -1}}, "FFC_sans_bias31": {"write": {"device_start": -1, "host_queued_start": 1585579394.228804, "device_queued": -1, "device_end": -1, "host_queued_end": 1585579394.250145}, "device": "gpu", "nd_range": {"device_start": 1585579329.1080205, "device_end": 1585579329.1119964}, "cmdq": 0, "read": {"device_start": -1, "device_end": -1}}, "FFC_sans_bias16": {"write": {"device_start": -1, "host_queued_start": 1585579394.303988, "device_queued": -1, "device_end": -1, "host_queued_end": 1585579394.307633}, "device": "cpu", "nd_range": {"device_start": 2247169.129198144, "device_end": 2247169.2171951253}, "cmdq": 0, "read": {"device_start": -1, "device_end": -1}}, "FFC_sans_bias19": {"write": {"device_start": -1, "host_queued_start": 1585579394.289253, "device_queued": -1, "device_end": -1, "host_queued_end": 1585579394.307633}, "device": "cpu", "nd_range": {"device_start": 2247168.6198817194, "device_end": 2247168.742356901}, "cmdq": 0, "read": {"device_start": -1, "device_end": -1}}, "FFC_sans_bias18": {"write": {"device_start": -1, "host_queued_start": 1585579394.285656, "device_queued": -1, "device_end": -1, "host_queued_end": 1585579394.307633}, "device": "cpu", "nd_range": {"device_start": 2247168.746994816, "device_end": 2247168.874174581}, "cmdq": 4, "read": {"device_start": -1, "device_end": -1}}, "coalesced_transpose30": {"write": {"device_start": -1, "host_queued_start": 1585579394.22728, "device_queued": -1, "device_end": -1, "host_queued_end": 1585579394.250145}, "device": "gpu", "nd_range": {"device_start": 1585579329.1079159, "device_end": 1585579329.1079357}, "cmdq": 0, "read": {"device_start": -1, "device_end": -1}}, "FFC_sans_bias69": {"write": {"device_start": -1, "host_queued_start": 1585579394.232876, "device_queued": -1, "device_end": -1, "host_queued_end": 1585579394.250145}, "device": "gpu", "nd_range": {"device_start": 1585579329.1461663, "device_end": 1585579329.1501257}, "cmdq": 0, "read": {"device_start": -1, "device_end": -1}}, "FFC_sans_bias38": {"write": {"device_start": 1585579329.064194, "host_queued_start": 1585579394.19593, "device_queued": 1585579329.0428545, "device_end": 1585579329.0642962, "host_queued_end": 1585579394.250145}, "device": "gpu", "nd_range": {"device_start": 1585579329.0643022, "device_end": 1585579329.0682693}, "cmdq": 0, "read": {"device_start": -1, "device_end": -1}}, "coalesced_transpose57": {"write": {"device_start": -1, "host_queued_start": 1585579394.22818, "device_queued": -1, "device_end": -1, "host_queued_end": 1585579394.250145}, "device": "gpu", "nd_range": {"device_start": 1585579329.107979, "device_end": 1585579329.1079986}, "cmdq": 0, "read": {"device_start": -1, "device_end": -1}}, "empty26": {"write": {"device_start": -1, "host_queued_start": 1585579394.260749, "device_queued": -1, "device_end": -1, "host_queued_end": 1585579394.307633}, "device": "cpu", "nd_range": {"device_start": 2247168.497282554, "device_end": 2247168.497286961}, "cmdq": 2, "read": {"device_start": -1, "device_end": -1}}, "coalesced_transpose12": {"write": {"device_start": -1, "host_queued_start": 1585579394.293701, "device_queued": -1, "device_end": -1, "host_queued_end": 1585579394.307633}, "device": "cpu", "nd_range": {"device_start": 2247168.837937637, "device_end": 2247168.861002445}, "cmdq": 3, "read": {"device_start": -1, "device_end": -1}}, "empty44": {"write": {"device_start": 1585579329.0406983, "host_queued_start": 1585579394.166879, "device_queued": 1585579329.0402377, "device_end": 1585579329.0407925, "host_queued_end": 1585579394.250145}, "device": "gpu", "nd_range": {"device_start": 1585579329.040798, "device_end": 1585579329.040802}, "cmdq": 0, "read": {"device_start": -1, "device_end": -1}}, "coalesced_transpose21": {"write": {"device_start": -1, "host_queued_start": 1585579394.294031, "device_queued": -1, "device_end": -1, "host_queued_end": 1585579394.307633}, "device": "cpu", "nd_range": {"device_start": 2247168.884016943, "device_end": 2247168.885155538}, "cmdq": 4, "read": {"device_start": -1, "device_end": -1}}, "FFC_sans_bias36": {"write": {"device_start": 1585579329.0553548, "host_queued_start": 1585579394.188853, "device_queued": 1585579329.0424, "device_end": 1585579329.0554442, "host_queued_end": 1585579394.250145}, "device": "gpu", "nd_range": {"device_start": 1585579329.0554528, "device_end": 1585579329.0594316}, "cmdq": 0, "read": {"device_start": -1, "device_end": -1}}, "softmax14": {"write": {"device_start": -1, "host_queued_start": 1585579394.295633, "device_queued": -1, "device_end": -1, "host_queued_end": 1585579394.307633}, "device": "cpu", "nd_range": {"device_start": 2247168.959036659, "device_end": 2247168.959984521}, "cmdq": 4, "read": {"device_start": -1, "device_end": -1}}, "FFC_sans_bias13": {"write": {"device_start": -1, "host_queued_start": 1585579394.294748, "device_queued": -1, "device_end": -1, "host_queued_end": 1585579394.307633}, "device": "cpu", "nd_range": {"device_start": 2247168.8620417262, "device_end": 2247168.950957672}, "cmdq": 1, "read": {"device_start": -1, "device_end": -1}}, "empty8": {"write": {"device_start": -1, "host_queued_start": 1585579394.254474, "device_queued": -1, "device_end": -1, "host_queued_end": 1585579394.307633}, "device": "cpu", "nd_range": {"device_start": 2247168.4972215593, "device_end": 2247168.4972340884}, "cmdq": 0, "read": {"device_start": -1, "device_end": -1}}, "FFC_sans_bias42": {"write": {"device_start": -1, "host_queued_start": 1585579394.231935, "device_queued": -1, "device_end": -1, "host_queued_end": 1585579394.250145}, "device": "gpu", "nd_range": {"device_start": 1585579329.1342783, "device_end": 1585579329.1382387}, "cmdq": 0, "read": {"device_start": -1, "device_end": -1}}, "FFC_sans_bias43": {"write": {"device_start": 1585579329.1549416, "host_queued_start": 1585579394.239727, "device_queued": 1585579329.047643, "device_end": 1585579329.1550355, "host_queued_end": 1585579394.250145}, "device": "gpu", "nd_range": {"device_start": 1585579329.1550405, "device_end": 1585579329.1589816}, "cmdq": 0, "read": {"device_start": 1585579329.1589892, "device_end": 1585579329.1590772}}, "FFC_sans_bias40": {"write": {"device_start": -1, "host_queued_start": 1585579394.22912, "device_queued": -1, "device_end": -1, "host_queued_end": 1585579394.250145}, "device": "gpu", "nd_range": {"device_start": 1585579329.1119976, "device_end": 1585579329.1159513}, "cmdq": 0, "read": {"device_start": -1, "device_end": -1}}, "softmax32": {"write": {"device_start": -1, "host_queued_start": 1585579394.230309, "device_queued": -1, "device_end": -1, "host_queued_end": 1585579394.250145}, "device": "gpu", "nd_range": {"device_start": 1585579329.1278346, "device_end": 1585579329.1283288}, "cmdq": 0, "read": {"device_start": -1, "device_end": -1}}, "FFC_sans_bias47": {"write": {"device_start": 1585579329.0774345, "host_queued_start": 1585579394.206311, "device_queued": 1585579329.04354, "device_end": 1585579329.0775325, "host_queued_end": 1585579394.250145}, "device": "gpu", "nd_range": {"device_start": 1585579329.0775354, "device_end": 1585579329.0814977}, "cmdq": 0, "read": {"device_start": -1, "device_end": -1}}, "FFC_sans_bias45": {"write": {"device_start": 1585579329.0686018, "host_queued_start": 1585579394.199387, "device_queued": 1585579329.0430808, "device_end": 1585579329.0687072, "host_queued_end": 1585579394.250145}, "device": "gpu", "nd_range": {"device_start": 1585579329.0687137, "device_end": 1585579329.0726962}, "cmdq": 0, "read": {"device_start": -1, "device_end": -1}}, "softmax50": {"write": {"device_start": -1, "host_queued_start": 1585579394.230816, "device_queued": -1, "device_end": -1, "host_queued_end": 1585579394.250145}, "device": "gpu", "nd_range": {"device_start": 1585579329.1288238, "device_end": 1585579329.129317}, "cmdq": 0, "read": {"device_start": -1, "device_end": -1}}, "FFC_sans_bias33": {"write": {"device_start": -1, "host_queued_start": 1585579394.231621, "device_queued": -1, "device_end": -1, "host_queued_end": 1585579394.250145}, "device": "gpu", "nd_range": {"device_start": 1585579329.130306, "device_end": 1585579329.134277}, "cmdq": 0, "read": {"device_start": -1, "device_end": -1}}, "FFC_sans_bias63": {"write": {"device_start": 1585579329.1038575, "host_queued_start": 1585579394.226924, "device_queued": 1585579329.0449064, "device_end": 1585579329.10395, "host_queued_end": 1585579394.250145}, "device": "gpu", "nd_range": {"device_start": 1585579329.1039565, "device_end": 1585579329.1079147}, "cmdq": 0, "read": {"device_start": -1, "device_end": -1}}, "FFC_sans_bias49": {"write": {"device_start": -1, "host_queued_start": 1585579394.229436, "device_queued": -1, "device_end": -1, "host_queued_end": 1585579394.250145}, "device": "gpu", "nd_range": {"device_start": 1585579329.1159523, "device_end": 1585579329.1198988}, "cmdq": 0, "read": {"device_start": -1, "device_end": -1}}, "FFC_sans_bias64": {"write": {"device_start": 1585579329.095088, "host_queued_start": 1585579394.220039, "device_queued": 1585579329.0444584, "device_end": 1585579329.0951848, "host_queued_end": 1585579394.250145}, "device": "gpu", "nd_range": {"device_start": 1585579329.0951872, "device_end": 1585579329.099137}, "cmdq": 0, "read": {"device_start": -1, "device_end": -1}}, "FFC_sans_bias65": {"write": {"device_start": 1585579329.0995188, "host_queued_start": 1585579394.223483, "device_queued": 1585579329.044685, "device_end": 1585579329.0996323, "host_queued_end": 1585579394.250145}, "device": "gpu", "nd_range": {"device_start": 1585579329.0996394, "device_end": 1585579329.1036015}, "cmdq": 0, "read": {"device_start": -1, "device_end": -1}}, "FFC_sans_bias67": {"write": {"device_start": -1, "host_queued_start": 1585579394.230061, "device_queued": -1, "device_end": -1, "host_queued_end": 1585579394.250145}, "device": "gpu", "nd_range": {"device_start": 1585579329.1238568, "device_end": 1585579329.1278334}, "cmdq": 0, "read": {"device_start": -1, "device_end": -1}}, "FFC_sans_bias24": {"write": {"device_start": -1, "host_queued_start": 1585579394.296978, "device_queued": -1, "device_end": -1, "host_queued_end": 1585579394.307633}, "device": "cpu", "nd_range": {"device_start": 2247168.9990129233, "device_end": 2247169.090638628}, "cmdq": 3, "read": {"device_start": -1, "device_end": -1}}, "FFC_sans_bias25": {"write": {"device_start": -1, "host_queued_start": 1585579394.307577, "device_queued": -1, "device_end": -1, "host_queued_end": 1585579394.307633}, "device": "cpu", "nd_range": {"device_start": 2247169.09065415, "device_end": 2247169.208070556}, "cmdq": 1, "read": {"device_start": -1, "device_end": -1}}, "FFC_sans_bias27": {"write": {"device_start": 1585579329.042284, "host_queued_start": 1585579394.178461, "device_queued": 1585579329.0412066, "device_end": 1585579329.042377, "host_queued_end": 1585579394.250145}, "device": "gpu", "nd_range": {"device_start": 1585579329.0423837, "device_end": 1585579329.0463383}, "cmdq": 0, "read": {"device_start": -1, "device_end": -1}}, "FFC_sans_bias20": {"write": {"device_start": -1, "host_queued_start": 1585579394.292934, "device_queued": -1, "device_end": -1, "host_queued_end": 1585579394.307633}, "device": "cpu", "nd_range": {"device_start": 2247168.690572333, "device_end": 2247168.861867229}, "cmdq": 1, "read": {"device_start": -1, "device_end": -1}}, "FFC_sans_bias22": {"write": {"device_start": -1, "host_queued_start": 1585579394.295091, "device_queued": -1, "device_end": -1, "host_queued_end": 1585579394.307633}, "device": "cpu", "nd_range": {"device_start": 2247168.885337513, "device_end": 2247168.972784582}, "cmdq": 2, "read": {"device_start": -1, "device_end": -1}}, "softmax68": {"write": {"device_start": -1, "host_queued_start": 1585579394.23131, "device_queued": -1, "device_end": -1, "host_queued_end": 1585579394.250145}, "device": "gpu", "nd_range": {"device_start": 1585579329.1298118, "device_end": 1585579329.1303048}, "cmdq": 0, "read": {"device_start": -1, "device_end": -1}}, "softmax5": {"write": {"device_start": -1, "host_queued_start": 1585579394.295367, "device_queued": -1, "device_end": -1, "host_queued_end": 1585579394.307633}, "device": "cpu", "nd_range": {"device_start": 2247168.94276769, "device_end": 2247168.943717839}, "cmdq": 3, "read": {"device_start": -1, "device_end": -1}}, "FFC_sans_bias28": {"write": {"device_start": 1585579329.04662, "host_queued_start": 1585579394.181983, "device_queued": 1585579329.0416095, "device_end": 1585579329.0467205, "host_queued_end": 1585579394.250145}, "device": "gpu", "nd_range": {"device_start": 1585579329.0467315, "device_end": 1585579329.050701}, "cmdq": 0, "read": {"device_start": -1, "device_end": -1}}, "FFC_sans_bias29": {"write": {"device_start": 1585579329.050987, "host_queued_start": 1585579394.185421, "device_queued": 1585579329.0419781, "device_end": 1585579329.0510774, "host_queued_end": 1585579394.250145}, "device": "gpu", "nd_range": {"device_start": 1585579329.0510807, "device_end": 1585579329.0550518}, "cmdq": 0, "read": {"device_start": -1, "device_end": -1}}, "empty17": {"write": {"device_start": -1, "host_queued_start": 1585579394.257693, "device_queued": -1, "device_end": -1, "host_queued_end": 1585579394.307633}, "device": "cpu", "nd_range": {"device_start": 2247168.4972243, "device_end": 2247168.4972341033}, "cmdq": 1, "read": {"device_start": -1, "device_end": -1}}, "softmax59": {"write": {"device_start": -1, "host_queued_start": 1585579394.231066, "device_queued": -1, "device_end": -1, "host_queued_end": 1585579394.250145}, "device": "gpu", "nd_range": {"device_start": 1585579329.1293185, "device_end": 1585579329.1298103}, "cmdq": 0, "read": {"device_start": -1, "device_end": -1}}, "empty71": {"write": {"device_start": 1585579329.0418751, "host_queued_start": 1585579394.175517, "device_queued": 1585579329.0409987, "device_end": 1585579329.0419688, "host_queued_end": 1585579394.250145}, "device": "gpu", "nd_range": {"device_start": 1585579329.0419788, "device_end": 1585579329.0419827}, "cmdq": 0, "read": {"device_start": -1, "device_end": -1}}, "empty35": {"write": {"device_start": 1585579329.0402374, "host_queued_start": 1585579394.163402, "device_queued": 1585579329.0399055, "device_end": 1585579329.0403402, "host_queued_end": 1585579394.250145}, "device": "gpu", "nd_range": {"device_start": 1585579329.0403454, "device_end": 1585579329.0403502}, "cmdq": 0, "read": {"device_start": -1, "device_end": -1}}, "empty53": {"write": {"device_start": 1585579329.0410993, "host_queued_start": 1585579394.16991, "device_queued": 1585579329.040525, "device_end": 1585579329.0411952, "host_queued_end": 1585579394.250145}, "device": "gpu", "nd_range": {"device_start": 1585579329.0412047, "device_end": 1585579329.0412085}, "cmdq": 0, "read": {"device_start": -1, "device_end": -1}}, "FFC_sans_bias46": {"write": {"device_start": 1585579329.0730247, "host_queued_start": 1585579394.202861, "device_queued": 1585579329.043312, "device_end": 1585579329.0731251, "host_queued_end": 1585579394.250145}, "device": "gpu", "nd_range": {"device_start": 1585579329.073128, "device_end": 1585579329.0770922}, "cmdq": 0, "read": {"device_start": -1, "device_end": -1}}, "coalesced_transpose66": {"write": {"device_start": -1, "host_queued_start": 1585579394.228485, "device_queued": -1, "device_end": -1, "host_queued_end": 1585579394.250145}, "device": "gpu", "nd_range": {"device_start": 1585579329.1079996, "device_end": 1585579329.1080194}, "cmdq": 0, "read": {"device_start": -1, "device_end": -1}}, "coalesced_transpose48": {"write": {"device_start": -1, "host_queued_start": 1585579394.227881, "device_queued": -1, "device_end": -1, "host_queued_end": 1585579394.250145}, "device": "gpu", "nd_range": {"device_start": 1585579329.1079578, "device_end": 1585579329.1079774}, "cmdq": 0, "read": {"device_start": -1, "device_end": -1}}}