{"FFC_sans_bias60": {"write": {"device_start": -1, "host_queued_start": 1585579965.891685, "device_queued": -1, "device_end": -1, "host_queued_end": 1585579965.905103}, "device": "gpu", "nd_range": {"device_start": 1585579900.7350652, "device_end": 1585579900.7384374}, "cmdq": 0, "read": {"device_start": -1, "device_end": -1}}, "FFC_sans_bias4": {"write": {"device_start": -1, "host_queued_start": 1585579965.95983, "device_queued": -1, "device_end": -1, "host_queued_end": 1585579965.976743}, "device": "cpu", "nd_range": {"device_start": 2247740.590342184, "device_end": 2247740.673344077}, "cmdq": 0, "read": {"device_start": -1, "device_end": -1}}, "FFC_sans_bias7": {"write": {"device_start": -1, "host_queued_start": 1585579965.966798, "device_queued": -1, "device_end": -1, "host_queued_end": 1585579965.976743}, "device": "cpu", "nd_range": {"device_start": 2247740.9184558033, "device_end": 2247741.008343574}, "cmdq": 0, "read": {"device_start": -1, "device_end": -1}}, "FFC_sans_bias6": {"write": {"device_start": -1, "host_queued_start": 1585579965.962451, "device_queued": -1, "device_end": -1, "host_queued_end": 1585579965.976743}, "device": "cpu", "nd_range": {"device_start": 2247740.768401969, "device_end": 2247740.848708195}, "cmdq": 0, "read": {"device_start": -1, "device_end": -1}}, "FFC_sans_bias1": {"write": {"device_start": -1, "host_queued_start": 1585579965.924554, "device_queued": -1, "device_end": -1, "host_queued_end": 1585579965.976743}, "device": "cpu", "nd_range": {"device_start": 2247740.166381127, "device_end": 2247740.24580982}, "cmdq": 1, "read": {"device_start": -1, "device_end": -1}}, "FFC_sans_bias0": {"write": {"device_start": -1, "host_queued_start": 1585579965.920782, "device_queued": -1, "device_end": -1, "host_queued_end": 1585579965.976743}, "device": "cpu", "nd_range": {"device_start": 2247740.1663816143, "device_end": 2247740.245809738}, "cmdq": 0, "read": {"device_start": -1, "device_end": -1}}, "FFC_sans_bias2": {"write": {"device_start": -1, "host_queued_start": 1585579965.928163, "device_queued": -1, "device_end": -1, "host_queued_end": 1585579965.976743}, "device": "cpu", "nd_range": {"device_start": 2247740.24584187, "device_end": 2247740.3156745443}, "cmdq": 0, "read": {"device_start": -1, "device_end": -1}}, "FFC_sans_bias61": {"write": {"device_start": 1585579900.7485049, "host_queued_start": 1585579965.901722, "device_queued": 1585579900.686973, "device_end": 1585579900.7486062, "host_queued_end": 1585579965.905103}, "device": "gpu", "nd_range": {"device_start": 1585579900.7486148, "device_end": 1585579900.7580037}, "cmdq": 4, "read": {"device_start": 1585579900.7598295, "device_end": 1585579900.7600672}}, "FFC_sans_bias52": {"write": {"device_start": 1585579900.7453618, "host_queued_start": 1585579965.898474, "device_queued": 1585579900.6868415, "device_end": 1585579900.745467, "host_queued_end": 1585579965.905103}, "device": "gpu", "nd_range": {"device_start": 1585579900.748203, "device_end": 1585579900.754766}, "cmdq": 3, "read": {"device_start": 1585579900.7547693, "device_end": 1585579900.7548587}}, "FFC_sans_bias9": {"write": {"device_start": -1, "host_queued_start": 1585579965.931594, "device_queued": -1, "device_end": -1, "host_queued_end": 1585579965.976743}, "device": "cpu", "nd_range": {"device_start": 2247740.245839544, "device_end": 2247740.316232815}, "cmdq": 1, "read": {"device_start": -1, "device_end": -1}}, "coalesced_transpose39": {"write": {"device_start": -1, "host_queued_start": 1585579965.887504, "device_queued": -1, "device_end": -1, "host_queued_end": 1585579965.905103}, "device": "gpu", "nd_range": {"device_start": 1585579900.7075956, "device_end": 1585579900.7203786}, "cmdq": 1, "read": {"device_start": -1, "device_end": -1}}, "FFC_sans_bias55": {"write": {"device_start": 1585579900.694906, "host_queued_start": 1585579965.877347, "device_queued": 1585579900.6837418, "device_end": 1585579900.6950068, "host_queued_end": 1585579965.905103}, "device": "gpu", "nd_range": {"device_start": 1585579900.6950161, "device_end": 1585579900.7108738}, "cmdq": 2, "read": {"device_start": -1, "device_end": -1}}, "FFC_sans_bias54": {"write": {"device_start": 1585579900.691698, "host_queued_start": 1585579965.874104, "device_queued": 1585579900.683614, "device_end": 1585579900.691797, "host_queued_end": 1585579965.905103}, "device": "gpu", "nd_range": {"device_start": 1585579900.6918042, "device_end": 1585579900.7075946}, "cmdq": 1, "read": {"device_start": -1, "device_end": -1}}, "FFC_sans_bias56": {"write": {"device_start": 1585579900.6883879, "host_queued_start": 1585579965.870842, "device_queued": 1585579900.6833496, "device_end": 1585579900.6884882, "host_queued_end": 1585579965.905103}, "device": "gpu", "nd_range": {"device_start": 1585579900.688504, "device_end": 1585579900.7043736}, "cmdq": 0, "read": {"device_start": -1, "device_end": -1}}, "FFC_sans_bias51": {"write": {"device_start": -1, "host_queued_start": 1585579965.891366, "device_queued": -1, "device_end": -1, "host_queued_end": 1585579965.905103}, "device": "gpu", "nd_range": {"device_start": 1585579900.7350898, "device_end": 1585579900.7481897}, "cmdq": 4, "read": {"device_start": -1, "device_end": -1}}, "softmax23": {"write": {"device_start": -1, "host_queued_start": 1585579965.961839, "device_queued": -1, "device_end": -1, "host_queued_end": 1585579965.976743}, "device": "cpu", "nd_range": {"device_start": 2247740.767439985, "device_end": 2247740.7683898103}, "cmdq": 0, "read": {"device_start": -1, "device_end": -1}}, "FFC_sans_bias37": {"write": {"device_start": 1585579900.6817524, "host_queued_start": 1585579965.854139, "device_queued": 1585579900.681492, "device_end": 1585579900.6818497, "host_queued_end": 1585579965.905103}, "device": "gpu", "nd_range": {"device_start": 1585579900.6818535, "device_end": 1585579900.688077}, "cmdq": 0, "read": {"device_start": -1, "device_end": -1}}, "empty62": {"write": {"device_start": 1585579900.6806684, "host_queued_start": 1585579965.845366, "device_queued": 1585579900.680207, "device_end": 1585579900.6809673, "host_queued_end": 1585579965.905103}, "device": "gpu", "nd_range": {"device_start": 1585579900.681122, "device_end": 1585579900.681171}, "cmdq": 2, "read": {"device_start": -1, "device_end": -1}}, "FFC_sans_bias70": {"write": {"device_start": 1585579900.7457745, "host_queued_start": 1585579965.904989, "device_queued": 1585579900.6875494, "device_end": 1585579900.7458751, "host_queued_end": 1585579965.905103}, "device": "gpu", "nd_range": {"device_start": 1585579900.7486222, "device_end": 1585579900.761199}, "cmdq": 0, "read": {"device_start": 1585579900.7612045, "device_end": 1585579900.7612982}}, "FFC_sans_bias58": {"write": {"device_start": -1, "host_queued_start": 1585579965.889404, "device_queued": -1, "device_end": -1, "host_queued_end": 1585579965.905103}, "device": "gpu", "nd_range": {"device_start": 1585579900.7206008, "device_end": 1585579900.730598}, "cmdq": 2, "read": {"device_start": -1, "device_end": -1}}, "softmax41": {"write": {"device_start": -1, "host_queued_start": 1585579965.889987, "device_queued": -1, "device_end": -1, "host_queued_end": 1585579965.905103}, "device": "gpu", "nd_range": {"device_start": 1585579900.7239704, "device_end": 1585579900.7350557}, "cmdq": 4, "read": {"device_start": -1, "device_end": -1}}, "FFC_sans_bias11": {"write": {"device_start": -1, "host_queued_start": 1585579965.938171, "device_queued": -1, "device_end": -1, "host_queued_end": 1585579965.976743}, "device": "cpu", "nd_range": {"device_start": 2247740.316375525, "device_end": 2247740.403124169}, "cmdq": 1, "read": {"device_start": -1, "device_end": -1}}, "FFC_sans_bias10": {"write": {"device_start": -1, "host_queued_start": 1585579965.934882, "device_queued": -1, "device_end": -1, "host_queued_end": 1585579965.976743}, "device": "cpu", "nd_range": {"device_start": 2247740.3156992183, "device_end": 2247740.372688896}, "cmdq": 0, "read": {"device_start": -1, "device_end": -1}}, "coalesced_transpose3": {"write": {"device_start": -1, "host_queued_start": 1585579965.958363, "device_queued": -1, "device_end": -1, "host_queued_end": 1585579965.976743}, "device": "cpu", "nd_range": {"device_start": 2247740.577591183, "device_end": 2247740.588962741}, "cmdq": 0, "read": {"device_start": -1, "device_end": -1}}, "FFC_sans_bias34": {"write": {"device_start": -1, "host_queued_start": 1585579965.976687, "device_queued": -1, "device_end": -1, "host_queued_end": 1585579965.976743}, "device": "cpu", "nd_range": {"device_start": 2247741.0297154402, "device_end": 2247741.100151556}, "cmdq": 1, "read": {"device_start": -1, "device_end": -1}}, "FFC_sans_bias15": {"write": {"device_start": -1, "host_queued_start": 1585579965.962802, "device_queued": -1, "device_end": -1, "host_queued_end": 1585579965.976743}, "device": "cpu", "nd_range": {"device_start": 2247740.769145687, "device_end": 2247740.864054351}, "cmdq": 1, "read": {"device_start": -1, "device_end": -1}}, "FFC_sans_bias31": {"write": {"device_start": -1, "host_queued_start": 1585579965.960992, "device_queued": -1, "device_end": -1, "host_queued_end": 1585579965.976743}, "device": "cpu", "nd_range": {"device_start": 2247740.6936211972, "device_end": 2247740.767862663}, "cmdq": 1, "read": {"device_start": -1, "device_end": -1}}, "FFC_sans_bias16": {"write": {"device_start": -1, "host_queued_start": 1585579965.970014, "device_queued": -1, "device_end": -1, "host_queued_end": 1585579965.976743}, "device": "cpu", "nd_range": {"device_start": 2247740.9449471664, "device_end": 2247741.029702404}, "cmdq": 1, "read": {"device_start": -1, "device_end": -1}}, "FFC_sans_bias19": {"write": {"device_start": -1, "host_queued_start": 1585579965.944735, "device_queued": -1, "device_end": -1, "host_queued_end": 1585579965.976743}, "device": "cpu", "nd_range": {"device_start": 2247740.4033240913, "device_end": 2247740.4871917292}, "cmdq": 1, "read": {"device_start": -1, "device_end": -1}}, "FFC_sans_bias18": {"write": {"device_start": -1, "host_queued_start": 1585579965.941456, "device_queued": -1, "device_end": -1, "host_queued_end": 1585579965.976743}, "device": "cpu", "nd_range": {"device_start": 2247740.372703168, "device_end": 2247740.433316958}, "cmdq": 0, "read": {"device_start": -1, "device_end": -1}}, "coalesced_transpose30": {"write": {"device_start": -1, "host_queued_start": 1585579965.959486, "device_queued": -1, "device_end": -1, "host_queued_end": 1585579965.976743}, "device": "cpu", "nd_range": {"device_start": 2247740.6092612133, "device_end": 2247740.6103359372}, "cmdq": 1, "read": {"device_start": -1, "device_end": -1}}, "FFC_sans_bias69": {"write": {"device_start": -1, "host_queued_start": 1585579965.891997, "device_queued": -1, "device_end": -1, "host_queued_end": 1585579965.905103}, "device": "gpu", "nd_range": {"device_start": 1585579900.735073, "device_end": 1585579900.7417634}, "cmdq": 1, "read": {"device_start": -1, "device_end": -1}}, "FFC_sans_bias38": {"write": {"device_start": 1585579900.6821084, "host_queued_start": 1585579965.857464, "device_queued": 1585579900.6818597, "device_end": 1585579900.6823878, "host_queued_end": 1585579965.905103}, "device": "gpu", "nd_range": {"device_start": 1585579900.6829247, "device_end": 1585579900.6913586}, "cmdq": 1, "read": {"device_start": -1, "device_end": -1}}, "coalesced_transpose57": {"write": {"device_start": -1, "host_queued_start": 1585579965.888112, "device_queued": -1, "device_end": -1, "host_queued_end": 1585579965.905103}, "device": "gpu", "nd_range": {"device_start": 1585579900.7141123, "device_end": 1585579900.72043}, "cmdq": 3, "read": {"device_start": -1, "device_end": -1}}, "empty26": {"write": {"device_start": -1, "host_queued_start": 1585579965.915172, "device_queued": -1, "device_end": -1, "host_queued_end": 1585579965.976743}, "device": "cpu", "nd_range": {"device_start": 2247740.166373744, "device_end": 2247740.166374865}, "cmdq": 0, "read": {"device_start": -1, "device_end": -1}}, "coalesced_transpose12": {"write": {"device_start": -1, "host_queued_start": 1585579965.958814, "device_queued": -1, "device_end": -1, "host_queued_end": 1585579965.976743}, "device": "cpu", "nd_range": {"device_start": 2247740.608016172, "device_end": 2247740.6090891194}, "cmdq": 1, "read": {"device_start": -1, "device_end": -1}}, "empty44": {"write": {"device_start": 1585579900.6799564, "host_queued_start": 1585579965.839411, "device_queued": 1585579900.679615, "device_end": 1585579900.6801734, "host_queued_end": 1585579965.905103}, "device": "gpu", "nd_range": {"device_start": 1585579900.6801822, "device_end": 1585579900.680187}, "cmdq": 0, "read": {"device_start": -1, "device_end": -1}}, "coalesced_transpose21": {"write": {"device_start": -1, "host_queued_start": 1585579965.959154, "device_queued": -1, "device_end": -1, "host_queued_end": 1585579965.976743}, "device": "cpu", "nd_range": {"device_start": 2247740.589127784, "device_end": 2247740.5902022403}, "cmdq": 0, "read": {"device_start": -1, "device_end": -1}}, "FFC_sans_bias36": {"write": {"device_start": 1585579900.681302, "host_queued_start": 1585579965.850839, "device_queued": 1585579900.6809971, "device_end": 1585579900.6813977, "host_queued_end": 1585579965.905103}, "device": "gpu", "nd_range": {"device_start": 1585579900.6814058, "device_end": 1585579900.684772}, "cmdq": 4, "read": {"device_start": -1, "device_end": -1}}, "softmax14": {"write": {"device_start": -1, "host_queued_start": 1585579965.961565, "device_queued": -1, "device_end": -1, "host_queued_end": 1585579965.976743}, "device": "cpu", "nd_range": {"device_start": 2247740.76799023, "device_end": 2247740.768356522}, "cmdq": 1, "read": {"device_start": -1, "device_end": -1}}, "FFC_sans_bias13": {"write": {"device_start": -1, "host_queued_start": 1585579965.960179, "device_queued": -1, "device_end": -1, "host_queued_end": 1585579965.976743}, "device": "cpu", "nd_range": {"device_start": 2247740.6103457683, "device_end": 2247740.693425586}, "cmdq": 1, "read": {"device_start": -1, "device_end": -1}}, "empty8": {"write": {"device_start": -1, "host_queued_start": 1585579965.909402, "device_queued": -1, "device_end": -1, "host_queued_end": 1585579965.976743}, "device": "cpu", "nd_range": {"device_start": 2247740.166338229, "device_end": 2247740.1663510553}, "cmdq": 0, "read": {"device_start": -1, "device_end": -1}}, "FFC_sans_bias42": {"write": {"device_start": -1, "host_queued_start": 1585579965.891053, "device_queued": -1, "device_end": -1, "host_queued_end": 1585579965.905103}, "device": "gpu", "nd_range": {"device_start": 1585579900.7350821, "device_end": 1585579900.7450187}, "cmdq": 3, "read": {"device_start": -1, "device_end": -1}}, "FFC_sans_bias43": {"write": {"device_start": 1585579900.7344785, "host_queued_start": 1585579965.895199, "device_queued": 1585579900.6867068, "device_end": 1585579900.7345805, "host_queued_end": 1585579965.905103}, "device": "gpu", "nd_range": {"device_start": 1585579900.745032, "device_end": 1585579900.7514815}, "cmdq": 2, "read": {"device_start": 1585579900.7514887, "device_end": 1585579900.7516265}}, "FFC_sans_bias40": {"write": {"device_start": -1, "host_queued_start": 1585579965.888755, "device_queued": -1, "device_end": -1, "host_queued_end": 1585579965.905103}, "device": "gpu", "nd_range": {"device_start": 1585579900.7205777, "device_end": 1585579900.723959}, "cmdq": 0, "read": {"device_start": -1, "device_end": -1}}, "softmax32": {"write": {"device_start": -1, "host_queued_start": 1585579965.962112, "device_queued": -1, "device_end": -1, "host_queued_end": 1585579965.976743}, "device": "cpu", "nd_range": {"device_start": 2247740.768428687, "device_end": 2247740.769031437}, "cmdq": 1, "read": {"device_start": -1, "device_end": -1}}, "FFC_sans_bias47": {"write": {"device_start": 1585579900.685079, "host_queued_start": 1585579965.867536, "device_queued": 1585579900.682718, "device_end": 1585579900.6851773, "host_queued_end": 1585579965.905103}, "device": "gpu", "nd_range": {"device_start": 1585579900.685185, "device_end": 1585579900.7011094}, "cmdq": 4, "read": {"device_start": -1, "device_end": -1}}, "FFC_sans_bias45": {"write": {"device_start": 1585579900.682429, "host_queued_start": 1585579965.860735, "device_queued": 1585579900.6819959, "device_end": 1585579900.6826985, "host_queued_end": 1585579965.905103}, "device": "gpu", "nd_range": {"device_start": 1585579900.683035, "device_end": 1585579900.6945608}, "cmdq": 2, "read": {"device_start": -1, "device_end": -1}}, "softmax50": {"write": {"device_start": -1, "host_queued_start": 1585579965.890236, "device_queued": -1, "device_end": -1, "host_queued_end": 1585579965.905103}, "device": "gpu", "nd_range": {"device_start": 1585579900.7272909, "device_end": 1585579900.7350578}, "cmdq": 0, "read": {"device_start": -1, "device_end": -1}}, "FFC_sans_bias33": {"write": {"device_start": -1, "host_queued_start": 1585579965.963515, "device_queued": -1, "device_end": -1, "host_queued_end": 1585579965.976743}, "device": "cpu", "nd_range": {"device_start": 2247740.864240784, "device_end": 2247740.9447573223}, "cmdq": 1, "read": {"device_start": -1, "device_end": -1}}, "FFC_sans_bias63": {"write": {"device_start": 1585579900.7047074, "host_queued_start": 1585579965.887158, "device_queued": 1585579900.6845791, "device_end": 1585579900.7048097, "host_queued_end": 1585579965.905103}, "device": "gpu", "nd_range": {"device_start": 1585579900.7048192, "device_end": 1585579900.7205694}, "cmdq": 0, "read": {"device_start": -1, "device_end": -1}}, "FFC_sans_bias49": {"write": {"device_start": -1, "host_queued_start": 1585579965.889079, "device_queued": -1, "device_end": -1, "host_queued_end": 1585579965.905103}, "device": "gpu", "nd_range": {"device_start": 1585579900.7205894, "device_end": 1585579900.7272813}, "cmdq": 1, "read": {"device_start": -1, "device_end": -1}}, "FFC_sans_bias64": {"write": {"device_start": 1585579900.6981797, "host_queued_start": 1585579965.880597, "device_queued": 1585579900.6838732, "device_end": 1585579900.6982818, "host_queued_end": 1585579965.905103}, "device": "gpu", "nd_range": {"device_start": 1585579900.6982882, "device_end": 1585579900.7141047}, "cmdq": 3, "read": {"device_start": -1, "device_end": -1}}, "FFC_sans_bias65": {"write": {"device_start": 1585579900.701456, "host_queued_start": 1585579965.883837, "device_queued": 1585579900.6839983, "device_end": 1585579900.7015665, "host_queued_end": 1585579965.905103}, "device": "gpu", "nd_range": {"device_start": 1585579900.7015753, "device_end": 1585579900.7173367}, "cmdq": 4, "read": {"device_start": -1, "device_end": -1}}, "FFC_sans_bias67": {"write": {"device_start": -1, "host_queued_start": 1585579965.889735, "device_queued": -1, "device_end": -1, "host_queued_end": 1585579965.905103}, "device": "gpu", "nd_range": {"device_start": 1585579900.72061, "device_end": 1585579900.7336867}, "cmdq": 3, "read": {"device_start": -1, "device_end": -1}}, "FFC_sans_bias24": {"write": {"device_start": -1, "host_queued_start": 1585579965.963148, "device_queued": -1, "device_end": -1, "host_queued_end": 1585579965.976743}, "device": "cpu", "nd_range": {"device_start": 2247740.848723085, "device_end": 2247740.918438664}, "cmdq": 0, "read": {"device_start": -1, "device_end": -1}}, "FFC_sans_bias25": {"write": {"device_start": -1, "host_queued_start": 1585579965.973388, "device_queued": -1, "device_end": -1, "host_queued_end": 1585579965.976743}, "device": "cpu", "nd_range": {"device_start": 2247741.008353435, "device_end": 2247741.089500577}, "cmdq": 0, "read": {"device_start": -1, "device_end": -1}}, "FFC_sans_bias27": {"write": {"device_start": -1, "host_queued_start": 1585579965.951352, "device_queued": -1, "device_end": -1, "host_queued_end": 1585579965.976743}, "device": "cpu", "nd_range": {"device_start": 2247740.487397429, "device_end": 2247740.541975582}, "cmdq": 1, "read": {"device_start": -1, "device_end": -1}}, "FFC_sans_bias20": {"write": {"device_start": -1, "host_queued_start": 1585579965.948049, "device_queued": -1, "device_end": -1, "host_queued_end": 1585579965.976743}, "device": "cpu", "nd_range": {"device_start": 2247740.433328735, "device_end": 2247740.5020102314}, "cmdq": 0, "read": {"device_start": -1, "device_end": -1}}, "FFC_sans_bias22": {"write": {"device_start": -1, "host_queued_start": 1585579965.960645, "device_queued": -1, "device_end": -1, "host_queued_end": 1585579965.976743}, "device": "cpu", "nd_range": {"device_start": 2247740.673543175, "device_end": 2247740.75545215}, "cmdq": 0, "read": {"device_start": -1, "device_end": -1}}, "softmax68": {"write": {"device_start": -1, "host_queued_start": 1585579965.890741, "device_queued": -1, "device_end": -1, "host_queued_end": 1585579965.905103}, "device": "gpu", "nd_range": {"device_start": 1585579900.7337008, "device_end": 1585579900.7341182}, "cmdq": 2, "read": {"device_start": -1, "device_end": -1}}, "softmax5": {"write": {"device_start": -1, "host_queued_start": 1585579965.961291, "device_queued": -1, "device_end": -1, "host_queued_end": 1585579965.976743}, "device": "cpu", "nd_range": {"device_start": 2247740.755469928, "device_end": 2247740.767428799}, "cmdq": 0, "read": {"device_start": -1, "device_end": -1}}, "FFC_sans_bias28": {"write": {"device_start": -1, "host_queued_start": 1585579965.954668, "device_queued": -1, "device_end": -1, "host_queued_end": 1585579965.976743}, "device": "cpu", "nd_range": {"device_start": 2247740.5022028023, "device_end": 2247740.577573541}, "cmdq": 0, "read": {"device_start": -1, "device_end": -1}}, "FFC_sans_bias29": {"write": {"device_start": -1, "host_queued_start": 1585579965.958001, "device_queued": -1, "device_end": -1, "host_queued_end": 1585579965.976743}, "device": "cpu", "nd_range": {"device_start": 2247740.54217426, "device_end": 2247740.603482147}, "cmdq": 1, "read": {"device_start": -1, "device_end": -1}}, "empty17": {"write": {"device_start": -1, "host_queued_start": 1585579965.912316, "device_queued": -1, "device_end": -1, "host_queued_end": 1585579965.976743}, "device": "cpu", "nd_range": {"device_start": 2247740.166341192, "device_end": 2247740.166351032}, "cmdq": 1, "read": {"device_start": -1, "device_end": -1}}, "softmax59": {"write": {"device_start": -1, "host_queued_start": 1585579965.890484, "device_queued": -1, "device_end": -1, "host_queued_end": 1585579965.905103}, "device": "gpu", "nd_range": {"device_start": 1585579900.7306077, "device_end": 1585579900.734246}, "cmdq": 1, "read": {"device_start": -1, "device_end": -1}}, "empty71": {"write": {"device_start": 1585579900.6809802, "host_queued_start": 1585579965.848003, "device_queued": 1585579900.6805782, "device_end": 1585579900.6811895, "host_queued_end": 1585579965.905103}, "device": "gpu", "nd_range": {"device_start": 1585579900.6811986, "device_end": 1585579900.681202}, "cmdq": 3, "read": {"device_start": -1, "device_end": -1}}, "empty35": {"write": {"device_start": -1, "host_queued_start": 1585579965.91796, "device_queued": -1, "device_end": -1, "host_queued_end": 1585579965.976743}, "device": "cpu", "nd_range": {"device_start": 2247740.16637355, "device_end": 2247740.166374734}, "cmdq": 1, "read": {"device_start": -1, "device_end": -1}}, "empty53": {"write": {"device_start": 1585579900.680315, "host_queued_start": 1585579965.842748, "device_queued": 1585579900.679957, "device_end": 1585579900.680549, "host_queued_end": 1585579965.905103}, "device": "gpu", "nd_range": {"device_start": 1585579900.6810803, "device_end": 1585579900.6811483}, "cmdq": 1, "read": {"device_start": -1, "device_end": -1}}, "FFC_sans_bias46": {"write": {"device_start": 1585579900.6827862, "host_queued_start": 1585579965.864012, "device_queued": 1585579900.6824045, "device_end": 1585579900.6829038, "host_queued_end": 1585579965.905103}, "device": "gpu", "nd_range": {"device_start": 1585579900.6831489, "device_end": 1585579900.6978333}, "cmdq": 3, "read": {"device_start": -1, "device_end": -1}}, "coalesced_transpose66": {"write": {"device_start": -1, "host_queued_start": 1585579965.888416, "device_queued": -1, "device_end": -1, "host_queued_end": 1585579965.905103}, "device": "gpu", "nd_range": {"device_start": 1585579900.7173448, "device_end": 1585579900.720444}, "cmdq": 4, "read": {"device_start": -1, "device_end": -1}}, "coalesced_transpose48": {"write": {"device_start": -1, "host_queued_start": 1585579965.887809, "device_queued": -1, "device_end": -1, "host_queued_end": 1585579965.905103}, "device": "gpu", "nd_range": {"device_start": 1585579900.710878, "device_end": 1585579900.7204037}, "cmdq": 2, "read": {"device_start": -1, "device_end": -1}}}