{"FFC_sans_bias60": {"write": {"device_start": -1, "host_queued_start": 1585579260.753295, "device_queued": -1, "device_end": -1, "host_queued_end": 1585579260.770102}, "device": "gpu", "nd_range": {"device_start": 1585579195.6519842, "device_end": 1585579195.6553166}, "cmdq": 0, "read": {"device_start": -1, "device_end": -1}}, "FFC_sans_bias4": {"write": {"device_start": -1, "host_queued_start": 1585579260.812164, "device_queued": -1, "device_end": -1, "host_queued_end": 1585579260.824798}, "device": "cpu", "nd_range": {"device_start": 2247035.3484979453, "device_end": 2247035.3840782493}, "cmdq": 0, "read": {"device_start": -1, "device_end": -1}}, "FFC_sans_bias7": {"write": {"device_start": -1, "host_queued_start": 1585579260.818144, "device_queued": -1, "device_end": -1, "host_queued_end": 1585579260.824798}, "device": "cpu", "nd_range": {"device_start": 2247035.5646872004, "device_end": 2247035.599546433}, "cmdq": 0, "read": {"device_start": -1, "device_end": -1}}, "FFC_sans_bias6": {"write": {"device_start": -1, "host_queued_start": 1585579260.814062, "device_queued": -1, "device_end": -1, "host_queued_end": 1585579260.824798}, "device": "cpu", "nd_range": {"device_start": 2247035.457263002, "device_end": 2247035.4929046542}, "cmdq": 0, "read": {"device_start": -1, "device_end": -1}}, "FFC_sans_bias1": {"write": {"device_start": -1, "host_queued_start": 1585579260.786151, "device_queued": -1, "device_end": -1, "host_queued_end": 1585579260.824798}, "device": "cpu", "nd_range": {"device_start": 2247035.048239347, "device_end": 2247035.0844142623}, "cmdq": 0, "read": {"device_start": -1, "device_end": -1}}, "FFC_sans_bias0": {"write": {"device_start": -1, "host_queued_start": 1585579260.782757, "device_queued": -1, "device_end": -1, "host_queued_end": 1585579260.824798}, "device": "cpu", "nd_range": {"device_start": 2247035.014446158, "device_end": 2247035.048089095}, "cmdq": 0, "read": {"device_start": -1, "device_end": -1}}, "FFC_sans_bias2": {"write": {"device_start": -1, "host_queued_start": 1585579260.789564, "device_queued": -1, "device_end": -1, "host_queued_end": 1585579260.824798}, "device": "cpu", "nd_range": {"device_start": 2247035.0844441163, "device_end": 2247035.121649519}, "cmdq": 0, "read": {"device_start": -1, "device_end": -1}}, "FFC_sans_bias61": {"write": {"device_start": 1585579195.6707015, "host_queued_start": 1585579260.766686, "device_queued": 1585579195.571329, "device_end": 1585579195.6707861, "host_queued_end": 1585579260.770102}, "device": "gpu", "nd_range": {"device_start": 1585579195.6707926, "device_end": 1585579195.6741006}, "cmdq": 0, "read": {"device_start": 1585579195.6741028, "device_end": 1585579195.6741884}}, "FFC_sans_bias52": {"write": {"device_start": 1585579195.6667926, "host_queued_start": 1585579260.763397, "device_queued": 1585579195.5710752, "device_end": 1585579195.6668816, "host_queued_end": 1585579260.770102}, "device": "gpu", "nd_range": {"device_start": 1585579195.666885, "device_end": 1585579195.6702168}, "cmdq": 0, "read": {"device_start": 1585579195.6702192, "device_end": 1585579195.6703045}}, "FFC_sans_bias9": {"write": {"device_start": -1, "host_queued_start": 1585579260.793072, "device_queued": -1, "device_end": -1, "host_queued_end": 1585579260.824798}, "device": "cpu", "nd_range": {"device_start": 2247035.1216714773, "device_end": 2247035.157065161}, "cmdq": 0, "read": {"device_start": -1, "device_end": -1}}, "coalesced_transpose39": {"write": {"device_start": -1, "host_queued_start": 1585579260.74815, "device_queued": -1, "device_end": -1, "host_queued_end": 1585579260.770102}, "device": "gpu", "nd_range": {"device_start": 1585579195.6230934, "device_end": 1585579195.6231117}, "cmdq": 0, "read": {"device_start": -1, "device_end": -1}}, "FFC_sans_bias55": {"write": {"device_start": 1585579195.6076, "host_queued_start": 1585579260.737691, "device_queued": 1585579195.567325, "device_end": 1585579195.6077008, "host_queued_end": 1585579260.770102}, "device": "gpu", "nd_range": {"device_start": 1585579195.6077032, "device_end": 1585579195.6110415}, "cmdq": 0, "read": {"device_start": -1, "device_end": -1}}, "FFC_sans_bias54": {"write": {"device_start": 1585579195.603805, "host_queued_start": 1585579260.734427, "device_queued": 1585579195.567115, "device_end": 1585579195.6039057, "host_queued_end": 1585579260.770102}, "device": "gpu", "nd_range": {"device_start": 1585579195.6039097, "device_end": 1585579195.6072717}, "cmdq": 0, "read": {"device_start": -1, "device_end": -1}}, "FFC_sans_bias56": {"write": {"device_start": 1585579195.6000133, "host_queued_start": 1585579260.731171, "device_queued": 1585579195.5668812, "device_end": 1585579195.6001122, "host_queued_end": 1585579260.770102}, "device": "gpu", "nd_range": {"device_start": 1585579195.6001182, "device_end": 1585579195.6034725}, "cmdq": 0, "read": {"device_start": -1, "device_end": -1}}, "FFC_sans_bias51": {"write": {"device_start": -1, "host_queued_start": 1585579260.752967, "device_queued": -1, "device_end": -1, "host_queued_end": 1585579260.770102}, "device": "gpu", "nd_range": {"device_start": 1585579195.648649, "device_end": 1585579195.651983}, "cmdq": 0, "read": {"device_start": -1, "device_end": -1}}, "softmax23": {"write": {"device_start": -1, "host_queued_start": 1585579260.813714, "device_queued": -1, "device_end": -1, "host_queued_end": 1585579260.824798}, "device": "cpu", "nd_range": {"device_start": 2247035.45686749, "device_end": 2247035.4572564713}, "cmdq": 0, "read": {"device_start": -1, "device_end": -1}}, "FFC_sans_bias37": {"write": {"device_start": 1585579195.580935, "host_queued_start": 1585579260.714602, "device_queued": 1585579195.5657253, "device_end": 1585579195.5810335, "host_queued_end": 1585579260.770102}, "device": "gpu", "nd_range": {"device_start": 1585579195.58104, "device_end": 1585579195.5843985}, "cmdq": 0, "read": {"device_start": -1, "device_end": -1}}, "empty62": {"write": {"device_start": 1585579195.565021, "host_queued_start": 1585579260.696056, "device_queued": 1585579195.564094, "device_end": 1585579195.5651162, "host_queued_end": 1585579260.770102}, "device": "gpu", "nd_range": {"device_start": 1585579195.565122, "device_end": 1585579195.5651252}, "cmdq": 0, "read": {"device_start": -1, "device_end": -1}}, "FFC_sans_bias70": {"write": {"device_start": 1585579195.6745915, "host_queued_start": 1585579260.769989, "device_queued": 1585579195.5716076, "device_end": 1585579195.6746774, "host_queued_end": 1585579260.770102}, "device": "gpu", "nd_range": {"device_start": 1585579195.6746838, "device_end": 1585579195.6780097}, "cmdq": 0, "read": {"device_start": 1585579195.6780179, "device_end": 1585579195.6781042}}, "FFC_sans_bias58": {"write": {"device_start": -1, "host_queued_start": 1585579260.750395, "device_queued": -1, "device_end": -1, "host_queued_end": 1585579260.770102}, "device": "gpu", "nd_range": {"device_start": 1585579195.6331754, "device_end": 1585579195.6365194}, "cmdq": 0, "read": {"device_start": -1, "device_end": -1}}, "softmax41": {"write": {"device_start": -1, "host_queued_start": 1585579260.751245, "device_queued": -1, "device_end": -1, "host_queued_end": 1585579260.770102}, "device": "gpu", "nd_range": {"device_start": 1585579195.640279, "device_end": 1585579195.6406984}, "cmdq": 0, "read": {"device_start": -1, "device_end": -1}}, "FFC_sans_bias11": {"write": {"device_start": -1, "host_queued_start": 1585579260.800132, "device_queued": -1, "device_end": -1, "host_queued_end": 1585579260.824798}, "device": "cpu", "nd_range": {"device_start": 2247035.196520085, "device_end": 2247035.2425697893}, "cmdq": 0, "read": {"device_start": -1, "device_end": -1}}, "FFC_sans_bias10": {"write": {"device_start": -1, "host_queued_start": 1585579260.796518, "device_queued": -1, "device_end": -1, "host_queued_end": 1585579260.824798}, "device": "cpu", "nd_range": {"device_start": 2247035.1570766773, "device_end": 2247035.196496011}, "cmdq": 0, "read": {"device_start": -1, "device_end": -1}}, "coalesced_transpose3": {"write": {"device_start": -1, "host_queued_start": 1585579260.810857, "device_queued": -1, "device_end": -1, "host_queued_end": 1585579260.824798}, "device": "cpu", "nd_range": {"device_start": 2247035.34663468, "device_end": 2247035.3471620623}, "cmdq": 0, "read": {"device_start": -1, "device_end": -1}}, "FFC_sans_bias34": {"write": {"device_start": 1585579195.658931, "host_queued_start": 1585579260.756809, "device_queued": 1585579195.5705433, "device_end": 1585579195.6590195, "host_queued_end": 1585579260.770102}, "device": "gpu", "nd_range": {"device_start": 1585579195.6590257, "device_end": 1585579195.662353}, "cmdq": 0, "read": {"device_start": 1585579195.6623595, "device_end": 1585579195.662445}}, "FFC_sans_bias15": {"write": {"device_start": -1, "host_queued_start": 1585579260.814408, "device_queued": -1, "device_end": -1, "host_queued_end": 1585579260.824798}, "device": "cpu", "nd_range": {"device_start": 2247035.4929136094, "device_end": 2247035.5285249134}, "cmdq": 0, "read": {"device_start": -1, "device_end": -1}}, "FFC_sans_bias31": {"write": {"device_start": -1, "host_queued_start": 1585579260.749393, "device_queued": -1, "device_end": -1, "host_queued_end": 1585579260.770102}, "device": "gpu", "nd_range": {"device_start": 1585579195.623171, "device_end": 1585579195.6265159}, "cmdq": 0, "read": {"device_start": -1, "device_end": -1}}, "FFC_sans_bias16": {"write": {"device_start": -1, "host_queued_start": 1585579260.821417, "device_queued": -1, "device_end": -1, "host_queued_end": 1585579260.824798}, "device": "cpu", "nd_range": {"device_start": 2247035.599553115, "device_end": 2247035.633404119}, "cmdq": 0, "read": {"device_start": -1, "device_end": -1}}, "FFC_sans_bias19": {"write": {"device_start": -1, "host_queued_start": 1585579260.806984, "device_queued": -1, "device_end": -1, "host_queued_end": 1585579260.824798}, "device": "cpu", "nd_range": {"device_start": 2247035.2765837023, "device_end": 2247035.311300362}, "cmdq": 0, "read": {"device_start": -1, "device_end": -1}}, "FFC_sans_bias18": {"write": {"device_start": -1, "host_queued_start": 1585579260.803678, "device_queued": -1, "device_end": -1, "host_queued_end": 1585579260.824798}, "device": "cpu", "nd_range": {"device_start": 2247035.2425918314, "device_end": 2247035.27638487}, "cmdq": 0, "read": {"device_start": -1, "device_end": -1}}, "coalesced_transpose30": {"write": {"device_start": -1, "host_queued_start": 1585579260.747817, "device_queued": -1, "device_end": -1, "host_queued_end": 1585579260.770102}, "device": "gpu", "nd_range": {"device_start": 1585579195.6230738, "device_end": 1585579195.6230924}, "cmdq": 0, "read": {"device_start": -1, "device_end": -1}}, "FFC_sans_bias69": {"write": {"device_start": -1, "host_queued_start": 1585579260.753612, "device_queued": -1, "device_end": -1, "host_queued_end": 1585579260.770102}, "device": "gpu", "nd_range": {"device_start": 1585579195.6553175, "device_end": 1585579195.6586769}, "cmdq": 0, "read": {"device_start": -1, "device_end": -1}}, "FFC_sans_bias38": {"write": {"device_start": 1585579195.5847352, "host_queued_start": 1585579260.717892, "device_queued": 1585579195.56598, "device_end": 1585579195.584833, "host_queued_end": 1585579260.770102}, "device": "gpu", "nd_range": {"device_start": 1585579195.584836, "device_end": 1585579195.5881896}, "cmdq": 0, "read": {"device_start": -1, "device_end": -1}}, "coalesced_transpose57": {"write": {"device_start": -1, "host_queued_start": 1585579260.748763, "device_queued": -1, "device_end": -1, "host_queued_end": 1585579260.770102}, "device": "gpu", "nd_range": {"device_start": 1585579195.6231322, "device_end": 1585579195.62315}, "cmdq": 0, "read": {"device_start": -1, "device_end": -1}}, "empty26": {"write": {"device_start": -1, "host_queued_start": 1585579260.779931, "device_queued": -1, "device_end": -1, "host_queued_end": 1585579260.824798}, "device": "cpu", "nd_range": {"device_start": 2247035.0144409, "device_end": 2247035.014441758}, "cmdq": 0, "read": {"device_start": -1, "device_end": -1}}, "coalesced_transpose12": {"write": {"device_start": -1, "host_queued_start": 1585579260.811475, "device_queued": -1, "device_end": -1, "host_queued_end": 1585579260.824798}, "device": "cpu", "nd_range": {"device_start": 2247035.347324564, "device_end": 2247035.347789639}, "cmdq": 0, "read": {"device_start": -1, "device_end": -1}}, "empty44": {"write": {"device_start": 1585579195.5642242, "host_queued_start": 1585579260.690837, "device_queued": 1585579195.5637386, "device_end": 1585579195.5643194, "host_queued_end": 1585579260.770102}, "device": "gpu", "nd_range": {"device_start": 1585579195.5643284, "device_end": 1585579195.5643315}, "cmdq": 0, "read": {"device_start": -1, "device_end": -1}}, "coalesced_transpose21": {"write": {"device_start": -1, "host_queued_start": 1585579260.81181, "device_queued": -1, "device_end": -1, "host_queued_end": 1585579260.824798}, "device": "cpu", "nd_range": {"device_start": 2247035.34792122, "device_end": 2247035.348363914}, "cmdq": 0, "read": {"device_start": -1, "device_end": -1}}, "FFC_sans_bias36": {"write": {"device_start": 1585579195.5771565, "host_queued_start": 1585579260.711313, "device_queued": 1585579195.5654335, "device_end": 1585579195.5772514, "host_queued_end": 1585579260.770102}, "device": "gpu", "nd_range": {"device_start": 1585579195.5772543, "device_end": 1585579195.5806057}, "cmdq": 0, "read": {"device_start": -1, "device_end": -1}}, "softmax14": {"write": {"device_start": -1, "host_queued_start": 1585579260.813441, "device_queued": -1, "device_end": -1, "host_queued_end": 1585579260.824798}, "device": "cpu", "nd_range": {"device_start": 2247035.4564748863, "device_end": 2247035.456861162}, "cmdq": 0, "read": {"device_start": -1, "device_end": -1}}, "FFC_sans_bias13": {"write": {"device_start": -1, "host_queued_start": 1585579260.812521, "device_queued": -1, "device_end": -1, "host_queued_end": 1585579260.824798}, "device": "cpu", "nd_range": {"device_start": 2247035.384088227, "device_end": 2247035.420709645}, "cmdq": 0, "read": {"device_start": -1, "device_end": -1}}, "empty8": {"write": {"device_start": -1, "host_queued_start": 1585579260.774172, "device_queued": -1, "device_end": -1, "host_queued_end": 1585579260.824798}, "device": "cpu", "nd_range": {"device_start": 2247035.014397102, "device_end": 2247035.014410708}, "cmdq": 0, "read": {"device_start": -1, "device_end": -1}}, "FFC_sans_bias42": {"write": {"device_start": -1, "host_queued_start": 1585579260.752643, "device_queued": -1, "device_end": -1, "host_queued_end": 1585579260.770102}, "device": "gpu", "nd_range": {"device_start": 1585579195.645315, "device_end": 1585579195.648648}, "cmdq": 0, "read": {"device_start": -1, "device_end": -1}}, "FFC_sans_bias43": {"write": {"device_start": 1585579195.6628802, "host_queued_start": 1585579260.760089, "device_queued": 1585579195.570811, "device_end": 1585579195.6629658, "host_queued_end": 1585579260.770102}, "device": "gpu", "nd_range": {"device_start": 1585579195.6629713, "device_end": 1585579195.6662972}, "cmdq": 0, "read": {"device_start": 1585579195.6663053, "device_end": 1585579195.6663907}}, "FFC_sans_bias40": {"write": {"device_start": -1, "host_queued_start": 1585579260.749726, "device_queued": -1, "device_end": -1, "host_queued_end": 1585579260.770102}, "device": "gpu", "nd_range": {"device_start": 1585579195.6265168, "device_end": 1585579195.629844}, "cmdq": 0, "read": {"device_start": -1, "device_end": -1}}, "softmax32": {"write": {"device_start": -1, "host_queued_start": 1585579260.750994, "device_queued": -1, "device_end": -1, "host_queued_end": 1585579260.770102}, "device": "gpu", "nd_range": {"device_start": 1585579195.6398568, "device_end": 1585579195.640278}, "cmdq": 0, "read": {"device_start": -1, "device_end": -1}}, "FFC_sans_bias47": {"write": {"device_start": 1585579195.596189, "host_queued_start": 1585579260.727847, "device_queued": 1585579195.5666535, "device_end": 1585579195.59629, "host_queued_end": 1585579260.770102}, "device": "gpu", "nd_range": {"device_start": 1585579195.5962927, "device_end": 1585579195.5996635}, "cmdq": 0, "read": {"device_start": -1, "device_end": -1}}, "FFC_sans_bias45": {"write": {"device_start": 1585579195.588528, "host_queued_start": 1585579260.721332, "device_queued": 1585579195.5662029, "device_end": 1585579195.5886307, "host_queued_end": 1585579260.770102}, "device": "gpu", "nd_range": {"device_start": 1585579195.5886333, "device_end": 1585579195.591987}, "cmdq": 0, "read": {"device_start": -1, "device_end": -1}}, "softmax50": {"write": {"device_start": -1, "host_queued_start": 1585579260.751496, "device_queued": -1, "device_end": -1, "host_queued_end": 1585579260.770102}, "device": "gpu", "nd_range": {"device_start": 1585579195.6406994, "device_end": 1585579195.6411204}, "cmdq": 0, "read": {"device_start": -1, "device_end": -1}}, "FFC_sans_bias33": {"write": {"device_start": -1, "host_queued_start": 1585579260.752318, "device_queued": -1, "device_end": -1, "host_queued_end": 1585579260.770102}, "device": "gpu", "nd_range": {"device_start": 1585579195.6419659, "device_end": 1585579195.6453137}, "cmdq": 0, "read": {"device_start": -1, "device_end": -1}}, "FFC_sans_bias63": {"write": {"device_start": 1585579195.6196156, "host_queued_start": 1585579260.747448, "device_queued": 1585579195.5679708, "device_end": 1585579195.6197052, "host_queued_end": 1585579260.770102}, "device": "gpu", "nd_range": {"device_start": 1585579195.6197124, "device_end": 1585579195.6230729}, "cmdq": 0, "read": {"device_start": -1, "device_end": -1}}, "FFC_sans_bias49": {"write": {"device_start": -1, "host_queued_start": 1585579260.750064, "device_queued": -1, "device_end": -1, "host_queued_end": 1585579260.770102}, "device": "gpu", "nd_range": {"device_start": 1585579195.6298451, "device_end": 1585579195.6331744}, "cmdq": 0, "read": {"device_start": -1, "device_end": -1}}, "FFC_sans_bias64": {"write": {"device_start": 1585579195.6113682, "host_queued_start": 1585579260.740937, "device_queued": 1585579195.5675476, "device_end": 1585579195.6114662, "host_queued_end": 1585579260.770102}, "device": "gpu", "nd_range": {"device_start": 1585579195.6114733, "device_end": 1585579195.614811}, "cmdq": 0, "read": {"device_start": -1, "device_end": -1}}, "FFC_sans_bias65": {"write": {"device_start": 1585579195.615153, "host_queued_start": 1585579260.744195, "device_queued": 1585579195.5677545, "device_end": 1585579195.6152484, "host_queued_end": 1585579260.770102}, "device": "gpu", "nd_range": {"device_start": 1585579195.615254, "device_end": 1585579195.6185944}, "cmdq": 0, "read": {"device_start": -1, "device_end": -1}}, "FFC_sans_bias67": {"write": {"device_start": -1, "host_queued_start": 1585579260.75074, "device_queued": -1, "device_end": -1, "host_queued_end": 1585579260.770102}, "device": "gpu", "nd_range": {"device_start": 1585579195.6365206, "device_end": 1585579195.6398556}, "cmdq": 0, "read": {"device_start": -1, "device_end": -1}}, "FFC_sans_bias24": {"write": {"device_start": -1, "host_queued_start": 1585579260.814841, "device_queued": -1, "device_end": -1, "host_queued_end": 1585579260.824798}, "device": "cpu", "nd_range": {"device_start": 2247035.5285436814, "device_end": 2247035.564668319}, "cmdq": 0, "read": {"device_start": -1, "device_end": -1}}, "FFC_sans_bias25": {"write": {"device_start": -1, "host_queued_start": 1585579260.824743, "device_queued": -1, "device_end": -1, "host_queued_end": 1585579260.824798}, "device": "cpu", "nd_range": {"device_start": 2247035.633409739, "device_end": 2247035.66987805}, "cmdq": 0, "read": {"device_start": -1, "device_end": -1}}, "FFC_sans_bias27": {"write": {"device_start": 1585579195.5658503, "host_queued_start": 1585579260.701439, "device_queued": 1585579195.564517, "device_end": 1585579195.565945, "host_queued_end": 1585579260.770102}, "device": "gpu", "nd_range": {"device_start": 1585579195.5659492, "device_end": 1585579195.5692852}, "cmdq": 0, "read": {"device_start": -1, "device_end": -1}}, "FFC_sans_bias20": {"write": {"device_start": -1, "host_queued_start": 1585579260.810448, "device_queued": -1, "device_end": -1, "host_queued_end": 1585579260.824798}, "device": "cpu", "nd_range": {"device_start": 2247035.311479087, "device_end": 2247035.346616113}, "cmdq": 0, "read": {"device_start": -1, "device_end": -1}}, "FFC_sans_bias22": {"write": {"device_start": -1, "host_queued_start": 1585579260.812889, "device_queued": -1, "device_end": -1, "host_queued_end": 1585579260.824798}, "device": "cpu", "nd_range": {"device_start": 2247035.420727964, "device_end": 2247035.45598579}, "cmdq": 0, "read": {"device_start": -1, "device_end": -1}}, "softmax68": {"write": {"device_start": -1, "host_queued_start": 1585579260.751999, "device_queued": -1, "device_end": -1, "host_queued_end": 1585579260.770102}, "device": "gpu", "nd_range": {"device_start": 1585579195.6415439, "device_end": 1585579195.641965}, "cmdq": 0, "read": {"device_start": -1, "device_end": -1}}, "softmax5": {"write": {"device_start": -1, "host_queued_start": 1585579260.813166, "device_queued": -1, "device_end": -1, "host_queued_end": 1585579260.824798}, "device": "cpu", "nd_range": {"device_start": 2247035.456010078, "device_end": 2247035.4564658403}, "cmdq": 0, "read": {"device_start": -1, "device_end": -1}}, "FFC_sans_bias28": {"write": {"device_start": 1585579195.5696352, "host_queued_start": 1585579260.704717, "device_queued": 1585579195.5648909, "device_end": 1585579195.5697362, "host_queued_end": 1585579260.770102}, "device": "gpu", "nd_range": {"device_start": 1585579195.5697424, "device_end": 1585579195.5730987}, "cmdq": 0, "read": {"device_start": -1, "device_end": -1}}, "FFC_sans_bias29": {"write": {"device_start": 1585579195.5733871, "host_queued_start": 1585579260.708021, "device_queued": 1585579195.5651655, "device_end": 1585579195.573481, "host_queued_end": 1585579260.770102}, "device": "gpu", "nd_range": {"device_start": 1585579195.5734835, "device_end": 1585579195.576824}, "cmdq": 0, "read": {"device_start": -1, "device_end": -1}}, "empty17": {"write": {"device_start": -1, "host_queued_start": 1585579260.777151, "device_queued": -1, "device_end": -1, "host_queued_end": 1585579260.824798}, "device": "cpu", "nd_range": {"device_start": 2247035.0144342002, "device_end": 2247035.014435985}, "cmdq": 0, "read": {"device_start": -1, "device_end": -1}}, "softmax59": {"write": {"device_start": -1, "host_queued_start": 1585579260.751747, "device_queued": -1, "device_end": -1, "host_queued_end": 1585579260.770102}, "device": "gpu", "nd_range": {"device_start": 1585579195.6411214, "device_end": 1585579195.6415427}, "cmdq": 0, "read": {"device_start": -1, "device_end": -1}}, "empty71": {"write": {"device_start": 1585579195.5654254, "host_queued_start": 1585579260.698671, "device_queued": 1585579195.5643291, "device_end": 1585579195.565519, "host_queued_end": 1585579260.770102}, "device": "gpu", "nd_range": {"device_start": 1585579195.5655253, "device_end": 1585579195.5655344}, "cmdq": 0, "read": {"device_start": -1, "device_end": -1}}, "empty35": {"write": {"device_start": 1585579195.56377, "host_queued_start": 1585579260.687459, "device_queued": 1585579195.563442, "device_end": 1585579195.56387, "host_queued_end": 1585579260.770102}, "device": "gpu", "nd_range": {"device_start": 1585579195.5638757, "device_end": 1585579195.5638797}, "cmdq": 0, "read": {"device_start": -1, "device_end": -1}}, "empty53": {"write": {"device_start": 1585579195.564632, "host_queued_start": 1585579260.693406, "device_queued": 1585579195.5639262, "device_end": 1585579195.5647242, "host_queued_end": 1585579260.770102}, "device": "gpu", "nd_range": {"device_start": 1585579195.5647397, "device_end": 1585579195.5647428}, "cmdq": 0, "read": {"device_start": -1, "device_end": -1}}, "FFC_sans_bias46": {"write": {"device_start": 1585579195.5923681, "host_queued_start": 1585579260.724567, "device_queued": 1585579195.5664299, "device_end": 1585579195.5924778, "host_queued_end": 1585579260.770102}, "device": "gpu", "nd_range": {"device_start": 1585579195.5924804, "device_end": 1585579195.5958443}, "cmdq": 0, "read": {"device_start": -1, "device_end": -1}}, "coalesced_transpose66": {"write": {"device_start": -1, "host_queued_start": 1585579260.749075, "device_queued": -1, "device_end": -1, "host_queued_end": 1585579260.770102}, "device": "gpu", "nd_range": {"device_start": 1585579195.6231513, "device_end": 1585579195.6231701}, "cmdq": 0, "read": {"device_start": -1, "device_end": -1}}, "coalesced_transpose48": {"write": {"device_start": -1, "host_queued_start": 1585579260.748458, "device_queued": -1, "device_end": -1, "host_queued_end": 1585579260.770102}, "device": "gpu", "nd_range": {"device_start": 1585579195.6231132, "device_end": 1585579195.6231313}, "cmdq": 0, "read": {"device_start": -1, "device_end": -1}}}