{"FFC_sans_bias60": {"write": {"device_start": -1, "host_queued_start": 1585579371.980309, "device_queued": -1, "device_end": -1, "host_queued_end": 1585579371.987241}, "device": "gpu", "nd_range": {"device_start": 1585579306.81025, "device_end": 1585579306.8138568}, "cmdq": 0, "read": {"device_start": -1, "device_end": -1}}, "FFC_sans_bias4": {"write": {"device_start": -1, "host_queued_start": 1585579372.073576, "device_queued": -1, "device_end": -1, "host_queued_end": 1585579372.098561}, "device": "cpu", "nd_range": {"device_start": 2247146.880356859, "device_end": 2247146.9946766812}, "cmdq": 2, "read": {"device_start": -1, "device_end": -1}}, "FFC_sans_bias7": {"write": {"device_start": -1, "host_queued_start": 1585579372.082391, "device_queued": -1, "device_end": -1, "host_queued_end": 1585579372.098561}, "device": "cpu", "nd_range": {"device_start": 2247147.251711314, "device_end": 2247147.323949148}, "cmdq": 0, "read": {"device_start": -1, "device_end": -1}}, "FFC_sans_bias6": {"write": {"device_start": -1, "host_queued_start": 1585579372.077398, "device_queued": -1, "device_end": -1, "host_queued_end": 1585579372.098561}, "device": "cpu", "nd_range": {"device_start": 2247147.064955382, "device_end": 2247147.195919263}, "cmdq": 2, "read": {"device_start": -1, "device_end": -1}}, "FFC_sans_bias1": {"write": {"device_start": -1, "host_queued_start": 1585579372.013048, "device_queued": -1, "device_end": -1, "host_queued_end": 1585579372.098561}, "device": "cpu", "nd_range": {"device_start": 2247146.288265903, "device_end": 2247146.411007678}, "cmdq": 3, "read": {"device_start": -1, "device_end": -1}}, "FFC_sans_bias0": {"write": {"device_start": -1, "host_queued_start": 1585579372.009653, "device_queued": -1, "device_end": -1, "host_queued_end": 1585579372.098561}, "device": "cpu", "nd_range": {"device_start": 2247146.2885133163, "device_end": 2247146.4102569614}, "cmdq": 2, "read": {"device_start": -1, "device_end": -1}}, "FFC_sans_bias2": {"write": {"device_start": -1, "host_queued_start": 1585579372.01644, "device_queued": -1, "device_end": -1, "host_queued_end": 1585579372.098561}, "device": "cpu", "nd_range": {"device_start": 2247146.288235071, "device_end": 2247146.417786174}, "cmdq": 0, "read": {"device_start": -1, "device_end": -1}}, "FFC_sans_bias61": {"write": {"device_start": 1585579306.8178797, "host_queued_start": 1585579371.983841, "device_queued": 1585579306.7804372, "device_end": 1585579306.8180296, "host_queued_end": 1585579371.987241}, "device": "gpu", "nd_range": {"device_start": 1585579306.818068, "device_end": 1585579306.8215628}, "cmdq": 0, "read": {"device_start": 1585579306.821567, "device_end": 1585579306.821689}}, "FFC_sans_bias52": {"write": {"device_start": -1, "host_queued_start": 1585579372.098506, "device_queued": -1, "device_end": -1, "host_queued_end": 1585579372.098561}, "device": "cpu", "nd_range": {"device_start": 2247147.5561671034, "device_end": 2247147.640039904}, "cmdq": 1, "read": {"device_start": -1, "device_end": -1}}, "FFC_sans_bias9": {"write": {"device_start": -1, "host_queued_start": 1585579372.019824, "device_queued": -1, "device_end": -1, "host_queued_end": 1585579372.098561}, "device": "cpu", "nd_range": {"device_start": 2247146.288225572, "device_end": 2247146.5246459562}, "cmdq": 1, "read": {"device_start": -1, "device_end": -1}}, "coalesced_transpose39": {"write": {"device_start": -1, "host_queued_start": 1585579372.072776, "device_queued": -1, "device_end": -1, "host_queued_end": 1585579372.098561}, "device": "cpu", "nd_range": {"device_start": 2247146.8138831924, "device_end": 2247146.816128741}, "cmdq": 0, "read": {"device_start": -1, "device_end": -1}}, "FFC_sans_bias55": {"write": {"device_start": 1585579306.786358, "host_queued_start": 1585579371.968105, "device_queued": 1585579306.7786531, "device_end": 1585579306.786475, "host_queued_end": 1585579371.987241}, "device": "gpu", "nd_range": {"device_start": 1585579306.7864804, "device_end": 1585579306.7898276}, "cmdq": 0, "read": {"device_start": -1, "device_end": -1}}, "FFC_sans_bias54": {"write": {"device_start": 1585579306.7825508, "host_queued_start": 1585579371.964816, "device_queued": 1585579306.7783775, "device_end": 1585579306.7826474, "host_queued_end": 1585579371.987241}, "device": "gpu", "nd_range": {"device_start": 1585579306.78265, "device_end": 1585579306.7859874}, "cmdq": 0, "read": {"device_start": -1, "device_end": -1}}, "FFC_sans_bias56": {"write": {"device_start": 1585579306.7788072, "host_queued_start": 1585579371.9615, "device_queued": 1585579306.7780812, "device_end": 1585579306.7789013, "host_queued_end": 1585579371.987241}, "device": "gpu", "nd_range": {"device_start": 1585579306.7789056, "device_end": 1585579306.7822437}, "cmdq": 0, "read": {"device_start": -1, "device_end": -1}}, "FFC_sans_bias51": {"write": {"device_start": -1, "host_queued_start": 1585579372.07913, "device_queued": -1, "device_end": -1, "host_queued_end": 1585579372.098561}, "device": "cpu", "nd_range": {"device_start": 2247147.430996506, "device_end": 2247147.555355627}, "cmdq": 3, "read": {"device_start": -1, "device_end": -1}}, "softmax23": {"write": {"device_start": -1, "host_queued_start": 1585579372.076188, "device_queued": -1, "device_end": -1, "host_queued_end": 1585579372.098561}, "device": "cpu", "nd_range": {"device_start": 2247147.0572218862, "device_end": 2247147.064772143}, "cmdq": 2, "read": {"device_start": -1, "device_end": -1}}, "FFC_sans_bias37": {"write": {"device_start": -1, "host_queued_start": 1585579372.057955, "device_queued": -1, "device_end": -1, "host_queued_end": 1585579372.098561}, "device": "cpu", "nd_range": {"device_start": 2247146.6567592793, "device_end": 2247146.7791310623}, "cmdq": 3, "read": {"device_start": -1, "device_end": -1}}, "empty62": {"write": {"device_start": 1585579306.7779367, "host_queued_start": 1585579371.955289, "device_queued": 1585579306.777572, "device_end": 1585579306.7780375, "host_queued_end": 1585579371.987241}, "device": "gpu", "nd_range": {"device_start": 1585579306.7780437, "device_end": 1585579306.7780478}, "cmdq": 0, "read": {"device_start": -1, "device_end": -1}}, "FFC_sans_bias70": {"write": {"device_start": 1585579306.8225534, "host_queued_start": 1585579371.987132, "device_queued": 1585579306.7806973, "device_end": 1585579306.822703, "host_queued_end": 1585579371.987241}, "device": "gpu", "nd_range": {"device_start": 1585579306.8227487, "device_end": 1585579306.8262465}, "cmdq": 0, "read": {"device_start": 1585579306.8262515, "device_end": 1585579306.8263738}}, "FFC_sans_bias58": {"write": {"device_start": -1, "host_queued_start": 1585579371.97896, "device_queued": -1, "device_end": -1, "host_queued_end": 1585579371.987241}, "device": "gpu", "nd_range": {"device_start": 1585579306.801873, "device_end": 1585579306.8058057}, "cmdq": 0, "read": {"device_start": -1, "device_end": -1}}, "softmax41": {"write": {"device_start": -1, "host_queued_start": 1585579372.076745, "device_queued": -1, "device_end": -1, "host_queued_end": 1585579372.098561}, "device": "cpu", "nd_range": {"device_start": 2247147.1180462283, "device_end": 2247147.11898707}, "cmdq": 0, "read": {"device_start": -1, "device_end": -1}}, "FFC_sans_bias11": {"write": {"device_start": -1, "host_queued_start": 1585579372.026548, "device_queued": -1, "device_end": -1, "host_queued_end": 1585579372.098561}, "device": "cpu", "nd_range": {"device_start": 2247146.411021078, "device_end": 2247146.533487027}, "cmdq": 3, "read": {"device_start": -1, "device_end": -1}}, "FFC_sans_bias10": {"write": {"device_start": -1, "host_queued_start": 1585579372.023178, "device_queued": -1, "device_end": -1, "host_queued_end": 1585579372.098561}, "device": "cpu", "nd_range": {"device_start": 2247146.410285883, "device_end": 2247146.532234765}, "cmdq": 2, "read": {"device_start": -1, "device_end": -1}}, "coalesced_transpose3": {"write": {"device_start": -1, "host_queued_start": 1585579372.071436, "device_queued": -1, "device_end": -1, "host_queued_end": 1585579372.098561}, "device": "cpu", "nd_range": {"device_start": 2247146.810220223, "device_end": 2247146.813865548}, "cmdq": 0, "read": {"device_start": -1, "device_end": -1}}, "FFC_sans_bias34": {"write": {"device_start": -1, "host_queued_start": 1585579372.092053, "device_queued": -1, "device_end": -1, "host_queued_end": 1585579372.098561}, "device": "cpu", "nd_range": {"device_start": 2247147.5553846452, "device_end": 2247147.624804445}, "cmdq": 3, "read": {"device_start": -1, "device_end": -1}}, "FFC_sans_bias15": {"write": {"device_start": -1, "host_queued_start": 1585579372.077743, "device_queued": -1, "device_end": -1, "host_queued_end": 1585579372.098561}, "device": "cpu", "nd_range": {"device_start": 2247147.266230428, "device_end": 2247147.430769713}, "cmdq": 3, "read": {"device_start": -1, "device_end": -1}}, "FFC_sans_bias31": {"write": {"device_start": -1, "host_queued_start": 1585579372.074628, "device_queued": -1, "device_end": -1, "host_queued_end": 1585579372.098561}, "device": "cpu", "nd_range": {"device_start": 2247147.0071110963, "device_end": 2247147.1291870982}, "cmdq": 1, "read": {"device_start": -1, "device_end": -1}}, "FFC_sans_bias16": {"write": {"device_start": -1, "host_queued_start": 1585579372.085593, "device_queued": -1, "device_end": -1, "host_queued_end": 1585579372.098561}, "device": "cpu", "nd_range": {"device_start": 2247147.440414452, "device_end": 2247147.556157824}, "cmdq": 1, "read": {"device_start": -1, "device_end": -1}}, "FFC_sans_bias19": {"write": {"device_start": -1, "host_queued_start": 1585579372.03379, "device_queued": -1, "device_end": -1, "host_queued_end": 1585579372.098561}, "device": "cpu", "nd_range": {"device_start": 2247146.52466722, "device_end": 2247146.7684052293}, "cmdq": 1, "read": {"device_start": -1, "device_end": -1}}, "FFC_sans_bias18": {"write": {"device_start": -1, "host_queued_start": 1585579372.030098, "device_queued": -1, "device_end": -1, "host_queued_end": 1585579372.098561}, "device": "cpu", "nd_range": {"device_start": 2247146.4179599863, "device_end": 2247146.547610023}, "cmdq": 0, "read": {"device_start": -1, "device_end": -1}}, "coalesced_transpose30": {"write": {"device_start": -1, "host_queued_start": 1585579372.072442, "device_queued": -1, "device_end": -1, "host_queued_end": 1585579372.098561}, "device": "cpu", "nd_range": {"device_start": 2247146.892301454, "device_end": 2247146.893383429}, "cmdq": 3, "read": {"device_start": -1, "device_end": -1}}, "FFC_sans_bias69": {"write": {"device_start": -1, "host_queued_start": 1585579371.980626, "device_queued": -1, "device_end": -1, "host_queued_end": 1585579371.987241}, "device": "gpu", "nd_range": {"device_start": 1585579306.8138578, "device_end": 1585579306.8173761}, "cmdq": 0, "read": {"device_start": -1, "device_end": -1}}, "FFC_sans_bias38": {"write": {"device_start": -1, "host_queued_start": 1585579372.061223, "device_queued": -1, "device_end": -1, "host_queued_end": 1585579372.098561}, "device": "cpu", "nd_range": {"device_start": 2247146.6791176773, "device_end": 2247146.810189893}, "cmdq": 0, "read": {"device_start": -1, "device_end": -1}}, "coalesced_transpose57": {"write": {"device_start": -1, "host_queued_start": 1585579371.978313, "device_queued": -1, "device_end": -1, "host_queued_end": 1585579371.987241}, "device": "gpu", "nd_range": {"device_start": 1585579306.8018346, "device_end": 1585579306.8018517}, "cmdq": 0, "read": {"device_start": -1, "device_end": -1}}, "empty26": {"write": {"device_start": -1, "host_queued_start": 1585579371.99671, "device_queued": -1, "device_end": -1, "host_queued_end": 1585579372.098561}, "device": "cpu", "nd_range": {"device_start": 2247146.288186003, "device_end": 2247146.2881925353}, "cmdq": 2, "read": {"device_start": -1, "device_end": -1}}, "coalesced_transpose12": {"write": {"device_start": -1, "host_queued_start": 1585579372.071773, "device_queued": -1, "device_end": -1, "host_queued_end": 1585579372.098561}, "device": "cpu", "nd_range": {"device_start": 2247147.004886771, "device_end": 2247147.005988434}, "cmdq": 1, "read": {"device_start": -1, "device_end": -1}}, "empty44": {"write": {"device_start": -1, "host_queued_start": 1585579372.003177, "device_queued": -1, "device_end": -1, "host_queued_end": 1585579372.098561}, "device": "cpu", "nd_range": {"device_start": 2247146.288227577, "device_end": 2247146.288228635}, "cmdq": 0, "read": {"device_start": -1, "device_end": -1}}, "coalesced_transpose21": {"write": {"device_start": -1, "host_queued_start": 1585579372.072109, "device_queued": -1, "device_end": -1, "host_queued_end": 1585579372.098561}, "device": "cpu", "nd_range": {"device_start": 2247146.8790697893, "device_end": 2247146.8801756604}, "cmdq": 2, "read": {"device_start": -1, "device_end": -1}}, "FFC_sans_bias36": {"write": {"device_start": -1, "host_queued_start": 1585579372.0544, "device_queued": -1, "device_end": -1, "host_queued_end": 1585579372.098561}, "device": "cpu", "nd_range": {"device_start": 2247146.6543599092, "device_end": 2247146.7762101023}, "cmdq": 2, "read": {"device_start": -1, "device_end": -1}}, "softmax14": {"write": {"device_start": -1, "host_queued_start": 1585579372.075907, "device_queued": -1, "device_end": -1, "host_queued_end": 1585579372.098561}, "device": "cpu", "nd_range": {"device_start": 2247147.129360556, "device_end": 2247147.1302901963}, "cmdq": 1, "read": {"device_start": -1, "device_end": -1}}, "FFC_sans_bias13": {"write": {"device_start": -1, "host_queued_start": 1585579372.073932, "device_queued": -1, "device_end": -1, "host_queued_end": 1585579372.098561}, "device": "cpu", "nd_range": {"device_start": 2247147.028356642, "device_end": 2247147.126130489}, "cmdq": 3, "read": {"device_start": -1, "device_end": -1}}, "empty8": {"write": {"device_start": -1, "host_queued_start": 1585579371.991017, "device_queued": -1, "device_end": -1, "host_queued_end": 1585579372.098561}, "device": "cpu", "nd_range": {"device_start": 2247146.2882160363, "device_end": 2247146.288217133}, "cmdq": 0, "read": {"device_start": -1, "device_end": -1}}, "FFC_sans_bias42": {"write": {"device_start": -1, "host_queued_start": 1585579372.078786, "device_queued": -1, "device_end": -1, "host_queued_end": 1585579372.098561}, "device": "cpu", "nd_range": {"device_start": 2247147.2080257554, "device_end": 2247147.3754910673}, "cmdq": 2, "read": {"device_start": -1, "device_end": -1}}, "FFC_sans_bias43": {"write": {"device_start": -1, "host_queued_start": 1585579372.095274, "device_queued": -1, "device_end": -1, "host_queued_end": 1585579372.098561}, "device": "cpu", "nd_range": {"device_start": 2247147.3797544544, "device_end": 2247147.5253011934}, "cmdq": 0, "read": {"device_start": -1, "device_end": -1}}, "FFC_sans_bias40": {"write": {"device_start": -1, "host_queued_start": 1585579372.074977, "device_queued": -1, "device_end": -1, "host_queued_end": 1585579372.098561}, "device": "cpu", "nd_range": {"device_start": 2247146.994702162, "device_end": 2247147.0572010423}, "cmdq": 2, "read": {"device_start": -1, "device_end": -1}}, "softmax32": {"write": {"device_start": -1, "host_queued_start": 1585579372.076474, "device_queued": -1, "device_end": -1, "host_queued_end": 1585579372.098561}, "device": "cpu", "nd_range": {"device_start": 2247147.2651620153, "device_end": 2247147.266089436}, "cmdq": 3, "read": {"device_start": -1, "device_end": -1}}, "FFC_sans_bias47": {"write": {"device_start": -1, "host_queued_start": 1585579372.071079, "device_queued": -1, "device_end": -1, "host_queued_end": 1585579372.098561}, "device": "cpu", "nd_range": {"device_start": 2247146.779321323, "device_end": 2247146.892096212}, "cmdq": 3, "read": {"device_start": -1, "device_end": -1}}, "FFC_sans_bias45": {"write": {"device_start": -1, "host_queued_start": 1585579372.064508, "device_queued": -1, "device_end": -1, "host_queued_end": 1585579372.098561}, "device": "cpu", "nd_range": {"device_start": 2247146.914365399, "device_end": 2247147.0048752613}, "cmdq": 1, "read": {"device_start": -1, "device_end": -1}}, "softmax50": {"write": {"device_start": -1, "host_queued_start": 1585579372.077023, "device_queued": -1, "device_end": -1, "host_queued_end": 1585579372.098561}, "device": "cpu", "nd_range": {"device_start": 2247147.3222958674, "device_end": 2247147.323238483}, "cmdq": 1, "read": {"device_start": -1, "device_end": -1}}, "FFC_sans_bias33": {"write": {"device_start": -1, "host_queued_start": 1585579372.078431, "device_queued": -1, "device_end": -1, "host_queued_end": 1585579372.098561}, "device": "cpu", "nd_range": {"device_start": 2247147.323260773, "device_end": 2247147.440398585}, "cmdq": 1, "read": {"device_start": -1, "device_end": -1}}, "FFC_sans_bias63": {"write": {"device_start": 1585579306.7981198, "host_queued_start": 1585579371.977965, "device_queued": 1585579306.779379, "device_end": 1585579306.798274, "host_queued_end": 1585579371.987241}, "device": "gpu", "nd_range": {"device_start": 1585579306.7983184, "device_end": 1585579306.8018336}, "cmdq": 0, "read": {"device_start": -1, "device_end": -1}}, "FFC_sans_bias49": {"write": {"device_start": -1, "host_queued_start": 1585579372.075327, "device_queued": -1, "device_end": -1, "host_queued_end": 1585579372.098561}, "device": "cpu", "nd_range": {"device_start": 2247147.126318783, "device_end": 2247147.26496003}, "cmdq": 3, "read": {"device_start": -1, "device_end": -1}}, "FFC_sans_bias64": {"write": {"device_start": 1585579306.7901437, "host_queued_start": 1585579371.971371, "device_queued": 1585579306.7789216, "device_end": 1585579306.7902431, "host_queued_end": 1585579371.987241}, "device": "gpu", "nd_range": {"device_start": 1585579306.790249, "device_end": 1585579306.793808}, "cmdq": 0, "read": {"device_start": -1, "device_end": -1}}, "FFC_sans_bias65": {"write": {"device_start": 1585579306.794118, "host_queued_start": 1585579371.974668, "device_queued": 1585579306.7791576, "device_end": 1585579306.79426, "host_queued_end": 1585579371.987241}, "device": "gpu", "nd_range": {"device_start": 1585579306.794265, "device_end": 1585579306.7977057}, "cmdq": 0, "read": {"device_start": -1, "device_end": -1}}, "FFC_sans_bias67": {"write": {"device_start": -1, "host_queued_start": 1585579371.97948, "device_queued": -1, "device_end": -1, "host_queued_end": 1585579371.987241}, "device": "gpu", "nd_range": {"device_start": 1585579306.8058066, "device_end": 1585579306.8093238}, "cmdq": 0, "read": {"device_start": -1, "device_end": -1}}, "FFC_sans_bias24": {"write": {"device_start": -1, "host_queued_start": 1585579372.078087, "device_queued": -1, "device_end": -1, "host_queued_end": 1585579372.098561}, "device": "cpu", "nd_range": {"device_start": 2247147.119214422, "device_end": 2247147.251685461}, "cmdq": 0, "read": {"device_start": -1, "device_end": -1}}, "FFC_sans_bias25": {"write": {"device_start": -1, "host_queued_start": 1585579372.08883, "device_queued": -1, "device_end": -1, "host_queued_end": 1585579372.098561}, "device": "cpu", "nd_range": {"device_start": 2247147.375511288, "device_end": 2247147.5043647704}, "cmdq": 2, "read": {"device_start": -1, "device_end": -1}}, "FFC_sans_bias27": {"write": {"device_start": -1, "host_queued_start": 1585579372.041754, "device_queued": -1, "device_end": -1, "host_queued_end": 1585579372.098561}, "device": "cpu", "nd_range": {"device_start": 2247146.533497509, "device_end": 2247146.656743812}, "cmdq": 3, "read": {"device_start": -1, "device_end": -1}}, "FFC_sans_bias20": {"write": {"device_start": -1, "host_queued_start": 1585579372.037836, "device_queued": -1, "device_end": -1, "host_queued_end": 1585579372.098561}, "device": "cpu", "nd_range": {"device_start": 2247146.5322510893, "device_end": 2247146.654340793}, "cmdq": 2, "read": {"device_start": -1, "device_end": -1}}, "FFC_sans_bias22": {"write": {"device_start": -1, "host_queued_start": 1585579372.074277, "device_queued": -1, "device_end": -1, "host_queued_end": 1585579372.098561}, "device": "cpu", "nd_range": {"device_start": 2247146.882357514, "device_end": 2247146.95496003}, "cmdq": 0, "read": {"device_start": -1, "device_end": -1}}, "softmax68": {"write": {"device_start": -1, "host_queued_start": 1585579371.979998, "device_queued": -1, "device_end": -1, "host_queued_end": 1585579371.987241}, "device": "gpu", "nd_range": {"device_start": 1585579306.809827, "device_end": 1585579306.8102486}, "cmdq": 0, "read": {"device_start": -1, "device_end": -1}}, "softmax5": {"write": {"device_start": -1, "host_queued_start": 1585579372.075625, "device_queued": -1, "device_end": -1, "host_queued_end": 1585579372.098561}, "device": "cpu", "nd_range": {"device_start": 2247146.995196662, "device_end": 2247146.996157296}, "cmdq": 0, "read": {"device_start": -1, "device_end": -1}}, "FFC_sans_bias28": {"write": {"device_start": -1, "host_queued_start": 1585579372.046067, "device_queued": -1, "device_end": -1, "host_queued_end": 1585579372.098561}, "device": "cpu", "nd_range": {"device_start": 2247146.54782212, "device_end": 2247146.678903363}, "cmdq": 0, "read": {"device_start": -1, "device_end": -1}}, "FFC_sans_bias29": {"write": {"device_start": -1, "host_queued_start": 1585579372.0504, "device_queued": -1, "device_end": -1, "host_queued_end": 1585579372.098561}, "device": "cpu", "nd_range": {"device_start": 2247146.768429732, "device_end": 2247146.9143481962}, "cmdq": 1, "read": {"device_start": -1, "device_end": -1}}, "empty17": {"write": {"device_start": -1, "host_queued_start": 1585579371.993778, "device_queued": -1, "device_end": -1, "host_queued_end": 1585579372.098561}, "device": "cpu", "nd_range": {"device_start": 2247146.2881797543, "device_end": 2247146.2881925283}, "cmdq": 1, "read": {"device_start": -1, "device_end": -1}}, "softmax59": {"write": {"device_start": -1, "host_queued_start": 1585579371.979752, "device_queued": -1, "device_end": -1, "host_queued_end": 1585579371.987241}, "device": "gpu", "nd_range": {"device_start": 1585579306.809325, "device_end": 1585579306.8098261}, "cmdq": 0, "read": {"device_start": -1, "device_end": -1}}, "empty71": {"write": {"device_start": 1585579306.7783916, "host_queued_start": 1585579371.958724, "device_queued": 1585579306.7778516, "device_end": 1585579306.7784867, "host_queued_end": 1585579371.987241}, "device": "gpu", "nd_range": {"device_start": 1585579306.7784925, "device_end": 1585579306.7784956}, "cmdq": 0, "read": {"device_start": -1, "device_end": -1}}, "empty35": {"write": {"device_start": -1, "host_queued_start": 1585579371.999395, "device_queued": -1, "device_end": -1, "host_queued_end": 1585579372.098561}, "device": "cpu", "nd_range": {"device_start": 2247146.288240977, "device_end": 2247146.288245675}, "cmdq": 3, "read": {"device_start": -1, "device_end": -1}}, "empty53": {"write": {"device_start": -1, "host_queued_start": 1585579372.006707, "device_queued": -1, "device_end": -1, "host_queued_end": 1585579372.098561}, "device": "cpu", "nd_range": {"device_start": 2247146.288217454, "device_end": 2247146.288218844}, "cmdq": 1, "read": {"device_start": -1, "device_end": -1}}, "FFC_sans_bias46": {"write": {"device_start": -1, "host_queued_start": 1585579372.067792, "device_queued": -1, "device_end": -1, "host_queued_end": 1585579372.098561}, "device": "cpu", "nd_range": {"device_start": 2247146.776224142, "device_end": 2247146.8788404763}, "cmdq": 2, "read": {"device_start": -1, "device_end": -1}}, "coalesced_transpose66": {"write": {"device_start": -1, "host_queued_start": 1585579371.978641, "device_queued": -1, "device_end": -1, "host_queued_end": 1585579371.987241}, "device": "gpu", "nd_range": {"device_start": 1585579306.8018527, "device_end": 1585579306.801872}, "cmdq": 0, "read": {"device_start": -1, "device_end": -1}}, "coalesced_transpose48": {"write": {"device_start": -1, "host_queued_start": 1585579372.073188, "device_queued": -1, "device_end": -1, "host_queued_end": 1585579372.098561}, "device": "cpu", "nd_range": {"device_start": 2247147.006002944, "device_end": 2247147.0071018613}, "cmdq": 1, "read": {"device_start": -1, "device_end": -1}}}