{"FFC_sans_bias60": {"write": {"device_start": -1, "host_queued_start": 1585579438.588566, "device_queued": -1, "device_end": -1, "host_queued_end": 1585579438.595529}, "device": "gpu", "nd_range": {"device_start": 1585579373.4120378, "device_end": 1585579373.4185503}, "cmdq": 0, "read": {"device_start": -1, "device_end": -1}}, "FFC_sans_bias4": {"write": {"device_start": -1, "host_queued_start": 1585579438.674699, "device_queued": -1, "device_end": -1, "host_queued_end": 1585579438.699751}, "device": "cpu", "nd_range": {"device_start": 2247213.662332382, "device_end": 2247213.707680941}, "cmdq": 0, "read": {"device_start": -1, "device_end": -1}}, "FFC_sans_bias7": {"write": {"device_start": -1, "host_queued_start": 1585579438.683564, "device_queued": -1, "device_end": -1, "host_queued_end": 1585579438.699751}, "device": "cpu", "nd_range": {"device_start": 2247214.173786736, "device_end": 2247214.225783177}, "cmdq": 0, "read": {"device_start": -1, "device_end": -1}}, "FFC_sans_bias6": {"write": {"device_start": -1, "host_queued_start": 1585579438.678431, "device_queued": -1, "device_end": -1, "host_queued_end": 1585579438.699751}, "device": "cpu", "nd_range": {"device_start": 2247213.92040023, "device_end": 2247213.962014419}, "cmdq": 0, "read": {"device_start": -1, "device_end": -1}}, "FFC_sans_bias1": {"write": {"device_start": -1, "host_queued_start": 1585579438.619119, "device_queued": -1, "device_end": -1, "host_queued_end": 1585579438.699751}, "device": "cpu", "nd_range": {"device_start": 2247212.931868678, "device_end": 2247212.9739711503}, "cmdq": 0, "read": {"device_start": -1, "device_end": -1}}, "FFC_sans_bias0": {"write": {"device_start": -1, "host_queued_start": 1585579438.615812, "device_queued": -1, "device_end": -1, "host_queued_end": 1585579438.699751}, "device": "cpu", "nd_range": {"device_start": 2247212.889430519, "device_end": 2247212.9316963824}, "cmdq": 0, "read": {"device_start": -1, "device_end": -1}}, "FFC_sans_bias2": {"write": {"device_start": -1, "host_queued_start": 1585579438.622408, "device_queued": -1, "device_end": -1, "host_queued_end": 1585579438.699751}, "device": "cpu", "nd_range": {"device_start": 2247212.97398569, "device_end": 2247213.015797609}, "cmdq": 0, "read": {"device_start": -1, "device_end": -1}}, "FFC_sans_bias61": {"write": {"device_start": 1585579373.4189062, "host_queued_start": 1585579438.592109, "device_queued": 1585579373.3874202, "device_end": 1585579373.4190054, "host_queued_end": 1585579438.595529}, "device": "gpu", "nd_range": {"device_start": 1585579373.419009, "device_end": 1585579373.424986}, "cmdq": 0, "read": {"device_start": 1585579373.4249911, "device_end": 1585579373.425081}}, "FFC_sans_bias52": {"write": {"device_start": -1, "host_queued_start": 1585579438.699697, "device_queued": -1, "device_end": -1, "host_queued_end": 1585579438.699751}, "device": "cpu", "nd_range": {"device_start": 2247214.394434131, "device_end": 2247214.437316257}, "cmdq": 0, "read": {"device_start": -1, "device_end": -1}}, "FFC_sans_bias9": {"write": {"device_start": -1, "host_queued_start": 1585579438.625758, "device_queued": -1, "device_end": -1, "host_queued_end": 1585579438.699751}, "device": "cpu", "nd_range": {"device_start": 2247213.0158213633, "device_end": 2247213.0583737763}, "cmdq": 0, "read": {"device_start": -1, "device_end": -1}}, "coalesced_transpose39": {"write": {"device_start": -1, "host_queued_start": 1585579438.673948, "device_queued": -1, "device_end": -1, "host_queued_end": 1585579438.699751}, "device": "cpu", "nd_range": {"device_start": 2247213.6613685153, "device_end": 2247213.661824115}, "cmdq": 0, "read": {"device_start": -1, "device_end": -1}}, "FFC_sans_bias55": {"write": {"device_start": 1585579373.388954, "host_queued_start": 1585579438.576346, "device_queued": 1585579373.3856208, "device_end": 1585579373.3890545, "host_queued_end": 1585579438.595529}, "device": "gpu", "nd_range": {"device_start": 1585579373.3890588, "device_end": 1585579373.395254}, "cmdq": 0, "read": {"device_start": -1, "device_end": -1}}, "FFC_sans_bias54": {"write": {"device_start": 1585579373.3855138, "host_queued_start": 1585579438.573045, "device_queued": 1585579373.3852472, "device_end": 1585579373.3856096, "host_queued_end": 1585579438.595529}, "device": "gpu", "nd_range": {"device_start": 1585579373.3856137, "device_end": 1585579373.391966}, "cmdq": 1, "read": {"device_start": -1, "device_end": -1}}, "FFC_sans_bias56": {"write": {"device_start": 1585579373.3851402, "host_queued_start": 1585579438.569741, "device_queued": 1585579373.384688, "device_end": 1585579373.3852365, "host_queued_end": 1585579438.595529}, "device": "gpu", "nd_range": {"device_start": 1585579373.3852453, "device_end": 1585579373.3886077}, "cmdq": 0, "read": {"device_start": -1, "device_end": -1}}, "FFC_sans_bias51": {"write": {"device_start": -1, "host_queued_start": 1585579438.680313, "device_queued": -1, "device_end": -1, "host_queued_end": 1585579438.699751}, "device": "cpu", "nd_range": {"device_start": 2247214.1318050353, "device_end": 2247214.173766904}, "cmdq": 0, "read": {"device_start": -1, "device_end": -1}}, "softmax23": {"write": {"device_start": -1, "host_queued_start": 1585579438.677262, "device_queued": -1, "device_end": -1, "host_queued_end": 1585579438.699751}, "device": "cpu", "nd_range": {"device_start": 2247213.918296025, "device_end": 2247213.9187640604}, "cmdq": 0, "read": {"device_start": -1, "device_end": -1}}, "FFC_sans_bias37": {"write": {"device_start": -1, "host_queued_start": 1585579438.659086, "device_queued": -1, "device_end": -1, "host_queued_end": 1585579438.699751}, "device": "cpu", "nd_range": {"device_start": 2247213.4488966214, "device_end": 2247213.490325298}, "cmdq": 0, "read": {"device_start": -1, "device_end": -1}}, "empty62": {"write": {"device_start": 1585579373.3844583, "host_queued_start": 1585579438.563547, "device_queued": 1585579373.384101, "device_end": 1585579373.3846648, "host_queued_end": 1585579438.595529}, "device": "gpu", "nd_range": {"device_start": 1585579373.384678, "device_end": 1585579373.3846843}, "cmdq": 0, "read": {"device_start": -1, "device_end": -1}}, "FFC_sans_bias70": {"write": {"device_start": 1585579373.4156013, "host_queued_start": 1585579438.595422, "device_queued": 1585579373.3876605, "device_end": 1585579373.4157007, "host_queued_end": 1585579438.595529}, "device": "gpu", "nd_range": {"device_start": 1585579373.415704, "device_end": 1585579373.421818}, "cmdq": 1, "read": {"device_start": 1585579373.421827, "device_end": 1585579373.4219184}}, "FFC_sans_bias58": {"write": {"device_start": -1, "host_queued_start": 1585579438.58741, "device_queued": -1, "device_end": -1, "host_queued_end": 1585579438.595529}, "device": "gpu", "nd_range": {"device_start": 1585579373.40477, "device_end": 1585579373.4082122}, "cmdq": 0, "read": {"device_start": -1, "device_end": -1}}, "softmax41": {"write": {"device_start": -1, "host_queued_start": 1585579438.677813, "device_queued": -1, "device_end": -1, "host_queued_end": 1585579438.699751}, "device": "cpu", "nd_range": {"device_start": 2247213.9193612724, "device_end": 2247213.919747406}, "cmdq": 0, "read": {"device_start": -1, "device_end": -1}}, "FFC_sans_bias11": {"write": {"device_start": -1, "host_queued_start": 1585579438.632554, "device_queued": -1, "device_end": -1, "host_queued_end": 1585579438.699751}, "device": "cpu", "nd_range": {"device_start": 2247213.100189473, "device_end": 2247213.1420770762}, "cmdq": 0, "read": {"device_start": -1, "device_end": -1}}, "FFC_sans_bias10": {"write": {"device_start": -1, "host_queued_start": 1585579438.629176, "device_queued": -1, "device_end": -1, "host_queued_end": 1585579438.699751}, "device": "cpu", "nd_range": {"device_start": 2247213.058397034, "device_end": 2247213.1001730743}, "cmdq": 0, "read": {"device_start": -1, "device_end": -1}}, "coalesced_transpose3": {"write": {"device_start": -1, "host_queued_start": 1585579438.672612, "device_queued": -1, "device_end": -1, "host_queued_end": 1585579438.699751}, "device": "cpu", "nd_range": {"device_start": 2247213.659297442, "device_end": 2247213.659843972}, "cmdq": 0, "read": {"device_start": -1, "device_end": -1}}, "FFC_sans_bias34": {"write": {"device_start": -1, "host_queued_start": 1585579438.693237, "device_queued": -1, "device_end": -1, "host_queued_end": 1585579438.699751}, "device": "cpu", "nd_range": {"device_start": 2247214.3090247354, "device_end": 2247214.352324795}, "cmdq": 0, "read": {"device_start": -1, "device_end": -1}}, "FFC_sans_bias15": {"write": {"device_start": -1, "host_queued_start": 1585579438.678825, "device_queued": -1, "device_end": -1, "host_queued_end": 1585579438.699751}, "device": "cpu", "nd_range": {"device_start": 2247213.9620389803, "device_end": 2247214.003915599}, "cmdq": 0, "read": {"device_start": -1, "device_end": -1}}, "FFC_sans_bias31": {"write": {"device_start": -1, "host_queued_start": 1585579438.675739, "device_queued": -1, "device_end": -1, "host_queued_end": 1585579438.699751}, "device": "cpu", "nd_range": {"device_start": 2247213.791607935, "device_end": 2247213.833018355}, "cmdq": 0, "read": {"device_start": -1, "device_end": -1}}, "FFC_sans_bias16": {"write": {"device_start": -1, "host_queued_start": 1585579438.686796, "device_queued": -1, "device_end": -1, "host_queued_end": 1585579438.699751}, "device": "cpu", "nd_range": {"device_start": 2247214.225811216, "device_end": 2247214.2699324694}, "cmdq": 0, "read": {"device_start": -1, "device_end": -1}}, "FFC_sans_bias19": {"write": {"device_start": -1, "host_queued_start": 1585579438.639265, "device_queued": -1, "device_end": -1, "host_queued_end": 1585579438.699751}, "device": "cpu", "nd_range": {"device_start": 2247213.183682605, "device_end": 2247213.237798178}, "cmdq": 0, "read": {"device_start": -1, "device_end": -1}}, "FFC_sans_bias18": {"write": {"device_start": -1, "host_queued_start": 1585579438.635914, "device_queued": -1, "device_end": -1, "host_queued_end": 1585579438.699751}, "device": "cpu", "nd_range": {"device_start": 2247213.142097669, "device_end": 2247213.1836596993}, "cmdq": 0, "read": {"device_start": -1, "device_end": -1}}, "coalesced_transpose30": {"write": {"device_start": -1, "host_queued_start": 1585579438.673617, "device_queued": -1, "device_end": -1, "host_queued_end": 1585579438.699751}, "device": "cpu", "nd_range": {"device_start": 2247213.66090674, "device_end": 2247213.661360716}, "cmdq": 0, "read": {"device_start": -1, "device_end": -1}}, "FFC_sans_bias69": {"write": {"device_start": -1, "host_queued_start": 1585579438.588884, "device_queued": -1, "device_end": -1, "host_queued_end": 1585579438.595529}, "device": "gpu", "nd_range": {"device_start": 1585579373.4118671, "device_end": 1585579373.4152398}, "cmdq": 1, "read": {"device_start": -1, "device_end": -1}}, "FFC_sans_bias38": {"write": {"device_start": -1, "host_queued_start": 1585579438.662387, "device_queued": -1, "device_end": -1, "host_queued_end": 1585579438.699751}, "device": "cpu", "nd_range": {"device_start": 2247213.490344562, "device_end": 2247213.532591298}, "cmdq": 0, "read": {"device_start": -1, "device_end": -1}}, "coalesced_transpose57": {"write": {"device_start": -1, "host_queued_start": 1585579438.586606, "device_queued": -1, "device_end": -1, "host_queued_end": 1585579438.595529}, "device": "gpu", "nd_range": {"device_start": 1585579373.4016912, "device_end": 1585579373.404769}, "cmdq": 0, "read": {"device_start": -1, "device_end": -1}}, "empty26": {"write": {"device_start": -1, "host_queued_start": 1585579438.604847, "device_queued": -1, "device_end": -1, "host_queued_end": 1585579438.699751}, "device": "cpu", "nd_range": {"device_start": 2247212.889407429, "device_end": 2247212.8894083314}, "cmdq": 0, "read": {"device_start": -1, "device_end": -1}}, "coalesced_transpose12": {"write": {"device_start": -1, "host_queued_start": 1585579438.672954, "device_queued": -1, "device_end": -1, "host_queued_end": 1585579438.699751}, "device": "cpu", "nd_range": {"device_start": 2247213.659858332, "device_end": 2247213.660379813}, "cmdq": 0, "read": {"device_start": -1, "device_end": -1}}, "empty44": {"write": {"device_start": -1, "host_queued_start": 1585579438.610327, "device_queued": -1, "device_end": -1, "host_queued_end": 1585579438.699751}, "device": "cpu", "nd_range": {"device_start": 2247212.8894188763, "device_end": 2247212.889419549}, "cmdq": 0, "read": {"device_start": -1, "device_end": -1}}, "coalesced_transpose21": {"write": {"device_start": -1, "host_queued_start": 1585579438.673284, "device_queued": -1, "device_end": -1, "host_queued_end": 1585579438.699751}, "device": "cpu", "nd_range": {"device_start": 2247213.6603917703, "device_end": 2247213.660899932}, "cmdq": 0, "read": {"device_start": -1, "device_end": -1}}, "FFC_sans_bias36": {"write": {"device_start": -1, "host_queued_start": 1585579438.65578, "device_queued": -1, "device_end": -1, "host_queued_end": 1585579438.699751}, "device": "cpu", "nd_range": {"device_start": 2247213.406295121, "device_end": 2247213.4488846473}, "cmdq": 0, "read": {"device_start": -1, "device_end": -1}}, "softmax14": {"write": {"device_start": -1, "host_queued_start": 1585579438.67699, "device_queued": -1, "device_end": -1, "host_queued_end": 1585579438.699751}, "device": "cpu", "nd_range": {"device_start": 2247213.9178452753, "device_end": 2247213.918287145}, "cmdq": 0, "read": {"device_start": -1, "device_end": -1}}, "FFC_sans_bias13": {"write": {"device_start": -1, "host_queued_start": 1585579438.675049, "device_queued": -1, "device_end": -1, "host_queued_end": 1585579438.699751}, "device": "cpu", "nd_range": {"device_start": 2247213.70769984, "device_end": 2247213.7498566573}, "cmdq": 0, "read": {"device_start": -1, "device_end": -1}}, "empty8": {"write": {"device_start": -1, "host_queued_start": 1585579438.599234, "device_queued": -1, "device_end": -1, "host_queued_end": 1585579438.699751}, "device": "cpu", "nd_range": {"device_start": 2247212.889363767, "device_end": 2247212.889377641}, "cmdq": 0, "read": {"device_start": -1, "device_end": -1}}, "FFC_sans_bias42": {"write": {"device_start": -1, "host_queued_start": 1585579438.679968, "device_queued": -1, "device_end": -1, "host_queued_end": 1585579438.699751}, "device": "cpu", "nd_range": {"device_start": 2247214.088951245, "device_end": 2247214.1317789233}, "cmdq": 0, "read": {"device_start": -1, "device_end": -1}}, "FFC_sans_bias43": {"write": {"device_start": -1, "host_queued_start": 1585579438.696456, "device_queued": -1, "device_end": -1, "host_queued_end": 1585579438.699751}, "device": "cpu", "nd_range": {"device_start": 2247214.3523377683, "device_end": 2247214.394426431}, "cmdq": 0, "read": {"device_start": -1, "device_end": -1}}, "FFC_sans_bias40": {"write": {"device_start": -1, "host_queued_start": 1585579438.676084, "device_queued": -1, "device_end": -1, "host_queued_end": 1585579438.699751}, "device": "cpu", "nd_range": {"device_start": 2247213.833030878, "device_end": 2247213.8750529513}, "cmdq": 0, "read": {"device_start": -1, "device_end": -1}}, "softmax32": {"write": {"device_start": -1, "host_queued_start": 1585579438.677536, "device_queued": -1, "device_end": -1, "host_queued_end": 1585579438.699751}, "device": "cpu", "nd_range": {"device_start": 2247213.91878378, "device_end": 2247213.919215604}, "cmdq": 0, "read": {"device_start": -1, "device_end": -1}}, "FFC_sans_bias47": {"write": {"device_start": -1, "host_queued_start": 1585579438.672262, "device_queued": -1, "device_end": -1, "host_queued_end": 1585579438.699751}, "device": "cpu", "nd_range": {"device_start": 2247213.61694687, "device_end": 2247213.659287108}, "cmdq": 0, "read": {"device_start": -1, "device_end": -1}}, "FFC_sans_bias45": {"write": {"device_start": -1, "host_queued_start": 1585579438.665671, "device_queued": -1, "device_end": -1, "host_queued_end": 1585579438.699751}, "device": "cpu", "nd_range": {"device_start": 2247213.532608598, "device_end": 2247213.5746605443}, "cmdq": 0, "read": {"device_start": -1, "device_end": -1}}, "softmax50": {"write": {"device_start": -1, "host_queued_start": 1585579438.678086, "device_queued": -1, "device_end": -1, "host_queued_end": 1585579438.699751}, "device": "cpu", "nd_range": {"device_start": 2247213.9198825513, "device_end": 2247213.920258279}, "cmdq": 0, "read": {"device_start": -1, "device_end": -1}}, "FFC_sans_bias33": {"write": {"device_start": -1, "host_queued_start": 1585579438.679589, "device_queued": -1, "device_end": -1, "host_queued_end": 1585579438.699751}, "device": "cpu", "nd_range": {"device_start": 2247214.047062242, "device_end": 2247214.088925134}, "cmdq": 0, "read": {"device_start": -1, "device_end": -1}}, "FFC_sans_bias63": {"write": {"device_start": 1585579373.398768, "host_queued_start": 1585579438.586223, "device_queued": 1585579373.3863144, "device_end": 1585579373.3988664, "host_queued_end": 1585579438.595529}, "device": "gpu", "nd_range": {"device_start": 1585579373.3988695, "device_end": 1585579373.4049528}, "cmdq": 1, "read": {"device_start": -1, "device_end": -1}}, "FFC_sans_bias49": {"write": {"device_start": -1, "host_queued_start": 1585579438.676432, "device_queued": -1, "device_end": -1, "host_queued_end": 1585579438.699751}, "device": "cpu", "nd_range": {"device_start": 2247213.875072998, "device_end": 2247213.9173012143}, "cmdq": 0, "read": {"device_start": -1, "device_end": -1}}, "FFC_sans_bias64": {"write": {"device_start": 1585579373.3923042, "host_queued_start": 1585579438.579636, "device_queued": 1585579373.3858502, "device_end": 1585579373.3924153, "host_queued_end": 1585579438.595529}, "device": "gpu", "nd_range": {"device_start": 1585579373.3924193, "device_end": 1585579373.3983855}, "cmdq": 1, "read": {"device_start": -1, "device_end": -1}}, "FFC_sans_bias65": {"write": {"device_start": 1585579373.3956301, "host_queued_start": 1585579438.582961, "device_queued": 1585579373.3860826, "device_end": 1585579373.3957314, "host_queued_end": 1585579438.595529}, "device": "gpu", "nd_range": {"device_start": 1585579373.3957348, "device_end": 1585579373.4016902}, "cmdq": 0, "read": {"device_start": -1, "device_end": -1}}, "FFC_sans_bias67": {"write": {"device_start": -1, "host_queued_start": 1585579438.587755, "device_queued": -1, "device_end": -1, "host_queued_end": 1585579438.595529}, "device": "gpu", "nd_range": {"device_start": 1585579373.4080324, "device_end": 1585579373.411455}, "cmdq": 1, "read": {"device_start": -1, "device_end": -1}}, "FFC_sans_bias24": {"write": {"device_start": -1, "host_queued_start": 1585579438.679193, "device_queued": -1, "device_end": -1, "host_queued_end": 1585579438.699751}, "device": "cpu", "nd_range": {"device_start": 2247214.003938576, "device_end": 2247214.047044482}, "cmdq": 0, "read": {"device_start": -1, "device_end": -1}}, "FFC_sans_bias25": {"write": {"device_start": -1, "host_queued_start": 1585579438.690025, "device_queued": -1, "device_end": -1, "host_queued_end": 1585579438.699751}, "device": "cpu", "nd_range": {"device_start": 2247214.269941889, "device_end": 2247214.309017166}, "cmdq": 0, "read": {"device_start": -1, "device_end": -1}}, "FFC_sans_bias27": {"write": {"device_start": -1, "host_queued_start": 1585579438.645838, "device_queued": -1, "device_end": -1, "host_queued_end": 1585579438.699751}, "device": "cpu", "nd_range": {"device_start": 2247213.2797504542, "device_end": 2247213.322700669}, "cmdq": 0, "read": {"device_start": -1, "device_end": -1}}, "FFC_sans_bias20": {"write": {"device_start": -1, "host_queued_start": 1585579438.642565, "device_queued": -1, "device_end": -1, "host_queued_end": 1585579438.699751}, "device": "cpu", "nd_range": {"device_start": 2247213.237819225, "device_end": 2247213.2797301523}, "cmdq": 0, "read": {"device_start": -1, "device_end": -1}}, "FFC_sans_bias22": {"write": {"device_start": -1, "host_queued_start": 1585579438.675398, "device_queued": -1, "device_end": -1, "host_queued_end": 1585579438.699751}, "device": "cpu", "nd_range": {"device_start": 2247213.7500473503, "device_end": 2247213.791587032}, "cmdq": 0, "read": {"device_start": -1, "device_end": -1}}, "softmax68": {"write": {"device_start": -1, "host_queued_start": 1585579438.588258, "device_queued": -1, "device_end": -1, "host_queued_end": 1585579438.595529}, "device": "gpu", "nd_range": {"device_start": 1585579373.4114559, "device_end": 1585579373.4118662}, "cmdq": 1, "read": {"device_start": -1, "device_end": -1}}, "softmax5": {"write": {"device_start": -1, "host_queued_start": 1585579438.676713, "device_queued": -1, "device_end": -1, "host_queued_end": 1585579438.699751}, "device": "cpu", "nd_range": {"device_start": 2247213.917311626, "device_end": 2247213.917829941}, "cmdq": 0, "read": {"device_start": -1, "device_end": -1}}, "FFC_sans_bias28": {"write": {"device_start": -1, "host_queued_start": 1585579438.649168, "device_queued": -1, "device_end": -1, "host_queued_end": 1585579438.699751}, "device": "cpu", "nd_range": {"device_start": 2247213.322727786, "device_end": 2247213.364683391}, "cmdq": 0, "read": {"device_start": -1, "device_end": -1}}, "FFC_sans_bias29": {"write": {"device_start": -1, "host_queued_start": 1585579438.652501, "device_queued": -1, "device_end": -1, "host_queued_end": 1585579438.699751}, "device": "cpu", "nd_range": {"device_start": 2247213.36470707, "device_end": 2247213.4062691173}, "cmdq": 0, "read": {"device_start": -1, "device_end": -1}}, "empty17": {"write": {"device_start": -1, "host_queued_start": 1585579438.60209, "device_queued": -1, "device_end": -1, "host_queued_end": 1585579438.699751}, "device": "cpu", "nd_range": {"device_start": 2247212.889399412, "device_end": 2247212.88940108}, "cmdq": 0, "read": {"device_start": -1, "device_end": -1}}, "softmax59": {"write": {"device_start": -1, "host_queued_start": 1585579438.588008, "device_queued": -1, "device_end": -1, "host_queued_end": 1585579438.595529}, "device": "gpu", "nd_range": {"device_start": 1585579373.4082134, "device_end": 1585579373.4120367}, "cmdq": 0, "read": {"device_start": -1, "device_end": -1}}, "empty71": {"write": {"device_start": 1585579373.3848078, "host_queued_start": 1585579438.566913, "device_queued": 1585579373.3843853, "device_end": 1585579373.3850162, "host_queued_end": 1585579438.595529}, "device": "gpu", "nd_range": {"device_start": 1585579373.385025, "device_end": 1585579373.385029}, "cmdq": 1, "read": {"device_start": -1, "device_end": -1}}, "empty35": {"write": {"device_start": -1, "host_queued_start": 1585579438.607713, "device_queued": -1, "device_end": -1, "host_queued_end": 1585579438.699751}, "device": "cpu", "nd_range": {"device_start": 2247212.889413075, "device_end": 2247212.889413958}, "cmdq": 0, "read": {"device_start": -1, "device_end": -1}}, "empty53": {"write": {"device_start": -1, "host_queued_start": 1585579438.613036, "device_queued": -1, "device_end": -1, "host_queued_end": 1585579438.699751}, "device": "cpu", "nd_range": {"device_start": 2247212.889424254, "device_end": 2247212.889424875}, "cmdq": 0, "read": {"device_start": -1, "device_end": -1}}, "FFC_sans_bias46": {"write": {"device_start": -1, "host_queued_start": 1585579438.668989, "device_queued": -1, "device_end": -1, "host_queued_end": 1585579438.699751}, "device": "cpu", "nd_range": {"device_start": 2247213.57467994, "device_end": 2247213.6169232284}, "cmdq": 0, "read": {"device_start": -1, "device_end": -1}}, "coalesced_transpose66": {"write": {"device_start": -1, "host_queued_start": 1585579438.586933, "device_queued": -1, "device_end": -1, "host_queued_end": 1585579438.595529}, "device": "gpu", "nd_range": {"device_start": 1585579373.4049537, "device_end": 1585579373.4080312}, "cmdq": 1, "read": {"device_start": -1, "device_end": -1}}, "coalesced_transpose48": {"write": {"device_start": -1, "host_queued_start": 1585579438.674282, "device_queued": -1, "device_end": -1, "host_queued_end": 1585579438.699751}, "device": "cpu", "nd_range": {"device_start": 2247213.661830799, "device_end": 2247213.662324882}, "cmdq": 0, "read": {"device_start": -1, "device_end": -1}}}