{"FFC_sans_bias60": {"write": {"device_start": -1, "host_queued_start": 1585579956.29657, "device_queued": -1, "device_end": -1, "host_queued_end": 1585579956.319899}, "device": "gpu", "nd_range": {"device_start": 1585579891.2088072, "device_end": 1585579891.217764}, "cmdq": 4, "read": {"device_start": -1, "device_end": -1}}, "FFC_sans_bias4": {"write": {"device_start": -1, "host_queued_start": 1585579956.336472, "device_queued": -1, "device_end": -1, "host_queued_end": 1585579956.340522}, "device": "cpu", "nd_range": {"device_start": 2247730.63721207, "device_end": 2247730.6768994}, "cmdq": 1, "read": {"device_start": -1, "device_end": -1}}, "FFC_sans_bias7": {"write": {"device_start": -1, "host_queued_start": 1585579956.340468, "device_queued": -1, "device_end": -1, "host_queued_end": 1585579956.340522}, "device": "cpu", "nd_range": {"device_start": 2247730.718837459, "device_end": 2247730.760957344}, "cmdq": 0, "read": {"device_start": -1, "device_end": -1}}, "FFC_sans_bias6": {"write": {"device_start": -1, "host_queued_start": 1585579956.337091, "device_queued": -1, "device_end": -1, "host_queued_end": 1585579956.340522}, "device": "cpu", "nd_range": {"device_start": 2247730.677390668, "device_end": 2247730.718818073}, "cmdq": 1, "read": {"device_start": -1, "device_end": -1}}, "FFC_sans_bias1": {"write": {"device_start": -1, "host_queued_start": 1585579956.331968, "device_queued": -1, "device_end": -1, "host_queued_end": 1585579956.340522}, "device": "cpu", "nd_range": {"device_start": 2247730.530138506, "device_end": 2247730.6086428193}, "cmdq": 0, "read": {"device_start": -1, "device_end": -1}}, "FFC_sans_bias0": {"write": {"device_start": -1, "host_queued_start": 1585579956.328098, "device_queued": -1, "device_end": -1, "host_queued_end": 1585579956.340522}, "device": "cpu", "nd_range": {"device_start": 2247730.5301260413, "device_end": 2247730.5934790364}, "cmdq": 1, "read": {"device_start": -1, "device_end": -1}}, "FFC_sans_bias2": {"write": {"device_start": -1, "host_queued_start": 1585579956.335756, "device_queued": -1, "device_end": -1, "host_queued_end": 1585579956.340522}, "device": "cpu", "nd_range": {"device_start": 2247730.593517555, "device_end": 2247730.63718198}, "cmdq": 1, "read": {"device_start": -1, "device_end": -1}}, "FFC_sans_bias61": {"write": {"device_start": 1585579891.2283275, "host_queued_start": 1585579956.316493, "device_queued": 1585579891.1081126, "device_end": 1585579891.2284205, "host_queued_end": 1585579956.319899}, "device": "gpu", "nd_range": {"device_start": 1585579891.2284315, "device_end": 1585579891.2404711}, "cmdq": 1, "read": {"device_start": 1585579891.240474, "device_end": 1585579891.240559}}, "FFC_sans_bias52": {"write": {"device_start": 1585579891.221225, "host_queued_start": 1585579956.313205, "device_queued": 1585579891.107732, "device_end": 1585579891.221318, "host_queued_end": 1585579956.319899}, "device": "gpu", "nd_range": {"device_start": 1585579891.221331, "device_end": 1585579891.2372034}, "cmdq": 0, "read": {"device_start": 1585579891.2372108, "device_end": 1585579891.2372968}}, "FFC_sans_bias9": {"write": {"device_start": 1585579891.0972412, "host_queued_start": 1585579956.222816, "device_queued": 1585579891.0968451, "device_end": 1585579891.097491, "host_queued_end": 1585579956.319899}, "device": "gpu", "nd_range": {"device_start": 1585579891.0979002, "device_end": 1585579891.101547}, "cmdq": 2, "read": {"device_start": -1, "device_end": -1}}, "coalesced_transpose39": {"write": {"device_start": -1, "host_queued_start": 1585579956.289727, "device_queued": -1, "device_end": -1, "host_queued_end": 1585579956.319899}, "device": "gpu", "nd_range": {"device_start": 1585579891.1685789, "device_end": 1585579891.1719654}, "cmdq": 1, "read": {"device_start": -1, "device_end": -1}}, "FFC_sans_bias55": {"write": {"device_start": 1585579891.144132, "host_queued_start": 1585579956.278682, "device_queued": 1585579891.101691, "device_end": 1585579891.1442308, "host_queued_end": 1585579956.319899}, "device": "gpu", "nd_range": {"device_start": 1585579891.1442392, "device_end": 1585579891.161555}, "cmdq": 4, "read": {"device_start": -1, "device_end": -1}}, "FFC_sans_bias54": {"write": {"device_start": 1585579891.1406827, "host_queued_start": 1585579956.275428, "device_queued": 1585579891.1015036, "device_end": 1585579891.1407819, "host_queued_end": 1585579956.319899}, "device": "gpu", "nd_range": {"device_start": 1585579891.1407902, "device_end": 1585579891.1580207}, "cmdq": 3, "read": {"device_start": -1, "device_end": -1}}, "FFC_sans_bias56": {"write": {"device_start": 1585579891.1371248, "host_queued_start": 1585579956.272165, "device_queued": 1585579891.1013715, "device_end": 1585579891.1372204, "host_queued_end": 1585579956.319899}, "device": "gpu", "nd_range": {"device_start": 1585579891.1372244, "device_end": 1585579891.1544726}, "cmdq": 2, "read": {"device_start": -1, "device_end": -1}}, "FFC_sans_bias51": {"write": {"device_start": -1, "host_queued_start": 1585579956.296173, "device_queued": -1, "device_end": -1, "host_queued_end": 1585579956.319899}, "device": "gpu", "nd_range": {"device_start": 1585579891.2087953, "device_end": 1585579891.214458}, "cmdq": 3, "read": {"device_start": -1, "device_end": -1}}, "softmax23": {"write": {"device_start": -1, "host_queued_start": 1585579956.293347, "device_queued": -1, "device_end": -1, "host_queued_end": 1585579956.319899}, "device": "gpu", "nd_range": {"device_start": 1585579891.193443, "device_end": 1585579891.1980271}, "cmdq": 3, "read": {"device_start": -1, "device_end": -1}}, "FFC_sans_bias37": {"write": {"device_start": 1585579891.126145, "host_queued_start": 1585579956.255818, "device_queued": 1585579891.10014, "device_end": 1585579891.1264334, "host_queued_end": 1585579956.319899}, "device": "gpu", "nd_range": {"device_start": 1585579891.126457, "device_end": 1585579891.136887}, "cmdq": 2, "read": {"device_start": -1, "device_end": -1}}, "empty62": {"write": {"device_start": 1585579891.096621, "host_queued_start": 1585579956.217373, "device_queued": 1585579891.0963001, "device_end": 1585579891.0968218, "host_queued_end": 1585579956.319899}, "device": "gpu", "nd_range": {"device_start": 1585579891.0968332, "device_end": 1585579891.0968368}, "cmdq": 0, "read": {"device_start": -1, "device_end": -1}}, "FFC_sans_bias70": {"write": {"device_start": 1585579891.2344875, "host_queued_start": 1585579956.319789, "device_queued": 1585579891.108249, "device_end": 1585579891.2345786, "host_queued_end": 1585579956.319899}, "device": "gpu", "nd_range": {"device_start": 1585579891.234592, "device_end": 1585579891.243683}, "cmdq": 2, "read": {"device_start": 1585579891.2436898, "device_end": 1585579891.2437756}}, "FFC_sans_bias58": {"write": {"device_start": -1, "host_queued_start": 1585579956.292538, "device_queued": -1, "device_end": -1, "host_queued_end": 1585579956.319899}, "device": "gpu", "nd_range": {"device_start": 1585579891.1756692, "device_end": 1585579891.1862805}, "cmdq": 0, "read": {"device_start": -1, "device_end": -1}}, "softmax41": {"write": {"device_start": -1, "host_queued_start": 1585579956.293845, "device_queued": -1, "device_end": -1, "host_queued_end": 1585579956.319899}, "device": "gpu", "nd_range": {"device_start": 1585579891.1862924, "device_end": 1585579891.1980078}, "cmdq": 0, "read": {"device_start": -1, "device_end": -1}}, "FFC_sans_bias11": {"write": {"device_start": 1585579891.0979614, "host_queued_start": 1585579956.229614, "device_queued": 1585579891.0975077, "device_end": 1585579891.0980806, "host_queued_end": 1585579956.319899}, "device": "gpu", "nd_range": {"device_start": 1585579891.0982113, "device_end": 1585579891.1087065}, "cmdq": 4, "read": {"device_start": -1, "device_end": -1}}, "FFC_sans_bias10": {"write": {"device_start": 1585579891.0975485, "host_queued_start": 1585579956.226126, "device_queued": 1585579891.0972352, "device_end": 1585579891.097876, "host_queued_end": 1585579956.319899}, "device": "gpu", "nd_range": {"device_start": 1585579891.0981004, "device_end": 1585579891.1051514}, "cmdq": 3, "read": {"device_start": -1, "device_end": -1}}, "coalesced_transpose3": {"write": {"device_start": -1, "host_queued_start": 1585579956.336125, "device_queued": -1, "device_end": -1, "host_queued_end": 1585579956.340522}, "device": "cpu", "nd_range": {"device_start": 2247730.608846871, "device_end": 2247730.60993367}, "cmdq": 0, "read": {"device_start": -1, "device_end": -1}}, "FFC_sans_bias34": {"write": {"device_start": 1585579891.2147164, "host_queued_start": 1585579956.306688, "device_queued": 1585579891.1067245, "device_end": 1585579891.214812, "host_queued_end": 1585579956.319899}, "device": "gpu", "nd_range": {"device_start": 1585579891.2177823, "device_end": 1585579891.2274728}, "cmdq": 3, "read": {"device_start": 1585579891.2274754, "device_end": 1585579891.227565}}, "FFC_sans_bias15": {"write": {"device_start": -1, "host_queued_start": 1585579956.294923, "device_queued": -1, "device_end": -1, "host_queued_end": 1585579956.319899}, "device": "gpu", "nd_range": {"device_start": 1585579891.1980429, "device_end": 1585579891.2014022}, "cmdq": 4, "read": {"device_start": -1, "device_end": -1}}, "FFC_sans_bias31": {"write": {"device_start": -1, "host_queued_start": 1585579956.291593, "device_queued": -1, "device_end": -1, "host_queued_end": 1585579956.319899}, "device": "gpu", "nd_range": {"device_start": 1585579891.1790311, "device_end": 1585579891.189828}, "cmdq": 2, "read": {"device_start": -1, "device_end": -1}}, "FFC_sans_bias16": {"write": {"device_start": 1585579891.215069, "host_queued_start": 1585579956.300098, "device_queued": 1585579891.1070044, "device_end": 1585579891.2151644, "host_queued_end": 1585579956.319899}, "device": "gpu", "nd_range": {"device_start": 1585579891.2151828, "device_end": 1585579891.2242005}, "cmdq": 1, "read": {"device_start": 1585579891.2278063, "device_end": 1585579891.2278976}}, "FFC_sans_bias19": {"write": {"device_start": 1585579891.0989726, "host_queued_start": 1585579956.23611, "device_queued": 1585579891.098702, "device_end": 1585579891.0990736, "host_queued_end": 1585579956.319899}, "device": "gpu", "nd_range": {"device_start": 1585579891.0993555, "device_end": 1585579891.115691}, "cmdq": 1, "read": {"device_start": -1, "device_end": -1}}, "FFC_sans_bias18": {"write": {"device_start": 1585579891.0985942, "host_queued_start": 1585579956.23286, "device_queued": 1585579891.0983102, "device_end": 1585579891.098692, "host_queued_end": 1585579956.319899}, "device": "gpu", "nd_range": {"device_start": 1585579891.0986974, "device_end": 1585579891.112137}, "cmdq": 0, "read": {"device_start": -1, "device_end": -1}}, "coalesced_transpose30": {"write": {"device_start": -1, "host_queued_start": 1585579956.289423, "device_queued": -1, "device_end": -1, "host_queued_end": 1585579956.319899}, "device": "gpu", "nd_range": {"device_start": 1585579891.165065, "device_end": 1585579891.171948}, "cmdq": 0, "read": {"device_start": -1, "device_end": -1}}, "FFC_sans_bias69": {"write": {"device_start": -1, "host_queued_start": 1585579956.296884, "device_queued": -1, "device_end": -1, "host_queued_end": 1585579956.319899}, "device": "gpu", "nd_range": {"device_start": 1585579891.2088182, "device_end": 1585579891.2209983}, "cmdq": 0, "read": {"device_start": -1, "device_end": -1}}, "FFC_sans_bias38": {"write": {"device_start": 1585579891.126437, "host_queued_start": 1585579956.259122, "device_queued": 1585579891.1002667, "device_end": 1585579891.1267352, "host_queued_end": 1585579956.319899}, "device": "gpu", "nd_range": {"device_start": 1585579891.1267495, "device_end": 1585579891.1404343}, "cmdq": 3, "read": {"device_start": -1, "device_end": -1}}, "coalesced_transpose57": {"write": {"device_start": -1, "host_queued_start": 1585579956.29033, "device_queued": -1, "device_end": -1, "host_queued_end": 1585579956.319899}, "device": "gpu", "nd_range": {"device_start": 1585579891.1718788, "device_end": 1585579891.1720014}, "cmdq": 3, "read": {"device_start": -1, "device_end": -1}}, "empty26": {"write": {"device_start": 1585579891.0953217, "host_queued_start": 1585579956.206827, "device_queued": 1585579891.0950036, "device_end": 1585579891.095574, "host_queued_end": 1585579956.319899}, "device": "gpu", "nd_range": {"device_start": 1585579891.0960035, "device_end": 1585579891.0960286}, "cmdq": 1, "read": {"device_start": -1, "device_end": -1}}, "coalesced_transpose12": {"write": {"device_start": -1, "host_queued_start": 1585579956.288806, "device_queued": -1, "device_end": -1, "host_queued_end": 1585579956.319899}, "device": "gpu", "nd_range": {"device_start": 1585579891.1580217, "device_end": 1585579891.171867}, "cmdq": 3, "read": {"device_start": -1, "device_end": -1}}, "empty44": {"write": {"device_start": 1585579891.0959647, "host_queued_start": 1585579956.212111, "device_queued": 1585579891.095595, "device_end": 1585579891.0962627, "host_queued_end": 1585579956.319899}, "device": "gpu", "nd_range": {"device_start": 1585579891.0962749, "device_end": 1585579891.0962791}, "cmdq": 3, "read": {"device_start": -1, "device_end": -1}}, "coalesced_transpose21": {"write": {"device_start": -1, "host_queued_start": 1585579956.289117, "device_queued": -1, "device_end": -1, "host_queued_end": 1585579956.319899}, "device": "gpu", "nd_range": {"device_start": 1585579891.1615589, "device_end": 1585579891.1719043}, "cmdq": 4, "read": {"device_start": -1, "device_end": -1}}, "FFC_sans_bias36": {"write": {"device_start": 1585579891.1187377, "host_queued_start": 1585579956.252558, "device_queued": 1585579891.1000116, "device_end": 1585579891.118833, "host_queued_end": 1585579956.319899}, "device": "gpu", "nd_range": {"device_start": 1585579891.1188383, "device_end": 1585579891.1333044}, "cmdq": 1, "read": {"device_start": -1, "device_end": -1}}, "softmax14": {"write": {"device_start": -1, "host_queued_start": 1585579956.293097, "device_queued": -1, "device_end": -1, "host_queued_end": 1585579956.319899}, "device": "gpu", "nd_range": {"device_start": 1585579891.1898408, "device_end": 1585579891.198014}, "cmdq": 2, "read": {"device_start": -1, "device_end": -1}}, "FFC_sans_bias13": {"write": {"device_start": -1, "host_queued_start": 1585579956.290957, "device_queued": -1, "device_end": -1, "host_queued_end": 1585579956.319899}, "device": "gpu", "nd_range": {"device_start": 1585579891.1719625, "device_end": 1585579891.1756563}, "cmdq": 0, "read": {"device_start": -1, "device_end": -1}}, "empty8": {"write": {"device_start": -1, "host_queued_start": 1585579956.324421, "device_queued": -1, "device_end": -1, "host_queued_end": 1585579956.340522}, "device": "cpu", "nd_range": {"device_start": 2247730.5301028853, "device_end": 2247730.530112776}, "cmdq": 0, "read": {"device_start": -1, "device_end": -1}}, "FFC_sans_bias42": {"write": {"device_start": -1, "host_queued_start": 1585579956.295861, "device_queued": -1, "device_end": -1, "host_queued_end": 1585579956.319899}, "device": "gpu", "nd_range": {"device_start": 1585579891.1987529, "device_end": 1585579891.2111545}, "cmdq": 2, "read": {"device_start": -1, "device_end": -1}}, "FFC_sans_bias43": {"write": {"device_start": 1585579891.2186785, "host_queued_start": 1585579956.309942, "device_queued": 1585579891.106868, "device_end": 1585579891.2187724, "host_queued_end": 1585579956.319899}, "device": "gpu", "nd_range": {"device_start": 1585579891.2187874, "device_end": 1585579891.2307374}, "cmdq": 4, "read": {"device_start": 1585579891.2307408, "device_end": 1585579891.2308283}}, "FFC_sans_bias40": {"write": {"device_start": -1, "host_queued_start": 1585579956.291907, "device_queued": -1, "device_end": -1, "host_queued_end": 1585579956.319899}, "device": "gpu", "nd_range": {"device_start": 1585579891.1721063, "device_end": 1585579891.1827776}, "cmdq": 3, "read": {"device_start": -1, "device_end": -1}}, "softmax32": {"write": {"device_start": -1, "host_queued_start": 1585579956.293598, "device_queued": -1, "device_end": -1, "host_queued_end": 1585579956.319899}, "device": "gpu", "nd_range": {"device_start": 1585579891.1934288, "device_end": 1585579891.1980314}, "cmdq": 4, "read": {"device_start": -1, "device_end": -1}}, "FFC_sans_bias47": {"write": {"device_start": 1585579891.1335468, "host_queued_start": 1585579956.268915, "device_queued": 1585579891.101232, "device_end": 1585579891.1336417, "host_queued_end": 1585579956.319899}, "device": "gpu", "nd_range": {"device_start": 1585579891.1336505, "device_end": 1585579891.1509902}, "cmdq": 1, "read": {"device_start": -1, "device_end": -1}}, "FFC_sans_bias45": {"write": {"device_start": 1585579891.1267385, "host_queued_start": 1585579956.26238, "device_queued": 1585579891.1003938, "device_end": 1585579891.1268423, "host_queued_end": 1585579956.319899}, "device": "gpu", "nd_range": {"device_start": 1585579891.126854, "device_end": 1585579891.1438909}, "cmdq": 4, "read": {"device_start": -1, "device_end": -1}}, "softmax50": {"write": {"device_start": -1, "host_queued_start": 1585579956.294092, "device_queued": -1, "device_end": -1, "host_queued_end": 1585579956.319899}, "device": "gpu", "nd_range": {"device_start": 1585579891.1966777, "device_end": 1585579891.1970925}, "cmdq": 1, "read": {"device_start": -1, "device_end": -1}}, "FFC_sans_bias33": {"write": {"device_start": -1, "host_queued_start": 1585579956.29555, "device_queued": -1, "device_end": -1, "host_queued_end": 1585579956.319899}, "device": "gpu", "nd_range": {"device_start": 1585579891.1980667, "device_end": 1585579891.2079303}, "cmdq": 1, "read": {"device_start": -1, "device_end": -1}}, "FFC_sans_bias63": {"write": {"device_start": 1585579891.1547253, "host_queued_start": 1585579956.288471, "device_queued": 1585579891.1027985, "device_end": 1585579891.1548216, "host_queued_end": 1585579956.319899}, "device": "gpu", "nd_range": {"device_start": 1585579891.1548266, "device_end": 1585579891.1720815}, "cmdq": 2, "read": {"device_start": -1, "device_end": -1}}, "FFC_sans_bias49": {"write": {"device_start": -1, "host_queued_start": 1585579956.292222, "device_queued": -1, "device_end": -1, "host_queued_end": 1585579956.319899}, "device": "gpu", "nd_range": {"device_start": 1585579891.1790473, "device_end": 1585579891.1934166}, "cmdq": 4, "read": {"device_start": -1, "device_end": -1}}, "FFC_sans_bias64": {"write": {"device_start": 1585579891.1477113, "host_queued_start": 1585579956.281922, "device_queued": 1585579891.1024122, "device_end": 1585579891.1478064, "host_queued_end": 1585579956.319899}, "device": "gpu", "nd_range": {"device_start": 1585579891.1478162, "device_end": 1585579891.1650589}, "cmdq": 0, "read": {"device_start": -1, "device_end": -1}}, "FFC_sans_bias65": {"write": {"device_start": 1585579891.1512368, "host_queued_start": 1585579956.285238, "device_queued": 1585579891.102661, "device_end": 1585579891.1513321, "host_queued_end": 1585579956.319899}, "device": "gpu", "nd_range": {"device_start": 1585579891.1513433, "device_end": 1585579891.1685688}, "cmdq": 1, "read": {"device_start": -1, "device_end": -1}}, "FFC_sans_bias67": {"write": {"device_start": -1, "host_queued_start": 1585579956.292848, "device_queued": -1, "device_end": -1, "host_queued_end": 1585579956.319899}, "device": "gpu", "nd_range": {"device_start": 1585579891.1792512, "device_end": 1585579891.1966653}, "cmdq": 1, "read": {"device_start": -1, "device_end": -1}}, "FFC_sans_bias24": {"write": {"device_start": -1, "host_queued_start": 1585579956.295236, "device_queued": -1, "device_end": -1, "host_queued_end": 1585579956.319899}, "device": "gpu", "nd_range": {"device_start": 1585579891.198055, "device_end": 1585579891.204742}, "cmdq": 0, "read": {"device_start": -1, "device_end": -1}}, "FFC_sans_bias25": {"write": {"device_start": 1585579891.2190068, "host_queued_start": 1585579956.303384, "device_queued": 1585579891.107139, "device_end": 1585579891.219101, "host_queued_end": 1585579956.319899}, "device": "gpu", "nd_range": {"device_start": 1585579891.2191157, "device_end": 1585579891.2339716}, "cmdq": 2, "read": {"device_start": 1585579891.233975, "device_end": 1585579891.2340631}}, "FFC_sans_bias27": {"write": {"device_start": 1585579891.1055937, "host_queued_start": 1585579956.242661, "device_queued": 1585579891.0990832, "device_end": 1585579891.1057055, "host_queued_end": 1585579956.319899}, "device": "gpu", "nd_range": {"device_start": 1585579891.1057136, "device_end": 1585579891.1227252}, "cmdq": 3, "read": {"device_start": -1, "device_end": -1}}, "FFC_sans_bias20": {"write": {"device_start": 1585579891.1019065, "host_queued_start": 1585579956.239393, "device_queued": 1585579891.0988455, "device_end": 1585579891.1020062, "host_queued_end": 1585579956.319899}, "device": "gpu", "nd_range": {"device_start": 1585579891.1020133, "device_end": 1585579891.1192055}, "cmdq": 2, "read": {"device_start": -1, "device_end": -1}}, "FFC_sans_bias22": {"write": {"device_start": -1, "host_queued_start": 1585579956.291276, "device_queued": -1, "device_end": -1, "host_queued_end": 1585579956.319899}, "device": "gpu", "nd_range": {"device_start": 1585579891.1719801, "device_end": 1585579891.179238}, "cmdq": 1, "read": {"device_start": -1, "device_end": -1}}, "softmax68": {"write": {"device_start": -1, "host_queued_start": 1585579956.294612, "device_queued": -1, "device_end": -1, "host_queued_end": 1585579956.319899}, "device": "gpu", "nd_range": {"device_start": 1585579891.1980808, "device_end": 1585579891.2087836}, "cmdq": 3, "read": {"device_start": -1, "device_end": -1}}, "softmax5": {"write": {"device_start": -1, "host_queued_start": 1585579956.336752, "device_queued": -1, "device_end": -1, "host_queued_end": 1585579956.340522}, "device": "cpu", "nd_range": {"device_start": 2247730.676923855, "device_end": 2247730.677378431}, "cmdq": 0, "read": {"device_start": -1, "device_end": -1}}, "FFC_sans_bias28": {"write": {"device_start": 1585579891.1090996, "host_queued_start": 1585579956.245946, "device_queued": 1585579891.0992107, "device_end": 1585579891.1092188, "host_queued_end": 1585579956.319899}, "device": "gpu", "nd_range": {"device_start": 1585579891.1092246, "device_end": 1585579891.126321}, "cmdq": 4, "read": {"device_start": -1, "device_end": -1}}, "FFC_sans_bias29": {"write": {"device_start": 1585579891.1125193, "host_queued_start": 1585579956.249263, "device_queued": 1585579891.0997708, "device_end": 1585579891.112618, "host_queued_end": 1585579956.319899}, "device": "gpu", "nd_range": {"device_start": 1585579891.1126266, "device_end": 1585579891.1297848}, "cmdq": 0, "read": {"device_start": -1, "device_end": -1}}, "empty17": {"write": {"device_start": 1585579891.094971, "host_queued_start": 1585579956.203431, "device_queued": 1585579891.0946443, "device_end": 1585579891.0951173, "host_queued_end": 1585579956.319899}, "device": "gpu", "nd_range": {"device_start": 1585579891.0951266, "device_end": 1585579891.0951312}, "cmdq": 0, "read": {"device_start": -1, "device_end": -1}}, "softmax59": {"write": {"device_start": -1, "host_queued_start": 1585579956.294356, "device_queued": -1, "device_end": -1, "host_queued_end": 1585579956.319899}, "device": "gpu", "nd_range": {"device_start": 1585579891.1980247, "device_end": 1585579891.1987414}, "cmdq": 2, "read": {"device_start": -1, "device_end": -1}}, "empty71": {"write": {"device_start": 1585579891.096948, "host_queued_start": 1585579956.220002, "device_queued": 1585579891.0965643, "device_end": 1585579891.0972188, "host_queued_end": 1585579956.319899}, "device": "gpu", "nd_range": {"device_start": 1585579891.0975578, "device_end": 1585579891.097598}, "cmdq": 1, "read": {"device_start": -1, "device_end": -1}}, "empty35": {"write": {"device_start": 1585579891.0956516, "host_queued_start": 1585579956.209464, "device_queued": 1585579891.0952337, "device_end": 1585579891.095919, "host_queued_end": 1585579956.319899}, "device": "gpu", "nd_range": {"device_start": 1585579891.0960438, "device_end": 1585579891.0960903}, "cmdq": 2, "read": {"device_start": -1, "device_end": -1}}, "empty53": {"write": {"device_start": 1585579891.096291, "host_queued_start": 1585579956.21476, "device_queued": 1585579891.0959425, "device_end": 1585579891.0964365, "host_queued_end": 1585579956.319899}, "device": "gpu", "nd_range": {"device_start": 1585579891.0964446, "device_end": 1585579891.0964496}, "cmdq": 4, "read": {"device_start": -1, "device_end": -1}}, "FFC_sans_bias46": {"write": {"device_start": 1585579891.1300325, "host_queued_start": 1585579956.265657, "device_queued": 1585579891.1009805, "device_end": 1585579891.130127, "host_queued_end": 1585579956.319899}, "device": "gpu", "nd_range": {"device_start": 1585579891.1301346, "device_end": 1585579891.147462}, "cmdq": 0, "read": {"device_start": -1, "device_end": -1}}, "coalesced_transpose66": {"write": {"device_start": -1, "host_queued_start": 1585579956.290636, "device_queued": -1, "device_end": -1, "host_queued_end": 1585579956.319899}, "device": "gpu", "nd_range": {"device_start": 1585579891.1719174, "device_end": 1585579891.1720142}, "cmdq": 4, "read": {"device_start": -1, "device_end": -1}}, "coalesced_transpose48": {"write": {"device_start": -1, "host_queued_start": 1585579956.290024, "device_queued": -1, "device_end": -1, "host_queued_end": 1585579956.319899}, "device": "gpu", "nd_range": {"device_start": 1585579891.1720905, "device_end": 1585579891.179017}, "cmdq": 2, "read": {"device_start": -1, "device_end": -1}}}