{"FFC_sans_bias60": {"write": {"device_start": -1, "host_queued_start": 1585579547.419177, "device_queued": -1, "device_end": -1, "host_queued_end": 1585579547.445334}, "device": "cpu", "nd_range": {"device_start": 2247323.133662262, "device_end": 2247323.240533045}, "cmdq": 2, "read": {"device_start": -1, "device_end": -1}}, "FFC_sans_bias4": {"write": {"device_start": -1, "host_queued_start": 1585579547.412075, "device_queued": -1, "device_end": -1, "host_queued_end": 1585579547.445334}, "device": "cpu", "nd_range": {"device_start": 2247322.5590907903, "device_end": 2247322.682757075}, "cmdq": 0, "read": {"device_start": -1, "device_end": -1}}, "FFC_sans_bias7": {"write": {"device_start": -1, "host_queued_start": 1585579547.422752, "device_queued": -1, "device_end": -1, "host_queued_end": 1585579547.445334}, "device": "cpu", "nd_range": {"device_start": 2247323.092938416, "device_end": 2247323.239746375}, "cmdq": 0, "read": {"device_start": -1, "device_end": -1}}, "FFC_sans_bias6": {"write": {"device_start": -1, "host_queued_start": 1585579547.417068, "device_queued": -1, "device_end": -1, "host_queued_end": 1585579547.445334}, "device": "cpu", "nd_range": {"device_start": 2247322.807817438, "device_end": 2247322.970081875}, "cmdq": 0, "read": {"device_start": -1, "device_end": -1}}, "FFC_sans_bias1": {"write": {"device_start": -1, "host_queued_start": 1585579547.33665, "device_queued": -1, "device_end": -1, "host_queued_end": 1585579547.445334}, "device": "cpu", "nd_range": {"device_start": 2247321.635073265, "device_end": 2247321.7580732782}, "cmdq": 1, "read": {"device_start": -1, "device_end": -1}}, "FFC_sans_bias0": {"write": {"device_start": -1, "host_queued_start": 1585579547.333365, "device_queued": -1, "device_end": -1, "host_queued_end": 1585579547.445334}, "device": "cpu", "nd_range": {"device_start": 2247321.63504844, "device_end": 2247321.867537566}, "cmdq": 0, "read": {"device_start": -1, "device_end": -1}}, "FFC_sans_bias2": {"write": {"device_start": -1, "host_queued_start": 1585579547.339944, "device_queued": -1, "device_end": -1, "host_queued_end": 1585579547.445334}, "device": "cpu", "nd_range": {"device_start": 2247321.635059499, "device_end": 2247321.765286966}, "cmdq": 2, "read": {"device_start": -1, "device_end": -1}}, "FFC_sans_bias61": {"write": {"device_start": -1, "host_queued_start": 1585579547.442087, "device_queued": -1, "device_end": -1, "host_queued_end": 1585579547.445334}, "device": "cpu", "nd_range": {"device_start": 2247323.320579225, "device_end": 2247323.355793653}, "cmdq": 2, "read": {"device_start": -1, "device_end": -1}}, "FFC_sans_bias52": {"write": {"device_start": -1, "host_queued_start": 1585579547.438904, "device_queued": -1, "device_end": -1, "host_queued_end": 1585579547.445334}, "device": "cpu", "nd_range": {"device_start": 2247323.0874515553, "device_end": 2247323.210096584}, "cmdq": 1, "read": {"device_start": -1, "device_end": -1}}, "FFC_sans_bias9": {"write": {"device_start": -1, "host_queued_start": 1585579547.343435, "device_queued": -1, "device_end": -1, "host_queued_end": 1585579547.445334}, "device": "cpu", "nd_range": {"device_start": 2247321.635404859, "device_end": 2247321.7578218253}, "cmdq": 3, "read": {"device_start": -1, "device_end": -1}}, "coalesced_transpose39": {"write": {"device_start": -1, "host_queued_start": 1585579547.410751, "device_queued": -1, "device_end": -1, "host_queued_end": 1585579547.445334}, "device": "cpu", "nd_range": {"device_start": 2247322.557781084, "device_end": 2247322.558933224}, "cmdq": 0, "read": {"device_start": -1, "device_end": -1}}, "FFC_sans_bias55": {"write": {"device_start": -1, "host_queued_start": 1585579547.399226, "device_queued": -1, "device_end": -1, "host_queued_end": 1585579547.445334}, "device": "cpu", "nd_range": {"device_start": 2247322.433007272, "device_end": 2247322.556225023}, "cmdq": 0, "read": {"device_start": -1, "device_end": -1}}, "FFC_sans_bias54": {"write": {"device_start": -1, "host_queued_start": 1585579547.395963, "device_queued": -1, "device_end": -1, "host_queued_end": 1585579547.445334}, "device": "cpu", "nd_range": {"device_start": 2247322.125002495, "device_end": 2247322.248947835}, "cmdq": 3, "read": {"device_start": -1, "device_end": -1}}, "FFC_sans_bias56": {"write": {"device_start": -1, "host_queued_start": 1585579547.392696, "device_queued": -1, "device_end": -1, "host_queued_end": 1585579547.445334}, "device": "cpu", "nd_range": {"device_start": 2247322.306632019, "device_end": 2247322.4702967103}, "cmdq": 2, "read": {"device_start": -1, "device_end": -1}}, "FFC_sans_bias51": {"write": {"device_start": -1, "host_queued_start": 1585579547.418836, "device_queued": -1, "device_end": -1, "host_queued_end": 1585579547.445334}, "device": "cpu", "nd_range": {"device_start": 2247322.818202087, "device_end": 2247322.964913709}, "cmdq": 1, "read": {"device_start": -1, "device_end": -1}}, "softmax23": {"write": {"device_start": -1, "host_queued_start": 1585579547.415382, "device_queued": -1, "device_end": -1, "host_queued_end": 1585579547.445334}, "device": "cpu", "nd_range": {"device_start": 2247322.946830586, "device_end": 2247322.947774225}, "cmdq": 2, "read": {"device_start": -1, "device_end": -1}}, "FFC_sans_bias37": {"write": {"device_start": -1, "host_queued_start": 1585579547.376258, "device_queued": -1, "device_end": -1, "host_queued_end": 1585579547.445334}, "device": "cpu", "nd_range": {"device_start": 2247322.003915538, "device_end": 2247322.126559637}, "cmdq": 1, "read": {"device_start": -1, "device_end": -1}}, "empty62": {"write": {"device_start": -1, "host_queued_start": 1585579547.327975, "device_queued": -1, "device_end": -1, "host_queued_end": 1585579547.445334}, "device": "cpu", "nd_range": {"device_start": 2247321.635053209, "device_end": 2247321.635053852}, "cmdq": 2, "read": {"device_start": -1, "device_end": -1}}, "FFC_sans_bias70": {"write": {"device_start": -1, "host_queued_start": 1585579547.445279, "device_queued": -1, "device_end": -1, "host_queued_end": 1585579547.445334}, "device": "cpu", "nd_range": {"device_start": 2247323.0676645073, "device_end": 2247323.294447864}, "cmdq": 3, "read": {"device_start": -1, "device_end": -1}}, "FFC_sans_bias58": {"write": {"device_start": -1, "host_queued_start": 1585579547.41421, "device_queued": -1, "device_end": -1, "host_queued_end": 1585579547.445334}, "device": "cpu", "nd_range": {"device_start": 2247322.8166872812, "device_end": 2247322.94681403}, "cmdq": 2, "read": {"device_start": -1, "device_end": -1}}, "softmax41": {"write": {"device_start": -1, "host_queued_start": 1585579547.415925, "device_queued": -1, "device_end": -1, "host_queued_end": 1585579547.445334}, "device": "cpu", "nd_range": {"device_start": 2247322.806848762, "device_end": 2247322.807808178}, "cmdq": 0, "read": {"device_start": -1, "device_end": -1}}, "FFC_sans_bias11": {"write": {"device_start": -1, "host_queued_start": 1585579547.350004, "device_queued": -1, "device_end": -1, "host_queued_end": 1585579547.445334}, "device": "cpu", "nd_range": {"device_start": 2247321.758208081, "device_end": 2247321.881444313}, "cmdq": 1, "read": {"device_start": -1, "device_end": -1}}, "FFC_sans_bias10": {"write": {"device_start": -1, "host_queued_start": 1585579547.346697, "device_queued": -1, "device_end": -1, "host_queued_end": 1585579547.445334}, "device": "cpu", "nd_range": {"device_start": 2247321.867559681, "device_end": 2247322.054814721}, "cmdq": 0, "read": {"device_start": -1, "device_end": -1}}, "coalesced_transpose3": {"write": {"device_start": -1, "host_queued_start": 1585579547.409424, "device_queued": -1, "device_end": -1, "host_queued_end": 1585579547.445334}, "device": "cpu", "nd_range": {"device_start": 2247322.556459477, "device_end": 2247322.557609536}, "cmdq": 0, "read": {"device_start": -1, "device_end": -1}}, "FFC_sans_bias34": {"write": {"device_start": -1, "host_queued_start": 1585579547.432493, "device_queued": -1, "device_end": -1, "host_queued_end": 1585579547.445334}, "device": "cpu", "nd_range": {"device_start": 2247322.9441257203, "device_end": 2247323.067648229}, "cmdq": 3, "read": {"device_start": -1, "device_end": -1}}, "FFC_sans_bias15": {"write": {"device_start": -1, "host_queued_start": 1585579547.417408, "device_queued": -1, "device_end": -1, "host_queued_end": 1585579547.445334}, "device": "cpu", "nd_range": {"device_start": 2247322.6951490073, "device_end": 2247322.818190088}, "cmdq": 1, "read": {"device_start": -1, "device_end": -1}}, "FFC_sans_bias31": {"write": {"device_start": -1, "host_queued_start": 1585579547.413096, "device_queued": -1, "device_end": -1, "host_queued_end": 1585579547.445334}, "device": "cpu", "nd_range": {"device_start": 2247322.3764605722, "device_end": 2247322.5052318443}, "cmdq": 3, "read": {"device_start": -1, "device_end": -1}}, "FFC_sans_bias16": {"write": {"device_start": -1, "host_queued_start": 1585579547.42595, "device_queued": -1, "device_end": -1, "host_queued_end": 1585579547.445334}, "device": "cpu", "nd_range": {"device_start": 2247322.9649343323, "device_end": 2247323.087439016}, "cmdq": 1, "read": {"device_start": -1, "device_end": -1}}, "FFC_sans_bias19": {"write": {"device_start": -1, "host_queued_start": 1585579547.356585, "device_queued": -1, "device_end": -1, "host_queued_end": 1585579547.445334}, "device": "cpu", "nd_range": {"device_start": 2247321.758059172, "device_end": 2247321.880543962}, "cmdq": 3, "read": {"device_start": -1, "device_end": -1}}, "FFC_sans_bias18": {"write": {"device_start": -1, "host_queued_start": 1585579547.353276, "device_queued": -1, "device_end": -1, "host_queued_end": 1585579547.445334}, "device": "cpu", "nd_range": {"device_start": 2247321.765489092, "device_end": 2247321.893830176}, "cmdq": 2, "read": {"device_start": -1, "device_end": -1}}, "coalesced_transpose30": {"write": {"device_start": -1, "host_queued_start": 1585579547.410413, "device_queued": -1, "device_end": -1, "host_queued_end": 1585579547.445334}, "device": "cpu", "nd_range": {"device_start": 2247322.372098706, "device_end": 2247322.373296158}, "cmdq": 3, "read": {"device_start": -1, "device_end": -1}}, "FFC_sans_bias69": {"write": {"device_start": -1, "host_queued_start": 1585579547.419518, "device_queued": -1, "device_end": -1, "host_queued_end": 1585579547.445334}, "device": "cpu", "nd_range": {"device_start": 2247322.8213884523, "device_end": 2247322.9439033763}, "cmdq": 3, "read": {"device_start": -1, "device_end": -1}}, "FFC_sans_bias38": {"write": {"device_start": -1, "host_queued_start": 1585579547.37954, "device_queued": -1, "device_end": -1, "host_queued_end": 1585579547.445334}, "device": "cpu", "nd_range": {"device_start": 2247322.044705116, "device_end": 2247322.306598464}, "cmdq": 2, "read": {"device_start": -1, "device_end": -1}}, "coalesced_transpose57": {"write": {"device_start": -1, "host_queued_start": 1585579547.411408, "device_queued": -1, "device_end": -1, "host_queued_end": 1585579547.445334}, "device": "cpu", "nd_range": {"device_start": 2247322.603717823, "device_end": 2247322.604836204}, "cmdq": 2, "read": {"device_start": -1, "device_end": -1}}, "empty26": {"write": {"device_start": -1, "host_queued_start": 1585579547.317525, "device_queued": -1, "device_end": -1, "host_queued_end": 1585579547.445334}, "device": "cpu", "nd_range": {"device_start": 2247321.6350467703, "device_end": 2247321.635047599}, "cmdq": 2, "read": {"device_start": -1, "device_end": -1}}, "coalesced_transpose12": {"write": {"device_start": -1, "host_queued_start": 1585579547.409759, "device_queued": -1, "device_end": -1, "host_queued_end": 1585579547.445334}, "device": "cpu", "nd_range": {"device_start": 2247322.37384756, "device_end": 2247322.3750141603}, "cmdq": 1, "read": {"device_start": -1, "device_end": -1}}, "empty44": {"write": {"device_start": -1, "host_queued_start": 1585579547.322828, "device_queued": -1, "device_end": -1, "host_queued_end": 1585579547.445334}, "device": "cpu", "nd_range": {"device_start": 2247321.635040646, "device_end": 2247321.6350417193}, "cmdq": 0, "read": {"device_start": -1, "device_end": -1}}, "coalesced_transpose21": {"write": {"device_start": -1, "host_queued_start": 1585579547.410084, "device_queued": -1, "device_end": -1, "host_queued_end": 1585579547.445334}, "device": "cpu", "nd_range": {"device_start": 2247322.602439004, "device_end": 2247322.603532981}, "cmdq": 2, "read": {"device_start": -1, "device_end": -1}}, "FFC_sans_bias36": {"write": {"device_start": -1, "host_queued_start": 1585579547.372998, "device_queued": -1, "device_end": -1, "host_queued_end": 1585579547.445334}, "device": "cpu", "nd_range": {"device_start": 2247322.1779103354, "device_end": 2247322.330821994}, "cmdq": 0, "read": {"device_start": -1, "device_end": -1}}, "softmax14": {"write": {"device_start": -1, "host_queued_start": 1585579547.415111, "device_queued": -1, "device_end": -1, "host_queued_end": 1585579547.445334}, "device": "cpu", "nd_range": {"device_start": 2247322.693209147, "device_end": 2247322.694175425}, "cmdq": 1, "read": {"device_start": -1, "device_end": -1}}, "FFC_sans_bias13": {"write": {"device_start": -1, "host_queued_start": 1585579547.412418, "device_queued": -1, "device_end": -1, "host_queued_end": 1585579547.445334}, "device": "cpu", "nd_range": {"device_start": 2247322.447209857, "device_end": 2247322.570456588}, "cmdq": 1, "read": {"device_start": -1, "device_end": -1}}, "empty8": {"write": {"device_start": -1, "host_queued_start": 1585579547.311348, "device_queued": -1, "device_end": -1, "host_queued_end": 1585579547.445334}, "device": "cpu", "nd_range": {"device_start": 2247321.635003141, "device_end": 2247321.635016235}, "cmdq": 0, "read": {"device_start": -1, "device_end": -1}}, "FFC_sans_bias42": {"write": {"device_start": -1, "host_queued_start": 1585579547.418493, "device_queued": -1, "device_end": -1, "host_queued_end": 1585579547.445334}, "device": "cpu", "nd_range": {"device_start": 2247322.970097152, "device_end": 2247323.092716086}, "cmdq": 0, "read": {"device_start": -1, "device_end": -1}}, "FFC_sans_bias43": {"write": {"device_start": -1, "host_queued_start": 1585579547.4357, "device_queued": -1, "device_end": -1, "host_queued_end": 1585579547.445334}, "device": "cpu", "nd_range": {"device_start": 2247323.239762578, "device_end": 2247323.318090566}, "cmdq": 0, "read": {"device_start": -1, "device_end": -1}}, "FFC_sans_bias40": {"write": {"device_start": -1, "host_queued_start": 1585579547.413436, "device_queued": -1, "device_end": -1, "host_queued_end": 1585579547.445334}, "device": "cpu", "nd_range": {"device_start": 2247322.682778127, "device_end": 2247322.805850386}, "cmdq": 0, "read": {"device_start": -1, "device_end": -1}}, "softmax32": {"write": {"device_start": -1, "host_queued_start": 1585579547.415654, "device_queued": -1, "device_end": -1, "host_queued_end": 1585579547.445334}, "device": "cpu", "nd_range": {"device_start": 2247322.695665583, "device_end": 2247322.6966256043}, "cmdq": 3, "read": {"device_start": -1, "device_end": -1}}, "FFC_sans_bias47": {"write": {"device_start": -1, "host_queued_start": 1585579547.389383, "device_queued": -1, "device_end": -1, "host_queued_end": 1585579547.445334}, "device": "cpu", "nd_range": {"device_start": 2247322.126707111, "device_end": 2247322.250366562}, "cmdq": 1, "read": {"device_start": -1, "device_end": -1}}, "FFC_sans_bias45": {"write": {"device_start": -1, "host_queued_start": 1585579547.382809, "device_queued": -1, "device_end": -1, "host_queued_end": 1585579547.445334}, "device": "cpu", "nd_range": {"device_start": 2247322.002587473, "device_end": 2247322.124980551}, "cmdq": 3, "read": {"device_start": -1, "device_end": -1}}, "softmax50": {"write": {"device_start": -1, "host_queued_start": 1585579547.416193, "device_queued": -1, "device_end": -1, "host_queued_end": 1585579547.445334}, "device": "cpu", "nd_range": {"device_start": 2247322.694187129, "device_end": 2247322.6951385313}, "cmdq": 1, "read": {"device_start": -1, "device_end": -1}}, "FFC_sans_bias33": {"write": {"device_start": -1, "host_queued_start": 1585579547.41815, "device_queued": -1, "device_end": -1, "host_queued_end": 1585579547.445334}, "device": "cpu", "nd_range": {"device_start": 2247322.697829213, "device_end": 2247322.8212177013}, "cmdq": 3, "read": {"device_start": -1, "device_end": -1}}, "FFC_sans_bias63": {"write": {"device_start": -1, "host_queued_start": 1585579547.409072, "device_queued": -1, "device_end": -1, "host_queued_end": 1585579547.445334}, "device": "cpu", "nd_range": {"device_start": 2247322.248971555, "device_end": 2247322.372075921}, "cmdq": 3, "read": {"device_start": -1, "device_end": -1}}, "FFC_sans_bias49": {"write": {"device_start": -1, "host_queued_start": 1585579547.413862, "device_queued": -1, "device_end": -1, "host_queued_end": 1585579547.445334}, "device": "cpu", "nd_range": {"device_start": 2247322.570694025, "device_end": 2247322.693186723}, "cmdq": 1, "read": {"device_start": -1, "device_end": -1}}, "FFC_sans_bias64": {"write": {"device_start": -1, "host_queued_start": 1585579547.402476, "device_queued": -1, "device_end": -1, "host_queued_end": 1585579547.445334}, "device": "cpu", "nd_range": {"device_start": 2247322.250504672, "device_end": 2247322.373711523}, "cmdq": 1, "read": {"device_start": -1, "device_end": -1}}, "FFC_sans_bias65": {"write": {"device_start": -1, "host_queued_start": 1585579547.40576, "device_queued": -1, "device_end": -1, "host_queued_end": 1585579547.445334}, "device": "cpu", "nd_range": {"device_start": 2247322.470542495, "device_end": 2247322.602207742}, "cmdq": 2, "read": {"device_start": -1, "device_end": -1}}, "FFC_sans_bias67": {"write": {"device_start": -1, "host_queued_start": 1585579547.414551, "device_queued": -1, "device_end": -1, "host_queued_end": 1585579547.445334}, "device": "cpu", "nd_range": {"device_start": 2247322.5116257723, "device_end": 2247322.695554483}, "cmdq": 3, "read": {"device_start": -1, "device_end": -1}}, "FFC_sans_bias24": {"write": {"device_start": -1, "host_queued_start": 1585579547.417771, "device_queued": -1, "device_end": -1, "host_queued_end": 1585579547.445334}, "device": "cpu", "nd_range": {"device_start": 2247322.9487653603, "device_end": 2247323.133316851}, "cmdq": 2, "read": {"device_start": -1, "device_end": -1}}, "FFC_sans_bias25": {"write": {"device_start": -1, "host_queued_start": 1585579547.429204, "device_queued": -1, "device_end": -1, "host_queued_end": 1585579547.445334}, "device": "cpu", "nd_range": {"device_start": 2247323.240781533, "device_end": 2247323.320565917}, "cmdq": 2, "read": {"device_start": -1, "device_end": -1}}, "FFC_sans_bias27": {"write": {"device_start": -1, "host_queued_start": 1585579547.363131, "device_queued": -1, "device_end": -1, "host_queued_end": 1585579547.445334}, "device": "cpu", "nd_range": {"device_start": 2247321.8815762023, "device_end": 2247322.003776999}, "cmdq": 1, "read": {"device_start": -1, "device_end": -1}}, "FFC_sans_bias20": {"write": {"device_start": -1, "host_queued_start": 1585579547.359888, "device_queued": -1, "device_end": -1, "host_queued_end": 1585579547.445334}, "device": "cpu", "nd_range": {"device_start": 2247322.054834493, "device_end": 2247322.177897056}, "cmdq": 0, "read": {"device_start": -1, "device_end": -1}}, "FFC_sans_bias22": {"write": {"device_start": -1, "host_queued_start": 1585579547.412757, "device_queued": -1, "device_end": -1, "host_queued_end": 1585579547.445334}, "device": "cpu", "nd_range": {"device_start": 2247322.6050152723, "device_end": 2247322.816665979}, "cmdq": 2, "read": {"device_start": -1, "device_end": -1}}, "softmax68": {"write": {"device_start": -1, "host_queued_start": 1585579547.416733, "device_queued": -1, "device_end": -1, "host_queued_end": 1585579547.445334}, "device": "cpu", "nd_range": {"device_start": 2247322.6967585743, "device_end": 2247322.697696084}, "cmdq": 3, "read": {"device_start": -1, "device_end": -1}}, "softmax5": {"write": {"device_start": -1, "host_queued_start": 1585579547.414838, "device_queued": -1, "device_end": -1, "host_queued_end": 1585579547.445334}, "device": "cpu", "nd_range": {"device_start": 2247322.805866037, "device_end": 2247322.806835023}, "cmdq": 0, "read": {"device_start": -1, "device_end": -1}}, "FFC_sans_bias28": {"write": {"device_start": -1, "host_queued_start": 1585579547.366384, "device_queued": -1, "device_end": -1, "host_queued_end": 1585579547.445334}, "device": "cpu", "nd_range": {"device_start": 2247321.893848997, "device_end": 2247322.044684755}, "cmdq": 2, "read": {"device_start": -1, "device_end": -1}}, "FFC_sans_bias29": {"write": {"device_start": -1, "host_queued_start": 1585579547.36971, "device_queued": -1, "device_end": -1, "host_queued_end": 1585579547.445334}, "device": "cpu", "nd_range": {"device_start": 2247321.8805668373, "device_end": 2247322.002568987}, "cmdq": 3, "read": {"device_start": -1, "device_end": -1}}, "empty17": {"write": {"device_start": -1, "host_queued_start": 1585579547.314618, "device_queued": -1, "device_end": -1, "host_queued_end": 1585579547.445334}, "device": "cpu", "nd_range": {"device_start": 2247321.635041829, "device_end": 2247321.635045812}, "cmdq": 1, "read": {"device_start": -1, "device_end": -1}}, "softmax59": {"write": {"device_start": -1, "host_queued_start": 1585579547.416466, "device_queued": -1, "device_end": -1, "host_queued_end": 1585579547.445334}, "device": "cpu", "nd_range": {"device_start": 2247322.947785233, "device_end": 2247322.948754176}, "cmdq": 2, "read": {"device_start": -1, "device_end": -1}}, "empty71": {"write": {"device_start": -1, "host_queued_start": 1585579547.330568, "device_queued": -1, "device_end": -1, "host_queued_end": 1585579547.445334}, "device": "cpu", "nd_range": {"device_start": 2247321.635040624, "device_end": 2247321.635041532}, "cmdq": 3, "read": {"device_start": -1, "device_end": -1}}, "empty35": {"write": {"device_start": -1, "host_queued_start": 1585579547.320181, "device_queued": -1, "device_end": -1, "host_queued_end": 1585579547.445334}, "device": "cpu", "nd_range": {"device_start": 2247321.6350031933, "device_end": 2247321.635016199}, "cmdq": 3, "read": {"device_start": -1, "device_end": -1}}, "empty53": {"write": {"device_start": -1, "host_queued_start": 1585579547.325386, "device_queued": -1, "device_end": -1, "host_queued_end": 1585579547.445334}, "device": "cpu", "nd_range": {"device_start": 2247321.6350637344, "device_end": 2247321.635066198}, "cmdq": 1, "read": {"device_start": -1, "device_end": -1}}, "FFC_sans_bias46": {"write": {"device_start": -1, "host_queued_start": 1585579547.386049, "device_queued": -1, "device_end": -1, "host_queued_end": 1585579547.445334}, "device": "cpu", "nd_range": {"device_start": 2247322.330846133, "device_end": 2247322.43277331}, "cmdq": 0, "read": {"device_start": -1, "device_end": -1}}, "coalesced_transpose66": {"write": {"device_start": -1, "host_queued_start": 1585579547.411737, "device_queued": -1, "device_end": -1, "host_queued_end": 1585579547.445334}, "device": "cpu", "nd_range": {"device_start": 2247322.375149974, "device_end": 2247322.376320062}, "cmdq": 3, "read": {"device_start": -1, "device_end": -1}}, "coalesced_transpose48": {"write": {"device_start": -1, "host_queued_start": 1585579547.41108, "device_queued": -1, "device_end": -1, "host_queued_end": 1585579547.445334}, "device": "cpu", "nd_range": {"device_start": 2247322.445881754, "device_end": 2247322.446978374}, "cmdq": 1, "read": {"device_start": -1, "device_end": -1}}}