{"FFC_sans_bias60": {"write": {"device_start": -1, "host_queued_start": 1585579509.672212, "device_queued": -1, "device_end": -1, "host_queued_end": 1585579509.6948}, "device": "cpu", "nd_range": {"device_start": 2247285.193099703, "device_end": 2247285.3362863883}, "cmdq": 1, "read": {"device_start": -1, "device_end": -1}}, "FFC_sans_bias4": {"write": {"device_start": -1, "host_queued_start": 1585579509.665611, "device_queued": -1, "device_end": -1, "host_queued_end": 1585579509.6948}, "device": "cpu", "nd_range": {"device_start": 2247284.75115084, "device_end": 2247284.87765079}, "cmdq": 2, "read": {"device_start": -1, "device_end": -1}}, "FFC_sans_bias7": {"write": {"device_start": -1, "host_queued_start": 1585579509.675445, "device_queued": -1, "device_end": -1, "host_queued_end": 1585579509.6948}, "device": "cpu", "nd_range": {"device_start": 2247285.324438536, "device_end": 2247285.454194928}, "cmdq": 2, "read": {"device_start": -1, "device_end": -1}}, "FFC_sans_bias6": {"write": {"device_start": -1, "host_queued_start": 1585579509.670103, "device_queued": -1, "device_end": -1, "host_queued_end": 1585579509.6948}, "device": "cpu", "nd_range": {"device_start": 2247284.9641081924, "device_end": 2247285.023998864}, "cmdq": 1, "read": {"device_start": -1, "device_end": -1}}, "FFC_sans_bias1": {"write": {"device_start": -1, "host_queued_start": 1585579509.600135, "device_queued": -1, "device_end": -1, "host_queued_end": 1585579509.6948}, "device": "cpu", "nd_range": {"device_start": 2247283.884508886, "device_end": 2247283.9917275053}, "cmdq": 2, "read": {"device_start": -1, "device_end": -1}}, "FFC_sans_bias0": {"write": {"device_start": -1, "host_queued_start": 1585579509.596805, "device_queued": -1, "device_end": -1, "host_queued_end": 1585579509.6948}, "device": "cpu", "nd_range": {"device_start": 2247283.884467746, "device_end": 2247284.050385705}, "cmdq": 1, "read": {"device_start": -1, "device_end": -1}}, "FFC_sans_bias2": {"write": {"device_start": -1, "host_queued_start": 1585579509.603476, "device_queued": -1, "device_end": -1, "host_queued_end": 1585579509.6948}, "device": "cpu", "nd_range": {"device_start": 2247283.884475028, "device_end": 2247283.962537072}, "cmdq": 0, "read": {"device_start": -1, "device_end": -1}}, "FFC_sans_bias61": {"write": {"device_start": -1, "host_queued_start": 1585579509.694747, "device_queued": -1, "device_end": -1, "host_queued_end": 1585579509.6948}, "device": "cpu", "nd_range": {"device_start": 2247285.534447919, "device_end": 2247285.585686915}, "cmdq": 2, "read": {"device_start": -1, "device_end": -1}}, "FFC_sans_bias52": {"write": {"device_start": -1, "host_queued_start": 1585579509.691523, "device_queued": -1, "device_end": -1, "host_queued_end": 1585579509.6948}, "device": "cpu", "nd_range": {"device_start": 2247285.457528103, "device_end": 2247285.5866556843}, "cmdq": 1, "read": {"device_start": -1, "device_end": -1}}, "FFC_sans_bias9": {"write": {"device_start": -1, "host_queued_start": 1585579509.606751, "device_queued": -1, "device_end": -1, "host_queued_end": 1585579509.6948}, "device": "cpu", "nd_range": {"device_start": 2247284.0517211063, "device_end": 2247284.131000569}, "cmdq": 1, "read": {"device_start": -1, "device_end": -1}}, "coalesced_transpose39": {"write": {"device_start": -1, "host_queued_start": 1585579509.664611, "device_queued": -1, "device_end": -1, "host_queued_end": 1585579509.6948}, "device": "cpu", "nd_range": {"device_start": 2247284.701990595, "device_end": 2247284.703079421}, "cmdq": 2, "read": {"device_start": -1, "device_end": -1}}, "FFC_sans_bias55": {"write": {"device_start": -1, "host_queued_start": 1585579509.662922, "device_queued": -1, "device_end": -1, "host_queued_end": 1585579509.6948}, "device": "cpu", "nd_range": {"device_start": 2247284.508736282, "device_end": 2247284.67619732}, "cmdq": 0, "read": {"device_start": -1, "device_end": -1}}, "FFC_sans_bias54": {"write": {"device_start": -1, "host_queued_start": 1585579509.659607, "device_queued": -1, "device_end": -1, "host_queued_end": 1585579509.6948}, "device": "cpu", "nd_range": {"device_start": 2247284.579907873, "device_end": 2247284.700874067}, "cmdq": 2, "read": {"device_start": -1, "device_end": -1}}, "FFC_sans_bias56": {"write": {"device_start": -1, "host_queued_start": 1585579509.656315, "device_queued": -1, "device_end": -1, "host_queued_end": 1585579509.6948}, "device": "cpu", "nd_range": {"device_start": 2247284.645383508, "device_end": 2247284.7232394232}, "cmdq": 1, "read": {"device_start": -1, "device_end": -1}}, "FFC_sans_bias51": {"write": {"device_start": -1, "host_queued_start": 1585579509.671871, "device_queued": -1, "device_end": -1, "host_queued_end": 1585579509.6948}, "device": "cpu", "nd_range": {"device_start": 2247285.135539355, "device_end": 2247285.2759310203}, "cmdq": 0, "read": {"device_start": -1, "device_end": -1}}, "softmax23": {"write": {"device_start": -1, "host_queued_start": 1585579509.668628, "device_queued": -1, "device_end": -1, "host_queued_end": 1585579509.6948}, "device": "cpu", "nd_range": {"device_start": 2247285.06910644, "device_end": 2247285.0700713564}, "cmdq": 2, "read": {"device_start": -1, "device_end": -1}}, "FFC_sans_bias37": {"write": {"device_start": -1, "host_queued_start": 1585579509.639794, "device_queued": -1, "device_end": -1, "host_queued_end": 1585579509.6948}, "device": "cpu", "nd_range": {"device_start": 2247284.3287386103, "device_end": 2247284.47263879}, "cmdq": 2, "read": {"device_start": -1, "device_end": -1}}, "empty62": {"write": {"device_start": -1, "host_queued_start": 1585579509.593834, "device_queued": -1, "device_end": -1, "host_queued_end": 1585579509.6948}, "device": "cpu", "nd_range": {"device_start": 2247283.884467993, "device_end": 2247283.8844687613}, "cmdq": 0, "read": {"device_start": -1, "device_end": -1}}, "FFC_sans_bias70": {"write": {"device_start": 1585579444.3759165, "host_queued_start": 1585579509.574027, "device_queued": 1585579444.3625998, "device_end": 1585579444.376015, "host_queued_end": 1585579509.574141}, "device": "gpu", "nd_range": {"device_start": 1585579444.3789122, "device_end": 1585579444.3822248}, "cmdq": 0, "read": {"device_start": 1585579444.3822303, "device_end": 1585579444.382332}}, "FFC_sans_bias58": {"write": {"device_start": -1, "host_queued_start": 1585579509.667776, "device_queued": -1, "device_end": -1, "host_queued_end": 1585579509.6948}, "device": "cpu", "nd_range": {"device_start": 2247284.9705685982, "device_end": 2247285.06887396}, "cmdq": 2, "read": {"device_start": -1, "device_end": -1}}, "softmax41": {"write": {"device_start": -1, "host_queued_start": 1585579509.669177, "device_queued": -1, "device_end": -1, "host_queued_end": 1585579509.6948}, "device": "cpu", "nd_range": {"device_start": 2247284.963004852, "device_end": 2247284.96394687}, "cmdq": 1, "read": {"device_start": -1, "device_end": -1}}, "FFC_sans_bias11": {"write": {"device_start": -1, "host_queued_start": 1585579509.613316, "device_queued": -1, "device_end": -1, "host_queued_end": 1585579509.6948}, "device": "cpu", "nd_range": {"device_start": 2247283.9645472723, "device_end": 2247284.037624345}, "cmdq": 0, "read": {"device_start": -1, "device_end": -1}}, "FFC_sans_bias10": {"write": {"device_start": -1, "host_queued_start": 1585579509.61002, "device_queued": -1, "device_end": -1, "host_queued_end": 1585579509.6948}, "device": "cpu", "nd_range": {"device_start": 2247283.991943329, "device_end": 2247284.110250044}, "cmdq": 2, "read": {"device_start": -1, "device_end": -1}}, "coalesced_transpose3": {"write": {"device_start": -1, "host_queued_start": 1585579509.663284, "device_queued": -1, "device_end": -1, "host_queued_end": 1585579509.6948}, "device": "cpu", "nd_range": {"device_start": 2247284.723252079, "device_end": 2247284.7409461983}, "cmdq": 1, "read": {"device_start": -1, "device_end": -1}}, "FFC_sans_bias34": {"write": {"device_start": -1, "host_queued_start": 1585579509.685074, "device_queued": -1, "device_end": -1, "host_queued_end": 1585579509.6948}, "device": "cpu", "nd_range": {"device_start": 2247285.454210319, "device_end": 2247285.5344294594}, "cmdq": 2, "read": {"device_start": -1, "device_end": -1}}, "FFC_sans_bias15": {"write": {"device_start": -1, "host_queued_start": 1585579509.670452, "device_queued": -1, "device_end": -1, "host_queued_end": 1585579509.6948}, "device": "cpu", "nd_range": {"device_start": 2247285.071748232, "device_end": 2247285.195011213}, "cmdq": 2, "read": {"device_start": -1, "device_end": -1}}, "FFC_sans_bias31": {"write": {"device_start": -1, "host_queued_start": 1585579509.666744, "device_queued": -1, "device_end": -1, "host_queued_end": 1585579509.6948}, "device": "cpu", "nd_range": {"device_start": 2247284.877776178, "device_end": 2247284.970409607}, "cmdq": 2, "read": {"device_start": -1, "device_end": -1}}, "FFC_sans_bias16": {"write": {"device_start": -1, "host_queued_start": 1585579509.678636, "device_queued": -1, "device_end": -1, "host_queued_end": 1585579509.6948}, "device": "cpu", "nd_range": {"device_start": 2247285.275957378, "device_end": 2247285.373311712}, "cmdq": 0, "read": {"device_start": -1, "device_end": -1}}, "FFC_sans_bias19": {"write": {"device_start": -1, "host_queued_start": 1585579509.619868, "device_queued": -1, "device_end": -1, "host_queued_end": 1585579509.6948}, "device": "cpu", "nd_range": {"device_start": 2247284.110269869, "device_end": 2247284.225361293}, "cmdq": 2, "read": {"device_start": -1, "device_end": -1}}, "FFC_sans_bias18": {"write": {"device_start": -1, "host_queued_start": 1585579509.616599, "device_queued": -1, "device_end": -1, "host_queued_end": 1585579509.6948}, "device": "cpu", "nd_range": {"device_start": 2247284.1310291383, "device_end": 2247284.343706883}, "cmdq": 1, "read": {"device_start": -1, "device_end": -1}}, "coalesced_transpose30": {"write": {"device_start": -1, "host_queued_start": 1585579509.664278, "device_queued": -1, "device_end": -1, "host_queued_end": 1585579509.6948}, "device": "cpu", "nd_range": {"device_start": 2247284.741146069, "device_end": 2247284.742218378}, "cmdq": 1, "read": {"device_start": -1, "device_end": -1}}, "FFC_sans_bias69": {"write": {"device_start": -1, "host_queued_start": 1585579509.570838, "device_queued": -1, "device_end": -1, "host_queued_end": 1585579509.574141}, "device": "gpu", "nd_range": {"device_start": 1585579444.3755817, "device_end": 1585579444.3789089}, "cmdq": 1, "read": {"device_start": -1, "device_end": -1}}, "FFC_sans_bias38": {"write": {"device_start": -1, "host_queued_start": 1585579509.643134, "device_queued": -1, "device_end": -1, "host_queued_end": 1585579509.6948}, "device": "cpu", "nd_range": {"device_start": 2247284.2338044522, "device_end": 2247284.3632718353}, "cmdq": 0, "read": {"device_start": -1, "device_end": -1}}, "coalesced_transpose57": {"write": {"device_start": -1, "host_queued_start": 1585579509.665265, "device_queued": -1, "device_end": -1, "host_queued_end": 1585579509.6948}, "device": "cpu", "nd_range": {"device_start": 2247284.742355137, "device_end": 2247284.7434236933}, "cmdq": 1, "read": {"device_start": -1, "device_end": -1}}, "empty26": {"write": {"device_start": -1, "host_queued_start": 1585579509.58339, "device_queued": -1, "device_end": -1, "host_queued_end": 1585579509.6948}, "device": "cpu", "nd_range": {"device_start": 2247283.884474215, "device_end": 2247283.884478379}, "cmdq": 2, "read": {"device_start": -1, "device_end": -1}}, "coalesced_transpose12": {"write": {"device_start": -1, "host_queued_start": 1585579509.663618, "device_queued": -1, "device_end": -1, "host_queued_end": 1585579509.6948}, "device": "cpu", "nd_range": {"device_start": 2247284.70088758, "device_end": 2247284.7019767733}, "cmdq": 2, "read": {"device_start": -1, "device_end": -1}}, "empty44": {"write": {"device_start": -1, "host_queued_start": 1585579509.588577, "device_queued": -1, "device_end": -1, "host_queued_end": 1585579509.6948}, "device": "cpu", "nd_range": {"device_start": 2247283.884460612, "device_end": 2247283.884461782}, "cmdq": 1, "read": {"device_start": -1, "device_end": -1}}, "coalesced_transpose21": {"write": {"device_start": -1, "host_queued_start": 1585579509.663946, "device_queued": -1, "device_end": -1, "host_queued_end": 1585579509.6948}, "device": "cpu", "nd_range": {"device_start": 2247284.67621078, "device_end": 2247284.677308985}, "cmdq": 0, "read": {"device_start": -1, "device_end": -1}}, "FFC_sans_bias36": {"write": {"device_start": -1, "host_queued_start": 1585579509.6365, "device_queued": -1, "device_end": -1, "host_queued_end": 1585579509.6948}, "device": "cpu", "nd_range": {"device_start": 2247284.437889156, "device_end": 2247284.524242802}, "cmdq": 1, "read": {"device_start": -1, "device_end": -1}}, "softmax14": {"write": {"device_start": -1, "host_queued_start": 1585579509.668339, "device_queued": -1, "device_end": -1, "host_queued_end": 1585579509.6948}, "device": "cpu", "nd_range": {"device_start": 2247284.96179646, "device_end": 2247284.962992545}, "cmdq": 1, "read": {"device_start": -1, "device_end": -1}}, "FFC_sans_bias13": {"write": {"device_start": -1, "host_queued_start": 1585579509.666018, "device_queued": -1, "device_end": -1, "host_queued_end": 1585579509.6948}, "device": "cpu", "nd_range": {"device_start": 2247284.7027858053, "device_end": 2247284.771282277}, "cmdq": 0, "read": {"device_start": -1, "device_end": -1}}, "empty8": {"write": {"device_start": -1, "host_queued_start": 1585579509.577745, "device_queued": -1, "device_end": -1, "host_queued_end": 1585579509.6948}, "device": "cpu", "nd_range": {"device_start": 2247283.8844212783, "device_end": 2247283.884434753}, "cmdq": 0, "read": {"device_start": -1, "device_end": -1}}, "FFC_sans_bias42": {"write": {"device_start": -1, "host_queued_start": 1585579509.671529, "device_queued": -1, "device_end": -1, "host_queued_end": 1585579509.6948}, "device": "cpu", "nd_range": {"device_start": 2247285.195352665, "device_end": 2247285.324214124}, "cmdq": 2, "read": {"device_start": -1, "device_end": -1}}, "FFC_sans_bias43": {"write": {"device_start": -1, "host_queued_start": 1585579509.688304, "device_queued": -1, "device_end": -1, "host_queued_end": 1585579509.6948}, "device": "cpu", "nd_range": {"device_start": 2247285.373320113, "device_end": 2247285.494299421}, "cmdq": 0, "read": {"device_start": -1, "device_end": -1}}, "FFC_sans_bias40": {"write": {"device_start": -1, "host_queued_start": 1585579509.667088, "device_queued": -1, "device_end": -1, "host_queued_end": 1585579509.6948}, "device": "cpu", "nd_range": {"device_start": 2247284.7715015933, "device_end": 2247284.892649564}, "cmdq": 0, "read": {"device_start": -1, "device_end": -1}}, "softmax32": {"write": {"device_start": -1, "host_queued_start": 1585579509.6689, "device_queued": -1, "device_end": -1, "host_queued_end": 1585579509.6948}, "device": "cpu", "nd_range": {"device_start": 2247285.000289114, "device_end": 2247285.0012382143}, "cmdq": 0, "read": {"device_start": -1, "device_end": -1}}, "FFC_sans_bias47": {"write": {"device_start": -1, "host_queued_start": 1585579509.65301, "device_queued": -1, "device_end": -1, "host_queued_end": 1585579509.6948}, "device": "cpu", "nd_range": {"device_start": 2247284.3632856524, "device_end": 2247284.508722139}, "cmdq": 0, "read": {"device_start": -1, "device_end": -1}}, "FFC_sans_bias45": {"write": {"device_start": -1, "host_queued_start": 1585579509.646403, "device_queued": -1, "device_end": -1, "host_queued_end": 1585579509.6948}, "device": "cpu", "nd_range": {"device_start": 2247284.524440402, "device_end": 2247284.645366652}, "cmdq": 1, "read": {"device_start": -1, "device_end": -1}}, "softmax50": {"write": {"device_start": -1, "host_queued_start": 1585579509.669463, "device_queued": -1, "device_end": -1, "host_queued_end": 1585579509.6948}, "device": "cpu", "nd_range": {"device_start": 2247285.070654795, "device_end": 2247285.071603224}, "cmdq": 2, "read": {"device_start": -1, "device_end": -1}}, "FFC_sans_bias33": {"write": {"device_start": -1, "host_queued_start": 1585579509.671184, "device_queued": -1, "device_end": -1, "host_queued_end": 1585579509.6948}, "device": "cpu", "nd_range": {"device_start": 2247285.028024224, "device_end": 2247285.1930545364}, "cmdq": 1, "read": {"device_start": -1, "device_end": -1}}, "FFC_sans_bias63": {"write": {"device_start": 1585579444.3654907, "host_queued_start": 1585579509.569574, "device_queued": 1585579444.3619606, "device_end": 1585579444.36559, "host_queued_end": 1585579509.574141}, "device": "gpu", "nd_range": {"device_start": 1585579444.3655937, "device_end": 1585579444.3717532}, "cmdq": 1, "read": {"device_start": -1, "device_end": -1}}, "FFC_sans_bias49": {"write": {"device_start": -1, "host_queued_start": 1585579509.667429, "device_queued": -1, "device_end": -1, "host_queued_end": 1585579509.6948}, "device": "cpu", "nd_range": {"device_start": 2247284.888012345, "device_end": 2247284.9615771393}, "cmdq": 1, "read": {"device_start": -1, "device_end": -1}}, "FFC_sans_bias64": {"write": {"device_start": 1585579444.3615165, "host_queued_start": 1585579509.562933, "device_queued": 1585579444.3610332, "device_end": 1585579444.3618, "host_queued_end": 1585579509.574141}, "device": "gpu", "nd_range": {"device_start": 1585579444.3618095, "device_end": 1585579444.3651721}, "cmdq": 1, "read": {"device_start": -1, "device_end": -1}}, "FFC_sans_bias65": {"write": {"device_start": 1585579444.3618548, "host_queued_start": 1585579509.566248, "device_queued": 1585579444.361402, "device_end": 1585579444.3619509, "host_queued_end": 1585579509.574141}, "device": "gpu", "nd_range": {"device_start": 1585579444.361953, "device_end": 1585579444.3685193}, "cmdq": 0, "read": {"device_start": -1, "device_end": -1}}, "FFC_sans_bias67": {"write": {"device_start": -1, "host_queued_start": 1585579509.57024, "device_queued": -1, "device_end": -1, "host_queued_end": 1585579509.574141}, "device": "gpu", "nd_range": {"device_start": 1585579444.371755, "device_end": 1585579444.3751254}, "cmdq": 1, "read": {"device_start": -1, "device_end": -1}}, "FFC_sans_bias24": {"write": {"device_start": -1, "host_queued_start": 1585579509.670835, "device_queued": -1, "device_end": -1, "host_queued_end": 1585579509.6948}, "device": "cpu", "nd_range": {"device_start": 2247285.0721254773, "device_end": 2247285.1355073373}, "cmdq": 0, "read": {"device_start": -1, "device_end": -1}}, "FFC_sans_bias25": {"write": {"device_start": -1, "host_queued_start": 1585579509.681871, "device_queued": -1, "device_end": -1, "host_queued_end": 1585579509.6948}, "device": "cpu", "nd_range": {"device_start": 2247285.336299331, "device_end": 2247285.4575216393}, "cmdq": 1, "read": {"device_start": -1, "device_end": -1}}, "FFC_sans_bias27": {"write": {"device_start": -1, "host_queued_start": 1585579509.626564, "device_queued": -1, "device_end": -1, "host_queued_end": 1585579509.6948}, "device": "cpu", "nd_range": {"device_start": 2247284.343911326, "device_end": 2247284.437869084}, "cmdq": 1, "read": {"device_start": -1, "device_end": -1}}, "FFC_sans_bias20": {"write": {"device_start": -1, "host_queued_start": 1585579509.623291, "device_queued": -1, "device_end": -1, "host_queued_end": 1585579509.6948}, "device": "cpu", "nd_range": {"device_start": 2247284.037839731, "device_end": 2247284.154610911}, "cmdq": 0, "read": {"device_start": -1, "device_end": -1}}, "FFC_sans_bias22": {"write": {"device_start": -1, "host_queued_start": 1585579509.666388, "device_queued": -1, "device_end": -1, "host_queued_end": 1585579509.6948}, "device": "cpu", "nd_range": {"device_start": 2247284.743558754, "device_end": 2247284.87668371}, "cmdq": 1, "read": {"device_start": -1, "device_end": -1}}, "softmax68": {"write": {"device_start": -1, "host_queued_start": 1585579509.570495, "device_queued": -1, "device_end": -1, "host_queued_end": 1585579509.574141}, "device": "gpu", "nd_range": {"device_start": 1585579444.3751287, "device_end": 1585579444.3755782}, "cmdq": 0, "read": {"device_start": -1, "device_end": -1}}, "softmax5": {"write": {"device_start": -1, "host_queued_start": 1585579509.668055, "device_queued": -1, "device_end": -1, "host_queued_end": 1585579509.6948}, "device": "cpu", "nd_range": {"device_start": 2247284.892836749, "device_end": 2247284.8937827214}, "cmdq": 0, "read": {"device_start": -1, "device_end": -1}}, "FFC_sans_bias28": {"write": {"device_start": -1, "host_queued_start": 1585579509.629862, "device_queued": -1, "device_end": -1, "host_queued_end": 1585579509.6948}, "device": "cpu", "nd_range": {"device_start": 2247284.22571431, "device_end": 2247284.3285062104}, "cmdq": 2, "read": {"device_start": -1, "device_end": -1}}, "FFC_sans_bias29": {"write": {"device_start": -1, "host_queued_start": 1585579509.633151, "device_queued": -1, "device_end": -1, "host_queued_end": 1585579509.6948}, "device": "cpu", "nd_range": {"device_start": 2247284.154630985, "device_end": 2247284.233775368}, "cmdq": 0, "read": {"device_start": -1, "device_end": -1}}, "empty17": {"write": {"device_start": -1, "host_queued_start": 1585579509.580731, "device_queued": -1, "device_end": -1, "host_queued_end": 1585579509.6948}, "device": "cpu", "nd_range": {"device_start": 2247283.884421293, "device_end": 2247283.8844347503}, "cmdq": 1, "read": {"device_start": -1, "device_end": -1}}, "softmax59": {"write": {"device_start": -1, "host_queued_start": 1585579509.669746, "device_queued": -1, "device_end": -1, "host_queued_end": 1585579509.6948}, "device": "cpu", "nd_range": {"device_start": 2247285.069498748, "device_end": 2247285.07047361}, "cmdq": 0, "read": {"device_start": -1, "device_end": -1}}, "empty71": {"write": {"device_start": 1585579444.3611577, "host_queued_start": 1585579509.559343, "device_queued": 1585579444.3608234, "device_end": 1585579444.3613887, "host_queued_end": 1585579509.574141}, "device": "gpu", "nd_range": {"device_start": 1585579444.3613925, "device_end": 1585579444.361399}, "cmdq": 0, "read": {"device_start": -1, "device_end": -1}}, "empty35": {"write": {"device_start": -1, "host_queued_start": 1585579509.585989, "device_queued": -1, "device_end": -1, "host_queued_end": 1585579509.6948}, "device": "cpu", "nd_range": {"device_start": 2247283.884460763, "device_end": 2247283.884461902}, "cmdq": 0, "read": {"device_start": -1, "device_end": -1}}, "empty53": {"write": {"device_start": -1, "host_queued_start": 1585579509.591261, "device_queued": -1, "device_end": -1, "host_queued_end": 1585579509.6948}, "device": "cpu", "nd_range": {"device_start": 2247283.8844968393, "device_end": 2247283.884497898}, "cmdq": 2, "read": {"device_start": -1, "device_end": -1}}, "FFC_sans_bias46": {"write": {"device_start": -1, "host_queued_start": 1585579509.649702, "device_queued": -1, "device_end": -1, "host_queued_end": 1585579509.6948}, "device": "cpu", "nd_range": {"device_start": 2247284.472853079, "device_end": 2247284.579887348}, "cmdq": 2, "read": {"device_start": -1, "device_end": -1}}, "coalesced_transpose66": {"write": {"device_start": -1, "host_queued_start": 1585579509.569922, "device_queued": -1, "device_end": -1, "host_queued_end": 1585579509.574141}, "device": "gpu", "nd_range": {"device_start": 1585579444.3685205, "device_end": 1585579444.3715768}, "cmdq": 0, "read": {"device_start": -1, "device_end": -1}}, "coalesced_transpose48": {"write": {"device_start": -1, "host_queued_start": 1585579509.66494, "device_queued": -1, "device_end": -1, "host_queued_end": 1585579509.6948}, "device": "cpu", "nd_range": {"device_start": 2247284.677320943, "device_end": 2247284.678411671}, "cmdq": 0, "read": {"device_start": -1, "device_end": -1}}}