{"FFC_sans_bias60": {"write": {"device_start": -1, "host_queued_start": 1585579321.332226, "device_queued": -1, "device_end": -1, "host_queued_end": 1585579321.355672}, "device": "gpu", "nd_range": {"device_start": 1585579256.2768903, "device_end": 1585579256.2804117}, "cmdq": 0, "read": {"device_start": -1, "device_end": -1}}, "FFC_sans_bias4": {"write": {"device_start": -1, "host_queued_start": 1585579321.371438, "device_queued": -1, "device_end": -1, "host_queued_end": 1585579321.375698}, "device": "cpu", "nd_range": {"device_start": 2247095.671753798, "device_end": 2247095.708387766}, "cmdq": 2, "read": {"device_start": -1, "device_end": -1}}, "FFC_sans_bias7": {"write": {"device_start": -1, "host_queued_start": 1585579321.375635, "device_queued": -1, "device_end": -1, "host_queued_end": 1585579321.375698}, "device": "cpu", "nd_range": {"device_start": 2247095.744046503, "device_end": 2247095.780158002}, "cmdq": 2, "read": {"device_start": -1, "device_end": -1}}, "FFC_sans_bias6": {"write": {"device_start": -1, "host_queued_start": 1585579321.3721, "device_queued": -1, "device_end": -1, "host_queued_end": 1585579321.375698}, "device": "cpu", "nd_range": {"device_start": 2247095.708929399, "device_end": 2247095.744024095}, "cmdq": 1, "read": {"device_start": -1, "device_end": -1}}, "FFC_sans_bias1": {"write": {"device_start": -1, "host_queued_start": 1585579321.366897, "device_queued": -1, "device_end": -1, "host_queued_end": 1585579321.375698}, "device": "cpu", "nd_range": {"device_start": 2247095.565368743, "device_end": 2247095.6679051314}, "cmdq": 2, "read": {"device_start": -1, "device_end": -1}}, "FFC_sans_bias0": {"write": {"device_start": -1, "host_queued_start": 1585579321.363289, "device_queued": -1, "device_end": -1, "host_queued_end": 1585579321.375698}, "device": "cpu", "nd_range": {"device_start": 2247095.565309042, "device_end": 2247095.671218473}, "cmdq": 1, "read": {"device_start": -1, "device_end": -1}}, "FFC_sans_bias2": {"write": {"device_start": -1, "host_queued_start": 1585579321.370558, "device_queued": -1, "device_end": -1, "host_queued_end": 1585579321.375698}, "device": "cpu", "nd_range": {"device_start": 2247095.565319205, "device_end": 2247095.66666461}, "cmdq": 0, "read": {"device_start": -1, "device_end": -1}}, "FFC_sans_bias61": {"write": {"device_start": 1585579256.305186, "host_queued_start": 1585579321.352272, "device_queued": 1585579256.1592093, "device_end": 1585579256.3052733, "host_queued_end": 1585579321.355672}, "device": "gpu", "nd_range": {"device_start": 1585579256.3052793, "device_end": 1585579256.3086035}, "cmdq": 0, "read": {"device_start": 1585579256.3086052, "device_end": 1585579256.3086917}}, "FFC_sans_bias52": {"write": {"device_start": 1585579256.3012488, "host_queued_start": 1585579321.348998, "device_queued": 1585579256.1589377, "device_end": 1585579256.3013377, "host_queued_end": 1585579321.355672}, "device": "gpu", "nd_range": {"device_start": 1585579256.301343, "device_end": 1585579256.304681}, "cmdq": 0, "read": {"device_start": 1585579256.3046856, "device_end": 1585579256.304771}}, "FFC_sans_bias9": {"write": {"device_start": 1585579256.1505392, "host_queued_start": 1585579321.258426, "device_queued": 1585579256.1491022, "device_end": 1585579256.1506617, "host_queued_end": 1585579321.355672}, "device": "gpu", "nd_range": {"device_start": 1585579256.1506774, "device_end": 1585579256.154177}, "cmdq": 0, "read": {"device_start": -1, "device_end": -1}}, "coalesced_transpose39": {"write": {"device_start": -1, "host_queued_start": 1585579321.325409, "device_queued": -1, "device_end": -1, "host_queued_end": 1585579321.355672}, "device": "gpu", "nd_range": {"device_start": 1585579256.231565, "device_end": 1585579256.2315829}, "cmdq": 0, "read": {"device_start": -1, "device_end": -1}}, "FFC_sans_bias55": {"write": {"device_start": 1585579256.2164006, "host_queued_start": 1585579321.314318, "device_queued": 1585579256.1536186, "device_end": 1585579256.2164907, "host_queued_end": 1585579321.355672}, "device": "gpu", "nd_range": {"device_start": 1585579256.2164974, "device_end": 1585579256.2200146}, "cmdq": 0, "read": {"device_start": -1, "device_end": -1}}, "FFC_sans_bias54": {"write": {"device_start": 1585579256.2125793, "host_queued_start": 1585579321.311046, "device_queued": 1585579256.1534102, "device_end": 1585579256.2126696, "host_queued_end": 1585579321.355672}, "device": "gpu", "nd_range": {"device_start": 1585579256.212676, "device_end": 1585579256.216183}, "cmdq": 0, "read": {"device_start": -1, "device_end": -1}}, "FFC_sans_bias56": {"write": {"device_start": 1585579256.208735, "host_queued_start": 1585579321.307727, "device_queued": 1585579256.1532001, "device_end": 1585579256.2088299, "host_queued_end": 1585579321.355672}, "device": "gpu", "nd_range": {"device_start": 1585579256.2088323, "device_end": 1585579256.2123518}, "cmdq": 0, "read": {"device_start": -1, "device_end": -1}}, "FFC_sans_bias51": {"write": {"device_start": -1, "host_queued_start": 1585579321.33191, "device_queued": -1, "device_end": -1, "host_queued_end": 1585579321.355672}, "device": "gpu", "nd_range": {"device_start": 1585579256.273372, "device_end": 1585579256.276889}, "cmdq": 0, "read": {"device_start": -1, "device_end": -1}}, "softmax23": {"write": {"device_start": -1, "host_queued_start": 1585579321.329053, "device_queued": -1, "device_end": -1, "host_queued_end": 1585579321.355672}, "device": "gpu", "nd_range": {"device_start": 1585579256.256682, "device_end": 1585579256.257123}, "cmdq": 0, "read": {"device_start": -1, "device_end": -1}}, "FFC_sans_bias37": {"write": {"device_start": 1585579256.1895773, "host_queued_start": 1585579321.291381, "device_queued": 1585579256.1520708, "device_end": 1585579256.1896675, "host_queued_end": 1585579321.355672}, "device": "gpu", "nd_range": {"device_start": 1585579256.189674, "device_end": 1585579256.1931927}, "cmdq": 0, "read": {"device_start": -1, "device_end": -1}}, "empty62": {"write": {"device_start": 1585579256.149765, "host_queued_start": 1585579321.253062, "device_queued": 1585579256.148713, "device_end": 1585579256.149864, "host_queued_end": 1585579321.355672}, "device": "gpu", "nd_range": {"device_start": 1585579256.1498795, "device_end": 1585579256.1498828}, "cmdq": 0, "read": {"device_start": -1, "device_end": -1}}, "FFC_sans_bias70": {"write": {"device_start": 1585579256.3090887, "host_queued_start": 1585579321.355559, "device_queued": 1585579256.1594832, "device_end": 1585579256.309177, "host_queued_end": 1585579321.355672}, "device": "gpu", "nd_range": {"device_start": 1585579256.309183, "device_end": 1585579256.3124957}, "cmdq": 0, "read": {"device_start": 1585579256.3125036, "device_end": 1585579256.3125882}}, "FFC_sans_bias58": {"write": {"device_start": -1, "host_queued_start": 1585579321.328227, "device_queued": -1, "device_end": -1, "host_queued_end": 1585579321.355672}, "device": "gpu", "nd_range": {"device_start": 1585579256.2492096, "device_end": 1585579256.252731}, "cmdq": 0, "read": {"device_start": -1, "device_end": -1}}, "softmax41": {"write": {"device_start": -1, "host_queued_start": 1585579321.32955, "device_queued": -1, "device_end": -1, "host_queued_end": 1585579321.355672}, "device": "gpu", "nd_range": {"device_start": 1585579256.2575662, "device_end": 1585579256.2580078}, "cmdq": 0, "read": {"device_start": -1, "device_end": -1}}, "FFC_sans_bias11": {"write": {"device_start": 1585579256.1585355, "host_queued_start": 1585579321.265016, "device_queued": 1585579256.149885, "device_end": 1585579256.1586294, "host_queued_end": 1585579321.355672}, "device": "gpu", "nd_range": {"device_start": 1585579256.1586454, "device_end": 1585579256.1621966}, "cmdq": 0, "read": {"device_start": -1, "device_end": -1}}, "FFC_sans_bias10": {"write": {"device_start": 1585579256.1545777, "host_queued_start": 1585579321.261758, "device_queued": 1585579256.1494684, "device_end": 1585579256.1546764, "host_queued_end": 1585579321.355672}, "device": "gpu", "nd_range": {"device_start": 1585579256.1546857, "device_end": 1585579256.1582031}, "cmdq": 0, "read": {"device_start": -1, "device_end": -1}}, "coalesced_transpose3": {"write": {"device_start": -1, "host_queued_start": 1585579321.370957, "device_queued": -1, "device_end": -1, "host_queued_end": 1585579321.375698}, "device": "cpu", "nd_range": {"device_start": 2247095.6712383293, "device_end": 2247095.671587583}, "cmdq": 1, "read": {"device_start": -1, "device_end": -1}}, "FFC_sans_bias34": {"write": {"device_start": 1585579256.2934244, "host_queued_start": 1585579321.342454, "device_queued": 1585579256.1583517, "device_end": 1585579256.2935138, "host_queued_end": 1585579321.355672}, "device": "gpu", "nd_range": {"device_start": 1585579256.2935188, "device_end": 1585579256.296838}, "cmdq": 0, "read": {"device_start": 1585579256.2968447, "device_end": 1585579256.2969306}}, "FFC_sans_bias15": {"write": {"device_start": -1, "host_queued_start": 1585579321.330632, "device_queued": -1, "device_end": -1, "host_queued_end": 1585579321.355672}, "device": "gpu", "nd_range": {"device_start": 1585579256.2593367, "device_end": 1585579256.2628322}, "cmdq": 0, "read": {"device_start": -1, "device_end": -1}}, "FFC_sans_bias31": {"write": {"device_start": -1, "host_queued_start": 1585579321.327272, "device_queued": -1, "device_end": -1, "host_queued_end": 1585579321.355672}, "device": "gpu", "nd_range": {"device_start": 1585579256.2386837, "device_end": 1585579256.242181}, "cmdq": 0, "read": {"device_start": -1, "device_end": -1}}, "FFC_sans_bias16": {"write": {"device_start": 1585579256.2841823, "host_queued_start": 1585579321.335891, "device_queued": 1585579256.157706, "device_end": 1585579256.284273, "host_queued_end": 1585579321.355672}, "device": "gpu", "nd_range": {"device_start": 1585579256.2842772, "device_end": 1585579256.287771}, "cmdq": 0, "read": {"device_start": 1585579256.2877746, "device_end": 1585579256.2878604}}, "FFC_sans_bias19": {"write": {"device_start": 1585579256.166491, "host_queued_start": 1585579321.271719, "device_queued": 1585579256.1506822, "device_end": 1585579256.1665916, "host_queued_end": 1585579321.355672}, "device": "gpu", "nd_range": {"device_start": 1585579256.1666, "device_end": 1585579256.170127}, "cmdq": 0, "read": {"device_start": -1, "device_end": -1}}, "FFC_sans_bias18": {"write": {"device_start": 1585579256.1625333, "host_queued_start": 1585579321.268271, "device_queued": 1585579256.150245, "device_end": 1585579256.1626298, "host_queued_end": 1585579321.355672}, "device": "gpu", "nd_range": {"device_start": 1585579256.162636, "device_end": 1585579256.1661592}, "cmdq": 0, "read": {"device_start": -1, "device_end": -1}}, "coalesced_transpose30": {"write": {"device_start": -1, "host_queued_start": 1585579321.325102, "device_queued": -1, "device_end": -1, "host_queued_end": 1585579321.355672}, "device": "gpu", "nd_range": {"device_start": 1585579256.2315445, "device_end": 1585579256.2315638}, "cmdq": 0, "read": {"device_start": -1, "device_end": -1}}, "FFC_sans_bias69": {"write": {"device_start": -1, "host_queued_start": 1585579321.332538, "device_queued": -1, "device_end": -1, "host_queued_end": 1585579321.355672}, "device": "gpu", "nd_range": {"device_start": 1585579256.2804127, "device_end": 1585579256.2839277}, "cmdq": 0, "read": {"device_start": -1, "device_end": -1}}, "FFC_sans_bias38": {"write": {"device_start": 1585579256.1934104, "host_queued_start": 1585579321.294665, "device_queued": 1585579256.1522946, "device_end": 1585579256.1935, "host_queued_end": 1585579321.355672}, "device": "gpu", "nd_range": {"device_start": 1585579256.1935067, "device_end": 1585579256.1970265}, "cmdq": 0, "read": {"device_start": -1, "device_end": -1}}, "coalesced_transpose57": {"write": {"device_start": -1, "host_queued_start": 1585579321.326007, "device_queued": -1, "device_end": -1, "host_queued_end": 1585579321.355672}, "device": "gpu", "nd_range": {"device_start": 1585579256.2316031, "device_end": 1585579256.2316222}, "cmdq": 0, "read": {"device_start": -1, "device_end": -1}}, "empty26": {"write": {"device_start": 1585579256.1481931, "host_queued_start": 1585579321.242713, "device_queued": 1585579256.1477633, "device_end": 1585579256.1482873, "host_queued_end": 1585579321.355672}, "device": "gpu", "nd_range": {"device_start": 1585579256.14829, "device_end": 1585579256.1482937}, "cmdq": 0, "read": {"device_start": -1, "device_end": -1}}, "coalesced_transpose12": {"write": {"device_start": -1, "host_queued_start": 1585579321.324484, "device_queued": -1, "device_end": -1, "host_queued_end": 1585579321.355672}, "device": "gpu", "nd_range": {"device_start": 1585579256.2315052, "device_end": 1585579256.231524}, "cmdq": 0, "read": {"device_start": -1, "device_end": -1}}, "empty44": {"write": {"device_start": 1585579256.1489878, "host_queued_start": 1585579321.247913, "device_queued": 1585579256.1483097, "device_end": 1585579256.1490808, "host_queued_end": 1585579321.355672}, "device": "gpu", "nd_range": {"device_start": 1585579256.1490831, "device_end": 1585579256.1490874}, "cmdq": 0, "read": {"device_start": -1, "device_end": -1}}, "coalesced_transpose21": {"write": {"device_start": -1, "host_queued_start": 1585579321.32479, "device_queued": -1, "device_end": -1, "host_queued_end": 1585579321.355672}, "device": "gpu", "nd_range": {"device_start": 1585579256.231525, "device_end": 1585579256.2315433}, "cmdq": 0, "read": {"device_start": -1, "device_end": -1}}, "FFC_sans_bias36": {"write": {"device_start": 1585579256.1857421, "host_queued_start": 1585579321.288093, "device_queued": 1585579256.151846, "device_end": 1585579256.185835, "host_queued_end": 1585579321.355672}, "device": "gpu", "nd_range": {"device_start": 1585579256.185839, "device_end": 1585579256.18936}, "cmdq": 0, "read": {"device_start": -1, "device_end": -1}}, "softmax14": {"write": {"device_start": -1, "host_queued_start": 1585579321.328803, "device_queued": -1, "device_end": -1, "host_queued_end": 1585579321.355672}, "device": "gpu", "nd_range": {"device_start": 1585579256.2562368, "device_end": 1585579256.2566807}, "cmdq": 0, "read": {"device_start": -1, "device_end": -1}}, "FFC_sans_bias13": {"write": {"device_start": -1, "host_queued_start": 1585579321.326638, "device_queued": -1, "device_end": -1, "host_queued_end": 1585579321.355672}, "device": "gpu", "nd_range": {"device_start": 1585579256.2316427, "device_end": 1585579256.2351665}, "cmdq": 0, "read": {"device_start": -1, "device_end": -1}}, "empty8": {"write": {"device_start": -1, "host_queued_start": 1585579321.360059, "device_queued": -1, "device_end": -1, "host_queued_end": 1585579321.375698}, "device": "cpu", "nd_range": {"device_start": 2247095.5652891924, "device_end": 2247095.565297291}, "cmdq": 0, "read": {"device_start": -1, "device_end": -1}}, "FFC_sans_bias42": {"write": {"device_start": -1, "host_queued_start": 1585579321.331589, "device_queued": -1, "device_end": -1, "host_queued_end": 1585579321.355672}, "device": "gpu", "nd_range": {"device_start": 1585579256.26986, "device_end": 1585579256.273371}, "cmdq": 0, "read": {"device_start": -1, "device_end": -1}}, "FFC_sans_bias43": {"write": {"device_start": 1585579256.2973459, "host_queued_start": 1585579321.345743, "device_queued": 1585579256.1586525, "device_end": 1585579256.2974348, "host_queued_end": 1585579321.355672}, "device": "gpu", "nd_range": {"device_start": 1585579256.2974396, "device_end": 1585579256.3007505}, "cmdq": 0, "read": {"device_start": 1585579256.3007574, "device_end": 1585579256.3008442}}, "FFC_sans_bias40": {"write": {"device_start": -1, "host_queued_start": 1585579321.327594, "device_queued": -1, "device_end": -1, "host_queued_end": 1585579321.355672}, "device": "gpu", "nd_range": {"device_start": 1585579256.242182, "device_end": 1585579256.2457016}, "cmdq": 0, "read": {"device_start": -1, "device_end": -1}}, "softmax32": {"write": {"device_start": -1, "host_queued_start": 1585579321.3293, "device_queued": -1, "device_end": -1, "host_queued_end": 1585579321.355672}, "device": "gpu", "nd_range": {"device_start": 1585579256.257124, "device_end": 1585579256.2575653}, "cmdq": 0, "read": {"device_start": -1, "device_end": -1}}, "FFC_sans_bias47": {"write": {"device_start": 1585579256.204895, "host_queued_start": 1585579321.304473, "device_queued": 1585579256.1529777, "device_end": 1585579256.2049875, "host_queued_end": 1585579321.355672}, "device": "gpu", "nd_range": {"device_start": 1585579256.2049904, "device_end": 1585579256.2085223}, "cmdq": 0, "read": {"device_start": -1, "device_end": -1}}, "FFC_sans_bias45": {"write": {"device_start": 1585579256.1972387, "host_queued_start": 1585579321.297916, "device_queued": 1585579256.1525197, "device_end": 1585579256.1973279, "host_queued_end": 1585579321.355672}, "device": "gpu", "nd_range": {"device_start": 1585579256.1973343, "device_end": 1585579256.2008488}, "cmdq": 0, "read": {"device_start": -1, "device_end": -1}}, "softmax50": {"write": {"device_start": -1, "host_queued_start": 1585579321.329803, "device_queued": -1, "device_end": -1, "host_queued_end": 1585579321.355672}, "device": "gpu", "nd_range": {"device_start": 1585579256.2580087, "device_end": 1585579256.2584503}, "cmdq": 0, "read": {"device_start": -1, "device_end": -1}}, "FFC_sans_bias33": {"write": {"device_start": -1, "host_queued_start": 1585579321.331269, "device_queued": -1, "device_end": -1, "host_queued_end": 1585579321.355672}, "device": "gpu", "nd_range": {"device_start": 1585579256.266348, "device_end": 1585579256.2698588}, "cmdq": 0, "read": {"device_start": -1, "device_end": -1}}, "FFC_sans_bias63": {"write": {"device_start": 1585579256.22789, "host_queued_start": 1585579321.324142, "device_queued": 1585579256.1544156, "device_end": 1585579256.2279768, "host_queued_end": 1585579321.355672}, "device": "gpu", "nd_range": {"device_start": 1585579256.227984, "device_end": 1585579256.2315042}, "cmdq": 0, "read": {"device_start": -1, "device_end": -1}}, "FFC_sans_bias49": {"write": {"device_start": -1, "host_queued_start": 1585579321.327911, "device_queued": -1, "device_end": -1, "host_queued_end": 1585579321.355672}, "device": "gpu", "nd_range": {"device_start": 1585579256.2457032, "device_end": 1585579256.2492082}, "cmdq": 0, "read": {"device_start": -1, "device_end": -1}}, "FFC_sans_bias64": {"write": {"device_start": 1585579256.2202315, "host_queued_start": 1585579321.317587, "device_queued": 1585579256.1538768, "device_end": 1585579256.2203188, "host_queued_end": 1585579321.355672}, "device": "gpu", "nd_range": {"device_start": 1585579256.2203252, "device_end": 1585579256.2238393}, "cmdq": 0, "read": {"device_start": -1, "device_end": -1}}, "FFC_sans_bias65": {"write": {"device_start": 1585579256.224055, "host_queued_start": 1585579321.320902, "device_queued": 1585579256.15412, "device_end": 1585579256.2241454, "host_queued_end": 1585579321.355672}, "device": "gpu", "nd_range": {"device_start": 1585579256.224151, "device_end": 1585579256.227672}, "cmdq": 0, "read": {"device_start": -1, "device_end": -1}}, "FFC_sans_bias67": {"write": {"device_start": -1, "host_queued_start": 1585579321.328546, "device_queued": -1, "device_end": -1, "host_queued_end": 1585579321.355672}, "device": "gpu", "nd_range": {"device_start": 1585579256.2527323, "device_end": 1585579256.2562358}, "cmdq": 0, "read": {"device_start": -1, "device_end": -1}}, "FFC_sans_bias24": {"write": {"device_start": -1, "host_queued_start": 1585579321.330952, "device_queued": -1, "device_end": -1, "host_queued_end": 1585579321.355672}, "device": "gpu", "nd_range": {"device_start": 1585579256.2628338, "device_end": 1585579256.266347}, "cmdq": 0, "read": {"device_start": -1, "device_end": -1}}, "FFC_sans_bias25": {"write": {"device_start": 1585579256.288281, "host_queued_start": 1585579321.339164, "device_queued": 1585579256.1580098, "device_end": 1585579256.2883701, "host_queued_end": 1585579321.355672}, "device": "gpu", "nd_range": {"device_start": 1585579256.2883742, "device_end": 1585579256.291869}, "cmdq": 0, "read": {"device_start": 1585579256.291872, "device_end": 1585579256.2919579}}, "FFC_sans_bias27": {"write": {"device_start": 1585579256.1742387, "host_queued_start": 1585579321.278288, "device_queued": 1585579256.151148, "device_end": 1585579256.174327, "host_queued_end": 1585579321.355672}, "device": "gpu", "nd_range": {"device_start": 1585579256.1743298, "device_end": 1585579256.1778545}, "cmdq": 0, "read": {"device_start": -1, "device_end": -1}}, "FFC_sans_bias20": {"write": {"device_start": 1585579256.1703904, "host_queued_start": 1585579321.274999, "device_queued": 1585579256.1509254, "device_end": 1585579256.1704836, "host_queued_end": 1585579321.355672}, "device": "gpu", "nd_range": {"device_start": 1585579256.170489, "device_end": 1585579256.174012}, "cmdq": 0, "read": {"device_start": -1, "device_end": -1}}, "FFC_sans_bias22": {"write": {"device_start": -1, "host_queued_start": 1585579321.326956, "device_queued": -1, "device_end": -1, "host_queued_end": 1585579321.355672}, "device": "gpu", "nd_range": {"device_start": 1585579256.235168, "device_end": 1585579256.2386827}, "cmdq": 0, "read": {"device_start": -1, "device_end": -1}}, "softmax68": {"write": {"device_start": -1, "host_queued_start": 1585579321.330315, "device_queued": -1, "device_end": -1, "host_queued_end": 1585579321.355672}, "device": "gpu", "nd_range": {"device_start": 1585579256.2588935, "device_end": 1585579256.2593355}, "cmdq": 0, "read": {"device_start": -1, "device_end": -1}}, "softmax5": {"write": {"device_start": -1, "host_queued_start": 1585579321.371739, "device_queued": -1, "device_end": -1, "host_queued_end": 1585579321.375698}, "device": "cpu", "nd_range": {"device_start": 2247095.7084181732, "device_end": 2247095.708904107}, "cmdq": 0, "read": {"device_start": -1, "device_end": -1}}, "FFC_sans_bias28": {"write": {"device_start": 1585579256.1780734, "host_queued_start": 1585579321.281576, "device_queued": 1585579256.1513848, "device_end": 1585579256.1781638, "host_queued_end": 1585579321.355672}, "device": "gpu", "nd_range": {"device_start": 1585579256.178168, "device_end": 1585579256.1816764}, "cmdq": 0, "read": {"device_start": -1, "device_end": -1}}, "FFC_sans_bias29": {"write": {"device_start": 1585579256.181898, "host_queued_start": 1585579321.284833, "device_queued": 1585579256.1516135, "device_end": 1585579256.1819863, "host_queued_end": 1585579321.355672}, "device": "gpu", "nd_range": {"device_start": 1585579256.1819894, "device_end": 1585579256.185515}, "cmdq": 0, "read": {"device_start": -1, "device_end": -1}}, "empty17": {"write": {"device_start": 1585579256.1477354, "host_queued_start": 1585579321.239359, "device_queued": 1585579256.1474078, "device_end": 1585579256.147841, "host_queued_end": 1585579321.355672}, "device": "gpu", "nd_range": {"device_start": 1585579256.1478446, "device_end": 1585579256.147849}, "cmdq": 0, "read": {"device_start": -1, "device_end": -1}}, "softmax59": {"write": {"device_start": -1, "host_queued_start": 1585579321.330049, "device_queued": -1, "device_end": -1, "host_queued_end": 1585579321.355672}, "device": "gpu", "nd_range": {"device_start": 1585579256.2584512, "device_end": 1585579256.2588923}, "cmdq": 0, "read": {"device_start": -1, "device_end": -1}}, "empty71": {"write": {"device_start": 1585579256.150143, "host_queued_start": 1585579321.255651, "device_queued": 1585579256.1488798, "device_end": 1585579256.1502354, "host_queued_end": 1585579321.355672}, "device": "gpu", "nd_range": {"device_start": 1585579256.1502447, "device_end": 1585579256.150248}, "cmdq": 0, "read": {"device_start": -1, "device_end": -1}}, "empty35": {"write": {"device_start": 1585579256.1485903, "host_queued_start": 1585579321.245293, "device_queued": 1585579256.1480315, "device_end": 1585579256.148686, "host_queued_end": 1585579321.355672}, "device": "gpu", "nd_range": {"device_start": 1585579256.1486902, "device_end": 1585579256.1486943}, "cmdq": 0, "read": {"device_start": -1, "device_end": -1}}, "empty53": {"write": {"device_start": 1585579256.1493657, "host_queued_start": 1585579321.250477, "device_queued": 1585579256.1485095, "device_end": 1585579256.1494582, "host_queued_end": 1585579321.355672}, "device": "gpu", "nd_range": {"device_start": 1585579256.1494606, "device_end": 1585579256.1494646}, "cmdq": 0, "read": {"device_start": -1, "device_end": -1}}, "FFC_sans_bias46": {"write": {"device_start": 1585579256.2010643, "host_queued_start": 1585579321.301225, "device_queued": 1585579256.152745, "device_end": 1585579256.2011547, "host_queued_end": 1585579321.355672}, "device": "gpu", "nd_range": {"device_start": 1585579256.2011569, "device_end": 1585579256.2046762}, "cmdq": 0, "read": {"device_start": -1, "device_end": -1}}, "coalesced_transpose66": {"write": {"device_start": -1, "host_queued_start": 1585579321.326316, "device_queued": -1, "device_end": -1, "host_queued_end": 1585579321.355672}, "device": "gpu", "nd_range": {"device_start": 1585579256.2316232, "device_end": 1585579256.2316418}, "cmdq": 0, "read": {"device_start": -1, "device_end": -1}}, "coalesced_transpose48": {"write": {"device_start": -1, "host_queued_start": 1585579321.325704, "device_queued": -1, "device_end": -1, "host_queued_end": 1585579321.355672}, "device": "gpu", "nd_range": {"device_start": 1585579256.2315838, "device_end": 1585579256.231602}, "cmdq": 0, "read": {"device_start": -1, "device_end": -1}}}