{"FFC_sans_bias60": {"write": {"device_start": -1, "host_queued_start": 1585579922.780359, "device_queued": -1, "device_end": -1, "host_queued_end": 1585579922.803647}, "device": "gpu", "nd_range": {"device_start": 1585579857.6849036, "device_end": 1585579857.6945927}, "cmdq": 4, "read": {"device_start": -1, "device_end": -1}}, "FFC_sans_bias4": {"write": {"device_start": -1, "host_queued_start": 1585579922.819907, "device_queued": -1, "device_end": -1, "host_queued_end": 1585579922.824377}, "device": "cpu", "nd_range": {"device_start": 2247697.123418699, "device_end": 2247697.1591905854}, "cmdq": 0, "read": {"device_start": -1, "device_end": -1}}, "FFC_sans_bias7": {"write": {"device_start": -1, "host_queued_start": 1585579922.824321, "device_queued": -1, "device_end": -1, "host_queued_end": 1585579922.824377}, "device": "cpu", "nd_range": {"device_start": 2247697.198307862, "device_end": 2247697.2390968623}, "cmdq": 0, "read": {"device_start": -1, "device_end": -1}}, "FFC_sans_bias6": {"write": {"device_start": -1, "host_queued_start": 1585579922.820675, "device_queued": -1, "device_end": -1, "host_queued_end": 1585579922.824377}, "device": "cpu", "nd_range": {"device_start": 2247697.1596463444, "device_end": 2247697.1982574794}, "cmdq": 0, "read": {"device_start": -1, "device_end": -1}}, "FFC_sans_bias1": {"write": {"device_start": -1, "host_queued_start": 1585579922.81543, "device_queued": -1, "device_end": -1, "host_queued_end": 1585579922.824377}, "device": "cpu", "nd_range": {"device_start": 2247697.051312913, "device_end": 2247697.086659153}, "cmdq": 0, "read": {"device_start": -1, "device_end": -1}}, "FFC_sans_bias0": {"write": {"device_start": -1, "host_queued_start": 1585579922.811742, "device_queued": -1, "device_end": -1, "host_queued_end": 1585579922.824377}, "device": "cpu", "nd_range": {"device_start": 2247697.013987392, "device_end": 2247697.051282489}, "cmdq": 0, "read": {"device_start": -1, "device_end": -1}}, "FFC_sans_bias2": {"write": {"device_start": -1, "host_queued_start": 1585579922.81919, "device_queued": -1, "device_end": -1, "host_queued_end": 1585579922.824377}, "device": "cpu", "nd_range": {"device_start": 2247697.086672069, "device_end": 2247697.1228720644}, "cmdq": 0, "read": {"device_start": -1, "device_end": -1}}, "FFC_sans_bias61": {"write": {"device_start": 1585579857.7113805, "host_queued_start": 1585579922.800258, "device_queued": 1585579857.5925813, "device_end": 1585579857.7114727, "host_queued_end": 1585579922.803647}, "device": "gpu", "nd_range": {"device_start": 1585579857.7114842, "device_end": 1585579857.7205086}, "cmdq": 1, "read": {"device_start": 1585579857.7205126, "device_end": 1585579857.7205975}}, "FFC_sans_bias52": {"write": {"device_start": 1585579857.6987176, "host_queued_start": 1585579922.796956, "device_queued": 1585579857.5920048, "device_end": 1585579857.6988113, "host_queued_end": 1585579922.803647}, "device": "gpu", "nd_range": {"device_start": 1585579857.6988263, "device_end": 1585579857.7140453}, "cmdq": 0, "read": {"device_start": 1585579857.7140565, "device_end": 1585579857.714143}}, "FFC_sans_bias9": {"write": {"device_start": 1585579857.5818725, "host_queued_start": 1585579922.70653, "device_queued": 1585579857.5815318, "device_end": 1585579857.5821176, "host_queued_end": 1585579922.803647}, "device": "gpu", "nd_range": {"device_start": 1585579857.5821369, "device_end": 1585579857.5855026}, "cmdq": 2, "read": {"device_start": -1, "device_end": -1}}, "coalesced_transpose39": {"write": {"device_start": -1, "host_queued_start": 1585579922.773444, "device_queued": -1, "device_end": -1, "host_queued_end": 1585579922.803647}, "device": "gpu", "nd_range": {"device_start": 1585579857.6475084, "device_end": 1585579857.6506264}, "cmdq": 1, "read": {"device_start": -1, "device_end": -1}}, "FFC_sans_bias55": {"write": {"device_start": 1585579857.6249607, "host_queued_start": 1585579922.762426, "device_queued": 1585579857.5861945, "device_end": 1585579857.6250558, "host_queued_end": 1585579922.803647}, "device": "gpu", "nd_range": {"device_start": 1585579857.6250606, "device_end": 1585579857.641001}, "cmdq": 4, "read": {"device_start": -1, "device_end": -1}}, "FFC_sans_bias54": {"write": {"device_start": 1585579857.621702, "host_queued_start": 1585579922.759109, "device_queued": 1585579857.586082, "device_end": 1585579857.6217976, "host_queued_end": 1585579922.803647}, "device": "gpu", "nd_range": {"device_start": 1585579857.6218042, "device_end": 1585579857.637747}, "cmdq": 3, "read": {"device_start": -1, "device_end": -1}}, "FFC_sans_bias56": {"write": {"device_start": 1585579857.6184707, "host_queued_start": 1585579922.755779, "device_queued": 1585579857.5859573, "device_end": 1585579857.6185675, "host_queued_end": 1585579922.803647}, "device": "gpu", "nd_range": {"device_start": 1585579857.6185756, "device_end": 1585579857.6345146}, "cmdq": 2, "read": {"device_start": -1, "device_end": -1}}, "FFC_sans_bias51": {"write": {"device_start": -1, "host_queued_start": 1585579922.779966, "device_queued": -1, "device_end": -1, "host_queued_end": 1585579922.803647}, "device": "gpu", "nd_range": {"device_start": 1585579857.6849182, "device_end": 1585579857.697823}, "cmdq": 3, "read": {"device_start": -1, "device_end": -1}}, "softmax23": {"write": {"device_start": -1, "host_queued_start": 1585579922.777088, "device_queued": -1, "device_end": -1, "host_queued_end": 1585579922.803647}, "device": "gpu", "nd_range": {"device_start": 1585579857.670388, "device_end": 1585579857.67488}, "cmdq": 3, "read": {"device_start": -1, "device_end": -1}}, "FFC_sans_bias37": {"write": {"device_start": 1585579857.6099622, "host_queued_start": 1585579922.739463, "device_queued": 1585579857.5845594, "device_end": 1585579857.6102474, "host_queued_end": 1585579922.803647}, "device": "gpu", "nd_range": {"device_start": 1585579857.6102688, "device_end": 1585579857.6182237}, "cmdq": 2, "read": {"device_start": -1, "device_end": -1}}, "empty62": {"write": {"device_start": 1585579857.5812507, "host_queued_start": 1585579922.701176, "device_queued": 1585579857.5809093, "device_end": 1585579857.5815206, "host_queued_end": 1585579922.803647}, "device": "gpu", "nd_range": {"device_start": 1585579857.5815294, "device_end": 1585579857.5815334}, "cmdq": 0, "read": {"device_start": -1, "device_end": -1}}, "FFC_sans_bias70": {"write": {"device_start": 1585579857.7051833, "host_queued_start": 1585579922.803532, "device_queued": 1585579857.59272, "device_end": 1585579857.7052755, "host_queued_end": 1585579922.803647}, "device": "gpu", "nd_range": {"device_start": 1585579857.7052882, "device_end": 1585579857.7172902}, "cmdq": 2, "read": {"device_start": 1585579857.7172985, "device_end": 1585579857.7173853}}, "FFC_sans_bias58": {"write": {"device_start": -1, "host_queued_start": 1585579922.776271, "device_queued": -1, "device_end": -1, "host_queued_end": 1585579922.803647}, "device": "gpu", "nd_range": {"device_start": 1585579857.6540184, "device_end": 1585579857.663839}, "cmdq": 0, "read": {"device_start": -1, "device_end": -1}}, "softmax41": {"write": {"device_start": -1, "host_queued_start": 1585579922.7776, "device_queued": -1, "device_end": -1, "host_queued_end": 1585579922.803647}, "device": "gpu", "nd_range": {"device_start": 1585579857.6638498, "device_end": 1585579857.6748943}, "cmdq": 0, "read": {"device_start": -1, "device_end": -1}}, "FFC_sans_bias11": {"write": {"device_start": 1585579857.5825334, "host_queued_start": 1585579922.713264, "device_queued": 1585579857.5818567, "device_end": 1585579857.582654, "host_queued_end": 1585579922.803647}, "device": "gpu", "nd_range": {"device_start": 1585579857.5826726, "device_end": 1585579857.592062}, "cmdq": 4, "read": {"device_start": -1, "device_end": -1}}, "FFC_sans_bias10": {"write": {"device_start": 1585579857.5821958, "host_queued_start": 1585579922.709814, "device_queued": 1585579857.5817213, "device_end": 1585579857.5824575, "host_queued_end": 1585579922.803647}, "device": "gpu", "nd_range": {"device_start": 1585579857.5824811, "device_end": 1585579857.5888252}, "cmdq": 3, "read": {"device_start": -1, "device_end": -1}}, "coalesced_transpose3": {"write": {"device_start": -1, "host_queued_start": 1585579922.819559, "device_queued": -1, "device_end": -1, "host_queued_end": 1585579922.824377}, "device": "cpu", "nd_range": {"device_start": 2247697.122898748, "device_end": 2247697.1234106813}, "cmdq": 0, "read": {"device_start": -1, "device_end": -1}}, "FFC_sans_bias34": {"write": {"device_start": 1585579857.6980636, "host_queued_start": 1585579922.790445, "device_queued": 1585579857.5910032, "device_end": 1585579857.6981587, "host_queued_end": 1585579922.803647}, "device": "gpu", "nd_range": {"device_start": 1585579857.6981757, "device_end": 1585579857.7075753}, "cmdq": 3, "read": {"device_start": 1585579857.70758, "device_end": 1585579857.7076688}}, "FFC_sans_bias15": {"write": {"device_start": -1, "host_queued_start": 1585579922.778701, "device_queued": -1, "device_end": -1, "host_queued_end": 1585579922.803647}, "device": "gpu", "nd_range": {"device_start": 1585579857.6749473, "device_end": 1585579857.684892}, "cmdq": 4, "read": {"device_start": -1, "device_end": -1}}, "FFC_sans_bias31": {"write": {"device_start": -1, "host_queued_start": 1585579922.775322, "device_queued": -1, "device_end": -1, "host_queued_end": 1585579922.803647}, "device": "gpu", "nd_range": {"device_start": 1585579857.657092, "device_end": 1585579857.667111}, "cmdq": 2, "read": {"device_start": -1, "device_end": -1}}, "FFC_sans_bias16": {"write": {"device_start": 1585579857.6983945, "host_queued_start": 1585579922.783909, "device_queued": 1585579857.59128, "device_end": 1585579857.6984897, "host_queued_end": 1585579922.803647}, "device": "gpu", "nd_range": {"device_start": 1585579857.6985025, "device_end": 1585579857.7108214}, "cmdq": 1, "read": {"device_start": 1585579857.710827, "device_end": 1585579857.710915}}, "FFC_sans_bias19": {"write": {"device_start": 1585579857.5833802, "host_queued_start": 1585579922.719913, "device_queued": 1585579857.5830495, "device_end": 1585579857.58348, "host_queued_end": 1585579922.803647}, "device": "gpu", "nd_range": {"device_start": 1585579857.5837643, "device_end": 1585579857.5985787}, "cmdq": 1, "read": {"device_start": -1, "device_end": -1}}, "FFC_sans_bias18": {"write": {"device_start": 1585579857.583063, "host_queued_start": 1585579922.716609, "device_queued": 1585579857.5827687, "device_end": 1585579857.5833647, "host_queued_end": 1585579922.803647}, "device": "gpu", "nd_range": {"device_start": 1585579857.5833704, "device_end": 1585579857.5952506}, "cmdq": 0, "read": {"device_start": -1, "device_end": -1}}, "coalesced_transpose30": {"write": {"device_start": -1, "host_queued_start": 1585579922.773143, "device_queued": -1, "device_end": -1, "host_queued_end": 1585579922.803647}, "device": "gpu", "nd_range": {"device_start": 1585579857.6442323, "device_end": 1585579857.6506073}, "cmdq": 0, "read": {"device_start": -1, "device_end": -1}}, "FFC_sans_bias69": {"write": {"device_start": -1, "host_queued_start": 1585579922.780682, "device_queued": -1, "device_end": -1, "host_queued_end": 1585579922.803647}, "device": "gpu", "nd_range": {"device_start": 1585579857.678288, "device_end": 1585579857.6880507}, "cmdq": 0, "read": {"device_start": -1, "device_end": -1}}, "FFC_sans_bias38": {"write": {"device_start": 1585579857.6102767, "host_queued_start": 1585579922.74273, "device_queued": 1585579857.5846856, "device_end": 1585579857.6105082, "host_queued_end": 1585579922.803647}, "device": "gpu", "nd_range": {"device_start": 1585579857.610533, "device_end": 1585579857.6214566}, "cmdq": 3, "read": {"device_start": -1, "device_end": -1}}, "coalesced_transpose57": {"write": {"device_start": -1, "host_queued_start": 1585579922.774056, "device_queued": -1, "device_end": -1, "host_queued_end": 1585579922.803647}, "device": "gpu", "nd_range": {"device_start": 1585579857.65056, "device_end": 1585579857.650647}, "cmdq": 3, "read": {"device_start": -1, "device_end": -1}}, "empty26": {"write": {"device_start": 1585579857.5799937, "host_queued_start": 1585579922.690672, "device_queued": 1585579857.5795448, "device_end": 1585579857.5802717, "host_queued_end": 1585579922.803647}, "device": "gpu", "nd_range": {"device_start": 1585579857.580669, "device_end": 1585579857.5807157}, "cmdq": 1, "read": {"device_start": -1, "device_end": -1}}, "coalesced_transpose12": {"write": {"device_start": -1, "host_queued_start": 1585579922.772524, "device_queued": -1, "device_end": -1, "host_queued_end": 1585579922.803647}, "device": "gpu", "nd_range": {"device_start": 1585579857.6377482, "device_end": 1585579857.6505487}, "cmdq": 3, "read": {"device_start": -1, "device_end": -1}}, "empty44": {"write": {"device_start": 1585579857.5806363, "host_queued_start": 1585579922.695911, "device_queued": 1585579857.580284, "device_end": 1585579857.5808947, "host_queued_end": 1585579922.803647}, "device": "gpu", "nd_range": {"device_start": 1585579857.580906, "device_end": 1585579857.58091}, "cmdq": 3, "read": {"device_start": -1, "device_end": -1}}, "coalesced_transpose21": {"write": {"device_start": -1, "host_queued_start": 1585579922.772837, "device_queued": -1, "device_end": -1, "host_queued_end": 1585579922.803647}, "device": "gpu", "nd_range": {"device_start": 1585579857.641007, "device_end": 1585579857.650578}, "cmdq": 4, "read": {"device_start": -1, "device_end": -1}}, "FFC_sans_bias36": {"write": {"device_start": 1585579857.5989656, "host_queued_start": 1585579922.736161, "device_queued": 1585579857.5844326, "device_end": 1585579857.599075, "host_queued_end": 1585579922.803647}, "device": "gpu", "nd_range": {"device_start": 1585579857.599091, "device_end": 1585579857.6149895}, "cmdq": 1, "read": {"device_start": -1, "device_end": -1}}, "softmax14": {"write": {"device_start": -1, "host_queued_start": 1585579922.776841, "device_queued": -1, "device_end": -1, "host_queued_end": 1585579922.803647}, "device": "gpu", "nd_range": {"device_start": 1585579857.6671224, "device_end": 1585579857.6749218}, "cmdq": 2, "read": {"device_start": -1, "device_end": -1}}, "FFC_sans_bias13": {"write": {"device_start": -1, "host_queued_start": 1585579922.774685, "device_queued": -1, "device_end": -1, "host_queued_end": 1585579922.803647}, "device": "gpu", "nd_range": {"device_start": 1585579857.6506224, "device_end": 1585579857.6540067}, "cmdq": 0, "read": {"device_start": -1, "device_end": -1}}, "empty8": {"write": {"device_start": -1, "host_queued_start": 1585579922.808549, "device_queued": -1, "device_end": -1, "host_queued_end": 1585579922.824377}, "device": "cpu", "nd_range": {"device_start": 2247697.01395946, "device_end": 2247697.013968938}, "cmdq": 0, "read": {"device_start": -1, "device_end": -1}}, "FFC_sans_bias42": {"write": {"device_start": -1, "host_queued_start": 1585579922.77965, "device_queued": -1, "device_end": -1, "host_queued_end": 1585579922.803647}, "device": "gpu", "nd_range": {"device_start": 1585579857.6823676, "device_end": 1585579857.6913147}, "cmdq": 2, "read": {"device_start": -1, "device_end": -1}}, "FFC_sans_bias43": {"write": {"device_start": 1585579857.6948485, "host_queued_start": 1585579922.793692, "device_queued": 1585579857.5911462, "device_end": 1585579857.694944, "host_queued_end": 1585579922.803647}, "device": "gpu", "nd_range": {"device_start": 1585579857.6978376, "device_end": 1585579857.7043607}, "cmdq": 4, "read": {"device_start": 1585579857.704363, "device_end": 1585579857.7044523}}, "FFC_sans_bias40": {"write": {"device_start": -1, "host_queued_start": 1585579922.775639, "device_queued": -1, "device_end": -1, "host_queued_end": 1585579922.803647}, "device": "gpu", "nd_range": {"device_start": 1585579857.6507642, "device_end": 1585579857.6606314}, "cmdq": 3, "read": {"device_start": -1, "device_end": -1}}, "softmax32": {"write": {"device_start": -1, "host_queued_start": 1585579922.77734, "device_queued": -1, "device_end": -1, "host_queued_end": 1585579922.803647}, "device": "gpu", "nd_range": {"device_start": 1585579857.670372, "device_end": 1585579857.6748745}, "cmdq": 4, "read": {"device_start": -1, "device_end": -1}}, "FFC_sans_bias47": {"write": {"device_start": 1585579857.6152463, "host_queued_start": 1585579922.752512, "device_queued": 1585579857.5857751, "device_end": 1585579857.6153436, "host_queued_end": 1585579922.803647}, "device": "gpu", "nd_range": {"device_start": 1585579857.6153526, "device_end": 1585579857.631222}, "cmdq": 1, "read": {"device_start": -1, "device_end": -1}}, "FFC_sans_bias45": {"write": {"device_start": 1585579857.6106002, "host_queued_start": 1585579922.745964, "device_queued": 1585579857.584814, "device_end": 1585579857.6106966, "host_queued_end": 1585579922.803647}, "device": "gpu", "nd_range": {"device_start": 1585579857.6107028, "device_end": 1585579857.6247253}, "cmdq": 4, "read": {"device_start": -1, "device_end": -1}}, "softmax50": {"write": {"device_start": -1, "host_queued_start": 1585579922.777849, "device_queued": -1, "device_end": -1, "host_queued_end": 1585579922.803647}, "device": "gpu", "nd_range": {"device_start": 1585579857.6735475, "device_end": 1585579857.6739583}, "cmdq": 1, "read": {"device_start": -1, "device_end": -1}}, "FFC_sans_bias33": {"write": {"device_start": -1, "host_queued_start": 1585579922.779337, "device_queued": -1, "device_end": -1, "host_queued_end": 1585579922.803647}, "device": "gpu", "nd_range": {"device_start": 1585579857.674918, "device_end": 1585579857.681594}, "cmdq": 1, "read": {"device_start": -1, "device_end": -1}}, "FFC_sans_bias63": {"write": {"device_start": 1585579857.6348093, "host_queued_start": 1585579922.772184, "device_queued": 1585579857.5871673, "device_end": 1585579857.6349113, "host_queued_end": 1585579922.803647}, "device": "gpu", "nd_range": {"device_start": 1585579857.6349282, "device_end": 1585579857.6507397}, "cmdq": 2, "read": {"device_start": -1, "device_end": -1}}, "FFC_sans_bias49": {"write": {"device_start": -1, "host_queued_start": 1585579922.775955, "device_queued": -1, "device_end": -1, "host_queued_end": 1585579922.803647}, "device": "gpu", "nd_range": {"device_start": 1585579857.6571083, "device_end": 1585579857.6703603}, "cmdq": 4, "read": {"device_start": -1, "device_end": -1}}, "FFC_sans_bias64": {"write": {"device_start": 1585579857.628231, "host_queued_start": 1585579922.765671, "device_queued": 1585579857.5867667, "device_end": 1585579857.6283274, "host_queued_end": 1585579922.803647}, "device": "gpu", "nd_range": {"device_start": 1585579857.6283357, "device_end": 1585579857.6442273}, "cmdq": 0, "read": {"device_start": -1, "device_end": -1}}, "FFC_sans_bias65": {"write": {"device_start": 1585579857.6314626, "host_queued_start": 1585579922.768926, "device_queued": 1585579857.5870364, "device_end": 1585579857.6315572, "host_queued_end": 1585579922.803647}, "device": "gpu", "nd_range": {"device_start": 1585579857.6315618, "device_end": 1585579857.6474957}, "cmdq": 1, "read": {"device_start": -1, "device_end": -1}}, "FFC_sans_bias67": {"write": {"device_start": -1, "host_queued_start": 1585579922.776591, "device_queued": -1, "device_end": -1, "host_queued_end": 1585579922.803647}, "device": "gpu", "nd_range": {"device_start": 1585579857.657339, "device_end": 1585579857.6735358}, "cmdq": 1, "read": {"device_start": -1, "device_end": -1}}, "FFC_sans_bias24": {"write": {"device_start": -1, "host_queued_start": 1585579922.779015, "device_queued": -1, "device_end": -1, "host_queued_end": 1585579922.803647}, "device": "gpu", "nd_range": {"device_start": 1585579857.674906, "device_end": 1585579857.6782765}, "cmdq": 0, "read": {"device_start": -1, "device_end": -1}}, "FFC_sans_bias25": {"write": {"device_start": 1585579857.6951942, "host_queued_start": 1585579922.787179, "device_queued": 1585579857.591415, "device_end": 1585579857.6952877, "host_queued_end": 1585579922.803647}, "device": "gpu", "nd_range": {"device_start": 1585579857.6953022, "device_end": 1585579857.7010708}, "cmdq": 2, "read": {"device_start": 1585579857.7046752, "device_end": 1585579857.704765}}, "FFC_sans_bias27": {"write": {"device_start": 1585579857.5892894, "host_queued_start": 1585579922.726415, "device_queued": 1585579857.5834985, "device_end": 1585579857.5893886, "host_queued_end": 1585579922.803647}, "device": "gpu", "nd_range": {"device_start": 1585579857.5893955, "device_end": 1585579857.6052616}, "cmdq": 3, "read": {"device_start": -1, "device_end": -1}}, "FFC_sans_bias20": {"write": {"device_start": 1585579857.5858362, "host_queued_start": 1585579922.72318, "device_queued": 1585579857.5833774, "device_end": 1585579857.585933, "host_queued_end": 1585579922.803647}, "device": "gpu", "nd_range": {"device_start": 1585579857.5859406, "device_end": 1585579857.6019473}, "cmdq": 2, "read": {"device_start": -1, "device_end": -1}}, "FFC_sans_bias22": {"write": {"device_start": -1, "host_queued_start": 1585579922.775002, "device_queued": -1, "device_end": -1, "host_queued_end": 1585579922.803647}, "device": "gpu", "nd_range": {"device_start": 1585579857.6506405, "device_end": 1585579857.6573277}, "cmdq": 1, "read": {"device_start": -1, "device_end": -1}}, "softmax68": {"write": {"device_start": -1, "host_queued_start": 1585579922.778381, "device_queued": -1, "device_end": -1, "host_queued_end": 1585579922.803647}, "device": "gpu", "nd_range": {"device_start": 1585579857.6748917, "device_end": 1585579857.6756086}, "cmdq": 3, "read": {"device_start": -1, "device_end": -1}}, "softmax5": {"write": {"device_start": -1, "host_queued_start": 1585579922.820186, "device_queued": -1, "device_end": -1, "host_queued_end": 1585579922.824377}, "device": "cpu", "nd_range": {"device_start": 2247697.159201051, "device_end": 2247697.159637654}, "cmdq": 0, "read": {"device_start": -1, "device_end": -1}}, "FFC_sans_bias28": {"write": {"device_start": 1585579857.5924568, "host_queued_start": 1585579922.729657, "device_queued": 1585579857.583624, "device_end": 1585579857.592565, "host_queued_end": 1585579922.803647}, "device": "gpu", "nd_range": {"device_start": 1585579857.5925705, "device_end": 1585579857.6085577}, "cmdq": 4, "read": {"device_start": -1, "device_end": -1}}, "FFC_sans_bias29": {"write": {"device_start": 1585579857.59566, "host_queued_start": 1585579922.732903, "device_queued": 1585579857.584192, "device_end": 1585579857.5957618, "host_queued_end": 1585579922.803647}, "device": "gpu", "nd_range": {"device_start": 1585579857.5957766, "device_end": 1585579857.611668}, "cmdq": 0, "read": {"device_start": -1, "device_end": -1}}, "empty17": {"write": {"device_start": 1585579857.5796337, "host_queued_start": 1585579922.687297, "device_queued": 1585579857.5792687, "device_end": 1585579857.5798864, "host_queued_end": 1585579922.803647}, "device": "gpu", "nd_range": {"device_start": 1585579857.5798943, "device_end": 1585579857.579899}, "cmdq": 0, "read": {"device_start": -1, "device_end": -1}}, "softmax59": {"write": {"device_start": -1, "host_queued_start": 1585579922.778121, "device_queued": -1, "device_end": -1, "host_queued_end": 1585579922.803647}, "device": "gpu", "nd_range": {"device_start": 1585579857.6749327, "device_end": 1585579857.6823556}, "cmdq": 2, "read": {"device_start": -1, "device_end": -1}}, "empty71": {"write": {"device_start": 1585579857.5815423, "host_queued_start": 1585579922.70377, "device_queued": 1585579857.5812328, "device_end": 1585579857.581705, "host_queued_end": 1585579922.803647}, "device": "gpu", "nd_range": {"device_start": 1585579857.5819082, "device_end": 1585579857.5819275}, "cmdq": 1, "read": {"device_start": -1, "device_end": -1}}, "empty35": {"write": {"device_start": 1585579857.5803232, "host_queued_start": 1585579922.69328, "device_queued": 1585579857.5798974, "device_end": 1585579857.5806055, "host_queued_end": 1585579922.803647}, "device": "gpu", "nd_range": {"device_start": 1585579857.5806997, "device_end": 1585579857.58074}, "cmdq": 2, "read": {"device_start": -1, "device_end": -1}}, "empty53": {"write": {"device_start": 1585579857.5809486, "host_queued_start": 1585579922.698545, "device_queued": 1585579857.5806189, "device_end": 1585579857.5812216, "host_queued_end": 1585579922.803647}, "device": "gpu", "nd_range": {"device_start": 1585579857.5812285, "device_end": 1585579857.5812325}, "cmdq": 4, "read": {"device_start": -1, "device_end": -1}}, "FFC_sans_bias46": {"write": {"device_start": 1585579857.6119225, "host_queued_start": 1585579922.749215, "device_queued": 1585579857.5853655, "device_end": 1585579857.6120214, "host_queued_end": 1585579922.803647}, "device": "gpu", "nd_range": {"device_start": 1585579857.6120305, "device_end": 1585579857.6279848}, "cmdq": 0, "read": {"device_start": -1, "device_end": -1}}, "coalesced_transpose66": {"write": {"device_start": -1, "host_queued_start": 1585579922.774358, "device_queued": -1, "device_end": -1, "host_queued_end": 1585579922.803647}, "device": "gpu", "nd_range": {"device_start": 1585579857.65059, "device_end": 1585579857.650651}, "cmdq": 4, "read": {"device_start": -1, "device_end": -1}}, "coalesced_transpose48": {"write": {"device_start": -1, "host_queued_start": 1585579922.773748, "device_queued": -1, "device_end": -1, "host_queued_end": 1585579922.803647}, "device": "gpu", "nd_range": {"device_start": 1585579857.6507485, "device_end": 1585579857.6570787}, "cmdq": 2, "read": {"device_start": -1, "device_end": -1}}}