{"FFC_sans_bias60": {"write": {"device_start": -1, "host_queued_start": 1585580011.154734, "device_queued": -1, "device_end": -1, "host_queued_end": 1585580011.177322}, "device": "cpu", "nd_range": {"device_start": 2247786.643846313, "device_end": 2247786.767959734}, "cmdq": 1, "read": {"device_start": -1, "device_end": -1}}, "FFC_sans_bias4": {"write": {"device_start": -1, "host_queued_start": 1585580011.14828, "device_queued": -1, "device_end": -1, "host_queued_end": 1585580011.177322}, "device": "cpu", "nd_range": {"device_start": 2247786.164386801, "device_end": 2247786.290236798}, "cmdq": 2, "read": {"device_start": -1, "device_end": -1}}, "FFC_sans_bias7": {"write": {"device_start": -1, "host_queued_start": 1585580011.157943, "device_queued": -1, "device_end": -1, "host_queued_end": 1585580011.177322}, "device": "cpu", "nd_range": {"device_start": 2247786.73342107, "device_end": 2247786.865109474}, "cmdq": 2, "read": {"device_start": -1, "device_end": -1}}, "FFC_sans_bias6": {"write": {"device_start": -1, "host_queued_start": 1585580011.152629, "device_queued": -1, "device_end": -1, "host_queued_end": 1585580011.177322}, "device": "cpu", "nd_range": {"device_start": 2247786.4321529, "device_end": 2247786.5206128294}, "cmdq": 1, "read": {"device_start": -1, "device_end": -1}}, "FFC_sans_bias1": {"write": {"device_start": -1, "host_queued_start": 1585580011.083091, "device_queued": -1, "device_end": -1, "host_queued_end": 1585580011.177322}, "device": "cpu", "nd_range": {"device_start": 2247785.367183702, "device_end": 2247785.458717274}, "cmdq": 2, "read": {"device_start": -1, "device_end": -1}}, "FFC_sans_bias0": {"write": {"device_start": -1, "host_queued_start": 1585580011.079749, "device_queued": -1, "device_end": -1, "host_queued_end": 1585580011.177322}, "device": "cpu", "nd_range": {"device_start": 2247785.366983908, "device_end": 2247785.43549508}, "cmdq": 1, "read": {"device_start": -1, "device_end": -1}}, "FFC_sans_bias2": {"write": {"device_start": -1, "host_queued_start": 1585580011.08639, "device_queued": -1, "device_end": -1, "host_queued_end": 1585580011.177322}, "device": "cpu", "nd_range": {"device_start": 2247785.366989383, "device_end": 2247785.524756344}, "cmdq": 0, "read": {"device_start": -1, "device_end": -1}}, "FFC_sans_bias61": {"write": {"device_start": -1, "host_queued_start": 1585580011.177267, "device_queued": -1, "device_end": -1, "host_queued_end": 1585580011.177322}, "device": "cpu", "nd_range": {"device_start": 2247786.995252224, "device_end": 2247787.038624408}, "cmdq": 2, "read": {"device_start": -1, "device_end": -1}}, "FFC_sans_bias52": {"write": {"device_start": -1, "host_queued_start": 1585580011.174044, "device_queued": -1, "device_end": -1, "host_queued_end": 1585580011.177322}, "device": "cpu", "nd_range": {"device_start": 2247786.9094674923, "device_end": 2247787.003772736}, "cmdq": 1, "read": {"device_start": -1, "device_end": -1}}, "FFC_sans_bias9": {"write": {"device_start": -1, "host_queued_start": 1585580011.089667, "device_queued": -1, "device_end": -1, "host_queued_end": 1585580011.177322}, "device": "cpu", "nd_range": {"device_start": 2247785.458482184, "device_end": 2247785.510077786}, "cmdq": 1, "read": {"device_start": -1, "device_end": -1}}, "coalesced_transpose39": {"write": {"device_start": -1, "host_queued_start": 1585580011.147183, "device_queued": -1, "device_end": -1, "host_queued_end": 1585580011.177322}, "device": "cpu", "nd_range": {"device_start": 2247786.1632916923, "device_end": 2247786.1643762733}, "cmdq": 2, "read": {"device_start": -1, "device_end": -1}}, "FFC_sans_bias55": {"write": {"device_start": -1, "host_queued_start": 1585580011.14548, "device_queued": -1, "device_end": -1, "host_queued_end": 1585580011.177322}, "device": "cpu", "nd_range": {"device_start": 2247786.041779615, "device_end": 2247786.140623}, "cmdq": 0, "read": {"device_start": -1, "device_end": -1}}, "FFC_sans_bias54": {"write": {"device_start": -1, "host_queued_start": 1585580011.142213, "device_queued": -1, "device_end": -1, "host_queued_end": 1585580011.177322}, "device": "cpu", "nd_range": {"device_start": 2247786.079362985, "device_end": 2247786.1612142143}, "cmdq": 2, "read": {"device_start": -1, "device_end": -1}}, "FFC_sans_bias56": {"write": {"device_start": -1, "host_queued_start": 1585580011.138931, "device_queued": -1, "device_end": -1, "host_queued_end": 1585580011.177322}, "device": "cpu", "nd_range": {"device_start": 2247785.843578877, "device_end": 2247785.952692964}, "cmdq": 1, "read": {"device_start": -1, "device_end": -1}}, "FFC_sans_bias51": {"write": {"device_start": -1, "host_queued_start": 1585580011.154379, "device_queued": -1, "device_end": -1, "host_queued_end": 1585580011.177322}, "device": "cpu", "nd_range": {"device_start": 2247786.6167861694, "device_end": 2247786.7390726684}, "cmdq": 0, "read": {"device_start": -1, "device_end": -1}}, "softmax23": {"write": {"device_start": -1, "host_queued_start": 1585580011.151176, "device_queued": -1, "device_end": -1, "host_queued_end": 1585580011.177322}, "device": "cpu", "nd_range": {"device_start": 2247786.4725819803, "device_end": 2247786.473534968}, "cmdq": 2, "read": {"device_start": -1, "device_end": -1}}, "FFC_sans_bias37": {"write": {"device_start": -1, "host_queued_start": 1585580011.122494, "device_queued": -1, "device_end": -1, "host_queued_end": 1585580011.177322}, "device": "cpu", "nd_range": {"device_start": 2247785.935991986, "device_end": 2247786.003457399}, "cmdq": 2, "read": {"device_start": -1, "device_end": -1}}, "empty62": {"write": {"device_start": -1, "host_queued_start": 1585580011.077003, "device_queued": -1, "device_end": -1, "host_queued_end": 1585580011.177322}, "device": "cpu", "nd_range": {"device_start": 2247785.3669821853, "device_end": 2247785.366982901}, "cmdq": 0, "read": {"device_start": -1, "device_end": -1}}, "FFC_sans_bias70": {"write": {"device_start": 1585579945.8424442, "host_queued_start": 1585580011.057367, "device_queued": 1585579945.8327744, "device_end": 1585579945.8425434, "host_queued_end": 1585580011.057632}, "device": "gpu", "nd_range": {"device_start": 1585579945.8492181, "device_end": 1585579945.852544}, "cmdq": 3, "read": {"device_start": 1585579945.852548, "device_end": 1585579945.8526444}}, "FFC_sans_bias58": {"write": {"device_start": -1, "host_queued_start": 1585580011.150343, "device_queued": -1, "device_end": -1, "host_queued_end": 1585580011.177322}, "device": "cpu", "nd_range": {"device_start": 2247786.387696919, "device_end": 2247786.472558945}, "cmdq": 2, "read": {"device_start": -1, "device_end": -1}}, "softmax41": {"write": {"device_start": -1, "host_queued_start": 1585580011.15173, "device_queued": -1, "device_end": -1, "host_queued_end": 1585580011.177322}, "device": "cpu", "nd_range": {"device_start": 2247786.431079524, "device_end": 2247786.432025306}, "cmdq": 1, "read": {"device_start": -1, "device_end": -1}}, "FFC_sans_bias11": {"write": {"device_start": -1, "host_queued_start": 1585580011.096234, "device_queued": -1, "device_end": -1, "host_queued_end": 1585580011.177322}, "device": "cpu", "nd_range": {"device_start": 2247785.524978736, "device_end": 2247785.6165769133}, "cmdq": 0, "read": {"device_start": -1, "device_end": -1}}, "FFC_sans_bias10": {"write": {"device_start": -1, "host_queued_start": 1585580011.092946, "device_queued": -1, "device_end": -1, "host_queued_end": 1585580011.177322}, "device": "cpu", "nd_range": {"device_start": 2247785.4589423393, "device_end": 2247785.672021369}, "cmdq": 2, "read": {"device_start": -1, "device_end": -1}}, "coalesced_transpose3": {"write": {"device_start": -1, "host_queued_start": 1585580011.145845, "device_queued": -1, "device_end": -1, "host_queued_end": 1585580011.177322}, "device": "cpu", "nd_range": {"device_start": 2247785.952883765, "device_end": 2247785.953953429}, "cmdq": 1, "read": {"device_start": -1, "device_end": -1}}, "FFC_sans_bias34": {"write": {"device_start": -1, "host_queued_start": 1585580011.167575, "device_queued": -1, "device_end": -1, "host_queued_end": 1585580011.177322}, "device": "cpu", "nd_range": {"device_start": 2247786.876597269, "device_end": 2247786.9952392103}, "cmdq": 2, "read": {"device_start": -1, "device_end": -1}}, "FFC_sans_bias15": {"write": {"device_start": -1, "host_queued_start": 1585580011.152989, "device_queued": -1, "device_end": -1, "host_queued_end": 1585580011.177322}, "device": "cpu", "nd_range": {"device_start": 2247786.474488447, "device_end": 2247786.601975927}, "cmdq": 2, "read": {"device_start": -1, "device_end": -1}}, "FFC_sans_bias31": {"write": {"device_start": -1, "host_queued_start": 1585580011.149309, "device_queued": -1, "device_end": -1, "host_queued_end": 1585580011.177322}, "device": "cpu", "nd_range": {"device_start": 2247786.290255507, "device_end": 2247786.387677309}, "cmdq": 2, "read": {"device_start": -1, "device_end": -1}}, "FFC_sans_bias16": {"write": {"device_start": -1, "host_queued_start": 1585580011.161148, "device_queued": -1, "device_end": -1, "host_queued_end": 1585580011.177322}, "device": "cpu", "nd_range": {"device_start": 2247786.7390863863, "device_end": 2247786.86130265}, "cmdq": 0, "read": {"device_start": -1, "device_end": -1}}, "FFC_sans_bias19": {"write": {"device_start": -1, "host_queued_start": 1585580011.102779, "device_queued": -1, "device_end": -1, "host_queued_end": 1585580011.177322}, "device": "cpu", "nd_range": {"device_start": 2247785.6720384574, "device_end": 2247785.817613723}, "cmdq": 2, "read": {"device_start": -1, "device_end": -1}}, "FFC_sans_bias18": {"write": {"device_start": -1, "host_queued_start": 1585580011.099515, "device_queued": -1, "device_end": -1, "host_queued_end": 1585580011.177322}, "device": "cpu", "nd_range": {"device_start": 2247785.510307148, "device_end": 2247785.575483237}, "cmdq": 1, "read": {"device_start": -1, "device_end": -1}}, "coalesced_transpose30": {"write": {"device_start": -1, "host_queued_start": 1585580011.146854, "device_queued": -1, "device_end": -1, "host_queued_end": 1585580011.177322}, "device": "cpu", "nd_range": {"device_start": 2247785.9541036473, "device_end": 2247785.9551796503}, "cmdq": 1, "read": {"device_start": -1, "device_end": -1}}, "FFC_sans_bias69": {"write": {"device_start": -1, "host_queued_start": 1585580011.054147, "device_queued": -1, "device_end": -1, "host_queued_end": 1585580011.057632}, "device": "gpu", "nd_range": {"device_start": 1585579945.8458893, "device_end": 1585579945.8492131}, "cmdq": 2, "read": {"device_start": -1, "device_end": -1}}, "FFC_sans_bias38": {"write": {"device_start": -1, "host_queued_start": 1585580011.125785, "device_queued": -1, "device_end": -1, "host_queued_end": 1585580011.177322}, "device": "cpu", "nd_range": {"device_start": 2247785.805379678, "device_end": 2247785.96081118}, "cmdq": 0, "read": {"device_start": -1, "device_end": -1}}, "coalesced_transpose57": {"write": {"device_start": -1, "host_queued_start": 1585580011.147844, "device_queued": -1, "device_end": -1, "host_queued_end": 1585580011.177322}, "device": "cpu", "nd_range": {"device_start": 2247786.1420658403, "device_end": 2247786.143322961}, "cmdq": 1, "read": {"device_start": -1, "device_end": -1}}, "empty26": {"write": {"device_start": -1, "host_queued_start": 1585580011.066591, "device_queued": -1, "device_end": -1, "host_queued_end": 1585580011.177322}, "device": "cpu", "nd_range": {"device_start": 2247785.3670039712, "device_end": 2247785.367009026}, "cmdq": 2, "read": {"device_start": -1, "device_end": -1}}, "coalesced_transpose12": {"write": {"device_start": -1, "host_queued_start": 1585580011.146179, "device_queued": -1, "device_end": -1, "host_queued_end": 1585580011.177322}, "device": "cpu", "nd_range": {"device_start": 2247786.161228082, "device_end": 2247786.163276554}, "cmdq": 2, "read": {"device_start": -1, "device_end": -1}}, "empty44": {"write": {"device_start": -1, "host_queued_start": 1585580011.071838, "device_queued": -1, "device_end": -1, "host_queued_end": 1585580011.177322}, "device": "cpu", "nd_range": {"device_start": 2247785.36697603, "device_end": 2247785.36697719}, "cmdq": 1, "read": {"device_start": -1, "device_end": -1}}, "coalesced_transpose21": {"write": {"device_start": -1, "host_queued_start": 1585580011.146508, "device_queued": -1, "device_end": -1, "host_queued_end": 1585580011.177322}, "device": "cpu", "nd_range": {"device_start": 2247786.140642148, "device_end": 2247786.1417480283}, "cmdq": 0, "read": {"device_start": -1, "device_end": -1}}, "FFC_sans_bias36": {"write": {"device_start": -1, "host_queued_start": 1585580011.119242, "device_queued": -1, "device_end": -1, "host_queued_end": 1585580011.177322}, "device": "cpu", "nd_range": {"device_start": 2247785.667748034, "device_end": 2247785.736765473}, "cmdq": 1, "read": {"device_start": -1, "device_end": -1}}, "softmax14": {"write": {"device_start": -1, "host_queued_start": 1585580011.150903, "device_queued": -1, "device_end": -1, "host_queued_end": 1585580011.177322}, "device": "cpu", "nd_range": {"device_start": 2247786.4300035713, "device_end": 2247786.4309374844}, "cmdq": 1, "read": {"device_start": -1, "device_end": -1}}, "FFC_sans_bias13": {"write": {"device_start": -1, "host_queued_start": 1585580011.148624, "device_queued": -1, "device_end": -1, "host_queued_end": 1585580011.177322}, "device": "cpu", "nd_range": {"device_start": 2247786.184895963, "device_end": 2247786.278549396}, "cmdq": 0, "read": {"device_start": -1, "device_end": -1}}, "empty8": {"write": {"device_start": -1, "host_queued_start": 1585580011.061275, "device_queued": -1, "device_end": -1, "host_queued_end": 1585580011.177322}, "device": "cpu", "nd_range": {"device_start": 2247785.366936711, "device_end": 2247785.366949898}, "cmdq": 0, "read": {"device_start": -1, "device_end": -1}}, "FFC_sans_bias42": {"write": {"device_start": -1, "host_queued_start": 1585580011.154038, "device_queued": -1, "device_end": -1, "host_queued_end": 1585580011.177322}, "device": "cpu", "nd_range": {"device_start": 2247786.6019992423, "device_end": 2247786.733397217}, "cmdq": 2, "read": {"device_start": -1, "device_end": -1}}, "FFC_sans_bias43": {"write": {"device_start": -1, "host_queued_start": 1585580011.17078, "device_queued": -1, "device_end": -1, "host_queued_end": 1585580011.177322}, "device": "cpu", "nd_range": {"device_start": 2247786.8613143903, "device_end": 2247786.9376385873}, "cmdq": 0, "read": {"device_start": -1, "device_end": -1}}, "FFC_sans_bias40": {"write": {"device_start": -1, "host_queued_start": 1585580011.149653, "device_queued": -1, "device_end": -1, "host_queued_end": 1585580011.177322}, "device": "cpu", "nd_range": {"device_start": 2247786.2785710404, "device_end": 2247786.381681703}, "cmdq": 0, "read": {"device_start": -1, "device_end": -1}}, "softmax32": {"write": {"device_start": -1, "host_queued_start": 1585580011.151448, "device_queued": -1, "device_end": -1, "host_queued_end": 1585580011.177322}, "device": "cpu", "nd_range": {"device_start": 2247786.401817427, "device_end": 2247786.402758452}, "cmdq": 0, "read": {"device_start": -1, "device_end": -1}}, "FFC_sans_bias47": {"write": {"device_start": -1, "host_queued_start": 1585580011.135629, "device_queued": -1, "device_end": -1, "host_queued_end": 1585580011.177322}, "device": "cpu", "nd_range": {"device_start": 2247785.9608255993, "device_end": 2247786.041766671}, "cmdq": 0, "read": {"device_start": -1, "device_end": -1}}, "FFC_sans_bias45": {"write": {"device_start": -1, "host_queued_start": 1585580011.129044, "device_queued": -1, "device_end": -1, "host_queued_end": 1585580011.177322}, "device": "cpu", "nd_range": {"device_start": 2247785.736917265, "device_end": 2247785.8433769853}, "cmdq": 1, "read": {"device_start": -1, "device_end": -1}}, "softmax50": {"write": {"device_start": -1, "host_queued_start": 1585580011.152012, "device_queued": -1, "device_end": -1, "host_queued_end": 1585580011.177322}, "device": "cpu", "nd_range": {"device_start": 2247786.4735438153, "device_end": 2247786.4744807463}, "cmdq": 2, "read": {"device_start": -1, "device_end": -1}}, "FFC_sans_bias33": {"write": {"device_start": -1, "host_queued_start": 1585580011.153695, "device_queued": -1, "device_end": -1, "host_queued_end": 1585580011.177322}, "device": "cpu", "nd_range": {"device_start": 2247786.52085564, "device_end": 2247786.6436369843}, "cmdq": 1, "read": {"device_start": -1, "device_end": -1}}, "FFC_sans_bias63": {"write": {"device_start": 1585579945.8322196, "host_queued_start": 1585580011.052824, "device_queued": 1585579945.8318403, "device_end": 1585579945.8323138, "host_queued_end": 1585580011.057632}, "device": "gpu", "nd_range": {"device_start": 1585579945.8324745, "device_end": 1585579945.8421326}, "cmdq": 3, "read": {"device_start": -1, "device_end": -1}}, "FFC_sans_bias49": {"write": {"device_start": -1, "host_queued_start": 1585580011.150001, "device_queued": -1, "device_end": -1, "host_queued_end": 1585580011.177322}, "device": "cpu", "nd_range": {"device_start": 2247786.344902471, "device_end": 2247786.4298236133}, "cmdq": 1, "read": {"device_start": -1, "device_end": -1}}, "FFC_sans_bias64": {"write": {"device_start": 1585579945.8315756, "host_queued_start": 1585580011.046048, "device_queued": 1585579945.8311772, "device_end": 1585579945.8318174, "host_queued_end": 1585580011.057632}, "device": "gpu", "nd_range": {"device_start": 1585579945.8321996, "device_end": 1585579945.8355777}, "cmdq": 1, "read": {"device_start": -1, "device_end": -1}}, "FFC_sans_bias65": {"write": {"device_start": 1585579945.8319004, "host_queued_start": 1585580011.049524, "device_queued": 1585579945.8314319, "device_end": 1585579945.8321583, "host_queued_end": 1585580011.057632}, "device": "gpu", "nd_range": {"device_start": 1585579945.8323698, "device_end": 1585579945.8389373}, "cmdq": 2, "read": {"device_start": -1, "device_end": -1}}, "FFC_sans_bias67": {"write": {"device_start": -1, "host_queued_start": 1585580011.053589, "device_queued": -1, "device_end": -1, "host_queued_end": 1585580011.057632}, "device": "gpu", "nd_range": {"device_start": 1585579945.8421352, "device_end": 1585579945.8454697}, "cmdq": 0, "read": {"device_start": -1, "device_end": -1}}, "FFC_sans_bias24": {"write": {"device_start": -1, "host_queued_start": 1585580011.153353, "device_queued": -1, "device_end": -1, "host_queued_end": 1585580011.177322}, "device": "cpu", "nd_range": {"device_start": 2247786.495013356, "device_end": 2247786.6167704454}, "cmdq": 0, "read": {"device_start": -1, "device_end": -1}}, "FFC_sans_bias25": {"write": {"device_start": -1, "host_queued_start": 1585580011.164379, "device_queued": -1, "device_end": -1, "host_queued_end": 1585580011.177322}, "device": "cpu", "nd_range": {"device_start": 2247786.768184041, "device_end": 2247786.886668226}, "cmdq": 1, "read": {"device_start": -1, "device_end": -1}}, "FFC_sans_bias27": {"write": {"device_start": -1, "host_queued_start": 1585580011.109376, "device_queued": -1, "device_end": -1, "host_queued_end": 1585580011.177322}, "device": "cpu", "nd_range": {"device_start": 2247785.575696607, "device_end": 2247785.6675281893}, "cmdq": 1, "read": {"device_start": -1, "device_end": -1}}, "FFC_sans_bias20": {"write": {"device_start": -1, "host_queued_start": 1585580011.106105, "device_queued": -1, "device_end": -1, "host_queued_end": 1585580011.177322}, "device": "cpu", "nd_range": {"device_start": 2247785.616596116, "device_end": 2247785.7327776602}, "cmdq": 0, "read": {"device_start": -1, "device_end": -1}}, "FFC_sans_bias22": {"write": {"device_start": -1, "host_queued_start": 1585580011.148969, "device_queued": -1, "device_end": -1, "host_queued_end": 1585580011.177322}, "device": "cpu", "nd_range": {"device_start": 2247786.143444376, "device_end": 2247786.344697417}, "cmdq": 1, "read": {"device_start": -1, "device_end": -1}}, "softmax68": {"write": {"device_start": -1, "host_queued_start": 1585580011.053841, "device_queued": -1, "device_end": -1, "host_queued_end": 1585580011.057632}, "device": "gpu", "nd_range": {"device_start": 1585579945.8454769, "device_end": 1585579945.8458836}, "cmdq": 1, "read": {"device_start": -1, "device_end": -1}}, "softmax5": {"write": {"device_start": -1, "host_queued_start": 1585580011.150628, "device_queued": -1, "device_end": -1, "host_queued_end": 1585580011.177322}, "device": "cpu", "nd_range": {"device_start": 2247786.381701828, "device_end": 2247786.382659202}, "cmdq": 0, "read": {"device_start": -1, "device_end": -1}}, "FFC_sans_bias28": {"write": {"device_start": -1, "host_queued_start": 1585580011.112652, "device_queued": -1, "device_end": -1, "host_queued_end": 1585580011.177322}, "device": "cpu", "nd_range": {"device_start": 2247785.817630799, "device_end": 2247785.9359683474}, "cmdq": 2, "read": {"device_start": -1, "device_end": -1}}, "FFC_sans_bias29": {"write": {"device_start": -1, "host_queued_start": 1585580011.115955, "device_queued": -1, "device_end": -1, "host_queued_end": 1585580011.177322}, "device": "cpu", "nd_range": {"device_start": 2247785.732794735, "device_end": 2247785.80536438}, "cmdq": 0, "read": {"device_start": -1, "device_end": -1}}, "empty17": {"write": {"device_start": -1, "host_queued_start": 1585580011.063972, "device_queued": -1, "device_end": -1, "host_queued_end": 1585580011.177322}, "device": "cpu", "nd_range": {"device_start": 2247785.366940786, "device_end": 2247785.366949906}, "cmdq": 1, "read": {"device_start": -1, "device_end": -1}}, "softmax59": {"write": {"device_start": -1, "host_queued_start": 1585580011.152286, "device_queued": -1, "device_end": -1, "host_queued_end": 1585580011.177322}, "device": "cpu", "nd_range": {"device_start": 2247786.494059542, "device_end": 2247786.494995208}, "cmdq": 0, "read": {"device_start": -1, "device_end": -1}}, "empty71": {"write": {"device_start": 1585579945.8312163, "host_queued_start": 1585580011.042443, "device_queued": 1585579945.8308804, "device_end": 1585579945.8314087, "host_queued_end": 1585580011.057632}, "device": "gpu", "nd_range": {"device_start": 1585579945.8314183, "device_end": 1585579945.8314228}, "cmdq": 0, "read": {"device_start": -1, "device_end": -1}}, "empty35": {"write": {"device_start": -1, "host_queued_start": 1585580011.069197, "device_queued": -1, "device_end": -1, "host_queued_end": 1585580011.177322}, "device": "cpu", "nd_range": {"device_start": 2247785.366972981, "device_end": 2247785.36697431}, "cmdq": 0, "read": {"device_start": -1, "device_end": -1}}, "empty53": {"write": {"device_start": -1, "host_queued_start": 1585580011.074439, "device_queued": -1, "device_end": -1, "host_queued_end": 1585580011.177322}, "device": "cpu", "nd_range": {"device_start": 2247785.3670689333, "device_end": 2247785.367070173}, "cmdq": 2, "read": {"device_start": -1, "device_end": -1}}, "FFC_sans_bias46": {"write": {"device_start": -1, "host_queued_start": 1585580011.132298, "device_queued": -1, "device_end": -1, "host_queued_end": 1585580011.177322}, "device": "cpu", "nd_range": {"device_start": 2247786.003483944, "device_end": 2247786.079345383}, "cmdq": 2, "read": {"device_start": -1, "device_end": -1}}, "coalesced_transpose66": {"write": {"device_start": -1, "host_queued_start": 1585580011.053214, "device_queued": -1, "device_end": -1, "host_queued_end": 1585580011.057632}, "device": "gpu", "nd_range": {"device_start": 1585579945.835581, "device_end": 1585579945.842017}, "cmdq": 4, "read": {"device_start": -1, "device_end": -1}}, "coalesced_transpose48": {"write": {"device_start": -1, "host_queued_start": 1585580011.147516, "device_queued": -1, "device_end": -1, "host_queued_end": 1585580011.177322}, "device": "cpu", "nd_range": {"device_start": 2247786.141760588, "device_end": 2247786.142863674}, "cmdq": 0, "read": {"device_start": -1, "device_end": -1}}}