{"FFC_sans_bias60": {"write": {"device_start": -1, "host_queued_start": 1585579301.247035, "device_queued": -1, "device_end": -1, "host_queued_end": 1585579301.257171}, "device": "gpu", "nd_range": {"device_start": 1585579236.1073034, "device_end": 1585579236.1112475}, "cmdq": 0, "read": {"device_start": -1, "device_end": -1}}, "FFC_sans_bias4": {"write": {"device_start": -1, "host_queued_start": 1585579301.323395, "device_queued": -1, "device_end": -1, "host_queued_end": 1585579301.344674}, "device": "cpu", "nd_range": {"device_start": 2247076.067976579, "device_end": 2247076.1500499942}, "cmdq": 1, "read": {"device_start": -1, "device_end": -1}}, "FFC_sans_bias7": {"write": {"device_start": -1, "host_queued_start": 1585579301.331448, "device_queued": -1, "device_end": -1, "host_queued_end": 1585579301.344674}, "device": "cpu", "nd_range": {"device_start": 2247076.424528018, "device_end": 2247076.485643508}, "cmdq": 0, "read": {"device_start": -1, "device_end": -1}}, "FFC_sans_bias6": {"write": {"device_start": -1, "host_queued_start": 1585579301.326617, "device_queued": -1, "device_end": -1, "host_queued_end": 1585579301.344674}, "device": "cpu", "nd_range": {"device_start": 2247076.300222165, "device_end": 2247076.39771403}, "cmdq": 1, "read": {"device_start": -1, "device_end": -1}}, "FFC_sans_bias1": {"write": {"device_start": -1, "host_queued_start": 1585579301.278014, "device_queued": -1, "device_end": -1, "host_queued_end": 1585579301.344674}, "device": "cpu", "nd_range": {"device_start": 2247075.5343482844, "device_end": 2247075.618974685}, "cmdq": 0, "read": {"device_start": -1, "device_end": -1}}, "FFC_sans_bias0": {"write": {"device_start": -1, "host_queued_start": 1585579301.274627, "device_queued": -1, "device_end": -1, "host_queued_end": 1585579301.344674}, "device": "cpu", "nd_range": {"device_start": 2247075.53434106, "device_end": 2247075.5994017413}, "cmdq": 1, "read": {"device_start": -1, "device_end": -1}}, "FFC_sans_bias2": {"write": {"device_start": -1, "host_queued_start": 1585579301.281561, "device_queued": -1, "device_end": -1, "host_queued_end": 1585579301.344674}, "device": "cpu", "nd_range": {"device_start": 2247075.6015124302, "device_end": 2247075.646989712}, "cmdq": 1, "read": {"device_start": -1, "device_end": -1}}, "FFC_sans_bias61": {"write": {"device_start": 1585579236.1202374, "host_queued_start": 1585579301.253782, "device_queued": 1585579236.0540962, "device_end": 1585579236.1203315, "host_queued_end": 1585579301.257171}, "device": "gpu", "nd_range": {"device_start": 1585579236.120337, "device_end": 1585579236.1242645}, "cmdq": 0, "read": {"device_start": 1585579236.124272, "device_end": 1585579236.124362}}, "FFC_sans_bias52": {"write": {"device_start": 1585579236.1155276, "host_queued_start": 1585579301.250537, "device_queued": 1585579236.0538285, "device_end": 1585579236.1156394, "host_queued_end": 1585579301.257171}, "device": "gpu", "nd_range": {"device_start": 1585579236.115645, "device_end": 1585579236.1195872}, "cmdq": 0, "read": {"device_start": 1585579236.119593, "device_end": 1585579236.1196816}}, "FFC_sans_bias9": {"write": {"device_start": -1, "host_queued_start": 1585579301.284819, "device_queued": -1, "device_end": -1, "host_queued_end": 1585579301.344674}, "device": "cpu", "nd_range": {"device_start": 2247075.624337456, "device_end": 2247075.7218158543}, "cmdq": 0, "read": {"device_start": -1, "device_end": -1}}, "coalesced_transpose39": {"write": {"device_start": -1, "host_queued_start": 1585579301.322953, "device_queued": -1, "device_end": -1, "host_queued_end": 1585579301.344674}, "device": "cpu", "nd_range": {"device_start": 2247076.069079651, "device_end": 2247076.0701296553}, "cmdq": 0, "read": {"device_start": -1, "device_end": -1}}, "FFC_sans_bias55": {"write": {"device_start": 1585579236.0727293, "host_queued_start": 1585579301.233771, "device_queued": 1585579236.051693, "device_end": 1585579236.072838, "host_queued_end": 1585579301.257171}, "device": "gpu", "nd_range": {"device_start": 1585579236.072846, "device_end": 1585579236.0767953}, "cmdq": 0, "read": {"device_start": -1, "device_end": -1}}, "FFC_sans_bias54": {"write": {"device_start": 1585579236.068319, "host_queued_start": 1585579301.230508, "device_queued": 1585579236.0514717, "device_end": 1585579236.068416, "host_queued_end": 1585579301.257171}, "device": "gpu", "nd_range": {"device_start": 1585579236.0684195, "device_end": 1585579236.0723855}, "cmdq": 0, "read": {"device_start": -1, "device_end": -1}}, "FFC_sans_bias56": {"write": {"device_start": 1585579236.0639548, "host_queued_start": 1585579301.227225, "device_queued": 1585579236.0512455, "device_end": 1585579236.0640485, "host_queued_end": 1585579301.257171}, "device": "gpu", "nd_range": {"device_start": 1585579236.064055, "device_end": 1585579236.0680218}, "cmdq": 0, "read": {"device_start": -1, "device_end": -1}}, "FFC_sans_bias51": {"write": {"device_start": -1, "host_queued_start": 1585579301.246714, "device_queued": -1, "device_end": -1, "host_queued_end": 1585579301.257171}, "device": "gpu", "nd_range": {"device_start": 1585579236.1033309, "device_end": 1585579236.1073022}, "cmdq": 0, "read": {"device_start": -1, "device_end": -1}}, "softmax23": {"write": {"device_start": -1, "host_queued_start": 1585579301.325693, "device_queued": -1, "device_end": -1, "host_queued_end": 1585579301.344674}, "device": "cpu", "nd_range": {"device_start": 2247076.258372613, "device_end": 2247076.259319928}, "cmdq": 0, "read": {"device_start": -1, "device_end": -1}}, "FFC_sans_bias37": {"write": {"device_start": -1, "host_queued_start": 1585579301.318, "device_queued": -1, "device_end": -1, "host_queued_end": 1585579301.344674}, "device": "cpu", "nd_range": {"device_start": 2247076.020102588, "device_end": 2247076.0674480353}, "cmdq": 0, "read": {"device_start": -1, "device_end": -1}}, "empty62": {"write": {"device_start": 1585579236.0501287, "host_queued_start": 1585579301.21196, "device_queued": 1585579236.0497003, "device_end": 1585579236.0502224, "host_queued_end": 1585579301.257171}, "device": "gpu", "nd_range": {"device_start": 1585579236.0502295, "device_end": 1585579236.0502334}, "cmdq": 0, "read": {"device_start": -1, "device_end": -1}}, "FFC_sans_bias70": {"write": {"device_start": 1585579236.1248999, "host_queued_start": 1585579301.257057, "device_queued": 1585579236.054382, "device_end": 1585579236.1249962, "host_queued_end": 1585579301.257171}, "device": "gpu", "nd_range": {"device_start": 1585579236.125, "device_end": 1585579236.1289356}, "cmdq": 0, "read": {"device_start": 1585579236.1289403, "device_end": 1585579236.12903}}, "FFC_sans_bias58": {"write": {"device_start": -1, "host_queued_start": 1585579301.245345, "device_queued": -1, "device_end": -1, "host_queued_end": 1585579301.257171}, "device": "gpu", "nd_range": {"device_start": 1585579236.0939255, "device_end": 1585579236.0978827}, "cmdq": 0, "read": {"device_start": -1, "device_end": -1}}, "softmax41": {"write": {"device_start": -1, "host_queued_start": 1585579301.326247, "device_queued": -1, "device_end": -1, "host_queued_end": 1585579301.344674}, "device": "cpu", "nd_range": {"device_start": 2247076.2865224034, "device_end": 2247076.287370228}, "cmdq": 0, "read": {"device_start": -1, "device_end": -1}}, "FFC_sans_bias11": {"write": {"device_start": -1, "host_queued_start": 1585579301.291527, "device_queued": -1, "device_end": -1, "host_queued_end": 1585579301.344674}, "device": "cpu", "nd_range": {"device_start": 2247075.721831634, "device_end": 2247075.8018031223}, "cmdq": 0, "read": {"device_start": -1, "device_end": -1}}, "FFC_sans_bias10": {"write": {"device_start": -1, "host_queued_start": 1585579301.288169, "device_queued": -1, "device_end": -1, "host_queued_end": 1585579301.344674}, "device": "cpu", "nd_range": {"device_start": 2247075.647181278, "device_end": 2247075.70444227}, "cmdq": 1, "read": {"device_start": -1, "device_end": -1}}, "coalesced_transpose3": {"write": {"device_start": -1, "host_queued_start": 1585579301.321635, "device_queued": -1, "device_end": -1, "host_queued_end": 1585579301.344674}, "device": "cpu", "nd_range": {"device_start": 2247076.0674707433, "device_end": 2247076.067966173}, "cmdq": 0, "read": {"device_start": -1, "device_end": -1}}, "FFC_sans_bias34": {"write": {"device_start": -1, "host_queued_start": 1585579301.341406, "device_queued": -1, "device_end": -1, "host_queued_end": 1585579301.344674}, "device": "cpu", "nd_range": {"device_start": 2247076.634205406, "device_end": 2247076.6759142843}, "cmdq": 1, "read": {"device_start": -1, "device_end": -1}}, "FFC_sans_bias15": {"write": {"device_start": -1, "host_queued_start": 1585579301.32698, "device_queued": -1, "device_end": -1, "host_queued_end": 1585579301.344674}, "device": "cpu", "nd_range": {"device_start": 2247076.287380982, "device_end": 2247076.352388869}, "cmdq": 0, "read": {"device_start": -1, "device_end": -1}}, "FFC_sans_bias31": {"write": {"device_start": -1, "host_queued_start": 1585579301.324529, "device_queued": -1, "device_end": -1, "host_queued_end": 1585579301.344674}, "device": "cpu", "nd_range": {"device_start": 2247076.158548192, "device_end": 2247076.2573784404}, "cmdq": 0, "read": {"device_start": -1, "device_end": -1}}, "FFC_sans_bias16": {"write": {"device_start": -1, "host_queued_start": 1585579301.3348, "device_queued": -1, "device_end": -1, "host_queued_end": 1585579301.344674}, "device": "cpu", "nd_range": {"device_start": 2247076.542027059, "device_end": 2247076.63419584}, "cmdq": 1, "read": {"device_start": -1, "device_end": -1}}, "FFC_sans_bias19": {"write": {"device_start": -1, "host_queued_start": 1585579301.29828, "device_queued": -1, "device_end": -1, "host_queued_end": 1585579301.344674}, "device": "cpu", "nd_range": {"device_start": 2247075.801821608, "device_end": 2247075.8673109473}, "cmdq": 0, "read": {"device_start": -1, "device_end": -1}}, "FFC_sans_bias18": {"write": {"device_start": -1, "host_queued_start": 1585579301.294949, "device_queued": -1, "device_end": -1, "host_queued_end": 1585579301.344674}, "device": "cpu", "nd_range": {"device_start": 2247075.704634719, "device_end": 2247075.758496466}, "cmdq": 1, "read": {"device_start": -1, "device_end": -1}}, "coalesced_transpose30": {"write": {"device_start": -1, "host_queued_start": 1585579301.322628, "device_queued": -1, "device_end": -1, "host_queued_end": 1585579301.344674}, "device": "cpu", "nd_range": {"device_start": 2247076.040520276, "device_end": 2247076.041592801}, "cmdq": 1, "read": {"device_start": -1, "device_end": -1}}, "FFC_sans_bias69": {"write": {"device_start": -1, "host_queued_start": 1585579301.247346, "device_queued": -1, "device_end": -1, "host_queued_end": 1585579301.257171}, "device": "gpu", "nd_range": {"device_start": 1585579236.1112487, "device_end": 1585579236.1152163}, "cmdq": 0, "read": {"device_start": -1, "device_end": -1}}, "FFC_sans_bias38": {"write": {"device_start": -1, "host_queued_start": 1585579301.321285, "device_queued": -1, "device_end": -1, "host_queued_end": 1585579301.344674}, "device": "cpu", "nd_range": {"device_start": 2247075.9670711113, "device_end": 2247076.039097743}, "cmdq": 1, "read": {"device_start": -1, "device_end": -1}}, "coalesced_transpose57": {"write": {"device_start": -1, "host_queued_start": 1585579301.244409, "device_queued": -1, "device_end": -1, "host_queued_end": 1585579301.257171}, "device": "gpu", "nd_range": {"device_start": 1585579236.0899212, "device_end": 1585579236.0899405}, "cmdq": 0, "read": {"device_start": -1, "device_end": -1}}, "empty26": {"write": {"device_start": -1, "host_queued_start": 1585579301.266607, "device_queued": -1, "device_end": -1, "host_queued_end": 1585579301.344674}, "device": "cpu", "nd_range": {"device_start": 2247075.53433169, "device_end": 2247075.534333182}, "cmdq": 0, "read": {"device_start": -1, "device_end": -1}}, "coalesced_transpose12": {"write": {"device_start": -1, "host_queued_start": 1585579301.321963, "device_queued": -1, "device_end": -1, "host_queued_end": 1585579301.344674}, "device": "cpu", "nd_range": {"device_start": 2247076.0392700043, "device_end": 2247076.040367039}, "cmdq": 1, "read": {"device_start": -1, "device_end": -1}}, "empty44": {"write": {"device_start": -1, "host_queued_start": 1585579301.271826, "device_queued": -1, "device_end": -1, "host_queued_end": 1585579301.344674}, "device": "cpu", "nd_range": {"device_start": 2247075.534340539, "device_end": 2247075.534341465}, "cmdq": 0, "read": {"device_start": -1, "device_end": -1}}, "coalesced_transpose21": {"write": {"device_start": -1, "host_queued_start": 1585579301.32229, "device_queued": -1, "device_end": -1, "host_queued_end": 1585579301.344674}, "device": "cpu", "nd_range": {"device_start": 2247076.0679806513, "device_end": 2247076.06907237}, "cmdq": 0, "read": {"device_start": -1, "device_end": -1}}, "FFC_sans_bias36": {"write": {"device_start": -1, "host_queued_start": 1585579301.314682, "device_queued": -1, "device_end": -1, "host_queued_end": 1585579301.344674}, "device": "cpu", "nd_range": {"device_start": 2247075.898389556, "device_end": 2247075.966910072}, "cmdq": 1, "read": {"device_start": -1, "device_end": -1}}, "softmax14": {"write": {"device_start": -1, "host_queued_start": 1585579301.325424, "device_queued": -1, "device_end": -1, "host_queued_end": 1585579301.344674}, "device": "cpu", "nd_range": {"device_start": 2247076.28652005, "device_end": 2247076.2871384583}, "cmdq": 1, "read": {"device_start": -1, "device_end": -1}}, "FFC_sans_bias13": {"write": {"device_start": -1, "host_queued_start": 1585579301.323795, "device_queued": -1, "device_end": -1, "host_queued_end": 1585579301.344674}, "device": "cpu", "nd_range": {"device_start": 2247076.070139448, "device_end": 2247076.1583721363}, "cmdq": 0, "read": {"device_start": -1, "device_end": -1}}, "empty8": {"write": {"device_start": -1, "host_queued_start": 1585579301.260969, "device_queued": -1, "device_end": -1, "host_queued_end": 1585579301.344674}, "device": "cpu", "nd_range": {"device_start": 2247075.534295023, "device_end": 2247075.534307178}, "cmdq": 0, "read": {"device_start": -1, "device_end": -1}}, "FFC_sans_bias42": {"write": {"device_start": -1, "host_queued_start": 1585579301.328086, "device_queued": -1, "device_end": -1, "host_queued_end": 1585579301.344674}, "device": "cpu", "nd_range": {"device_start": 2247076.4756203243, "device_end": 2247076.542010143}, "cmdq": 1, "read": {"device_start": -1, "device_end": -1}}, "FFC_sans_bias43": {"write": {"device_start": -1, "host_queued_start": 1585579301.34462, "device_queued": -1, "device_end": -1, "host_queued_end": 1585579301.344674}, "device": "cpu", "nd_range": {"device_start": 2247076.562233818, "device_end": 2247076.634069385}, "cmdq": 0, "read": {"device_start": -1, "device_end": -1}}, "FFC_sans_bias40": {"write": {"device_start": -1, "host_queued_start": 1585579301.324871, "device_queued": -1, "device_end": -1, "host_queued_end": 1585579301.344674}, "device": "cpu", "nd_range": {"device_start": 2247076.2327782013, "device_end": 2247076.286489278}, "cmdq": 1, "read": {"device_start": -1, "device_end": -1}}, "softmax32": {"write": {"device_start": -1, "host_queued_start": 1585579301.325962, "device_queued": -1, "device_end": -1, "host_queued_end": 1585579301.344674}, "device": "cpu", "nd_range": {"device_start": 2247076.2871495723, "device_end": 2247076.3000679202}, "cmdq": 1, "read": {"device_start": -1, "device_end": -1}}, "FFC_sans_bias47": {"write": {"device_start": 1585579236.0595963, "host_queued_start": 1585579301.223932, "device_queued": 1585579236.0510192, "device_end": 1585579236.0596914, "host_queued_end": 1585579301.257171}, "device": "gpu", "nd_range": {"device_start": 1585579236.0596979, "device_end": 1585579236.063677}, "cmdq": 0, "read": {"device_start": -1, "device_end": -1}}, "FFC_sans_bias45": {"write": {"device_start": 1585579236.050913, "host_queued_start": 1585579301.217361, "device_queued": 1585579236.0502343, "device_end": 1585579236.051007, "host_queued_end": 1585579301.257171}, "device": "gpu", "nd_range": {"device_start": 1585579236.0510173, "device_end": 1585579236.0549786}, "cmdq": 0, "read": {"device_start": -1, "device_end": -1}}, "softmax50": {"write": {"device_start": -1, "host_queued_start": 1585579301.245908, "device_queued": -1, "device_end": -1, "host_queued_end": 1585579301.257171}, "device": "gpu", "nd_range": {"device_start": 1585579236.1018386, "device_end": 1585579236.102334}, "cmdq": 0, "read": {"device_start": -1, "device_end": -1}}, "FFC_sans_bias33": {"write": {"device_start": -1, "host_queued_start": 1585579301.327698, "device_queued": -1, "device_end": -1, "host_queued_end": 1585579301.344674}, "device": "cpu", "nd_range": {"device_start": 2247076.35259214, "device_end": 2247076.424511133}, "cmdq": 0, "read": {"device_start": -1, "device_end": -1}}, "FFC_sans_bias63": {"write": {"device_start": 1585579236.085847, "host_queued_start": 1585579301.243766, "device_queued": 1585579236.052367, "device_end": 1585579236.0859528, "host_queued_end": 1585579301.257171}, "device": "gpu", "nd_range": {"device_start": 1585579236.0859556, "device_end": 1585579236.0898998}, "cmdq": 0, "read": {"device_start": -1, "device_end": -1}}, "FFC_sans_bias49": {"write": {"device_start": -1, "host_queued_start": 1585579301.245028, "device_queued": -1, "device_end": -1, "host_queued_end": 1585579301.257171}, "device": "gpu", "nd_range": {"device_start": 1585579236.0899625, "device_end": 1585579236.0939245}, "cmdq": 0, "read": {"device_start": -1, "device_end": -1}}, "FFC_sans_bias64": {"write": {"device_start": 1585579236.077102, "host_queued_start": 1585579301.237016, "device_queued": 1585579236.051918, "device_end": 1585579236.0772004, "host_queued_end": 1585579301.257171}, "device": "gpu", "nd_range": {"device_start": 1585579236.077207, "device_end": 1585579236.081163}, "cmdq": 0, "read": {"device_start": -1, "device_end": -1}}, "FFC_sans_bias65": {"write": {"device_start": 1585579236.0814683, "host_queued_start": 1585579301.240312, "device_queued": 1585579236.0521421, "device_end": 1585579236.081566, "host_queued_end": 1585579301.257171}, "device": "gpu", "nd_range": {"device_start": 1585579236.0815725, "device_end": 1585579236.0855424}, "cmdq": 0, "read": {"device_start": -1, "device_end": -1}}, "FFC_sans_bias67": {"write": {"device_start": -1, "host_queued_start": 1585579301.245655, "device_queued": -1, "device_end": -1, "host_queued_end": 1585579301.257171}, "device": "gpu", "nd_range": {"device_start": 1585579236.0978837, "device_end": 1585579236.1018376}, "cmdq": 0, "read": {"device_start": -1, "device_end": -1}}, "FFC_sans_bias24": {"write": {"device_start": -1, "host_queued_start": 1585579301.327337, "device_queued": -1, "device_end": -1, "host_queued_end": 1585579301.344674}, "device": "cpu", "nd_range": {"device_start": 2247076.3979138234, "device_end": 2247076.475603714}, "cmdq": 1, "read": {"device_start": -1, "device_end": -1}}, "FFC_sans_bias25": {"write": {"device_start": -1, "host_queued_start": 1585579301.338198, "device_queued": -1, "device_end": -1, "host_queued_end": 1585579301.344674}, "device": "cpu", "nd_range": {"device_start": 2247076.485652999, "device_end": 2247076.562224571}, "cmdq": 0, "read": {"device_start": -1, "device_end": -1}}, "FFC_sans_bias27": {"write": {"device_start": -1, "host_queued_start": 1585579301.304819, "device_queued": -1, "device_end": -1, "host_queued_end": 1585579301.344674}, "device": "cpu", "nd_range": {"device_start": 2247075.867332871, "device_end": 2247075.9554226953}, "cmdq": 0, "read": {"device_start": -1, "device_end": -1}}, "FFC_sans_bias20": {"write": {"device_start": -1, "host_queued_start": 1585579301.301551, "device_queued": -1, "device_end": -1, "host_queued_end": 1585579301.344674}, "device": "cpu", "nd_range": {"device_start": 2247075.7586835823, "device_end": 2247075.8268587803}, "cmdq": 1, "read": {"device_start": -1, "device_end": -1}}, "FFC_sans_bias22": {"write": {"device_start": -1, "host_queued_start": 1585579301.32419, "device_queued": -1, "device_end": -1, "host_queued_end": 1585579301.344674}, "device": "cpu", "nd_range": {"device_start": 2247076.150350646, "device_end": 2247076.232545699}, "cmdq": 1, "read": {"device_start": -1, "device_end": -1}}, "softmax68": {"write": {"device_start": -1, "host_queued_start": 1585579301.246395, "device_queued": -1, "device_end": -1, "host_queued_end": 1585579301.257171}, "device": "gpu", "nd_range": {"device_start": 1585579236.10283, "device_end": 1585579236.10333}, "cmdq": 0, "read": {"device_start": -1, "device_end": -1}}, "softmax5": {"write": {"device_start": -1, "host_queued_start": 1585579301.325147, "device_queued": -1, "device_end": -1, "host_queued_end": 1585579301.344674}, "device": "cpu", "nd_range": {"device_start": 2247076.257398794, "device_end": 2247076.2583624893}, "cmdq": 0, "read": {"device_start": -1, "device_end": -1}}, "FFC_sans_bias28": {"write": {"device_start": -1, "host_queued_start": 1585579301.308107, "device_queued": -1, "device_end": -1, "host_queued_end": 1585579301.344674}, "device": "cpu", "nd_range": {"device_start": 2247075.8270315863, "device_end": 2247075.898200861}, "cmdq": 1, "read": {"device_start": -1, "device_end": -1}}, "FFC_sans_bias29": {"write": {"device_start": -1, "host_queued_start": 1585579301.311403, "device_queued": -1, "device_end": -1, "host_queued_end": 1585579301.344674}, "device": "cpu", "nd_range": {"device_start": 2247075.955435202, "device_end": 2247076.020084349}, "cmdq": 0, "read": {"device_start": -1, "device_end": -1}}, "empty17": {"write": {"device_start": -1, "host_queued_start": 1585579301.263964, "device_queued": -1, "device_end": -1, "host_queued_end": 1585579301.344674}, "device": "cpu", "nd_range": {"device_start": 2247075.534295124, "device_end": 2247075.534307146}, "cmdq": 1, "read": {"device_start": -1, "device_end": -1}}, "softmax59": {"write": {"device_start": -1, "host_queued_start": 1585579301.24615, "device_queued": -1, "device_end": -1, "host_queued_end": 1585579301.257171}, "device": "gpu", "nd_range": {"device_start": 1585579236.102335, "device_end": 1585579236.1028287}, "cmdq": 0, "read": {"device_start": -1, "device_end": -1}}, "empty71": {"write": {"device_start": 1585579236.0505373, "host_queued_start": 1585579301.214523, "device_queued": 1585579236.0499785, "device_end": 1585579236.0506325, "host_queued_end": 1585579301.257171}, "device": "gpu", "nd_range": {"device_start": 1585579236.0506434, "device_end": 1585579236.050647}, "cmdq": 0, "read": {"device_start": -1, "device_end": -1}}, "empty35": {"write": {"device_start": -1, "host_queued_start": 1585579301.269238, "device_queued": -1, "device_end": -1, "host_queued_end": 1585579301.344674}, "device": "cpu", "nd_range": {"device_start": 2247075.5343316603, "device_end": 2247075.534333268}, "cmdq": 1, "read": {"device_start": -1, "device_end": -1}}, "empty53": {"write": {"device_start": 1585579236.0497017, "host_queued_start": 1585579301.208582, "device_queued": 1585579236.049381, "device_end": 1585579236.0498025, "host_queued_end": 1585579301.257171}, "device": "gpu", "nd_range": {"device_start": 1585579236.049809, "device_end": 1585579236.0498135}, "cmdq": 0, "read": {"device_start": -1, "device_end": -1}}, "FFC_sans_bias46": {"write": {"device_start": 1585579236.0552742, "host_queued_start": 1585579301.220644, "device_queued": 1585579236.0506427, "device_end": 1585579236.0553734, "host_queued_end": 1585579301.257171}, "device": "gpu", "nd_range": {"device_start": 1585579236.0553763, "device_end": 1585579236.059324}, "cmdq": 0, "read": {"device_start": -1, "device_end": -1}}, "coalesced_transpose66": {"write": {"device_start": -1, "host_queued_start": 1585579301.244712, "device_queued": -1, "device_end": -1, "host_queued_end": 1585579301.257171}, "device": "gpu", "nd_range": {"device_start": 1585579236.0899415, "device_end": 1585579236.0899615}, "cmdq": 0, "read": {"device_start": -1, "device_end": -1}}, "coalesced_transpose48": {"write": {"device_start": -1, "host_queued_start": 1585579301.244112, "device_queued": -1, "device_end": -1, "host_queued_end": 1585579301.257171}, "device": "gpu", "nd_range": {"device_start": 1585579236.089901, "device_end": 1585579236.08992}, "cmdq": 0, "read": {"device_start": -1, "device_end": -1}}}