{"FFC_sans_bias60": {"write": {"device_start": -1, "host_queued_start": 1585579982.207055, "device_queued": -1, "device_end": -1, "host_queued_end": 1585579982.233261}, "device": "cpu", "nd_range": {"device_start": 2247757.852257476, "device_end": 2247757.9381136983}, "cmdq": 0, "read": {"device_start": -1, "device_end": -1}}, "FFC_sans_bias4": {"write": {"device_start": -1, "host_queued_start": 1585579982.199784, "device_queued": -1, "device_end": -1, "host_queued_end": 1585579982.233261}, "device": "cpu", "nd_range": {"device_start": 2247757.2527527213, "device_end": 2247757.327531972}, "cmdq": 0, "read": {"device_start": -1, "device_end": -1}}, "FFC_sans_bias7": {"write": {"device_start": -1, "host_queued_start": 1585579982.210705, "device_queued": -1, "device_end": -1, "host_queued_end": 1585579982.233261}, "device": "cpu", "nd_range": {"device_start": 2247757.9382718434, "device_end": 2247758.034160507}, "cmdq": 0, "read": {"device_start": -1, "device_end": -1}}, "FFC_sans_bias6": {"write": {"device_start": -1, "host_queued_start": 1585579982.204879, "device_queued": -1, "device_end": -1, "host_queued_end": 1585579982.233261}, "device": "cpu", "nd_range": {"device_start": 2247757.5801958763, "device_end": 2247757.6695718453}, "cmdq": 0, "read": {"device_start": -1, "device_end": -1}}, "FFC_sans_bias1": {"write": {"device_start": -1, "host_queued_start": 1585579982.123905, "device_queued": -1, "device_end": -1, "host_queued_end": 1585579982.233261}, "device": "cpu", "nd_range": {"device_start": 2247756.422973051, "device_end": 2247756.500559646}, "cmdq": 1, "read": {"device_start": -1, "device_end": -1}}, "FFC_sans_bias0": {"write": {"device_start": -1, "host_queued_start": 1585579982.120574, "device_queued": -1, "device_end": -1, "host_queued_end": 1585579982.233261}, "device": "cpu", "nd_range": {"device_start": 2247756.422974769, "device_end": 2247756.48576781}, "cmdq": 0, "read": {"device_start": -1, "device_end": -1}}, "FFC_sans_bias2": {"write": {"device_start": -1, "host_queued_start": 1585579982.127182, "device_queued": -1, "device_end": -1, "host_queued_end": 1585579982.233261}, "device": "cpu", "nd_range": {"device_start": 2247756.4859714853, "device_end": 2247756.546846676}, "cmdq": 0, "read": {"device_start": -1, "device_end": -1}}, "FFC_sans_bias61": {"write": {"device_start": -1, "host_queued_start": 1585579982.229989, "device_queued": -1, "device_end": -1, "host_queued_end": 1585579982.233261}, "device": "cpu", "nd_range": {"device_start": 2247758.208723408, "device_end": 2247758.2641788633}, "cmdq": 0, "read": {"device_start": -1, "device_end": -1}}, "FFC_sans_bias52": {"write": {"device_start": -1, "host_queued_start": 1585579982.226763, "device_queued": -1, "device_end": -1, "host_queued_end": 1585579982.233261}, "device": "cpu", "nd_range": {"device_start": 2247758.0835511982, "device_end": 2247758.151814427}, "cmdq": 1, "read": {"device_start": -1, "device_end": -1}}, "FFC_sans_bias9": {"write": {"device_start": -1, "host_queued_start": 1585579982.130688, "device_queued": -1, "device_end": -1, "host_queued_end": 1585579982.233261}, "device": "cpu", "nd_range": {"device_start": 2247756.5007337444, "device_end": 2247756.571696286}, "cmdq": 1, "read": {"device_start": -1, "device_end": -1}}, "coalesced_transpose39": {"write": {"device_start": -1, "host_queued_start": 1585579982.198429, "device_queued": -1, "device_end": -1, "host_queued_end": 1585579982.233261}, "device": "cpu", "nd_range": {"device_start": 2247757.2501414693, "device_end": 2247757.2512957733}, "cmdq": 0, "read": {"device_start": -1, "device_end": -1}}, "FFC_sans_bias55": {"write": {"device_start": -1, "host_queued_start": 1585579982.186749, "device_queued": -1, "device_end": -1, "host_queued_end": 1585579982.233261}, "device": "cpu", "nd_range": {"device_start": 2247757.116348323, "device_end": 2247757.178489591}, "cmdq": 0, "read": {"device_start": -1, "device_end": -1}}, "FFC_sans_bias54": {"write": {"device_start": -1, "host_queued_start": 1585579982.183459, "device_queued": -1, "device_end": -1, "host_queued_end": 1585579982.233261}, "device": "cpu", "nd_range": {"device_start": 2247757.0623196643, "device_end": 2247757.1357571813}, "cmdq": 1, "read": {"device_start": -1, "device_end": -1}}, "FFC_sans_bias56": {"write": {"device_start": -1, "host_queued_start": 1585579982.180176, "device_queued": -1, "device_end": -1, "host_queued_end": 1585579982.233261}, "device": "cpu", "nd_range": {"device_start": 2247757.0400978243, "device_end": 2247757.1073169843}, "cmdq": 0, "read": {"device_start": -1, "device_end": -1}}, "FFC_sans_bias51": {"write": {"device_start": -1, "host_queued_start": 1585579982.206706, "device_queued": -1, "device_end": -1, "host_queued_end": 1585579982.233261}, "device": "cpu", "nd_range": {"device_start": 2247757.7729022764, "device_end": 2247757.851904475}, "cmdq": 1, "read": {"device_start": -1, "device_end": -1}}, "softmax23": {"write": {"device_start": -1, "host_queued_start": 1585579982.203151, "device_queued": -1, "device_end": -1, "host_queued_end": 1585579982.233261}, "device": "cpu", "nd_range": {"device_start": 2247757.576050971, "device_end": 2247757.577944839}, "cmdq": 0, "read": {"device_start": -1, "device_end": -1}}, "FFC_sans_bias37": {"write": {"device_start": -1, "host_queued_start": 1585579982.163719, "device_queued": -1, "device_end": -1, "host_queued_end": 1585579982.233261}, "device": "cpu", "nd_range": {"device_start": 2247756.853755839, "device_end": 2247756.9295972213}, "cmdq": 1, "read": {"device_start": -1, "device_end": -1}}, "empty62": {"write": {"device_start": -1, "host_queued_start": 1585579982.115182, "device_queued": -1, "device_end": -1, "host_queued_end": 1585579982.233261}, "device": "cpu", "nd_range": {"device_start": 2247756.422968924, "device_end": 2247756.4229700794}, "cmdq": 0, "read": {"device_start": -1, "device_end": -1}}, "FFC_sans_bias70": {"write": {"device_start": -1, "host_queued_start": 1585579982.233205, "device_queued": -1, "device_end": -1, "host_queued_end": 1585579982.233261}, "device": "cpu", "nd_range": {"device_start": 2247758.1518262452, "device_end": 2247758.263670041}, "cmdq": 1, "read": {"device_start": -1, "device_end": -1}}, "FFC_sans_bias58": {"write": {"device_start": -1, "host_queued_start": 1585579982.201957, "device_queued": -1, "device_end": -1, "host_queued_end": 1585579982.233261}, "device": "cpu", "nd_range": {"device_start": 2247757.4988941993, "device_end": 2247757.574752268}, "cmdq": 0, "read": {"device_start": -1, "device_end": -1}}, "softmax41": {"write": {"device_start": -1, "host_queued_start": 1585579982.203703, "device_queued": -1, "device_end": -1, "host_queued_end": 1585579982.233261}, "device": "cpu", "nd_range": {"device_start": 2247757.578077795, "device_end": 2247757.579002786}, "cmdq": 0, "read": {"device_start": -1, "device_end": -1}}, "FFC_sans_bias11": {"write": {"device_start": -1, "host_queued_start": 1585579982.137346, "device_queued": -1, "device_end": -1, "host_queued_end": 1585579982.233261}, "device": "cpu", "nd_range": {"device_start": 2247756.571875024, "device_end": 2247756.6472078133}, "cmdq": 1, "read": {"device_start": -1, "device_end": -1}}, "FFC_sans_bias10": {"write": {"device_start": -1, "host_queued_start": 1585579982.134026, "device_queued": -1, "device_end": -1, "host_queued_end": 1585579982.233261}, "device": "cpu", "nd_range": {"device_start": 2247756.547059754, "device_end": 2247756.6134758703}, "cmdq": 0, "read": {"device_start": -1, "device_end": -1}}, "coalesced_transpose3": {"write": {"device_start": -1, "host_queued_start": 1585579982.197078, "device_queued": -1, "device_end": -1, "host_queued_end": 1585579982.233261}, "device": "cpu", "nd_range": {"device_start": 2247757.24692828, "device_end": 2247757.248096284}, "cmdq": 0, "read": {"device_start": -1, "device_end": -1}}, "FFC_sans_bias34": {"write": {"device_start": -1, "host_queued_start": 1585579982.22031, "device_queued": -1, "device_end": -1, "host_queued_end": 1585579982.233261}, "device": "cpu", "nd_range": {"device_start": 2247758.0013796734, "device_end": 2247758.083541354}, "cmdq": 1, "read": {"device_start": -1, "device_end": -1}}, "FFC_sans_bias15": {"write": {"device_start": -1, "host_queued_start": 1585579982.205248, "device_queued": -1, "device_end": -1, "host_queued_end": 1585579982.233261}, "device": "cpu", "nd_range": {"device_start": 2247757.6189997774, "device_end": 2247757.6991640683}, "cmdq": 1, "read": {"device_start": -1, "device_end": -1}}, "FFC_sans_bias31": {"write": {"device_start": -1, "host_queued_start": 1585579982.200827, "device_queued": -1, "device_end": -1, "host_queued_end": 1585579982.233261}, "device": "cpu", "nd_range": {"device_start": 2247757.369416042, "device_end": 2247757.4417208442}, "cmdq": 1, "read": {"device_start": -1, "device_end": -1}}, "FFC_sans_bias16": {"write": {"device_start": -1, "host_queued_start": 1585579982.213897, "device_queued": -1, "device_end": -1, "host_queued_end": 1585579982.233261}, "device": "cpu", "nd_range": {"device_start": 2247757.93310249, "device_end": 2247758.0013721483}, "cmdq": 1, "read": {"device_start": -1, "device_end": -1}}, "FFC_sans_bias19": {"write": {"device_start": -1, "host_queued_start": 1585579982.143907, "device_queued": -1, "device_end": -1, "host_queued_end": 1585579982.233261}, "device": "cpu", "nd_range": {"device_start": 2247756.647230418, "device_end": 2247756.728971351}, "cmdq": 1, "read": {"device_start": -1, "device_end": -1}}, "FFC_sans_bias18": {"write": {"device_start": -1, "host_queued_start": 1585579982.140622, "device_queued": -1, "device_end": -1, "host_queued_end": 1585579982.233261}, "device": "cpu", "nd_range": {"device_start": 2247756.613681431, "device_end": 2247756.6779432893}, "cmdq": 0, "read": {"device_start": -1, "device_end": -1}}, "coalesced_transpose30": {"write": {"device_start": -1, "host_queued_start": 1585579982.198094, "device_queued": -1, "device_end": -1, "host_queued_end": 1585579982.233261}, "device": "cpu", "nd_range": {"device_start": 2247757.300979271, "device_end": 2247757.3021408953}, "cmdq": 1, "read": {"device_start": -1, "device_end": -1}}, "FFC_sans_bias69": {"write": {"device_start": -1, "host_queued_start": 1585579982.207406, "device_queued": -1, "device_end": -1, "host_queued_end": 1585579982.233261}, "device": "cpu", "nd_range": {"device_start": 2247757.851922669, "device_end": 2247757.9330875403}, "cmdq": 1, "read": {"device_start": -1, "device_end": -1}}, "FFC_sans_bias38": {"write": {"device_start": -1, "host_queued_start": 1585579982.166998, "device_queued": -1, "device_end": -1, "host_queued_end": 1585579982.233261}, "device": "cpu", "nd_range": {"device_start": 2247756.899430884, "device_end": 2247756.95598668}, "cmdq": 0, "read": {"device_start": -1, "device_end": -1}}, "coalesced_transpose57": {"write": {"device_start": -1, "host_queued_start": 1585579982.199103, "device_queued": -1, "device_end": -1, "host_queued_end": 1585579982.233261}, "device": "cpu", "nd_range": {"device_start": 2247757.2514375723, "device_end": 2247757.2526145224}, "cmdq": 0, "read": {"device_start": -1, "device_end": -1}}, "empty26": {"write": {"device_start": -1, "host_queued_start": 1585579982.104725, "device_queued": -1, "device_end": -1, "host_queued_end": 1585579982.233261}, "device": "cpu", "nd_range": {"device_start": 2247756.422952568, "device_end": 2247756.4229544513}, "cmdq": 0, "read": {"device_start": -1, "device_end": -1}}, "coalesced_transpose12": {"write": {"device_start": -1, "host_queued_start": 1585579982.197423, "device_queued": -1, "device_end": -1, "host_queued_end": 1585579982.233261}, "device": "cpu", "nd_range": {"device_start": 2247757.293761176, "device_end": 2247757.300969943}, "cmdq": 1, "read": {"device_start": -1, "device_end": -1}}, "empty44": {"write": {"device_start": -1, "host_queued_start": 1585579982.109968, "device_queued": -1, "device_end": -1, "host_queued_end": 1585579982.233261}, "device": "cpu", "nd_range": {"device_start": 2247756.422962605, "device_end": 2247756.422963559}, "cmdq": 0, "read": {"device_start": -1, "device_end": -1}}, "coalesced_transpose21": {"write": {"device_start": -1, "host_queued_start": 1585579982.19776, "device_queued": -1, "device_end": -1, "host_queued_end": 1585579982.233261}, "device": "cpu", "nd_range": {"device_start": 2247757.248256239, "device_end": 2247757.2499854243}, "cmdq": 0, "read": {"device_start": -1, "device_end": -1}}, "FFC_sans_bias36": {"write": {"device_start": -1, "host_queued_start": 1585579982.160415, "device_queued": -1, "device_end": -1, "host_queued_end": 1585579982.233261}, "device": "cpu", "nd_range": {"device_start": 2247756.8389795213, "device_end": 2247756.899230741}, "cmdq": 0, "read": {"device_start": -1, "device_end": -1}}, "softmax14": {"write": {"device_start": -1, "host_queued_start": 1585579982.202874, "device_queued": -1, "device_end": -1, "host_queued_end": 1585579982.233261}, "device": "cpu", "nd_range": {"device_start": 2247757.614765497, "device_end": 2247757.615703098}, "cmdq": 1, "read": {"device_start": -1, "device_end": -1}}, "FFC_sans_bias13": {"write": {"device_start": -1, "host_queued_start": 1585579982.200131, "device_queued": -1, "device_end": -1, "host_queued_end": 1585579982.233261}, "device": "cpu", "nd_range": {"device_start": 2247757.304510857, "device_end": 2247757.36940294}, "cmdq": 1, "read": {"device_start": -1, "device_end": -1}}, "empty8": {"write": {"device_start": -1, "host_queued_start": 1585579982.098752, "device_queued": -1, "device_end": -1, "host_queued_end": 1585579982.233261}, "device": "cpu", "nd_range": {"device_start": 2247756.422923216, "device_end": 2247756.422930932}, "cmdq": 0, "read": {"device_start": -1, "device_end": -1}}, "FFC_sans_bias42": {"write": {"device_start": -1, "host_queued_start": 1585579982.206352, "device_queued": -1, "device_end": -1, "host_queued_end": 1585579982.233261}, "device": "cpu", "nd_range": {"device_start": 2247757.76056818, "device_end": 2247757.851904579}, "cmdq": 0, "read": {"device_start": -1, "device_end": -1}}, "FFC_sans_bias43": {"write": {"device_start": -1, "host_queued_start": 1585579982.223547, "device_queued": -1, "device_end": -1, "host_queued_end": 1585579982.233261}, "device": "cpu", "nd_range": {"device_start": 2247758.1366998013, "device_end": 2247758.208707349}, "cmdq": 0, "read": {"device_start": -1, "device_end": -1}}, "FFC_sans_bias40": {"write": {"device_start": -1, "host_queued_start": 1585579982.201174, "device_queued": -1, "device_end": -1, "host_queued_end": 1585579982.233261}, "device": "cpu", "nd_range": {"device_start": 2247757.427993136, "device_end": 2247757.498682098}, "cmdq": 0, "read": {"device_start": -1, "device_end": -1}}, "softmax32": {"write": {"device_start": -1, "host_queued_start": 1585579982.20343, "device_queued": -1, "device_end": -1, "host_queued_end": 1585579982.233261}, "device": "cpu", "nd_range": {"device_start": 2247757.61584619, "device_end": 2247757.616776578}, "cmdq": 1, "read": {"device_start": -1, "device_end": -1}}, "FFC_sans_bias47": {"write": {"device_start": -1, "host_queued_start": 1585579982.176894, "device_queued": -1, "device_end": -1, "host_queued_end": 1585579982.233261}, "device": "cpu", "nd_range": {"device_start": 2247756.999348706, "device_end": 2247757.0621189093}, "cmdq": 1, "read": {"device_start": -1, "device_end": -1}}, "FFC_sans_bias45": {"write": {"device_start": -1, "host_queued_start": 1585579982.170309, "device_queued": -1, "device_end": -1, "host_queued_end": 1585579982.233261}, "device": "cpu", "nd_range": {"device_start": 2247756.929611118, "device_end": 2247756.999151375}, "cmdq": 1, "read": {"device_start": -1, "device_end": -1}}, "softmax50": {"write": {"device_start": -1, "host_queued_start": 1585579982.203986, "device_queued": -1, "device_end": -1, "host_queued_end": 1585579982.233261}, "device": "cpu", "nd_range": {"device_start": 2247757.616909476, "device_end": 2247757.6178304544}, "cmdq": 1, "read": {"device_start": -1, "device_end": -1}}, "FFC_sans_bias33": {"write": {"device_start": -1, "host_queued_start": 1585579982.205983, "device_queued": -1, "device_end": -1, "host_queued_end": 1585579982.233261}, "device": "cpu", "nd_range": {"device_start": 2247757.6993578933, "device_end": 2247757.7727215253}, "cmdq": 1, "read": {"device_start": -1, "device_end": -1}}, "FFC_sans_bias63": {"write": {"device_start": -1, "host_queued_start": 1585579982.19671, "device_queued": -1, "device_end": -1, "host_queued_end": 1585579982.233261}, "device": "cpu", "nd_range": {"device_start": 2247757.231060718, "device_end": 2247757.293746943}, "cmdq": 1, "read": {"device_start": -1, "device_end": -1}}, "FFC_sans_bias49": {"write": {"device_start": -1, "host_queued_start": 1585579982.201606, "device_queued": -1, "device_end": -1, "host_queued_end": 1585579982.233261}, "device": "cpu", "nd_range": {"device_start": 2247757.441733396, "device_end": 2247757.540100483}, "cmdq": 1, "read": {"device_start": -1, "device_end": -1}}, "FFC_sans_bias64": {"write": {"device_start": -1, "host_queued_start": 1585579982.190115, "device_queued": -1, "device_end": -1, "host_queued_end": 1585579982.233261}, "device": "cpu", "nd_range": {"device_start": 2247757.135773144, "device_end": 2247757.2310279533}, "cmdq": 1, "read": {"device_start": -1, "device_end": -1}}, "FFC_sans_bias65": {"write": {"device_start": -1, "host_queued_start": 1585579982.193397, "device_queued": -1, "device_end": -1, "host_queued_end": 1585579982.233261}, "device": "cpu", "nd_range": {"device_start": 2247757.178507675, "device_end": 2247757.246728463}, "cmdq": 0, "read": {"device_start": -1, "device_end": -1}}, "FFC_sans_bias67": {"write": {"device_start": -1, "host_queued_start": 1585579982.202305, "device_queued": -1, "device_end": -1, "host_queued_end": 1585579982.233261}, "device": "cpu", "nd_range": {"device_start": 2247757.540112902, "device_end": 2247757.61456704}, "cmdq": 1, "read": {"device_start": -1, "device_end": -1}}, "FFC_sans_bias24": {"write": {"device_start": -1, "host_queued_start": 1585579982.205617, "device_queued": -1, "device_end": -1, "host_queued_end": 1585579982.233261}, "device": "cpu", "nd_range": {"device_start": 2247757.669783928, "device_end": 2247757.760352758}, "cmdq": 0, "read": {"device_start": -1, "device_end": -1}}, "FFC_sans_bias25": {"write": {"device_start": -1, "host_queued_start": 1585579982.217103, "device_queued": -1, "device_end": -1, "host_queued_end": 1585579982.233261}, "device": "cpu", "nd_range": {"device_start": 2247758.034172602, "device_end": 2247758.136688618}, "cmdq": 0, "read": {"device_start": -1, "device_end": -1}}, "FFC_sans_bias27": {"write": {"device_start": -1, "host_queued_start": 1585579982.150492, "device_queued": -1, "device_end": -1, "host_queued_end": 1585579982.233261}, "device": "cpu", "nd_range": {"device_start": 2247756.72898874, "device_end": 2247756.7863470293}, "cmdq": 1, "read": {"device_start": -1, "device_end": -1}}, "FFC_sans_bias20": {"write": {"device_start": -1, "host_queued_start": 1585579982.147197, "device_queued": -1, "device_end": -1, "host_queued_end": 1585579982.233261}, "device": "cpu", "nd_range": {"device_start": 2247756.678151313, "device_end": 2247756.7590417312}, "cmdq": 0, "read": {"device_start": -1, "device_end": -1}}, "FFC_sans_bias22": {"write": {"device_start": -1, "host_queued_start": 1585579982.20048, "device_queued": -1, "device_end": -1, "host_queued_end": 1585579982.233261}, "device": "cpu", "nd_range": {"device_start": 2247757.327732914, "device_end": 2247757.4277742533}, "cmdq": 0, "read": {"device_start": -1, "device_end": -1}}, "softmax68": {"write": {"device_start": -1, "host_queued_start": 1585579982.204535, "device_queued": -1, "device_end": -1, "host_queued_end": 1585579982.233261}, "device": "cpu", "nd_range": {"device_start": 2247757.6179536353, "device_end": 2247757.6188775273}, "cmdq": 1, "read": {"device_start": -1, "device_end": -1}}, "softmax5": {"write": {"device_start": -1, "host_queued_start": 1585579982.202594, "device_queued": -1, "device_end": -1, "host_queued_end": 1585579982.233261}, "device": "cpu", "nd_range": {"device_start": 2247757.57495685, "device_end": 2247757.5758997323}, "cmdq": 0, "read": {"device_start": -1, "device_end": -1}}, "FFC_sans_bias28": {"write": {"device_start": -1, "host_queued_start": 1585579982.153767, "device_queued": -1, "device_end": -1, "host_queued_end": 1585579982.233261}, "device": "cpu", "nd_range": {"device_start": 2247756.759247484, "device_end": 2247756.838760932}, "cmdq": 0, "read": {"device_start": -1, "device_end": -1}}, "FFC_sans_bias29": {"write": {"device_start": -1, "host_queued_start": 1585579982.157131, "device_queued": -1, "device_end": -1, "host_queued_end": 1585579982.233261}, "device": "cpu", "nd_range": {"device_start": 2247756.78654692, "device_end": 2247756.8537412453}, "cmdq": 1, "read": {"device_start": -1, "device_end": -1}}, "empty17": {"write": {"device_start": -1, "host_queued_start": 1585579982.102051, "device_queued": -1, "device_end": -1, "host_queued_end": 1585579982.233261}, "device": "cpu", "nd_range": {"device_start": 2247756.4229161963, "device_end": 2247756.422930906}, "cmdq": 1, "read": {"device_start": -1, "device_end": -1}}, "softmax59": {"write": {"device_start": -1, "host_queued_start": 1585579982.20426, "device_queued": -1, "device_end": -1, "host_queued_end": 1585579982.233261}, "device": "cpu", "nd_range": {"device_start": 2247757.579129184, "device_end": 2247757.580074794}, "cmdq": 0, "read": {"device_start": -1, "device_end": -1}}, "empty71": {"write": {"device_start": -1, "host_queued_start": 1585579982.117754, "device_queued": -1, "device_end": -1, "host_queued_end": 1585579982.233261}, "device": "cpu", "nd_range": {"device_start": 2247756.422967221, "device_end": 2247756.4229678214}, "cmdq": 1, "read": {"device_start": -1, "device_end": -1}}, "empty35": {"write": {"device_start": -1, "host_queued_start": 1585579982.107364, "device_queued": -1, "device_end": -1, "host_queued_end": 1585579982.233261}, "device": "cpu", "nd_range": {"device_start": 2247756.422955009, "device_end": 2247756.422956249}, "cmdq": 1, "read": {"device_start": -1, "device_end": -1}}, "empty53": {"write": {"device_start": -1, "host_queued_start": 1585579982.112578, "device_queued": -1, "device_end": -1, "host_queued_end": 1585579982.233261}, "device": "cpu", "nd_range": {"device_start": 2247756.422962332, "device_end": 2247756.422962901}, "cmdq": 1, "read": {"device_start": -1, "device_end": -1}}, "FFC_sans_bias46": {"write": {"device_start": -1, "host_queued_start": 1585579982.173589, "device_queued": -1, "device_end": -1, "host_queued_end": 1585579982.233261}, "device": "cpu", "nd_range": {"device_start": 2247756.959935854, "device_end": 2247757.03873295}, "cmdq": 0, "read": {"device_start": -1, "device_end": -1}}, "coalesced_transpose66": {"write": {"device_start": -1, "host_queued_start": 1585579982.199439, "device_queued": -1, "device_end": -1, "host_queued_end": 1585579982.233261}, "device": "cpu", "nd_range": {"device_start": 2247757.303328696, "device_end": 2247757.304502623}, "cmdq": 1, "read": {"device_start": -1, "device_end": -1}}, "coalesced_transpose48": {"write": {"device_start": -1, "host_queued_start": 1585579982.198769, "device_queued": -1, "device_end": -1, "host_queued_end": 1585579982.233261}, "device": "cpu", "nd_range": {"device_start": 2247757.3021497633, "device_end": 2247757.3033201452}, "cmdq": 1, "read": {"device_start": -1, "device_end": -1}}}