{"FFC_sans_bias60": {"write": {"device_start": -1, "host_queued_start": 1585579977.767835, "device_queued": -1, "device_end": -1, "host_queued_end": 1585579977.790403}, "device": "cpu", "nd_range": {"device_start": 2247753.34834697, "device_end": 2247753.424198626}, "cmdq": 1, "read": {"device_start": -1, "device_end": -1}}, "FFC_sans_bias4": {"write": {"device_start": -1, "host_queued_start": 1585579977.76128, "device_queued": -1, "device_end": -1, "host_queued_end": 1585579977.790403}, "device": "cpu", "nd_range": {"device_start": 2247752.801580353, "device_end": 2247752.884024693}, "cmdq": 1, "read": {"device_start": -1, "device_end": -1}}, "FFC_sans_bias7": {"write": {"device_start": -1, "host_queued_start": 1585579977.771062, "device_queued": -1, "device_end": -1, "host_queued_end": 1585579977.790403}, "device": "cpu", "nd_range": {"device_start": 2247753.3359558973, "device_end": 2247753.393826202}, "cmdq": 0, "read": {"device_start": -1, "device_end": -1}}, "FFC_sans_bias6": {"write": {"device_start": -1, "host_queued_start": 1585579977.765702, "device_queued": -1, "device_end": -1, "host_queued_end": 1585579977.790403}, "device": "cpu", "nd_range": {"device_start": 2247753.083003576, "device_end": 2247753.1610157103}, "cmdq": 1, "read": {"device_start": -1, "device_end": -1}}, "FFC_sans_bias1": {"write": {"device_start": -1, "host_queued_start": 1585579977.695948, "device_queued": -1, "device_end": -1, "host_queued_end": 1585579977.790403}, "device": "cpu", "nd_range": {"device_start": 2247751.980082817, "device_end": 2247752.055502866}, "cmdq": 0, "read": {"device_start": -1, "device_end": -1}}, "FFC_sans_bias0": {"write": {"device_start": -1, "host_queued_start": 1585579977.692541, "device_queued": -1, "device_end": -1, "host_queued_end": 1585579977.790403}, "device": "cpu", "nd_range": {"device_start": 2247751.980076, "device_end": 2247752.0326021453}, "cmdq": 1, "read": {"device_start": -1, "device_end": -1}}, "FFC_sans_bias2": {"write": {"device_start": -1, "host_queued_start": 1585579977.699255, "device_queued": -1, "device_end": -1, "host_queued_end": 1585579977.790403}, "device": "cpu", "nd_range": {"device_start": 2247752.0337666883, "device_end": 2247752.114015961}, "cmdq": 1, "read": {"device_start": -1, "device_end": -1}}, "FFC_sans_bias61": {"write": {"device_start": -1, "host_queued_start": 1585579977.790348, "device_queued": -1, "device_end": -1, "host_queued_end": 1585579977.790403}, "device": "cpu", "nd_range": {"device_start": 2247753.6161755132, "device_end": 2247753.659193757}, "cmdq": 0, "read": {"device_start": -1, "device_end": -1}}, "FFC_sans_bias52": {"write": {"device_start": -1, "host_queued_start": 1585579977.787125, "device_queued": -1, "device_end": -1, "host_queued_end": 1585579977.790403}, "device": "cpu", "nd_range": {"device_start": 2247753.541968312, "device_end": 2247753.6171089252}, "cmdq": 1, "read": {"device_start": -1, "device_end": -1}}, "FFC_sans_bias9": {"write": {"device_start": -1, "host_queued_start": 1585579977.702523, "device_queued": -1, "device_end": -1, "host_queued_end": 1585579977.790403}, "device": "cpu", "nd_range": {"device_start": 2247752.055520284, "device_end": 2247752.1258227243}, "cmdq": 0, "read": {"device_start": -1, "device_end": -1}}, "coalesced_transpose39": {"write": {"device_start": -1, "host_queued_start": 1585579977.760176, "device_queued": -1, "device_end": -1, "host_queued_end": 1585579977.790403}, "device": "cpu", "nd_range": {"device_start": 2247752.737024479, "device_end": 2247752.7381023373}, "cmdq": 0, "read": {"device_start": -1, "device_end": -1}}, "FFC_sans_bias55": {"write": {"device_start": -1, "host_queued_start": 1585579977.758465, "device_queued": -1, "device_end": -1, "host_queued_end": 1585579977.790403}, "device": "cpu", "nd_range": {"device_start": 2247752.757752716, "device_end": 2247752.799092364}, "cmdq": 1, "read": {"device_start": -1, "device_end": -1}}, "FFC_sans_bias54": {"write": {"device_start": -1, "host_queued_start": 1585579977.7552, "device_queued": -1, "device_end": -1, "host_queued_end": 1585579977.790403}, "device": "cpu", "nd_range": {"device_start": 2247752.671042277, "device_end": 2247752.733698523}, "cmdq": 0, "read": {"device_start": -1, "device_end": -1}}, "FFC_sans_bias56": {"write": {"device_start": -1, "host_queued_start": 1585579977.751942, "device_queued": -1, "device_end": -1, "host_queued_end": 1585579977.790403}, "device": "cpu", "nd_range": {"device_start": 2247752.681718864, "device_end": 2247752.7577342424}, "cmdq": 1, "read": {"device_start": -1, "device_end": -1}}, "FFC_sans_bias51": {"write": {"device_start": -1, "host_queued_start": 1585579977.767486, "device_queued": -1, "device_end": -1, "host_queued_end": 1585579977.790403}, "device": "cpu", "nd_range": {"device_start": 2247753.269955375, "device_end": 2247753.335937567}, "cmdq": 0, "read": {"device_start": -1, "device_end": -1}}, "softmax23": {"write": {"device_start": -1, "host_queued_start": 1585579977.764196, "device_queued": -1, "device_end": -1, "host_queued_end": 1585579977.790403}, "device": "cpu", "nd_range": {"device_start": 2247753.057862563, "device_end": 2247753.058800625}, "cmdq": 0, "read": {"device_start": -1, "device_end": -1}}, "FFC_sans_bias37": {"write": {"device_start": -1, "host_queued_start": 1585579977.735484, "device_queued": -1, "device_end": -1, "host_queued_end": 1585579977.790403}, "device": "cpu", "nd_range": {"device_start": 2247752.446989871, "device_end": 2247752.52430148}, "cmdq": 0, "read": {"device_start": -1, "device_end": -1}}, "empty62": {"write": {"device_start": -1, "host_queued_start": 1585579977.689753, "device_queued": -1, "device_end": -1, "host_queued_end": 1585579977.790403}, "device": "cpu", "nd_range": {"device_start": 2247751.9800767093, "device_end": 2247751.9800775833}, "cmdq": 0, "read": {"device_start": -1, "device_end": -1}}, "FFC_sans_bias70": {"write": {"device_start": 1585579912.4561057, "host_queued_start": 1585579977.669996, "device_queued": 1585579912.4462724, "device_end": 1585579912.4562118, "host_queued_end": 1585579977.670269}, "device": "gpu", "nd_range": {"device_start": 1585579912.462825, "device_end": 1585579912.4661462}, "cmdq": 3, "read": {"device_start": 1585579912.4661522, "device_end": 1585579912.4662519}}, "FFC_sans_bias58": {"write": {"device_start": -1, "host_queued_start": 1585579977.763361, "device_queued": -1, "device_end": -1, "host_queued_end": 1585579977.790403}, "device": "cpu", "nd_range": {"device_start": 2247753.0254677143, "device_end": 2247753.07991433}, "cmdq": 1, "read": {"device_start": -1, "device_end": -1}}, "softmax41": {"write": {"device_start": -1, "host_queued_start": 1585579977.764761, "device_queued": -1, "device_end": -1, "host_queued_end": 1585579977.790403}, "device": "cpu", "nd_range": {"device_start": 2247753.058940934, "device_end": 2247753.059871063}, "cmdq": 0, "read": {"device_start": -1, "device_end": -1}}, "FFC_sans_bias11": {"write": {"device_start": -1, "host_queued_start": 1585579977.709223, "device_queued": -1, "device_end": -1, "host_queued_end": 1585579977.790403}, "device": "cpu", "nd_range": {"device_start": 2247752.125836331, "device_end": 2247752.208846083}, "cmdq": 0, "read": {"device_start": -1, "device_end": -1}}, "FFC_sans_bias10": {"write": {"device_start": -1, "host_queued_start": 1585579977.705843, "device_queued": -1, "device_end": -1, "host_queued_end": 1585579977.790403}, "device": "cpu", "nd_range": {"device_start": 2247752.114033894, "device_end": 2247752.1678280393}, "cmdq": 1, "read": {"device_start": -1, "device_end": -1}}, "coalesced_transpose3": {"write": {"device_start": -1, "host_queued_start": 1585579977.758841, "device_queued": -1, "device_end": -1, "host_queued_end": 1585579977.790403}, "device": "cpu", "nd_range": {"device_start": 2247752.733909915, "device_end": 2247752.7349391673}, "cmdq": 0, "read": {"device_start": -1, "device_end": -1}}, "FFC_sans_bias34": {"write": {"device_start": -1, "host_queued_start": 1585579977.780668, "device_queued": -1, "device_end": -1, "host_queued_end": 1585579977.790403}, "device": "cpu", "nd_range": {"device_start": 2247753.491491915, "device_end": 2247753.541960597}, "cmdq": 1, "read": {"device_start": -1, "device_end": -1}}, "FFC_sans_bias15": {"write": {"device_start": -1, "host_queued_start": 1585579977.766062, "device_queued": -1, "device_end": -1, "host_queued_end": 1585579977.790403}, "device": "cpu", "nd_range": {"device_start": 2247753.080858104, "device_end": 2247753.1668299832}, "cmdq": 0, "read": {"device_start": -1, "device_end": -1}}, "FFC_sans_bias31": {"write": {"device_start": -1, "host_queued_start": 1585579977.762321, "device_queued": -1, "device_end": -1, "host_queued_end": 1585579977.790403}, "device": "cpu", "nd_range": {"device_start": 2247752.892200326, "device_end": 2247752.9738362753}, "cmdq": 0, "read": {"device_start": -1, "device_end": -1}}, "FFC_sans_bias16": {"write": {"device_start": -1, "host_queued_start": 1585579977.774274, "device_queued": -1, "device_end": -1, "host_queued_end": 1585579977.790403}, "device": "cpu", "nd_range": {"device_start": 2247753.4242144153, "device_end": 2247753.491482532}, "cmdq": 1, "read": {"device_start": -1, "device_end": -1}}, "FFC_sans_bias19": {"write": {"device_start": -1, "host_queued_start": 1585579977.715771, "device_queued": -1, "device_end": -1, "host_queued_end": 1585579977.790403}, "device": "cpu", "nd_range": {"device_start": 2247752.209089181, "device_end": 2247752.294447592}, "cmdq": 0, "read": {"device_start": -1, "device_end": -1}}, "FFC_sans_bias18": {"write": {"device_start": -1, "host_queued_start": 1585579977.712502, "device_queued": -1, "device_end": -1, "host_queued_end": 1585579977.790403}, "device": "cpu", "nd_range": {"device_start": 2247752.1678417493, "device_end": 2247752.248654946}, "cmdq": 1, "read": {"device_start": -1, "device_end": -1}}, "coalesced_transpose30": {"write": {"device_start": -1, "host_queued_start": 1585579977.759846, "device_queued": -1, "device_end": -1, "host_queued_end": 1585579977.790403}, "device": "cpu", "nd_range": {"device_start": 2247752.7998826033, "device_end": 2247752.800450217}, "cmdq": 1, "read": {"device_start": -1, "device_end": -1}}, "FFC_sans_bias69": {"write": {"device_start": -1, "host_queued_start": 1585579977.666778, "device_queued": -1, "device_end": -1, "host_queued_end": 1585579977.670269}, "device": "gpu", "nd_range": {"device_start": 1585579912.459484, "device_end": 1585579912.4628215}, "cmdq": 2, "read": {"device_start": -1, "device_end": -1}}, "FFC_sans_bias38": {"write": {"device_start": -1, "host_queued_start": 1585579977.738795, "device_queued": -1, "device_end": -1, "host_queued_end": 1585579977.790403}, "device": "cpu", "nd_range": {"device_start": 2247752.482928213, "device_end": 2247752.590598302}, "cmdq": 1, "read": {"device_start": -1, "device_end": -1}}, "coalesced_transpose57": {"write": {"device_start": -1, "host_queued_start": 1585579977.760839, "device_queued": -1, "device_end": -1, "host_queued_end": 1585579977.790403}, "device": "cpu", "nd_range": {"device_start": 2247752.799110806, "device_end": 2247752.800506473}, "cmdq": 0, "read": {"device_start": -1, "device_end": -1}}, "empty26": {"write": {"device_start": -1, "host_queued_start": 1585579977.679306, "device_queued": -1, "device_end": -1, "host_queued_end": 1585579977.790403}, "device": "cpu", "nd_range": {"device_start": 2247751.9800623492, "device_end": 2247751.9800633853}, "cmdq": 0, "read": {"device_start": -1, "device_end": -1}}, "coalesced_transpose12": {"write": {"device_start": -1, "host_queued_start": 1585579977.759178, "device_queued": -1, "device_end": -1, "host_queued_end": 1585579977.790403}, "device": "cpu", "nd_range": {"device_start": 2247752.799119602, "device_end": 2247752.7998716733}, "cmdq": 1, "read": {"device_start": -1, "device_end": -1}}, "empty44": {"write": {"device_start": -1, "host_queued_start": 1585579977.684549, "device_queued": -1, "device_end": -1, "host_queued_end": 1585579977.790403}, "device": "cpu", "nd_range": {"device_start": 2247751.9800704652, "device_end": 2247751.9800716173}, "cmdq": 0, "read": {"device_start": -1, "device_end": -1}}, "coalesced_transpose21": {"write": {"device_start": -1, "host_queued_start": 1585579977.759509, "device_queued": -1, "device_end": -1, "host_queued_end": 1585579977.790403}, "device": "cpu", "nd_range": {"device_start": 2247752.735090951, "device_end": 2247752.736874341}, "cmdq": 0, "read": {"device_start": -1, "device_end": -1}}, "FFC_sans_bias36": {"write": {"device_start": -1, "host_queued_start": 1585579977.732216, "device_queued": -1, "device_end": -1, "host_queued_end": 1585579977.790403}, "device": "cpu", "nd_range": {"device_start": 2247752.3934740983, "device_end": 2247752.482911445}, "cmdq": 1, "read": {"device_start": -1, "device_end": -1}}, "softmax14": {"write": {"device_start": -1, "host_queued_start": 1585579977.763924, "device_queued": -1, "device_end": -1, "host_queued_end": 1585579977.790403}, "device": "cpu", "nd_range": {"device_start": 2247753.0799400113, "device_end": 2247753.080724339}, "cmdq": 1, "read": {"device_start": -1, "device_end": -1}}, "FFC_sans_bias13": {"write": {"device_start": -1, "host_queued_start": 1585579977.761629, "device_queued": -1, "device_end": -1, "host_queued_end": 1585579977.790403}, "device": "cpu", "nd_range": {"device_start": 2247752.800530467, "device_end": 2247752.8920449973}, "cmdq": 0, "read": {"device_start": -1, "device_end": -1}}, "empty8": {"write": {"device_start": -1, "host_queued_start": 1585579977.673944, "device_queued": -1, "device_end": -1, "host_queued_end": 1585579977.790403}, "device": "cpu", "nd_range": {"device_start": 2247751.98002722, "device_end": 2247751.980039588}, "cmdq": 0, "read": {"device_start": -1, "device_end": -1}}, "FFC_sans_bias42": {"write": {"device_start": -1, "host_queued_start": 1585579977.76713, "device_queued": -1, "device_end": -1, "host_queued_end": 1585579977.790403}, "device": "cpu", "nd_range": {"device_start": 2247753.2401537523, "device_end": 2247753.348332288}, "cmdq": 1, "read": {"device_start": -1, "device_end": -1}}, "FFC_sans_bias43": {"write": {"device_start": -1, "host_queued_start": 1585579977.783891, "device_queued": -1, "device_end": -1, "host_queued_end": 1585579977.790403}, "device": "cpu", "nd_range": {"device_start": 2247753.5116184102, "device_end": 2247753.616161006}, "cmdq": 0, "read": {"device_start": -1, "device_end": -1}}, "FFC_sans_bias40": {"write": {"device_start": -1, "host_queued_start": 1585579977.762671, "device_queued": -1, "device_end": -1, "host_queued_end": 1585579977.790403}, "device": "cpu", "nd_range": {"device_start": 2247752.9530044124, "device_end": 2247753.0254488313}, "cmdq": 1, "read": {"device_start": -1, "device_end": -1}}, "softmax32": {"write": {"device_start": -1, "host_queued_start": 1585579977.764472, "device_queued": -1, "device_end": -1, "host_queued_end": 1585579977.790403}, "device": "cpu", "nd_range": {"device_start": 2247753.080873663, "device_end": 2247753.081830055}, "cmdq": 1, "read": {"device_start": -1, "device_end": -1}}, "FFC_sans_bias47": {"write": {"device_start": -1, "host_queued_start": 1585579977.748678, "device_queued": -1, "device_end": -1, "host_queued_end": 1585579977.790403}, "device": "cpu", "nd_range": {"device_start": 2247752.5910029993, "device_end": 2247752.6708292933}, "cmdq": 0, "read": {"device_start": -1, "device_end": -1}}, "FFC_sans_bias45": {"write": {"device_start": -1, "host_queued_start": 1585579977.742074, "device_queued": -1, "device_end": -1, "host_queued_end": 1585579977.790403}, "device": "cpu", "nd_range": {"device_start": 2247752.5245161643, "device_end": 2247752.590598302}, "cmdq": 0, "read": {"device_start": -1, "device_end": -1}}, "softmax50": {"write": {"device_start": -1, "host_queued_start": 1585579977.765044, "device_queued": -1, "device_end": -1, "host_queued_end": 1585579977.790403}, "device": "cpu", "nd_range": {"device_start": 2247753.081954779, "device_end": 2247753.0828847503}, "cmdq": 1, "read": {"device_start": -1, "device_end": -1}}, "FFC_sans_bias33": {"write": {"device_start": -1, "host_queued_start": 1585579977.766773, "device_queued": -1, "device_end": -1, "host_queued_end": 1585579977.790403}, "device": "cpu", "nd_range": {"device_start": 2247753.1670033843, "device_end": 2247753.269938059}, "cmdq": 0, "read": {"device_start": -1, "device_end": -1}}, "FFC_sans_bias63": {"write": {"device_start": 1585579912.445749, "host_queued_start": 1585579977.66543, "device_queued": 1585579912.4454052, "device_end": 1585579912.4458437, "host_queued_end": 1585579977.670269}, "device": "gpu", "nd_range": {"device_start": 1585579912.445978, "device_end": 1585579912.4557416}, "cmdq": 3, "read": {"device_start": -1, "device_end": -1}}, "FFC_sans_bias49": {"write": {"device_start": -1, "host_queued_start": 1585579977.763013, "device_queued": -1, "device_end": -1, "host_queued_end": 1585579977.790403}, "device": "cpu", "nd_range": {"device_start": 2247752.9738543592, "device_end": 2247753.048038648}, "cmdq": 0, "read": {"device_start": -1, "device_end": -1}}, "FFC_sans_bias64": {"write": {"device_start": 1585579912.4451144, "host_queued_start": 1585579977.658846, "device_queued": 1585579912.4446683, "device_end": 1585579912.4453936, "host_queued_end": 1585579977.670269}, "device": "gpu", "nd_range": {"device_start": 1585579912.4457555, "device_end": 1585579912.4491417}, "cmdq": 1, "read": {"device_start": -1, "device_end": -1}}, "FFC_sans_bias65": {"write": {"device_start": 1585579912.4454458, "host_queued_start": 1585579977.662134, "device_queued": 1585579912.4450192, "device_end": 1585579912.4457252, "host_queued_end": 1585579977.670269}, "device": "gpu", "nd_range": {"device_start": 1585579912.4458773, "device_end": 1585579912.4524932}, "cmdq": 2, "read": {"device_start": -1, "device_end": -1}}, "FFC_sans_bias67": {"write": {"device_start": -1, "host_queued_start": 1585579977.666165, "device_queued": -1, "device_end": -1, "host_queued_end": 1585579977.670269}, "device": "gpu", "nd_range": {"device_start": 1585579912.4557443, "device_end": 1585579912.459064}, "cmdq": 0, "read": {"device_start": -1, "device_end": -1}}, "FFC_sans_bias24": {"write": {"device_start": -1, "host_queued_start": 1585579977.766407, "device_queued": -1, "device_end": -1, "host_queued_end": 1585579977.790403}, "device": "cpu", "nd_range": {"device_start": 2247753.161220788, "device_end": 2247753.239916651}, "cmdq": 1, "read": {"device_start": -1, "device_end": -1}}, "FFC_sans_bias25": {"write": {"device_start": -1, "host_queued_start": 1585579977.777472, "device_queued": -1, "device_end": -1, "host_queued_end": 1585579977.790403}, "device": "cpu", "nd_range": {"device_start": 2247753.393837797, "device_end": 2247753.5116040353}, "cmdq": 0, "read": {"device_start": -1, "device_end": -1}}, "FFC_sans_bias27": {"write": {"device_start": -1, "host_queued_start": 1585579977.722314, "device_queued": -1, "device_end": -1, "host_queued_end": 1585579977.790403}, "device": "cpu", "nd_range": {"device_start": 2247752.294656283, "device_end": 2247752.375912852}, "cmdq": 0, "read": {"device_start": -1, "device_end": -1}}, "FFC_sans_bias20": {"write": {"device_start": -1, "host_queued_start": 1585579977.71904, "device_queued": -1, "device_end": -1, "host_queued_end": 1585579977.790403}, "device": "cpu", "nd_range": {"device_start": 2247752.2486773063, "device_end": 2247752.32316639}, "cmdq": 1, "read": {"device_start": -1, "device_end": -1}}, "FFC_sans_bias22": {"write": {"device_start": -1, "host_queued_start": 1585579977.761976, "device_queued": -1, "device_end": -1, "host_queued_end": 1585579977.790403}, "device": "cpu", "nd_range": {"device_start": 2247752.8840481443, "device_end": 2247752.952799769}, "cmdq": 1, "read": {"device_start": -1, "device_end": -1}}, "softmax68": {"write": {"device_start": -1, "host_queued_start": 1585579977.666419, "device_queued": -1, "device_end": -1, "host_queued_end": 1585579977.670269}, "device": "gpu", "nd_range": {"device_start": 1585579912.4590712, "device_end": 1585579912.4594781}, "cmdq": 1, "read": {"device_start": -1, "device_end": -1}}, "softmax5": {"write": {"device_start": -1, "host_queued_start": 1585579977.763644, "device_queued": -1, "device_end": -1, "host_queued_end": 1585579977.790403}, "device": "cpu", "nd_range": {"device_start": 2247753.048055159, "device_end": 2247753.057687302}, "cmdq": 0, "read": {"device_start": -1, "device_end": -1}}, "FFC_sans_bias28": {"write": {"device_start": -1, "host_queued_start": 1585579977.725597, "device_queued": -1, "device_end": -1, "host_queued_end": 1585579977.790403}, "device": "cpu", "nd_range": {"device_start": 2247752.323183251, "device_end": 2247752.3932870743}, "cmdq": 1, "read": {"device_start": -1, "device_end": -1}}, "FFC_sans_bias29": {"write": {"device_start": -1, "host_queued_start": 1585579977.728927, "device_queued": -1, "device_end": -1, "host_queued_end": 1585579977.790403}, "device": "cpu", "nd_range": {"device_start": 2247752.37712591, "device_end": 2247752.446764411}, "cmdq": 0, "read": {"device_start": -1, "device_end": -1}}, "empty17": {"write": {"device_start": -1, "host_queued_start": 1585579977.676657, "device_queued": -1, "device_end": -1, "host_queued_end": 1585579977.790403}, "device": "cpu", "nd_range": {"device_start": 2247751.98002718, "device_end": 2247751.980039585}, "cmdq": 1, "read": {"device_start": -1, "device_end": -1}}, "softmax59": {"write": {"device_start": -1, "host_queued_start": 1585579977.765327, "device_queued": -1, "device_end": -1, "host_queued_end": 1585579977.790403}, "device": "cpu", "nd_range": {"device_start": 2247753.079936462, "device_end": 2247753.080522199}, "cmdq": 0, "read": {"device_start": -1, "device_end": -1}}, "empty71": {"write": {"device_start": 1585579912.4447663, "host_queued_start": 1585579977.65526, "device_queued": 1585579912.4444115, "device_end": 1585579912.4450068, "host_queued_end": 1585579977.670269}, "device": "gpu", "nd_range": {"device_start": 1585579912.4450164, "device_end": 1585579912.445021}, "cmdq": 0, "read": {"device_start": -1, "device_end": -1}}, "empty35": {"write": {"device_start": -1, "host_queued_start": 1585579977.68188, "device_queued": -1, "device_end": -1, "host_queued_end": 1585579977.790403}, "device": "cpu", "nd_range": {"device_start": 2247751.980062366, "device_end": 2247751.9800632843}, "cmdq": 1, "read": {"device_start": -1, "device_end": -1}}, "empty53": {"write": {"device_start": -1, "host_queued_start": 1585579977.687155, "device_queued": -1, "device_end": -1, "host_queued_end": 1585579977.790403}, "device": "cpu", "nd_range": {"device_start": 2247751.9800697453, "device_end": 2247751.980070411}, "cmdq": 1, "read": {"device_start": -1, "device_end": -1}}, "FFC_sans_bias46": {"write": {"device_start": -1, "host_queued_start": 1585579977.74534, "device_queued": -1, "device_end": -1, "host_queued_end": 1585579977.790403}, "device": "cpu", "nd_range": {"device_start": 2247752.5906141433, "device_end": 2247752.6817083564}, "cmdq": 1, "read": {"device_start": -1, "device_end": -1}}, "coalesced_transpose66": {"write": {"device_start": -1, "host_queued_start": 1585579977.665805, "device_queued": -1, "device_end": -1, "host_queued_end": 1585579977.670269}, "device": "gpu", "nd_range": {"device_start": 1585579912.449146, "device_end": 1585579912.45556}, "cmdq": 4, "read": {"device_start": -1, "device_end": -1}}, "coalesced_transpose48": {"write": {"device_start": -1, "host_queued_start": 1585579977.760509, "device_queued": -1, "device_end": -1, "host_queued_end": 1585579977.790403}, "device": "cpu", "nd_range": {"device_start": 2247752.800461304, "device_end": 2247752.801572388}, "cmdq": 1, "read": {"device_start": -1, "device_end": -1}}}