{"FFC_sans_bias60": {"write": {"device_start": -1, "host_queued_start": 1585579752.95177, "device_queued": -1, "device_end": -1, "host_queued_end": 1585579752.97831}, "device": "gpu", "nd_range": {"device_start": 1585579687.8880293, "device_end": 1585579687.9017777}, "cmdq": 2, "read": {"device_start": -1, "device_end": -1}}, "FFC_sans_bias4": {"write": {"device_start": -1, "host_queued_start": 1585579752.945211, "device_queued": -1, "device_end": -1, "host_queued_end": 1585579752.97831}, "device": "gpu", "nd_range": {"device_start": 1585579687.8438013, "device_end": 1585579687.8474078}, "cmdq": 0, "read": {"device_start": -1, "device_end": -1}}, "FFC_sans_bias7": {"write": {"device_start": 1585579687.8953462, "host_queued_start": 1585579752.955293, "device_queued": 1585579687.7712235, "device_end": 1585579687.8954442, "host_queued_end": 1585579752.97831}, "device": "gpu", "nd_range": {"device_start": 1585579687.8954504, "device_end": 1585579687.908855}, "cmdq": 0, "read": {"device_start": 1585579687.9088583, "device_end": 1585579687.9089499}}, "FFC_sans_bias6": {"write": {"device_start": -1, "host_queued_start": 1585579752.949841, "device_queued": -1, "device_end": -1, "host_queued_end": 1585579752.97831}, "device": "gpu", "nd_range": {"device_start": 1585579687.873519, "device_end": 1585579687.880942}, "cmdq": 0, "read": {"device_start": -1, "device_end": -1}}, "FFC_sans_bias1": {"write": {"device_start": 1585579687.761575, "host_queued_start": 1585579752.870189, "device_queued": 1585579687.7613516, "device_end": 1585579687.761808, "host_queued_end": 1585579752.97831}, "device": "gpu", "nd_range": {"device_start": 1585579687.7621398, "device_end": 1585579687.7680147}, "cmdq": 1, "read": {"device_start": -1, "device_end": -1}}, "FFC_sans_bias0": {"write": {"device_start": 1585579687.7612455, "host_queued_start": 1585579752.866909, "device_queued": 1585579687.7609694, "device_end": 1585579687.7613392, "host_queued_end": 1585579752.97831}, "device": "gpu", "nd_range": {"device_start": 1585579687.7613425, "device_end": 1585579687.7647245}, "cmdq": 0, "read": {"device_start": -1, "device_end": -1}}, "FFC_sans_bias2": {"write": {"device_start": 1585579687.7618496, "host_queued_start": 1585579752.873479, "device_queued": 1585579687.761483, "device_end": 1585579687.7621107, "host_queued_end": 1585579752.97831}, "device": "gpu", "nd_range": {"device_start": 1585579687.762296, "device_end": 1585579687.7712867}, "cmdq": 2, "read": {"device_start": -1, "device_end": -1}}, "FFC_sans_bias61": {"write": {"device_start": 1585579687.9129574, "host_queued_start": 1585579752.974955, "device_queued": 1585579687.77306, "device_end": 1585579687.913054, "host_queued_end": 1585579752.97831}, "device": "gpu", "nd_range": {"device_start": 1585579687.9130573, "device_end": 1585579687.9262214}, "cmdq": 2, "read": {"device_start": 1585579687.9262254, "device_end": 1585579687.926311}}, "FFC_sans_bias52": {"write": {"device_start": 1585579687.9059334, "host_queued_start": 1585579752.971681, "device_queued": 1585579687.7729204, "device_end": 1585579687.906033, "host_queued_end": 1585579752.97831}, "device": "gpu", "nd_range": {"device_start": 1585579687.906036, "device_end": 1585579687.9194891}, "cmdq": 1, "read": {"device_start": 1585579687.9194953, "device_end": 1585579687.9195817}}, "FFC_sans_bias9": {"write": {"device_start": 1585579687.7621157, "host_queued_start": 1585579752.876948, "device_queued": 1585579687.761821, "device_end": 1585579687.7622204, "host_queued_end": 1585579752.97831}, "device": "gpu", "nd_range": {"device_start": 1585579687.7623944, "device_end": 1585579687.7744823}, "cmdq": 3, "read": {"device_start": -1, "device_end": -1}}, "coalesced_transpose39": {"write": {"device_start": -1, "host_queued_start": 1585579752.943948, "device_queued": -1, "device_end": -1, "host_queued_end": 1585579752.97831}, "device": "gpu", "nd_range": {"device_start": 1585579687.8436604, "device_end": 1585579687.8438}, "cmdq": 0, "read": {"device_start": -1, "device_end": -1}}, "FFC_sans_bias55": {"write": {"device_start": 1585579687.819768, "host_queued_start": 1585579752.932609, "device_queued": 1585579687.766548, "device_end": 1585579687.8198652, "host_queued_end": 1585579752.97831}, "device": "gpu", "nd_range": {"device_start": 1585579687.820244, "device_end": 1585579687.833344}, "cmdq": 0, "read": {"device_start": -1, "device_end": -1}}, "FFC_sans_bias54": {"write": {"device_start": 1585579687.8162541, "host_queued_start": 1585579752.929351, "device_queued": 1585579687.7661006, "device_end": 1585579687.816356, "host_queued_end": 1585579752.97831}, "device": "gpu", "nd_range": {"device_start": 1585579687.816363, "device_end": 1585579687.8301618}, "cmdq": 3, "read": {"device_start": -1, "device_end": -1}}, "FFC_sans_bias56": {"write": {"device_start": 1585579687.8126936, "host_queued_start": 1585579752.926077, "device_queued": 1585579687.7659805, "device_end": 1585579687.8127916, "host_queued_end": 1585579752.97831}, "device": "gpu", "nd_range": {"device_start": 1585579687.8131492, "device_end": 1585579687.8265667}, "cmdq": 2, "read": {"device_start": -1, "device_end": -1}}, "FFC_sans_bias51": {"write": {"device_start": -1, "host_queued_start": 1585579752.951456, "device_queued": -1, "device_end": -1, "host_queued_end": 1585579752.97831}, "device": "gpu", "nd_range": {"device_start": 1585579687.8770158, "device_end": 1585579687.8844566}, "cmdq": 1, "read": {"device_start": -1, "device_end": -1}}, "softmax23": {"write": {"device_start": -1, "host_queued_start": 1585579752.948211, "device_queued": -1, "device_end": -1, "host_queued_end": 1585579752.97831}, "device": "gpu", "nd_range": {"device_start": 1585579687.8686342, "device_end": 1585579687.8735092}, "cmdq": 2, "read": {"device_start": -1, "device_end": -1}}, "FFC_sans_bias37": {"write": {"device_start": 1585579687.7953415, "host_queued_start": 1585579752.909706, "device_queued": 1585579687.7646248, "device_end": 1585579687.7954423, "host_queued_end": 1585579752.97831}, "device": "gpu", "nd_range": {"device_start": 1585579687.79545, "device_end": 1585579687.8088996}, "cmdq": 1, "read": {"device_start": -1, "device_end": -1}}, "empty62": {"write": {"device_start": 1585579687.7606893, "host_queued_start": 1585579752.861453, "device_queued": 1585579687.7604063, "device_end": 1585579687.7609594, "host_queued_end": 1585579752.97831}, "device": "gpu", "nd_range": {"device_start": 1585579687.760973, "device_end": 1585579687.7610018}, "cmdq": 2, "read": {"device_start": -1, "device_end": -1}}, "FFC_sans_bias70": {"write": {"device_start": 1585579687.9164267, "host_queued_start": 1585579752.978201, "device_queued": 1585579687.7732031, "device_end": 1585579687.9165256, "host_queued_end": 1585579752.97831}, "device": "gpu", "nd_range": {"device_start": 1585579687.9165292, "device_end": 1585579687.9297159}, "cmdq": 3, "read": {"device_start": 1585579687.9297237, "device_end": 1585579687.9298315}}, "FFC_sans_bias58": {"write": {"device_start": -1, "host_queued_start": 1585579752.947121, "device_queued": -1, "device_end": -1, "host_queued_end": 1585579752.97831}, "device": "gpu", "nd_range": {"device_start": 1585579687.8544803, "device_end": 1585579687.8686333}, "cmdq": 2, "read": {"device_start": -1, "device_end": -1}}, "softmax41": {"write": {"device_start": -1, "host_queued_start": 1585579752.948707, "device_queued": -1, "device_end": -1, "host_queued_end": 1585579752.97831}, "device": "gpu", "nd_range": {"device_start": 1585579687.869715, "device_end": 1585579687.8735178}, "cmdq": 0, "read": {"device_start": -1, "device_end": -1}}, "FFC_sans_bias11": {"write": {"device_start": 1585579687.7682762, "host_queued_start": 1585579752.883464, "device_queued": 1585579687.7627144, "device_end": 1585579687.768375, "host_queued_end": 1585579752.97831}, "device": "gpu", "nd_range": {"device_start": 1585579687.7683802, "device_end": 1585579687.7810488}, "cmdq": 1, "read": {"device_start": -1, "device_end": -1}}, "FFC_sans_bias10": {"write": {"device_start": 1585579687.7650213, "host_queued_start": 1585579752.880205, "device_queued": 1585579687.762487, "device_end": 1585579687.7651196, "host_queued_end": 1585579752.97831}, "device": "gpu", "nd_range": {"device_start": 1585579687.7651255, "device_end": 1585579687.7778044}, "cmdq": 0, "read": {"device_start": -1, "device_end": -1}}, "coalesced_transpose3": {"write": {"device_start": -1, "host_queued_start": 1585579752.942713, "device_queued": -1, "device_end": -1, "host_queued_end": 1585579752.97831}, "device": "gpu", "nd_range": {"device_start": 1585579687.8333454, "device_end": 1585579687.8436494}, "cmdq": 0, "read": {"device_start": -1, "device_end": -1}}, "FFC_sans_bias34": {"write": {"device_start": 1585579687.9055905, "host_queued_start": 1585579752.965126, "device_queued": 1585579687.7720268, "device_end": 1585579687.9056907, "host_queued_end": 1585579752.97831}, "device": "gpu", "nd_range": {"device_start": 1585579687.9056954, "device_end": 1585579687.915904}, "cmdq": 3, "read": {"device_start": 1585579687.9159093, "device_end": 1585579687.915998}}, "FFC_sans_bias15": {"write": {"device_start": -1, "host_queued_start": 1585579752.950164, "device_queued": -1, "device_end": -1, "host_queued_end": 1585579752.97831}, "device": "gpu", "nd_range": {"device_start": 1585579687.8735058, "device_end": 1585579687.8770149}, "cmdq": 1, "read": {"device_start": -1, "device_end": -1}}, "FFC_sans_bias31": {"write": {"device_start": -1, "host_queued_start": 1585579752.946163, "device_queued": -1, "device_end": -1, "host_queued_end": 1585579752.97831}, "device": "gpu", "nd_range": {"device_start": 1585579687.8542683, "device_end": 1585579687.865054}, "cmdq": 3, "read": {"device_start": -1, "device_end": -1}}, "FFC_sans_bias16": {"write": {"device_start": 1585579687.884811, "host_queued_start": 1585579752.958536, "device_queued": 1585579687.7716932, "device_end": 1585579687.8849103, "host_queued_end": 1585579752.97831}, "device": "gpu", "nd_range": {"device_start": 1585579687.8852, "device_end": 1585579687.898587}, "cmdq": 1, "read": {"device_start": 1585579687.8985903, "device_end": 1585579687.8986824}}, "FFC_sans_bias19": {"write": {"device_start": 1585579687.7747595, "host_queued_start": 1585579752.890032, "device_queued": 1585579687.762964, "device_end": 1585579687.774861, "host_queued_end": 1585579752.97831}, "device": "gpu", "nd_range": {"device_start": 1585579687.7748666, "device_end": 1585579687.7879698}, "cmdq": 3, "read": {"device_start": -1, "device_end": -1}}, "FFC_sans_bias18": {"write": {"device_start": 1585579687.7715793, "host_queued_start": 1585579752.886772, "device_queued": 1585579687.7628381, "device_end": 1585579687.7716768, "host_queued_end": 1585579752.97831}, "device": "gpu", "nd_range": {"device_start": 1585579687.7716827, "device_end": 1585579687.7847164}, "cmdq": 2, "read": {"device_start": -1, "device_end": -1}}, "coalesced_transpose30": {"write": {"device_start": -1, "host_queued_start": 1585579752.943641, "device_queued": -1, "device_end": -1, "host_queued_end": 1585579752.97831}, "device": "gpu", "nd_range": {"device_start": 1585579687.843796, "device_end": 1585579687.8438268}, "cmdq": 3, "read": {"device_start": -1, "device_end": -1}}, "FFC_sans_bias69": {"write": {"device_start": -1, "host_queued_start": 1585579752.952085, "device_queued": -1, "device_end": -1, "host_queued_end": 1585579752.97831}, "device": "gpu", "nd_range": {"device_start": 1585579687.891529, "device_end": 1585579687.9053528}, "cmdq": 3, "read": {"device_start": -1, "device_end": -1}}, "FFC_sans_bias38": {"write": {"device_start": 1585579687.7988286, "host_queued_start": 1585579752.912987, "device_queued": 1585579687.7648044, "device_end": 1585579687.798923, "host_queued_end": 1585579752.97831}, "device": "gpu", "nd_range": {"device_start": 1585579687.7989874, "device_end": 1585579687.8124118}, "cmdq": 2, "read": {"device_start": -1, "device_end": -1}}, "coalesced_transpose57": {"write": {"device_start": -1, "host_queued_start": 1585579752.944559, "device_queued": -1, "device_end": -1, "host_queued_end": 1585579752.97831}, "device": "gpu", "nd_range": {"device_start": 1585579687.843781, "device_end": 1585579687.8438122}, "cmdq": 2, "read": {"device_start": -1, "device_end": -1}}, "empty26": {"write": {"device_start": 1585579687.7595024, "host_queued_start": 1585579752.851079, "device_queued": 1585579687.7590709, "device_end": 1585579687.7597709, "host_queued_end": 1585579752.97831}, "device": "gpu", "nd_range": {"device_start": 1585579687.7597852, "device_end": 1585579687.7597892}, "cmdq": 2, "read": {"device_start": -1, "device_end": -1}}, "coalesced_transpose12": {"write": {"device_start": -1, "host_queued_start": 1585579752.943028, "device_queued": -1, "device_end": -1, "host_queued_end": 1585579752.97831}, "device": "gpu", "nd_range": {"device_start": 1585579687.8368418, "device_end": 1585579687.8437092}, "cmdq": 1, "read": {"device_start": -1, "device_end": -1}}, "empty44": {"write": {"device_start": 1585579687.7601216, "host_queued_start": 1585579752.856303, "device_queued": 1585579687.7597823, "device_end": 1585579687.7603958, "host_queued_end": 1585579752.97831}, "device": "gpu", "nd_range": {"device_start": 1585579687.7604048, "device_end": 1585579687.7604094}, "cmdq": 0, "read": {"device_start": -1, "device_end": -1}}, "coalesced_transpose21": {"write": {"device_start": -1, "host_queued_start": 1585579752.943338, "device_queued": -1, "device_end": -1, "host_queued_end": 1585579752.97831}, "device": "gpu", "nd_range": {"device_start": 1585579687.840422, "device_end": 1585579687.843766}, "cmdq": 2, "read": {"device_start": -1, "device_end": -1}}, "FFC_sans_bias36": {"write": {"device_start": 1585579687.791721, "host_queued_start": 1585579752.906408, "device_queued": 1585579687.7643754, "device_end": 1585579687.7918167, "host_queued_end": 1585579752.97831}, "device": "gpu", "nd_range": {"device_start": 1585579687.7918856, "device_end": 1585579687.8056326}, "cmdq": 0, "read": {"device_start": -1, "device_end": -1}}, "softmax14": {"write": {"device_start": -1, "host_queued_start": 1585579752.947959, "device_queued": -1, "device_end": -1, "host_queued_end": 1585579752.97831}, "device": "gpu", "nd_range": {"device_start": 1585579687.8615565, "device_end": 1585579687.8697183}, "cmdq": 1, "read": {"device_start": -1, "device_end": -1}}, "FFC_sans_bias13": {"write": {"device_start": -1, "host_queued_start": 1585579752.945527, "device_queued": -1, "device_end": -1, "host_queued_end": 1585579752.97831}, "device": "gpu", "nd_range": {"device_start": 1585579687.843807, "device_end": 1585579687.850916}, "cmdq": 1, "read": {"device_start": -1, "device_end": -1}}, "empty8": {"write": {"device_start": 1585579687.758839, "host_queued_start": 1585579752.84502, "device_queued": 1585579687.7584944, "device_end": 1585579687.7590582, "host_queued_end": 1585579752.97831}, "device": "gpu", "nd_range": {"device_start": 1585579687.7590673, "device_end": 1585579687.7590716}, "cmdq": 0, "read": {"device_start": -1, "device_end": -1}}, "FFC_sans_bias42": {"write": {"device_start": -1, "host_queued_start": 1585579752.951137, "device_queued": -1, "device_end": -1, "host_queued_end": 1585579752.97831}, "device": "gpu", "nd_range": {"device_start": 1585579687.8809433, "device_end": 1585579687.8951063}, "cmdq": 0, "read": {"device_start": -1, "device_end": -1}}, "FFC_sans_bias43": {"write": {"device_start": 1585579687.9093952, "host_queued_start": 1585579752.968396, "device_queued": 1585579687.7726567, "device_end": 1585579687.9094925, "host_queued_end": 1585579752.97831}, "device": "gpu", "nd_range": {"device_start": 1585579687.9094963, "device_end": 1585579687.92266}, "cmdq": 0, "read": {"device_start": 1585579687.922663, "device_end": 1585579687.9227495}}, "FFC_sans_bias40": {"write": {"device_start": -1, "host_queued_start": 1585579752.946479, "device_queued": -1, "device_end": -1, "host_queued_end": 1585579752.97831}, "device": "gpu", "nd_range": {"device_start": 1585579687.8474088, "device_end": 1585579687.8579745}, "cmdq": 0, "read": {"device_start": -1, "device_end": -1}}, "softmax32": {"write": {"device_start": -1, "host_queued_start": 1585579752.948461, "device_queued": -1, "device_end": -1, "host_queued_end": 1585579752.97831}, "device": "gpu", "nd_range": {"device_start": 1585579687.8719947, "device_end": 1585579687.8735144}, "cmdq": 3, "read": {"device_start": -1, "device_end": -1}}, "FFC_sans_bias47": {"write": {"device_start": 1585579687.8097837, "host_queued_start": 1585579752.922773, "device_queued": 1585579687.7658463, "device_end": 1585579687.809885, "host_queued_end": 1585579752.97831}, "device": "gpu", "nd_range": {"device_start": 1585579687.8098884, "device_end": 1585579687.8230767}, "cmdq": 1, "read": {"device_start": -1, "device_end": -1}}, "FFC_sans_bias45": {"write": {"device_start": 1585579687.802452, "host_queued_start": 1585579752.916231, "device_queued": 1585579687.7649662, "device_end": 1585579687.802553, "host_queued_end": 1585579752.97831}, "device": "gpu", "nd_range": {"device_start": 1585579687.8025556, "device_end": 1585579687.8159823}, "cmdq": 3, "read": {"device_start": -1, "device_end": -1}}, "softmax50": {"write": {"device_start": -1, "host_queued_start": 1585579752.948947, "device_queued": -1, "device_end": -1, "host_queued_end": 1585579752.97831}, "device": "gpu", "nd_range": {"device_start": 1585579687.8697195, "device_end": 1585579687.8735049}, "cmdq": 1, "read": {"device_start": -1, "device_end": -1}}, "FFC_sans_bias33": {"write": {"device_start": -1, "host_queued_start": 1585579752.95082, "device_queued": -1, "device_end": -1, "host_queued_end": 1585579752.97831}, "device": "gpu", "nd_range": {"device_start": 1585579687.8781123, "device_end": 1585579687.891528}, "cmdq": 3, "read": {"device_start": -1, "device_end": -1}}, "FFC_sans_bias63": {"write": {"device_start": 1585579687.8304162, "host_queued_start": 1585579752.942359, "device_queued": 1585579687.7670403, "device_end": 1585579687.8305173, "host_queued_end": 1585579752.97831}, "device": "gpu", "nd_range": {"device_start": 1585579687.830524, "device_end": 1585579687.8437858}, "cmdq": 3, "read": {"device_start": -1, "device_end": -1}}, "FFC_sans_bias49": {"write": {"device_start": -1, "host_queued_start": 1585579752.946801, "device_queued": -1, "device_end": -1, "host_queued_end": 1585579752.97831}, "device": "gpu", "nd_range": {"device_start": 1585579687.850917, "device_end": 1585579687.8615556}, "cmdq": 1, "read": {"device_start": -1, "device_end": -1}}, "FFC_sans_bias64": {"write": {"device_start": 1585579687.823349, "host_queued_start": 1585579752.935868, "device_queued": 1585579687.7667804, "device_end": 1585579687.823452, "host_queued_end": 1585579752.97831}, "device": "gpu", "nd_range": {"device_start": 1585579687.82346, "device_end": 1585579687.8368392}, "cmdq": 1, "read": {"device_start": -1, "device_end": -1}}, "FFC_sans_bias65": {"write": {"device_start": 1585579687.8268256, "host_queued_start": 1585579752.939117, "device_queued": 1585579687.7669094, "device_end": 1585579687.826924, "host_queued_end": 1585579752.97831}, "device": "gpu", "nd_range": {"device_start": 1585579687.8269298, "device_end": 1585579687.8404164}, "cmdq": 2, "read": {"device_start": -1, "device_end": -1}}, "FFC_sans_bias67": {"write": {"device_start": -1, "host_queued_start": 1585579752.947453, "device_queued": -1, "device_end": -1, "host_queued_end": 1585579752.97831}, "device": "gpu", "nd_range": {"device_start": 1585579687.8650548, "device_end": 1585579687.8719938}, "cmdq": 3, "read": {"device_start": -1, "device_end": -1}}, "FFC_sans_bias24": {"write": {"device_start": -1, "host_queued_start": 1585579752.950492, "device_queued": -1, "device_end": -1, "host_queued_end": 1585579752.97831}, "device": "gpu", "nd_range": {"device_start": 1585579687.8781078, "device_end": 1585579687.8880281}, "cmdq": 2, "read": {"device_start": -1, "device_end": -1}}, "FFC_sans_bias25": {"write": {"device_start": 1585579687.902006, "host_queued_start": 1585579752.961782, "device_queued": 1585579687.7718575, "device_end": 1585579687.9020996, "host_queued_end": 1585579752.97831}, "device": "gpu", "nd_range": {"device_start": 1585579687.9021862, "device_end": 1585579687.9124277}, "cmdq": 2, "read": {"device_start": 1585579687.9124303, "device_end": 1585579687.9125197}}, "FFC_sans_bias27": {"write": {"device_start": 1585579687.7845573, "host_queued_start": 1585579752.896585, "device_queued": 1585579687.763663, "device_end": 1585579687.784679, "host_queued_end": 1585579752.97831}, "device": "gpu", "nd_range": {"device_start": 1585579687.784687, "device_end": 1585579687.7950633}, "cmdq": 1, "read": {"device_start": -1, "device_end": -1}}, "FFC_sans_bias20": {"write": {"device_start": 1585579687.7780995, "host_queued_start": 1585579752.893295, "device_queued": 1585579687.7634103, "device_end": 1585579687.7781992, "host_queued_end": 1585579752.97831}, "device": "gpu", "nd_range": {"device_start": 1585579687.7782028, "device_end": 1585579687.791468}, "cmdq": 0, "read": {"device_start": -1, "device_end": -1}}, "FFC_sans_bias22": {"write": {"device_start": -1, "host_queued_start": 1585579752.945844, "device_queued": -1, "device_end": -1, "host_queued_end": 1585579752.97831}, "device": "gpu", "nd_range": {"device_start": 1585579687.8438132, "device_end": 1585579687.8544786}, "cmdq": 2, "read": {"device_start": -1, "device_end": -1}}, "softmax68": {"write": {"device_start": -1, "host_queued_start": 1585579752.949441, "device_queued": -1, "device_end": -1, "host_queued_end": 1585579752.97831}, "device": "gpu", "nd_range": {"device_start": 1585579687.8735154, "device_end": 1585579687.8781111}, "cmdq": 3, "read": {"device_start": -1, "device_end": -1}}, "softmax5": {"write": {"device_start": -1, "host_queued_start": 1585579752.947705, "device_queued": -1, "device_end": -1, "host_queued_end": 1585579752.97831}, "device": "gpu", "nd_range": {"device_start": 1585579687.8579757, "device_end": 1585579687.8697138}, "cmdq": 0, "read": {"device_start": -1, "device_end": -1}}, "FFC_sans_bias28": {"write": {"device_start": 1585579687.7851021, "host_queued_start": 1585579752.899829, "device_queued": 1585579687.7637942, "device_end": 1585579687.785203, "host_queued_end": 1585579752.97831}, "device": "gpu", "nd_range": {"device_start": 1585579687.7852132, "device_end": 1585579687.7985673}, "cmdq": 2, "read": {"device_start": -1, "device_end": -1}}, "FFC_sans_bias29": {"write": {"device_start": 1585579687.7882516, "host_queued_start": 1585579752.90309, "device_queued": 1585579687.7639248, "device_end": 1585579687.788354, "host_queued_end": 1585579752.97831}, "device": "gpu", "nd_range": {"device_start": 1585579687.7883632, "device_end": 1585579687.8021588}, "cmdq": 3, "read": {"device_start": -1, "device_end": -1}}, "empty17": {"write": {"device_start": 1585579687.759185, "host_queued_start": 1585579752.84843, "device_queued": 1585579687.7587912, "device_end": 1585579687.759439, "host_queued_end": 1585579752.97831}, "device": "gpu", "nd_range": {"device_start": 1585579687.7594843, "device_end": 1585579687.759493}, "cmdq": 1, "read": {"device_start": -1, "device_end": -1}}, "softmax59": {"write": {"device_start": -1, "host_queued_start": 1585579752.949197, "device_queued": -1, "device_end": -1, "host_queued_end": 1585579752.97831}, "device": "gpu", "nd_range": {"device_start": 1585579687.8735113, "device_end": 1585579687.8781064}, "cmdq": 2, "read": {"device_start": -1, "device_end": -1}}, "empty71": {"write": {"device_start": 1585579687.7609696, "host_queued_start": 1585579752.86408, "device_queued": 1585579687.760672, "device_end": 1585579687.7611992, "host_queued_end": 1585579752.97831}, "device": "gpu", "nd_range": {"device_start": 1585579687.7612052, "device_end": 1585579687.7612088}, "cmdq": 3, "read": {"device_start": -1, "device_end": -1}}, "empty35": {"write": {"device_start": 1585579687.7598178, "host_queued_start": 1585579752.853679, "device_queued": 1585579687.7594502, "device_end": 1585579687.7600956, "host_queued_end": 1585579752.97831}, "device": "gpu", "nd_range": {"device_start": 1585579687.7600987, "device_end": 1585579687.760103}, "cmdq": 3, "read": {"device_start": -1, "device_end": -1}}, "empty53": {"write": {"device_start": 1585579687.7604125, "host_queued_start": 1585579752.858892, "device_queued": 1585579687.760107, "device_end": 1585579687.7606595, "host_queued_end": 1585579752.97831}, "device": "gpu", "nd_range": {"device_start": 1585579687.7607114, "device_end": 1585579687.760745}, "cmdq": 1, "read": {"device_start": -1, "device_end": -1}}, "FFC_sans_bias46": {"write": {"device_start": 1585579687.805895, "host_queued_start": 1585579752.919491, "device_queued": 1585579687.7655647, "device_end": 1585579687.80599, "host_queued_end": 1585579752.97831}, "device": "gpu", "nd_range": {"device_start": 1585579687.8060663, "device_end": 1585579687.8194952}, "cmdq": 0, "read": {"device_start": -1, "device_end": -1}}, "coalesced_transpose66": {"write": {"device_start": -1, "host_queued_start": 1585579752.944874, "device_queued": -1, "device_end": -1, "host_queued_end": 1585579752.97831}, "device": "gpu", "nd_range": {"device_start": 1585579687.8438427, "device_end": 1585579687.8542671}, "cmdq": 3, "read": {"device_start": -1, "device_end": -1}}, "coalesced_transpose48": {"write": {"device_start": -1, "host_queued_start": 1585579752.944259, "device_queued": -1, "device_end": -1, "host_queued_end": 1585579752.97831}, "device": "gpu", "nd_range": {"device_start": 1585579687.843721, "device_end": 1585579687.8438058}, "cmdq": 1, "read": {"device_start": -1, "device_end": -1}}}