{"FFC_sans_bias60": {"write": {"device_start": -1, "host_queued_start": 1585579906.704199, "device_queued": -1, "device_end": -1, "host_queued_end": 1585579906.711117}, "device": "gpu", "nd_range": {"device_start": 1585579841.5178742, "device_end": 1585579841.5215766}, "cmdq": 2, "read": {"device_start": -1, "device_end": -1}}, "FFC_sans_bias4": {"write": {"device_start": -1, "host_queued_start": 1585579906.790363, "device_queued": -1, "device_end": -1, "host_queued_end": 1585579906.81518}, "device": "cpu", "nd_range": {"device_start": 2247681.4970325753, "device_end": 2247681.710902798}, "cmdq": 0, "read": {"device_start": -1, "device_end": -1}}, "FFC_sans_bias7": {"write": {"device_start": -1, "host_queued_start": 1585579906.799074, "device_queued": -1, "device_end": -1, "host_queued_end": 1585579906.81518}, "device": "cpu", "nd_range": {"device_start": 2247682.2289107223, "device_end": 2247682.410935619}, "cmdq": 3, "read": {"device_start": -1, "device_end": -1}}, "FFC_sans_bias6": {"write": {"device_start": -1, "host_queued_start": 1585579906.794128, "device_queued": -1, "device_end": -1, "host_queued_end": 1585579906.81518}, "device": "cpu", "nd_range": {"device_start": 2247681.913281129, "device_end": 2247682.041599874}, "cmdq": 2, "read": {"device_start": -1, "device_end": -1}}, "FFC_sans_bias1": {"write": {"device_start": -1, "host_queued_start": 1585579906.73485, "device_queued": -1, "device_end": -1, "host_queued_end": 1585579906.81518}, "device": "cpu", "nd_range": {"device_start": 2247681.020017358, "device_end": 2247681.281731088}, "cmdq": 2, "read": {"device_start": -1, "device_end": -1}}, "FFC_sans_bias0": {"write": {"device_start": -1, "host_queued_start": 1585579906.731528, "device_queued": -1, "device_end": -1, "host_queued_end": 1585579906.81518}, "device": "cpu", "nd_range": {"device_start": 2247681.004830194, "device_end": 2247681.1266429843}, "cmdq": 1, "read": {"device_start": -1, "device_end": -1}}, "FFC_sans_bias2": {"write": {"device_start": -1, "host_queued_start": 1585579906.73816, "device_queued": -1, "device_end": -1, "host_queued_end": 1585579906.81518}, "device": "cpu", "nd_range": {"device_start": 2247681.012727553, "device_end": 2247681.267639724}, "cmdq": 3, "read": {"device_start": -1, "device_end": -1}}, "FFC_sans_bias61": {"write": {"device_start": 1585579841.5182388, "host_queued_start": 1585579906.707735, "device_queued": 1585579841.4907715, "device_end": 1585579841.518533, "host_queued_end": 1585579906.711117}, "device": "gpu", "nd_range": {"device_start": 1585579841.5215816, "device_end": 1585579841.528875}, "cmdq": 0, "read": {"device_start": 1585579841.5288792, "device_end": 1585579841.5289702}}, "FFC_sans_bias52": {"write": {"device_start": -1, "host_queued_start": 1585579906.815126, "device_queued": -1, "device_end": -1, "host_queued_end": 1585579906.81518}, "device": "cpu", "nd_range": {"device_start": 2247682.410944323, "device_end": 2247682.4793513613}, "cmdq": 3, "read": {"device_start": -1, "device_end": -1}}, "FFC_sans_bias9": {"write": {"device_start": -1, "host_queued_start": 1585579906.74146, "device_queued": -1, "device_end": -1, "host_queued_end": 1585579906.81518}, "device": "cpu", "nd_range": {"device_start": 2247681.1270541903, "device_end": 2247681.250943128}, "cmdq": 4, "read": {"device_start": -1, "device_end": -1}}, "coalesced_transpose39": {"write": {"device_start": -1, "host_queued_start": 1585579906.789693, "device_queued": -1, "device_end": -1, "host_queued_end": 1585579906.81518}, "device": "cpu", "nd_range": {"device_start": 2247681.907552725, "device_end": 2247681.908716468}, "cmdq": 3, "read": {"device_start": -1, "device_end": -1}}, "FFC_sans_bias55": {"write": {"device_start": 1585579841.4890203, "host_queued_start": 1585579906.69207, "device_queued": 1585579841.488761, "device_end": 1585579841.4892244, "host_queued_end": 1585579906.711117}, "device": "gpu", "nd_range": {"device_start": 1585579841.4892278, "device_end": 1585579841.4995568}, "cmdq": 0, "read": {"device_start": -1, "device_end": -1}}, "FFC_sans_bias54": {"write": {"device_start": 1585579841.4885528, "host_queued_start": 1585579906.688769, "device_queued": 1585579841.4882102, "device_end": 1585579841.4886503, "host_queued_end": 1585579906.711117}, "device": "gpu", "nd_range": {"device_start": 1585579841.488667, "device_end": 1585579841.4959035}, "cmdq": 3, "read": {"device_start": -1, "device_end": -1}}, "FFC_sans_bias56": {"write": {"device_start": 1585579841.4882307, "host_queued_start": 1585579906.685404, "device_queued": 1585579841.4877992, "device_end": 1585579841.4884963, "host_queued_end": 1585579906.711117}, "device": "gpu", "nd_range": {"device_start": 1585579841.4885237, "device_end": 1585579841.4922283}, "cmdq": 2, "read": {"device_start": -1, "device_end": -1}}, "FFC_sans_bias51": {"write": {"device_start": -1, "host_queued_start": 1585579906.795849, "device_queued": -1, "device_end": -1, "host_queued_end": 1585579906.81518}, "device": "cpu", "nd_range": {"device_start": 2247682.0417992203, "device_end": 2247682.171216681}, "cmdq": 2, "read": {"device_start": -1, "device_end": -1}}, "softmax23": {"write": {"device_start": -1, "host_queued_start": 1585579906.792901, "device_queued": -1, "device_end": -1, "host_queued_end": 1585579906.81518}, "device": "cpu", "nd_range": {"device_start": 2247682.018606868, "device_end": 2247682.028805326}, "cmdq": 3, "read": {"device_start": -1, "device_end": -1}}, "FFC_sans_bias37": {"write": {"device_start": -1, "host_queued_start": 1585579906.774807, "device_queued": -1, "device_end": -1, "host_queued_end": 1585579906.81518}, "device": "cpu", "nd_range": {"device_start": 2247681.373064268, "device_end": 2247681.495809434}, "cmdq": 4, "read": {"device_start": -1, "device_end": -1}}, "empty62": {"write": {"device_start": 1585579841.4875414, "host_queued_start": 1585579906.679237, "device_queued": 1585579841.487205, "device_end": 1585579841.4877856, "host_queued_end": 1585579906.711117}, "device": "gpu", "nd_range": {"device_start": 1585579841.4877892, "device_end": 1585579841.487795}, "cmdq": 0, "read": {"device_start": -1, "device_end": -1}}, "FFC_sans_bias70": {"write": {"device_start": 1585579841.5186043, "host_queued_start": 1585579906.711009, "device_queued": 1585579841.4910111, "device_end": 1585579841.5187075, "host_queued_end": 1585579906.711117}, "device": "gpu", "nd_range": {"device_start": 1585579841.5252376, "device_end": 1585579841.5322542}, "cmdq": 1, "read": {"device_start": 1585579841.5322561, "device_end": 1585579841.5323455}}, "FFC_sans_bias58": {"write": {"device_start": -1, "host_queued_start": 1585579906.703076, "device_queued": -1, "device_end": -1, "host_queued_end": 1585579906.711117}, "device": "gpu", "nd_range": {"device_start": 1585579841.5100858, "device_end": 1585579841.5174057}, "cmdq": 2, "read": {"device_start": -1, "device_end": -1}}, "softmax41": {"write": {"device_start": -1, "host_queued_start": 1585579906.79346, "device_queued": -1, "device_end": -1, "host_queued_end": 1585579906.81518}, "device": "cpu", "nd_range": {"device_start": 2247682.0032987483, "device_end": 2247682.004246972}, "cmdq": 0, "read": {"device_start": -1, "device_end": -1}}, "FFC_sans_bias11": {"write": {"device_start": -1, "host_queued_start": 1585579906.748234, "device_queued": -1, "device_end": -1, "host_queued_end": 1585579906.81518}, "device": "cpu", "nd_range": {"device_start": 2247681.384925257, "device_end": 2247681.5087477923}, "cmdq": 1, "read": {"device_start": -1, "device_end": -1}}, "FFC_sans_bias10": {"write": {"device_start": -1, "host_queued_start": 1585579906.744953, "device_queued": -1, "device_end": -1, "host_queued_end": 1585579906.81518}, "device": "cpu", "nd_range": {"device_start": 2247681.004838772, "device_end": 2247681.13475876}, "cmdq": 0, "read": {"device_start": -1, "device_end": -1}}, "coalesced_transpose3": {"write": {"device_start": -1, "host_queued_start": 1585579906.788276, "device_queued": -1, "device_end": -1, "host_queued_end": 1585579906.81518}, "device": "cpu", "nd_range": {"device_start": 2247681.495832464, "device_end": 2247681.497014969}, "cmdq": 4, "read": {"device_start": -1, "device_end": -1}}, "FFC_sans_bias34": {"write": {"device_start": -1, "host_queued_start": 1585579906.808659, "device_queued": -1, "device_end": -1, "host_queued_end": 1585579906.81518}, "device": "cpu", "nd_range": {"device_start": 2247682.379134661, "device_end": 2247682.464633935}, "cmdq": 1, "read": {"device_start": -1, "device_end": -1}}, "FFC_sans_bias15": {"write": {"device_start": -1, "host_queued_start": 1585579906.794481, "device_queued": -1, "device_end": -1, "host_queued_end": 1585579906.81518}, "device": "cpu", "nd_range": {"device_start": 2247682.028997582, "device_end": 2247682.2286846293}, "cmdq": 3, "read": {"device_start": -1, "device_end": -1}}, "FFC_sans_bias31": {"write": {"device_start": -1, "host_queued_start": 1585579906.791395, "device_queued": -1, "device_end": -1, "host_queued_end": 1585579906.81518}, "device": "cpu", "nd_range": {"device_start": 2247681.908729283, "device_end": 2247682.018588371}, "cmdq": 3, "read": {"device_start": -1, "device_end": -1}}, "FFC_sans_bias16": {"write": {"device_start": -1, "host_queued_start": 1585579906.802247, "device_queued": -1, "device_end": -1, "host_queued_end": 1585579906.81518}, "device": "cpu", "nd_range": {"device_start": 2247682.2567806183, "device_end": 2247682.379126285}, "cmdq": 4, "read": {"device_start": -1, "device_end": -1}}, "FFC_sans_bias19": {"write": {"device_start": -1, "host_queued_start": 1585579906.755048, "device_queued": -1, "device_end": -1, "host_queued_end": 1585579906.81518}, "device": "cpu", "nd_range": {"device_start": 2247681.267656979, "device_end": 2247681.524607735}, "cmdq": 3, "read": {"device_start": -1, "device_end": -1}}, "FFC_sans_bias18": {"write": {"device_start": -1, "host_queued_start": 1585579906.75153, "device_queued": -1, "device_end": -1, "host_queued_end": 1585579906.81518}, "device": "cpu", "nd_range": {"device_start": 2247681.2817464373, "device_end": 2247681.460999874}, "cmdq": 2, "read": {"device_start": -1, "device_end": -1}}, "coalesced_transpose30": {"write": {"device_start": -1, "host_queued_start": 1585579906.78927, "device_queued": -1, "device_end": -1, "host_queued_end": 1585579906.81518}, "device": "cpu", "nd_range": {"device_start": 2247681.7203215333, "device_end": 2247681.721476145}, "cmdq": 2, "read": {"device_start": -1, "device_end": -1}}, "FFC_sans_bias69": {"write": {"device_start": -1, "host_queued_start": 1585579906.704513, "device_queued": -1, "device_end": -1, "host_queued_end": 1585579906.711117}, "device": "gpu", "nd_range": {"device_start": 1585579841.5178862, "device_end": 1585579841.525234}, "cmdq": 3, "read": {"device_start": -1, "device_end": -1}}, "FFC_sans_bias38": {"write": {"device_start": -1, "host_queued_start": 1585579906.778076, "device_queued": -1, "device_end": -1, "host_queued_end": 1585579906.81518}, "device": "cpu", "nd_range": {"device_start": 2247681.260421691, "device_end": 2247681.383504215}, "cmdq": 0, "read": {"device_start": -1, "device_end": -1}}, "coalesced_transpose57": {"write": {"device_start": -1, "host_queued_start": 1585579906.702232, "device_queued": -1, "device_end": -1, "host_queued_end": 1585579906.711117}, "device": "gpu", "nd_range": {"device_start": 1585579841.499558, "device_end": 1585579841.5099926}, "cmdq": 0, "read": {"device_start": -1, "device_end": -1}}, "empty26": {"write": {"device_start": -1, "host_queued_start": 1585579906.720822, "device_queued": -1, "device_end": -1, "host_queued_end": 1585579906.81518}, "device": "cpu", "nd_range": {"device_start": 2247681.004847915, "device_end": 2247681.004852456}, "cmdq": 2, "read": {"device_start": -1, "device_end": -1}}, "coalesced_transpose12": {"write": {"device_start": -1, "host_queued_start": 1585579906.78861, "device_queued": -1, "device_end": -1, "host_queued_end": 1585579906.81518}, "device": "cpu", "nd_range": {"device_start": 2247681.383695254, "device_end": 2247681.38476544}, "cmdq": 0, "read": {"device_start": -1, "device_end": -1}}, "empty44": {"write": {"device_start": -1, "host_queued_start": 1585579906.726131, "device_queued": -1, "device_end": -1, "host_queued_end": 1585579906.81518}, "device": "cpu", "nd_range": {"device_start": 2247681.126893389, "device_end": 2247681.126898705}, "cmdq": 4, "read": {"device_start": -1, "device_end": -1}}, "coalesced_transpose21": {"write": {"device_start": -1, "host_queued_start": 1585579906.788937, "device_queued": -1, "device_end": -1, "host_queued_end": 1585579906.81518}, "device": "cpu", "nd_range": {"device_start": 2247681.760010763, "device_end": 2247681.761173812}, "cmdq": 1, "read": {"device_start": -1, "device_end": -1}}, "FFC_sans_bias36": {"write": {"device_start": -1, "host_queued_start": 1585579906.771498, "device_queued": -1, "device_end": -1, "host_queued_end": 1585579906.81518}, "device": "cpu", "nd_range": {"device_start": 2247681.5246298104, "device_end": 2247681.7506181733}, "cmdq": 3, "read": {"device_start": -1, "device_end": -1}}, "softmax14": {"write": {"device_start": -1, "host_queued_start": 1585579906.79263, "device_queued": -1, "device_end": -1, "host_queued_end": 1585579906.81518}, "device": "cpu", "nd_range": {"device_start": 2247681.911536115, "device_end": 2247681.913270484}, "cmdq": 2, "read": {"device_start": -1, "device_end": -1}}, "FFC_sans_bias13": {"write": {"device_start": -1, "host_queued_start": 1585579906.790717, "device_queued": -1, "device_end": -1, "host_queued_end": 1585579906.81518}, "device": "cpu", "nd_range": {"device_start": 2247681.761354667, "device_end": 2247681.883238397}, "cmdq": 1, "read": {"device_start": -1, "device_end": -1}}, "empty8": {"write": {"device_start": -1, "host_queued_start": 1585579906.715039, "device_queued": -1, "device_end": -1, "host_queued_end": 1585579906.81518}, "device": "cpu", "nd_range": {"device_start": 2247681.004793885, "device_end": 2247681.004804844}, "cmdq": 0, "read": {"device_start": -1, "device_end": -1}}, "FFC_sans_bias42": {"write": {"device_start": -1, "host_queued_start": 1585579906.795509, "device_queued": -1, "device_end": -1, "host_queued_end": 1585579906.81518}, "device": "cpu", "nd_range": {"device_start": 2247682.004424946, "device_end": 2247682.1064248383}, "cmdq": 1, "read": {"device_start": -1, "device_end": -1}}, "FFC_sans_bias43": {"write": {"device_start": -1, "host_queued_start": 1585579906.811874, "device_queued": -1, "device_end": -1, "host_queued_end": 1585579906.81518}, "device": "cpu", "nd_range": {"device_start": 2247682.171461638, "device_end": 2247682.291785264}, "cmdq": 2, "read": {"device_start": -1, "device_end": -1}}, "FFC_sans_bias40": {"write": {"device_start": -1, "host_queued_start": 1585579906.791739, "device_queued": -1, "device_end": -1, "host_queued_end": 1585579906.81518}, "device": "cpu", "nd_range": {"device_start": 2247681.909730726, "device_end": 2247682.003066493}, "cmdq": 4, "read": {"device_start": -1, "device_end": -1}}, "softmax32": {"write": {"device_start": -1, "host_queued_start": 1585579906.793174, "device_queued": -1, "device_end": -1, "host_queued_end": 1585579906.81518}, "device": "cpu", "nd_range": {"device_start": 2247682.071788101, "device_end": 2247682.072737004}, "cmdq": 4, "read": {"device_start": -1, "device_end": -1}}, "FFC_sans_bias47": {"write": {"device_start": -1, "host_queued_start": 1585579906.787927, "device_queued": -1, "device_end": -1, "host_queued_end": 1585579906.81518}, "device": "cpu", "nd_range": {"device_start": 2247681.750757444, "device_end": 2247681.9075340764}, "cmdq": 3, "read": {"device_start": -1, "device_end": -1}}, "FFC_sans_bias45": {"write": {"device_start": -1, "host_queued_start": 1585579906.781336, "device_queued": -1, "device_end": -1, "host_queued_end": 1585579906.81518}, "device": "cpu", "nd_range": {"device_start": 2247681.6327263033, "device_end": 2247681.749298611}, "cmdq": 1, "read": {"device_start": -1, "device_end": -1}}, "softmax50": {"write": {"device_start": -1, "host_queued_start": 1585579906.793777, "device_queued": -1, "device_end": -1, "host_queued_end": 1585579906.81518}, "device": "cpu", "nd_range": {"device_start": 2247681.8972040103, "device_end": 2247681.898169176}, "cmdq": 1, "read": {"device_start": -1, "device_end": -1}}, "FFC_sans_bias33": {"write": {"device_start": -1, "host_queued_start": 1585579906.795165, "device_queued": -1, "device_end": -1, "host_queued_end": 1585579906.81518}, "device": "cpu", "nd_range": {"device_start": 2247682.116018327, "device_end": 2247682.2943774574}, "cmdq": 0, "read": {"device_start": -1, "device_end": -1}}, "FFC_sans_bias63": {"write": {"device_start": 1585579841.4962366, "host_queued_start": 1585579906.701883, "device_queued": 1585579841.489422, "device_end": 1585579841.4963398, "host_queued_end": 1585579906.711117}, "device": "gpu", "nd_range": {"device_start": 1585579841.4963458, "device_end": 1585579841.5100687}, "cmdq": 3, "read": {"device_start": -1, "device_end": -1}}, "FFC_sans_bias49": {"write": {"device_start": -1, "host_queued_start": 1585579906.792082, "device_queued": -1, "device_end": -1, "host_queued_end": 1585579906.81518}, "device": "cpu", "nd_range": {"device_start": 2247681.735349411, "device_end": 2247681.811091089}, "cmdq": 0, "read": {"device_start": -1, "device_end": -1}}, "FFC_sans_bias64": {"write": {"device_start": 1585579841.4893181, "host_queued_start": 1585579906.695382, "device_queued": 1585579841.4890249, "device_end": 1585579841.4894133, "host_queued_end": 1585579906.711117}, "device": "gpu", "nd_range": {"device_start": 1585579841.489562, "device_end": 1585579841.5029583}, "cmdq": 1, "read": {"device_start": -1, "device_end": -1}}, "FFC_sans_bias65": {"write": {"device_start": 1585579841.4925299, "host_queued_start": 1585579906.698637, "device_queued": 1585579841.4892378, "device_end": 1585579841.49263, "host_queued_end": 1585579906.711117}, "device": "gpu", "nd_range": {"device_start": 1585579841.492635, "device_end": 1585579841.5065937}, "cmdq": 2, "read": {"device_start": -1, "device_end": -1}}, "FFC_sans_bias67": {"write": {"device_start": -1, "host_queued_start": 1585579906.703391, "device_queued": -1, "device_end": -1, "host_queued_end": 1585579906.711117}, "device": "gpu", "nd_range": {"device_start": 1585579841.5100791, "device_end": 1585579841.5137928}, "cmdq": 3, "read": {"device_start": -1, "device_end": -1}}, "FFC_sans_bias24": {"write": {"device_start": -1, "host_queued_start": 1585579906.794825, "device_queued": -1, "device_end": -1, "host_queued_end": 1585579906.81518}, "device": "cpu", "nd_range": {"device_start": 2247682.072969139, "device_end": 2247682.196322346}, "cmdq": 4, "read": {"device_start": -1, "device_end": -1}}, "FFC_sans_bias25": {"write": {"device_start": -1, "host_queued_start": 1585579906.805449, "device_queued": -1, "device_end": -1, "host_queued_end": 1585579906.81518}, "device": "cpu", "nd_range": {"device_start": 2247682.294625605, "device_end": 2247682.401333195}, "cmdq": 0, "read": {"device_start": -1, "device_end": -1}}, "FFC_sans_bias27": {"write": {"device_start": -1, "host_queued_start": 1585579906.76168, "device_queued": -1, "device_end": -1, "host_queued_end": 1585579906.81518}, "device": "cpu", "nd_range": {"device_start": 2247681.1349508013, "device_end": 2247681.260230046}, "cmdq": 0, "read": {"device_start": -1, "device_end": -1}}, "FFC_sans_bias20": {"write": {"device_start": -1, "host_queued_start": 1585579906.758428, "device_queued": -1, "device_end": -1, "host_queued_end": 1585579906.81518}, "device": "cpu", "nd_range": {"device_start": 2247681.2509620963, "device_end": 2247681.37304234}, "cmdq": 4, "read": {"device_start": -1, "device_end": -1}}, "FFC_sans_bias22": {"write": {"device_start": -1, "host_queued_start": 1585579906.791056, "device_queued": -1, "device_end": -1, "host_queued_end": 1585579906.81518}, "device": "cpu", "nd_range": {"device_start": 2247681.810179206, "device_end": 2247681.911517466}, "cmdq": 2, "read": {"device_start": -1, "device_end": -1}}, "softmax68": {"write": {"device_start": -1, "host_queued_start": 1585579906.70389, "device_queued": -1, "device_end": -1, "host_queued_end": 1585579906.711117}, "device": "gpu", "nd_range": {"device_start": 1585579841.517419, "device_end": 1585579841.5178807}, "cmdq": 1, "read": {"device_start": -1, "device_end": -1}}, "softmax5": {"write": {"device_start": -1, "host_queued_start": 1585579906.792358, "device_queued": -1, "device_end": -1, "host_queued_end": 1585579906.81518}, "device": "cpu", "nd_range": {"device_start": 2247681.89601917, "device_end": 2247681.8970034593}, "cmdq": 1, "read": {"device_start": -1, "device_end": -1}}, "FFC_sans_bias28": {"write": {"device_start": -1, "host_queued_start": 1585579906.76494, "device_queued": -1, "device_end": -1, "host_queued_end": 1585579906.81518}, "device": "cpu", "nd_range": {"device_start": 2247681.508939826, "device_end": 2247681.632480251}, "cmdq": 1, "read": {"device_start": -1, "device_end": -1}}, "FFC_sans_bias29": {"write": {"device_start": -1, "host_queued_start": 1585579906.768219, "device_queued": -1, "device_end": -1, "host_queued_end": 1585579906.81518}, "device": "cpu", "nd_range": {"device_start": 2247681.461020524, "device_end": 2247681.591246304}, "cmdq": 2, "read": {"device_start": -1, "device_end": -1}}, "empty17": {"write": {"device_start": -1, "host_queued_start": 1585579906.717903, "device_queued": -1, "device_end": -1, "host_queued_end": 1585579906.81518}, "device": "cpu", "nd_range": {"device_start": 2247681.0047937892, "device_end": 2247681.0048049293}, "cmdq": 1, "read": {"device_start": -1, "device_end": -1}}, "softmax59": {"write": {"device_start": -1, "host_queued_start": 1585579906.703644, "device_queued": -1, "device_end": -1, "host_queued_end": 1585579906.711117}, "device": "gpu", "nd_range": {"device_start": 1585579841.5174134, "device_end": 1585579841.517869}, "cmdq": 0, "read": {"device_start": -1, "device_end": -1}}, "empty71": {"write": {"device_start": 1585579841.487899, "host_queued_start": 1585579906.68256, "device_queued": 1585579841.487427, "device_end": 1585579841.4881988, "host_queued_end": 1585579906.711117}, "device": "gpu", "nd_range": {"device_start": 1585579841.4882584, "device_end": 1585579841.4882786}, "cmdq": 1, "read": {"device_start": -1, "device_end": -1}}, "empty35": {"write": {"device_start": -1, "host_queued_start": 1585579906.723531, "device_queued": -1, "device_end": -1, "host_queued_end": 1585579906.81518}, "device": "cpu", "nd_range": {"device_start": 2247681.012620327, "device_end": 2247681.0126248864}, "cmdq": 3, "read": {"device_start": -1, "device_end": -1}}, "empty53": {"write": {"device_start": -1, "host_queued_start": 1585579906.728754, "device_queued": -1, "device_end": -1, "host_queued_end": 1585579906.81518}, "device": "cpu", "nd_range": {"device_start": 2247681.0048302133, "device_end": 2247681.0048310873}, "cmdq": 0, "read": {"device_start": -1, "device_end": -1}}, "FFC_sans_bias46": {"write": {"device_start": -1, "host_queued_start": 1585579906.784623, "device_queued": -1, "device_end": -1, "host_queued_end": 1585579906.81518}, "device": "cpu", "nd_range": {"device_start": 2247681.591267296, "device_end": 2247681.720115535}, "cmdq": 2, "read": {"device_start": -1, "device_end": -1}}, "coalesced_transpose66": {"write": {"device_start": -1, "host_queued_start": 1585579906.702751, "device_queued": -1, "device_end": -1, "host_queued_end": 1585579906.711117}, "device": "gpu", "nd_range": {"device_start": 1585579841.5029593, "device_end": 1585579841.5100293}, "cmdq": 1, "read": {"device_start": -1, "device_end": -1}}, "coalesced_transpose48": {"write": {"device_start": -1, "host_queued_start": 1585579906.790024, "device_queued": -1, "device_end": -1, "host_queued_end": 1585579906.81518}, "device": "cpu", "nd_range": {"device_start": 2247681.733987473, "device_end": 2247681.735145785}, "cmdq": 4, "read": {"device_start": -1, "device_end": -1}}}