{"FFC_sans_bias60": {"write": {"device_start": -1, "host_queued_start": 1585580029.313552, "device_queued": -1, "device_end": -1, "host_queued_end": 1585580029.3303}, "device": "gpu", "nd_range": {"device_start": 1585579964.1713068, "device_end": 1585579964.1835835}, "cmdq": 3, "read": {"device_start": -1, "device_end": -1}}, "FFC_sans_bias4": {"write": {"device_start": -1, "host_queued_start": 1585580029.373028, "device_queued": -1, "device_end": -1, "host_queued_end": 1585580029.38542}, "device": "cpu", "nd_range": {"device_start": 2247803.8939189874, "device_end": 2247803.95466144}, "cmdq": 3, "read": {"device_start": -1, "device_end": -1}}, "FFC_sans_bias7": {"write": {"device_start": -1, "host_queued_start": 1585580029.378943, "device_queued": -1, "device_end": -1, "host_queued_end": 1585580029.38542}, "device": "cpu", "nd_range": {"device_start": 2247804.0827857633, "device_end": 2247804.147021504}, "cmdq": 0, "read": {"device_start": -1, "device_end": -1}}, "FFC_sans_bias6": {"write": {"device_start": -1, "host_queued_start": 1585580029.374878, "device_queued": -1, "device_end": -1, "host_queued_end": 1585580029.38542}, "device": "cpu", "nd_range": {"device_start": 2247803.9983916963, "device_end": 2247804.075123824}, "cmdq": 1, "read": {"device_start": -1, "device_end": -1}}, "FFC_sans_bias1": {"write": {"device_start": -1, "host_queued_start": 1585580029.34745, "device_queued": -1, "device_end": -1, "host_queued_end": 1585580029.38542}, "device": "cpu", "nd_range": {"device_start": 2247803.575190132, "device_end": 2247803.696889275}, "cmdq": 0, "read": {"device_start": -1, "device_end": -1}}, "FFC_sans_bias0": {"write": {"device_start": -1, "host_queued_start": 1585580029.343859, "device_queued": -1, "device_end": -1, "host_queued_end": 1585580029.38542}, "device": "cpu", "nd_range": {"device_start": 2247803.6425765133, "device_end": 2247803.77424915}, "cmdq": 3, "read": {"device_start": -1, "device_end": -1}}, "FFC_sans_bias2": {"write": {"device_start": -1, "host_queued_start": 1585580029.350952, "device_queued": -1, "device_end": -1, "host_queued_end": 1585580029.38542}, "device": "cpu", "nd_range": {"device_start": 2247803.5757117863, "device_end": 2247803.791940248}, "cmdq": 1, "read": {"device_start": -1, "device_end": -1}}, "FFC_sans_bias61": {"write": {"device_start": 1585579964.1838155, "host_queued_start": 1585580029.326941, "device_queued": 1585579964.112348, "device_end": 1585579964.1839085, "host_queued_end": 1585580029.3303}, "device": "gpu", "nd_range": {"device_start": 1585579964.1839128, "device_end": 1585579964.1998327}, "cmdq": 3, "read": {"device_start": 1585579964.1998389, "device_end": 1585579964.1999297}}, "FFC_sans_bias52": {"write": {"device_start": 1585579964.177663, "host_queued_start": 1585580029.32367, "device_queued": 1585579964.112208, "device_end": 1585579964.1777565, "host_queued_end": 1585580029.3303}, "device": "gpu", "nd_range": {"device_start": 1585579964.1777608, "device_end": 1585579964.19011}, "cmdq": 2, "read": {"device_start": 1585579964.1901126, "device_end": 1585579964.190205}}, "FFC_sans_bias9": {"write": {"device_start": -1, "host_queued_start": 1585580029.354404, "device_queued": -1, "device_end": -1, "host_queued_end": 1585580029.38542}, "device": "cpu", "nd_range": {"device_start": 2247803.5750868022, "device_end": 2247803.644221877}, "cmdq": 2, "read": {"device_start": -1, "device_end": -1}}, "coalesced_transpose39": {"write": {"device_start": -1, "host_queued_start": 1585580029.30848, "device_queued": -1, "device_end": -1, "host_queued_end": 1585580029.3303}, "device": "gpu", "nd_range": {"device_start": 1585579964.1443808, "device_end": 1585579964.1539702}, "cmdq": 1, "read": {"device_start": -1, "device_end": -1}}, "FFC_sans_bias55": {"write": {"device_start": 1585579964.1284914, "host_queued_start": 1585580029.297993, "device_queued": 1585579964.108186, "device_end": 1585579964.1285915, "host_queued_end": 1585580029.3303}, "device": "gpu", "nd_range": {"device_start": 1585579964.1285996, "device_end": 1585579964.1443777}, "cmdq": 1, "read": {"device_start": -1, "device_end": -1}}, "FFC_sans_bias54": {"write": {"device_start": 1585579964.125246, "host_queued_start": 1585580029.294714, "device_queued": 1585579964.1079495, "device_end": 1585579964.1253474, "host_queued_end": 1585580029.3303}, "device": "gpu", "nd_range": {"device_start": 1585579964.1253636, "device_end": 1585579964.141116}, "cmdq": 0, "read": {"device_start": -1, "device_end": -1}}, "FFC_sans_bias56": {"write": {"device_start": 1585579964.1219459, "host_queued_start": 1585580029.291468, "device_queued": 1585579964.1073966, "device_end": 1585579964.122049, "host_queued_end": 1585580029.3303}, "device": "gpu", "nd_range": {"device_start": 1585579964.1220522, "device_end": 1585579964.137859}, "cmdq": 4, "read": {"device_start": -1, "device_end": -1}}, "FFC_sans_bias51": {"write": {"device_start": -1, "host_queued_start": 1585580029.313238, "device_queued": -1, "device_end": -1, "host_queued_end": 1585580029.3303}, "device": "gpu", "nd_range": {"device_start": 1585579964.1681173, "device_end": 1585579964.1738298}, "cmdq": 2, "read": {"device_start": -1, "device_end": -1}}, "softmax23": {"write": {"device_start": -1, "host_queued_start": 1585580029.374534, "device_queued": -1, "device_end": -1, "host_queued_end": 1585580029.38542}, "device": "cpu", "nd_range": {"device_start": 2247804.013031802, "device_end": 2247804.014015558}, "cmdq": 0, "read": {"device_start": -1, "device_end": -1}}, "FFC_sans_bias37": {"write": {"device_start": 1585579964.1063023, "host_queued_start": 1585580029.275099, "device_queued": 1585579964.1059442, "device_end": 1585579964.1064222, "host_queued_end": 1585580029.3303}, "device": "gpu", "nd_range": {"device_start": 1585579964.106641, "device_end": 1585579964.1215641}, "cmdq": 4, "read": {"device_start": -1, "device_end": -1}}, "empty62": {"write": {"device_start": 1585579964.104402, "host_queued_start": 1585580029.256267, "device_queued": 1585579964.104045, "device_end": 1585579964.1047094, "host_queued_end": 1585580029.3303}, "device": "gpu", "nd_range": {"device_start": 1585579964.104726, "device_end": 1585579964.104736}, "cmdq": 3, "read": {"device_start": -1, "device_end": -1}}, "FFC_sans_bias70": {"write": {"device_start": 1585579964.1967769, "host_queued_start": 1585580029.330182, "device_queued": 1585579964.112493, "device_end": 1585579964.1968694, "host_queued_end": 1585580029.3303}, "device": "gpu", "nd_range": {"device_start": 1585579964.1968718, "device_end": 1585579964.2030733}, "cmdq": 4, "read": {"device_start": 1585579964.2030795, "device_end": 1585579964.2031703}}, "FFC_sans_bias58": {"write": {"device_start": -1, "host_queued_start": 1585580029.310678, "device_queued": -1, "device_end": -1, "host_queued_end": 1585580029.3303}, "device": "gpu", "nd_range": {"device_start": 1585579964.1540303, "device_end": 1585579964.1672044}, "cmdq": 3, "read": {"device_start": -1, "device_end": -1}}, "softmax41": {"write": {"device_start": -1, "host_queued_start": 1585580029.311527, "device_queued": -1, "device_end": -1, "host_queued_end": 1585580029.3303}, "device": "gpu", "nd_range": {"device_start": 1585579964.1606913, "device_end": 1585579964.1689105}, "cmdq": 1, "read": {"device_start": -1, "device_end": -1}}, "FFC_sans_bias11": {"write": {"device_start": -1, "host_queued_start": 1585580029.36131, "device_queued": -1, "device_end": -1, "host_queued_end": 1585580029.38542}, "device": "cpu", "nd_range": {"device_start": 2247803.69691872, "device_end": 2247803.814887241}, "cmdq": 0, "read": {"device_start": -1, "device_end": -1}}, "FFC_sans_bias10": {"write": {"device_start": -1, "host_queued_start": 1585580029.357858, "device_queued": -1, "device_end": -1, "host_queued_end": 1585580029.38542}, "device": "cpu", "nd_range": {"device_start": 2247803.7744239233, "device_end": 2247803.840969615}, "cmdq": 3, "read": {"device_start": -1, "device_end": -1}}, "coalesced_transpose3": {"write": {"device_start": -1, "host_queued_start": 1585580029.371991, "device_queued": -1, "device_end": -1, "host_queued_end": 1585580029.38542}, "device": "cpu", "nd_range": {"device_start": 2247803.8149078493, "device_end": 2247803.823738431}, "cmdq": 0, "read": {"device_start": -1, "device_end": -1}}, "FFC_sans_bias34": {"write": {"device_start": 1585579964.1773434, "host_queued_start": 1585580029.31713, "device_queued": 1585579964.1117263, "device_end": 1585579964.1774352, "host_queued_end": 1585580029.3303}, "device": "gpu", "nd_range": {"device_start": 1585579964.1774426, "device_end": 1585579964.186834}, "cmdq": 0, "read": {"device_start": 1585579964.186836, "device_end": 1585579964.1869266}}, "FFC_sans_bias15": {"write": {"device_start": -1, "host_queued_start": 1585580029.375245, "device_queued": -1, "device_end": -1, "host_queued_end": 1585580029.38542}, "device": "cpu", "nd_range": {"device_start": 2247804.040176399, "device_end": 2247804.149213929}, "cmdq": 2, "read": {"device_start": -1, "device_end": -1}}, "FFC_sans_bias31": {"write": {"device_start": -1, "host_queued_start": 1585580029.309716, "device_queued": -1, "device_end": -1, "host_queued_end": 1585580029.3303}, "device": "gpu", "nd_range": {"device_start": 1585579964.1539319, "device_end": 1585579964.1574044}, "cmdq": 0, "read": {"device_start": -1, "device_end": -1}}, "FFC_sans_bias16": {"write": {"device_start": -1, "host_queued_start": 1585580029.382151, "device_queued": -1, "device_end": -1, "host_queued_end": 1585580029.38542}, "device": "cpu", "nd_range": {"device_start": 2247804.149238509, "device_end": 2247804.196148964}, "cmdq": 1, "read": {"device_start": -1, "device_end": -1}}, "FFC_sans_bias19": {"write": {"device_start": -1, "host_queued_start": 1585580029.368243, "device_queued": -1, "device_end": -1, "host_queued_end": 1585580029.38542}, "device": "cpu", "nd_range": {"device_start": 2247803.6444330183, "device_end": 2247803.76690276}, "cmdq": 2, "read": {"device_start": -1, "device_end": -1}}, "FFC_sans_bias18": {"write": {"device_start": -1, "host_queued_start": 1585580029.364794, "device_queued": -1, "device_end": -1, "host_queued_end": 1585580029.38542}, "device": "cpu", "nd_range": {"device_start": 2247803.791963274, "device_end": 2247803.907159137}, "cmdq": 1, "read": {"device_start": -1, "device_end": -1}}, "coalesced_transpose30": {"write": {"device_start": -1, "host_queued_start": 1585580029.308175, "device_queued": -1, "device_end": -1, "host_queued_end": 1585580029.3303}, "device": "gpu", "nd_range": {"device_start": 1585579964.1411173, "device_end": 1585579964.153931}, "cmdq": 0, "read": {"device_start": -1, "device_end": -1}}, "FFC_sans_bias69": {"write": {"device_start": -1, "host_queued_start": 1585580029.313868, "device_queued": -1, "device_end": -1, "host_queued_end": 1585580029.3303}, "device": "gpu", "nd_range": {"device_start": 1585579964.1810732, "device_end": 1585579964.1965513}, "cmdq": 4, "read": {"device_start": -1, "device_end": -1}}, "FFC_sans_bias38": {"write": {"device_start": 1585579964.1087828, "host_queued_start": 1585580029.278427, "device_queued": 1585579964.1067362, "device_end": 1585579964.1088803, "host_queued_end": 1585580029.3303}, "device": "gpu", "nd_range": {"device_start": 1585579964.108884, "device_end": 1585579964.1248596}, "cmdq": 0, "read": {"device_start": -1, "device_end": -1}}, "coalesced_transpose57": {"write": {"device_start": -1, "host_queued_start": 1585580029.309097, "device_queued": -1, "device_end": -1, "host_queued_end": 1585580029.3303}, "device": "gpu", "nd_range": {"device_start": 1585579964.1509106, "device_end": 1585579964.1540287}, "cmdq": 3, "read": {"device_start": -1, "device_end": -1}}, "empty26": {"write": {"device_start": -1, "host_queued_start": 1585580029.340661, "device_queued": -1, "device_end": -1, "host_queued_end": 1585580029.38542}, "device": "cpu", "nd_range": {"device_start": 2247803.575077535, "device_end": 2247803.575078785}, "cmdq": 2, "read": {"device_start": -1, "device_end": -1}}, "coalesced_transpose12": {"write": {"device_start": -1, "host_queued_start": 1585580029.372333, "device_queued": -1, "device_end": -1, "host_queued_end": 1585580029.38542}, "device": "cpu", "nd_range": {"device_start": 2247803.907173747, "device_end": 2247803.908374212}, "cmdq": 1, "read": {"device_start": -1, "device_end": -1}}, "empty44": {"write": {"device_start": 1585579964.1037476, "host_queued_start": 1585580029.250717, "device_queued": 1585579964.1033375, "device_end": 1585579964.1040332, "host_queued_end": 1585580029.3303}, "device": "gpu", "nd_range": {"device_start": 1585579964.1044257, "device_end": 1585579964.1044939}, "cmdq": 1, "read": {"device_start": -1, "device_end": -1}}, "coalesced_transpose21": {"write": {"device_start": -1, "host_queued_start": 1585580029.37266, "device_queued": -1, "device_end": -1, "host_queued_end": 1585580029.38542}, "device": "cpu", "nd_range": {"device_start": 2247803.7669211393, "device_end": 2247803.7680408573}, "cmdq": 2, "read": {"device_start": -1, "device_end": -1}}, "FFC_sans_bias36": {"write": {"device_start": 1585579964.105948, "host_queued_start": 1585580029.271618, "device_queued": 1585579964.105605, "device_end": 1585579964.1062517, "host_queued_end": 1585580029.3303}, "device": "gpu", "nd_range": {"device_start": 1585579964.106543, "device_end": 1585579964.1182394}, "cmdq": 3, "read": {"device_start": -1, "device_end": -1}}, "softmax14": {"write": {"device_start": -1, "host_queued_start": 1585580029.374266, "device_queued": -1, "device_end": -1, "host_queued_end": 1585580029.38542}, "device": "cpu", "nd_range": {"device_start": 2247804.02928261, "device_end": 2247804.030228918}, "cmdq": 3, "read": {"device_start": -1, "device_end": -1}}, "FFC_sans_bias13": {"write": {"device_start": -1, "host_queued_start": 1585580029.373375, "device_queued": -1, "device_end": -1, "host_queued_end": 1585580029.38542}, "device": "cpu", "nd_range": {"device_start": 2247803.9274691283, "device_end": 2247804.013011686}, "cmdq": 0, "read": {"device_start": -1, "device_end": -1}}, "empty8": {"write": {"device_start": -1, "host_queued_start": 1585580029.334707, "device_queued": -1, "device_end": -1, "host_queued_end": 1585580029.38542}, "device": "cpu", "nd_range": {"device_start": 2247803.5750359492, "device_end": 2247803.575049226}, "cmdq": 0, "read": {"device_start": -1, "device_end": -1}}, "FFC_sans_bias42": {"write": {"device_start": -1, "host_queued_start": 1585580029.312921, "device_queued": -1, "device_end": -1, "host_queued_end": 1585580029.3303}, "device": "gpu", "nd_range": {"device_start": 1585579964.168912, "device_end": 1585579964.180325}, "cmdq": 1, "read": {"device_start": -1, "device_end": -1}}, "FFC_sans_bias43": {"write": {"device_start": 1585579964.1805553, "host_queued_start": 1585580029.3204, "device_queued": 1585579964.1120524, "device_end": 1585579964.1806495, "host_queued_end": 1585580029.3303}, "device": "gpu", "nd_range": {"device_start": 1585579964.180658, "device_end": 1585579964.1933455}, "cmdq": 1, "read": {"device_start": 1585579964.193351, "device_end": 1585579964.193441}}, "FFC_sans_bias40": {"write": {"device_start": -1, "host_queued_start": 1585580029.310033, "device_queued": -1, "device_end": -1, "host_queued_end": 1585580029.3303}, "device": "gpu", "nd_range": {"device_start": 1585579964.1539712, "device_end": 1585579964.1606903}, "cmdq": 1, "read": {"device_start": -1, "device_end": -1}}, "softmax32": {"write": {"device_start": -1, "host_queued_start": 1585580029.311271, "device_queued": -1, "device_end": -1, "host_queued_end": 1585580029.3303}, "device": "gpu", "nd_range": {"device_start": 1585579964.1574056, "device_end": 1585579964.1689067}, "cmdq": 0, "read": {"device_start": -1, "device_end": -1}}, "FFC_sans_bias47": {"write": {"device_start": 1585579964.1186078, "host_queued_start": 1585580029.288219, "device_queued": 1585579964.1072717, "device_end": 1585579964.1187127, "host_queued_end": 1585580029.3303}, "device": "gpu", "nd_range": {"device_start": 1585579964.1187286, "device_end": 1585579964.1346307}, "cmdq": 3, "read": {"device_start": -1, "device_end": -1}}, "FFC_sans_bias45": {"write": {"device_start": 1585579964.1122127, "host_queued_start": 1585580029.281695, "device_queued": 1585579964.1070025, "device_end": 1585579964.1123242, "host_queued_end": 1585580029.3303}, "device": "gpu", "nd_range": {"device_start": 1585579964.112331, "device_end": 1585579964.1280987}, "cmdq": 1, "read": {"device_start": -1, "device_end": -1}}, "softmax50": {"write": {"device_start": -1, "host_queued_start": 1585580029.311777, "device_queued": -1, "device_end": -1, "host_queued_end": 1585580029.3303}, "device": "gpu", "nd_range": {"device_start": 1585579964.1640027, "device_end": 1585579964.168116}, "cmdq": 2, "read": {"device_start": -1, "device_end": -1}}, "FFC_sans_bias33": {"write": {"device_start": -1, "host_queued_start": 1585580029.312604, "device_queued": -1, "device_end": -1, "host_queued_end": 1585580029.3303}, "device": "gpu", "nd_range": {"device_start": 1585579964.1689076, "device_end": 1585579964.1770954}, "cmdq": 0, "read": {"device_start": -1, "device_end": -1}}, "FFC_sans_bias63": {"write": {"device_start": 1585579964.1382282, "host_queued_start": 1585580029.307836, "device_queued": 1585579964.1089034, "device_end": 1585579964.138331, "host_queued_end": 1585580029.3303}, "device": "gpu", "nd_range": {"device_start": 1585579964.138347, "device_end": 1585579964.1541574}, "cmdq": 4, "read": {"device_start": -1, "device_end": -1}}, "FFC_sans_bias49": {"write": {"device_start": -1, "host_queued_start": 1585580029.310351, "device_queued": -1, "device_end": -1, "host_queued_end": 1585580029.3303}, "device": "gpu", "nd_range": {"device_start": 1585579964.1540074, "device_end": 1585579964.1640017}, "cmdq": 2, "read": {"device_start": -1, "device_end": -1}}, "FFC_sans_bias64": {"write": {"device_start": 1585579964.1317074, "host_queued_start": 1585580029.301262, "device_queued": 1585579964.1083255, "device_end": 1585579964.1318107, "host_queued_end": 1585580029.3303}, "device": "gpu", "nd_range": {"device_start": 1585579964.1318285, "device_end": 1585579964.1476455}, "cmdq": 2, "read": {"device_start": -1, "device_end": -1}}, "FFC_sans_bias65": {"write": {"device_start": 1585579964.1350284, "host_queued_start": 1585580029.304535, "device_queued": 1585579964.1084545, "device_end": 1585579964.1351302, "host_queued_end": 1585580029.3303}, "device": "gpu", "nd_range": {"device_start": 1585579964.135146, "device_end": 1585579964.1508975}, "cmdq": 3, "read": {"device_start": -1, "device_end": -1}}, "FFC_sans_bias67": {"write": {"device_start": -1, "host_queued_start": 1585580029.311007, "device_queued": -1, "device_end": -1, "host_queued_end": 1585580029.3303}, "device": "gpu", "nd_range": {"device_start": 1585579964.1670206, "device_end": 1585579964.1705356}, "cmdq": 4, "read": {"device_start": -1, "device_end": -1}}, "FFC_sans_bias24": {"write": {"device_start": -1, "host_queued_start": 1585580029.37561, "device_queued": -1, "device_end": -1, "host_queued_end": 1585580029.38542}, "device": "cpu", "nd_range": {"device_start": 2247804.030245612, "device_end": 2247804.101274225}, "cmdq": 3, "read": {"device_start": -1, "device_end": -1}}, "FFC_sans_bias25": {"write": {"device_start": -1, "host_queued_start": 1585580029.385367, "device_queued": -1, "device_end": -1, "host_queued_end": 1585580029.38542}, "device": "cpu", "nd_range": {"device_start": 2247804.149245359, "device_end": 2247804.2265428333}, "cmdq": 2, "read": {"device_start": -1, "device_end": -1}}, "FFC_sans_bias27": {"write": {"device_start": 1585579964.1050222, "host_queued_start": 1585580029.261738, "device_queued": 1585579964.1047194, "device_end": 1585579964.1051145, "host_queued_end": 1585580029.3303}, "device": "gpu", "nd_range": {"device_start": 1585579964.1051178, "device_end": 1585579964.1084871}, "cmdq": 0, "read": {"device_start": -1, "device_end": -1}}, "FFC_sans_bias20": {"write": {"device_start": -1, "host_queued_start": 1585580029.371639, "device_queued": -1, "device_end": -1, "host_queued_end": 1585580029.38542}, "device": "cpu", "nd_range": {"device_start": 2247803.8411619794, "device_end": 2247803.893698951}, "cmdq": 3, "read": {"device_start": -1, "device_end": -1}}, "FFC_sans_bias22": {"write": {"device_start": -1, "host_queued_start": 1585580029.373721, "device_queued": -1, "device_end": -1, "host_queued_end": 1585580029.38542}, "device": "cpu", "nd_range": {"device_start": 2247803.9083885993, "device_end": 2247803.99837618}, "cmdq": 1, "read": {"device_start": -1, "device_end": -1}}, "softmax68": {"write": {"device_start": -1, "host_queued_start": 1585580029.312295, "device_queued": -1, "device_end": -1, "host_queued_end": 1585580029.3303}, "device": "gpu", "nd_range": {"device_start": 1585579964.1705365, "device_end": 1585579964.1810722}, "cmdq": 4, "read": {"device_start": -1, "device_end": -1}}, "softmax5": {"write": {"device_start": -1, "host_queued_start": 1585580029.373994, "device_queued": -1, "device_end": -1, "host_queued_end": 1585580029.38542}, "device": "cpu", "nd_range": {"device_start": 2247803.954895041, "device_end": 2247803.955868151}, "cmdq": 2, "read": {"device_start": -1, "device_end": -1}}, "FFC_sans_bias28": {"write": {"device_start": 1585579964.1053596, "host_queued_start": 1585580029.265042, "device_queued": 1585579964.105124, "device_end": 1585579964.105594, "host_queued_end": 1585580029.3303}, "device": "gpu", "nd_range": {"device_start": 1585579964.1062818, "device_end": 1585579964.111808}, "cmdq": 1, "read": {"device_start": -1, "device_end": -1}}, "FFC_sans_bias29": {"write": {"device_start": 1585579964.105655, "host_queued_start": 1585580029.268337, "device_queued": 1585579964.1052494, "device_end": 1585579964.105934, "host_queued_end": 1585580029.3303}, "device": "gpu", "nd_range": {"device_start": 1585579964.1064415, "device_end": 1585579964.11511}, "cmdq": 2, "read": {"device_start": -1, "device_end": -1}}, "empty17": {"write": {"device_start": -1, "host_queued_start": 1585580029.337658, "device_queued": -1, "device_end": -1, "host_queued_end": 1585580029.38542}, "device": "cpu", "nd_range": {"device_start": 2247803.575035838, "device_end": 2247803.5750492183}, "cmdq": 1, "read": {"device_start": -1, "device_end": -1}}, "softmax59": {"write": {"device_start": -1, "host_queued_start": 1585580029.31204, "device_queued": -1, "device_end": -1, "host_queued_end": 1585580029.3303}, "device": "gpu", "nd_range": {"device_start": 1585579964.1672056, "device_end": 1585579964.1713057}, "cmdq": 3, "read": {"device_start": -1, "device_end": -1}}, "empty71": {"write": {"device_start": 1585579964.1047142, "host_queued_start": 1585580029.25893, "device_queued": 1585579964.1043744, "device_end": 1585579964.1049237, "host_queued_end": 1585580029.3303}, "device": "gpu", "nd_range": {"device_start": 1585579964.1049345, "device_end": 1585579964.1049385}, "cmdq": 4, "read": {"device_start": -1, "device_end": -1}}, "empty35": {"write": {"device_start": 1585579964.1033978, "host_queued_start": 1585580029.247374, "device_queued": 1585579964.1030517, "device_end": 1585579964.1036403, "host_queued_end": 1585580029.3303}, "device": "gpu", "nd_range": {"device_start": 1585579964.1036432, "device_end": 1585579964.1036482}, "cmdq": 0, "read": {"device_start": -1, "device_end": -1}}, "empty53": {"write": {"device_start": 1585579964.1040862, "host_queued_start": 1585580029.253622, "device_queued": 1585579964.103652, "device_end": 1585579964.1043591, "host_queued_end": 1585580029.3303}, "device": "gpu", "nd_range": {"device_start": 1585579964.1044605, "device_end": 1585579964.1045458}, "cmdq": 2, "read": {"device_start": -1, "device_end": -1}}, "FFC_sans_bias46": {"write": {"device_start": 1585579964.115497, "host_queued_start": 1585580029.284952, "device_queued": 1585579964.1071475, "device_end": 1585579964.1156044, "host_queued_end": 1585580029.3303}, "device": "gpu", "nd_range": {"device_start": 1585579964.1156132, "device_end": 1585579964.1313255}, "cmdq": 2, "read": {"device_start": -1, "device_end": -1}}, "coalesced_transpose66": {"write": {"device_start": -1, "host_queued_start": 1585580029.309398, "device_queued": -1, "device_end": -1, "host_queued_end": 1585580029.3303}, "device": "gpu", "nd_range": {"device_start": 1585579964.1541688, "device_end": 1585579964.1670194}, "cmdq": 4, "read": {"device_start": -1, "device_end": -1}}, "coalesced_transpose48": {"write": {"device_start": -1, "host_queued_start": 1585580029.308789, "device_queued": -1, "device_end": -1, "host_queued_end": 1585580029.3303}, "device": "gpu", "nd_range": {"device_start": 1585579964.147647, "device_end": 1585579964.1540065}, "cmdq": 2, "read": {"device_start": -1, "device_end": -1}}}