{"FFC_sans_bias60": {"write": {"device_start": -1, "host_queued_start": 1585579889.577154, "device_queued": -1, "device_end": -1, "host_queued_end": 1585579889.600386}, "device": "gpu", "nd_range": {"device_start": 1585579824.4845886, "device_end": 1585579824.4975152}, "cmdq": 2, "read": {"device_start": -1, "device_end": -1}}, "FFC_sans_bias4": {"write": {"device_start": -1, "host_queued_start": 1585579889.616452, "device_queued": -1, "device_end": -1, "host_queued_end": 1585579889.620887}, "device": "cpu", "nd_range": {"device_start": 2247663.916216175, "device_end": 2247663.953284218}, "cmdq": 0, "read": {"device_start": -1, "device_end": -1}}, "FFC_sans_bias7": {"write": {"device_start": -1, "host_queued_start": 1585579889.620832, "device_queued": -1, "device_end": -1, "host_queued_end": 1585579889.620887}, "device": "cpu", "nd_range": {"device_start": 2247663.988850052, "device_end": 2247664.025917274}, "cmdq": 3, "read": {"device_start": -1, "device_end": -1}}, "FFC_sans_bias6": {"write": {"device_start": -1, "host_queued_start": 1585579889.617139, "device_queued": -1, "device_end": -1, "host_queued_end": 1585579889.620887}, "device": "cpu", "nd_range": {"device_start": 2247663.953750884, "device_end": 2247663.988827833}, "cmdq": 2, "read": {"device_start": -1, "device_end": -1}}, "FFC_sans_bias1": {"write": {"device_start": -1, "host_queued_start": 1585579889.611973, "device_queued": -1, "device_end": -1, "host_queued_end": 1585579889.620887}, "device": "cpu", "nd_range": {"device_start": 2247663.8105242443, "device_end": 2247663.911735611}, "cmdq": 2, "read": {"device_start": -1, "device_end": -1}}, "FFC_sans_bias0": {"write": {"device_start": -1, "host_queued_start": 1585579889.608305, "device_queued": -1, "device_end": -1, "host_queued_end": 1585579889.620887}, "device": "cpu", "nd_range": {"device_start": 2247663.810503285, "device_end": 2247663.919347953}, "cmdq": 1, "read": {"device_start": -1, "device_end": -1}}, "FFC_sans_bias2": {"write": {"device_start": -1, "host_queued_start": 1585579889.615669, "device_queued": -1, "device_end": -1, "host_queued_end": 1585579889.620887}, "device": "cpu", "nd_range": {"device_start": 2247663.810522175, "device_end": 2247663.873411091}, "cmdq": 3, "read": {"device_start": -1, "device_end": -1}}, "FFC_sans_bias61": {"write": {"device_start": 1585579824.5045679, "host_queued_start": 1585579889.597012, "device_queued": 1585579824.3896594, "device_end": 1585579824.504661, "host_queued_end": 1585579889.600386}, "device": "gpu", "nd_range": {"device_start": 1585579824.5046751, "device_end": 1585579824.5169635}, "cmdq": 1, "read": {"device_start": 1585579824.51697, "device_end": 1585579824.5170548}}, "FFC_sans_bias52": {"write": {"device_start": 1585579824.501398, "host_queued_start": 1585579889.593767, "device_queued": 1585579824.3893945, "device_end": 1585579824.5015118, "host_queued_end": 1585579889.600386}, "device": "gpu", "nd_range": {"device_start": 1585579824.501526, "device_end": 1585579824.513738}, "cmdq": 0, "read": {"device_start": 1585579824.5137465, "device_end": 1585579824.5138352}}, "FFC_sans_bias9": {"write": {"device_start": 1585579824.3794727, "host_queued_start": 1585579889.503598, "device_queued": 1585579824.3788478, "device_end": 1585579824.379716, "host_queued_end": 1585579889.600386}, "device": "gpu", "nd_range": {"device_start": 1585579824.3797266, "device_end": 1585579824.3830886}, "cmdq": 3, "read": {"device_start": -1, "device_end": -1}}, "coalesced_transpose39": {"write": {"device_start": -1, "host_queued_start": 1585579889.570298, "device_queued": -1, "device_end": -1, "host_queued_end": 1585579889.600386}, "device": "gpu", "nd_range": {"device_start": 1585579824.4503052, "device_end": 1585579824.4503412}, "cmdq": 3, "read": {"device_start": -1, "device_end": -1}}, "FFC_sans_bias55": {"write": {"device_start": 1585579824.4278154, "host_queued_start": 1585579889.559323, "device_queued": 1585579824.383857, "device_end": 1585579824.4279158, "host_queued_end": 1585579889.600386}, "device": "gpu", "nd_range": {"device_start": 1585579824.4279218, "device_end": 1585579824.4405696}, "cmdq": 0, "read": {"device_start": -1, "device_end": -1}}, "FFC_sans_bias54": {"write": {"device_start": 1585579824.4245238, "host_queued_start": 1585579889.556083, "device_queued": 1585579824.383347, "device_end": 1585579824.4246192, "host_queued_end": 1585579889.600386}, "device": "gpu", "nd_range": {"device_start": 1585579824.4246266, "device_end": 1585579824.437276}, "cmdq": 3, "read": {"device_start": -1, "device_end": -1}}, "FFC_sans_bias56": {"write": {"device_start": 1585579824.4213924, "host_queued_start": 1585579889.552817, "device_queued": 1585579824.3832076, "device_end": 1585579824.4214869, "host_queued_end": 1585579889.600386}, "device": "gpu", "nd_range": {"device_start": 1585579824.4214904, "device_end": 1585579824.4341266}, "cmdq": 2, "read": {"device_start": -1, "device_end": -1}}, "FFC_sans_bias51": {"write": {"device_start": -1, "host_queued_start": 1585579889.576761, "device_queued": -1, "device_end": -1, "host_queued_end": 1585579889.600386}, "device": "gpu", "nd_range": {"device_start": 1585579824.4779596, "device_end": 1585579824.4910312}, "cmdq": 1, "read": {"device_start": -1, "device_end": -1}}, "softmax23": {"write": {"device_start": -1, "host_queued_start": 1585579889.573953, "device_queued": -1, "device_end": -1, "host_queued_end": 1585579889.600386}, "device": "gpu", "nd_range": {"device_start": 1585579824.473214, "device_end": 1585579824.4736307}, "cmdq": 3, "read": {"device_start": -1, "device_end": -1}}, "FFC_sans_bias37": {"write": {"device_start": 1585579824.4111242, "host_queued_start": 1585579889.536464, "device_queued": 1585579824.3820567, "device_end": 1585579824.4113836, "host_queued_end": 1585579889.600386}, "device": "gpu", "nd_range": {"device_start": 1585579824.411393, "device_end": 1585579824.417823}, "cmdq": 1, "read": {"device_start": -1, "device_end": -1}}, "empty62": {"write": {"device_start": 1585579824.3788812, "host_queued_start": 1585579889.498235, "device_queued": 1585579824.3782294, "device_end": 1585579824.3791652, "host_queued_end": 1585579889.600386}, "device": "gpu", "nd_range": {"device_start": 1585579824.37917, "device_end": 1585579824.379177}, "cmdq": 1, "read": {"device_start": -1, "device_end": -1}}, "FFC_sans_bias70": {"write": {"device_start": 1585579824.5110338, "host_queued_start": 1585579889.600271, "device_queued": 1585579824.3898523, "device_end": 1585579824.511127, "host_queued_end": 1585579889.600386}, "device": "gpu", "nd_range": {"device_start": 1585579824.5111396, "device_end": 1585579824.52019}, "cmdq": 2, "read": {"device_start": 1585579824.520199, "device_end": 1585579824.5202842}}, "FFC_sans_bias58": {"write": {"device_start": -1, "host_queued_start": 1585579889.573136, "device_queued": -1, "device_end": -1, "host_queued_end": 1585579889.600386}, "device": "gpu", "nd_range": {"device_start": 1585579824.453682, "device_end": 1585579824.4667437}, "cmdq": 0, "read": {"device_start": -1, "device_end": -1}}, "softmax41": {"write": {"device_start": -1, "host_queued_start": 1585579889.574441, "device_queued": -1, "device_end": -1, "host_queued_end": 1585579889.600386}, "device": "gpu", "nd_range": {"device_start": 1585579824.4699888, "device_end": 1585579824.4737577}, "cmdq": 1, "read": {"device_start": -1, "device_end": -1}}, "FFC_sans_bias11": {"write": {"device_start": 1585579824.380184, "host_queued_start": 1585579889.510323, "device_queued": 1585579824.379876, "device_end": 1585579824.3804913, "host_queued_end": 1585579889.600386}, "device": "gpu", "nd_range": {"device_start": 1585579824.3805566, "device_end": 1585579824.389705}, "cmdq": 1, "read": {"device_start": -1, "device_end": -1}}, "FFC_sans_bias10": {"write": {"device_start": 1585579824.3797677, "host_queued_start": 1585579889.506888, "device_queued": 1585579824.379481, "device_end": 1585579824.379866, "host_queued_end": 1585579889.600386}, "device": "gpu", "nd_range": {"device_start": 1585579824.3798695, "device_end": 1585579824.3864098}, "cmdq": 0, "read": {"device_start": -1, "device_end": -1}}, "coalesced_transpose3": {"write": {"device_start": -1, "host_queued_start": 1585579889.616077, "device_queued": -1, "device_end": -1, "host_queued_end": 1585579889.620887}, "device": "cpu", "nd_range": {"device_start": 2247663.913774548, "device_end": 2247663.916032865}, "cmdq": 4, "read": {"device_start": -1, "device_end": -1}}, "FFC_sans_bias34": {"write": {"device_start": 1585579824.4977462, "host_queued_start": 1585579889.587234, "device_queued": 1585579824.3886998, "device_end": 1585579824.4978404, "host_queued_end": 1585579889.600386}, "device": "gpu", "nd_range": {"device_start": 1585579824.4978573, "device_end": 1585579824.5104952}, "cmdq": 2, "read": {"device_start": 1585579824.5105014, "device_end": 1585579824.5105932}}, "FFC_sans_bias15": {"write": {"device_start": -1, "host_queued_start": 1585579889.575505, "device_queued": -1, "device_end": -1, "host_queued_end": 1585579889.600386}, "device": "gpu", "nd_range": {"device_start": 1585579824.4745674, "device_end": 1585579824.4779482}, "cmdq": 1, "read": {"device_start": -1, "device_end": -1}}, "FFC_sans_bias31": {"write": {"device_start": -1, "host_queued_start": 1585579889.572196, "device_queued": -1, "device_end": -1, "host_queued_end": 1585579889.600386}, "device": "gpu", "nd_range": {"device_start": 1585579824.4503367, "device_end": 1585579824.4569848}, "cmdq": 1, "read": {"device_start": -1, "device_end": -1}}, "FFC_sans_bias16": {"write": {"device_start": 1585579824.4879653, "host_queued_start": 1585579889.580665, "device_queued": 1585579824.388305, "device_end": 1585579824.4880643, "host_queued_end": 1585579889.600386}, "device": "gpu", "nd_range": {"device_start": 1585579824.4880795, "device_end": 1585579824.5007555}, "cmdq": 0, "read": {"device_start": 1585579824.5007615, "device_end": 1585579824.5008678}}, "FFC_sans_bias19": {"write": {"device_start": 1585579824.3833807, "host_queued_start": 1585579889.516943, "device_queued": 1585579824.3801382, "device_end": 1585579824.3834782, "host_queued_end": 1585579889.600386}, "device": "gpu", "nd_range": {"device_start": 1585579824.383481, "device_end": 1585579824.396146}, "cmdq": 3, "read": {"device_start": -1, "device_end": -1}}, "FFC_sans_bias18": {"write": {"device_start": 1585579824.3805456, "host_queued_start": 1585579889.51364, "device_queued": 1585579824.3800104, "device_end": 1585579824.3806634, "host_queued_end": 1585579889.600386}, "device": "gpu", "nd_range": {"device_start": 1585579824.3806827, "device_end": 1585579824.3928623}, "cmdq": 2, "read": {"device_start": -1, "device_end": -1}}, "coalesced_transpose30": {"write": {"device_start": -1, "host_queued_start": 1585579889.570001, "device_queued": -1, "device_end": -1, "host_queued_end": 1585579889.600386}, "device": "gpu", "nd_range": {"device_start": 1585579824.4471219, "device_end": 1585579824.4501934}, "cmdq": 2, "read": {"device_start": -1, "device_end": -1}}, "FFC_sans_bias69": {"write": {"device_start": -1, "host_queued_start": 1585579889.577467, "device_queued": -1, "device_end": -1, "host_queued_end": 1585579889.600386}, "device": "gpu", "nd_range": {"device_start": 1585579824.481278, "device_end": 1585579824.4942672}, "cmdq": 3, "read": {"device_start": -1, "device_end": -1}}, "FFC_sans_bias38": {"write": {"device_start": 1585579824.41143, "host_queued_start": 1585579889.539725, "device_queued": 1585579824.3821826, "device_end": 1585579824.4117177, "host_queued_end": 1585579889.600386}, "device": "gpu", "nd_range": {"device_start": 1585579824.4117227, "device_end": 1585579824.4211445}, "cmdq": 2, "read": {"device_start": -1, "device_end": -1}}, "coalesced_transpose57": {"write": {"device_start": -1, "host_queued_start": 1585579889.570929, "device_queued": -1, "device_end": -1, "host_queued_end": 1585579889.600386}, "device": "gpu", "nd_range": {"device_start": 1585579824.4501767, "device_end": 1585579824.4502184}, "cmdq": 1, "read": {"device_start": -1, "device_end": -1}}, "empty26": {"write": {"device_start": 1585579824.3775744, "host_queued_start": 1585579889.487787, "device_queued": 1585579824.3771267, "device_end": 1585579824.3778753, "host_queued_end": 1585579889.600386}, "device": "gpu", "nd_range": {"device_start": 1585579824.37788, "device_end": 1585579824.377889}, "cmdq": 1, "read": {"device_start": -1, "device_end": -1}}, "coalesced_transpose12": {"write": {"device_start": -1, "host_queued_start": 1585579889.569389, "device_queued": -1, "device_end": -1, "host_queued_end": 1585579889.600386}, "device": "gpu", "nd_range": {"device_start": 1585579824.4405713, "device_end": 1585579824.450139}, "cmdq": 0, "read": {"device_start": -1, "device_end": -1}}, "empty44": {"write": {"device_start": 1585579824.3782332, "host_queued_start": 1585579889.493043, "device_queued": 1585579824.37758, "device_end": 1585579824.3785033, "host_queued_end": 1585579889.600386}, "device": "gpu", "nd_range": {"device_start": 1585579824.3785079, "device_end": 1585579824.3785143}, "cmdq": 3, "read": {"device_start": -1, "device_end": -1}}, "coalesced_transpose21": {"write": {"device_start": -1, "host_queued_start": 1585579889.569697, "device_queued": -1, "device_end": -1, "host_queued_end": 1585579889.600386}, "device": "gpu", "nd_range": {"device_start": 1585579824.4438498, "device_end": 1585579824.4501648}, "cmdq": 1, "read": {"device_start": -1, "device_end": -1}}, "FFC_sans_bias36": {"write": {"device_start": 1585579824.410819, "host_queued_start": 1585579889.533197, "device_queued": 1585579824.381821, "device_end": 1585579824.411122, "host_queued_end": 1585579889.600386}, "device": "gpu", "nd_range": {"device_start": 1585579824.411135, "device_end": 1585579824.4145007}, "cmdq": 0, "read": {"device_start": -1, "device_end": -1}}, "softmax14": {"write": {"device_start": -1, "host_queued_start": 1585579889.573706, "device_queued": -1, "device_end": -1, "host_queued_end": 1585579889.600386}, "device": "gpu", "nd_range": {"device_start": 1585579824.4634693, "device_end": 1585579824.4745288}, "cmdq": 2, "read": {"device_start": -1, "device_end": -1}}, "FFC_sans_bias13": {"write": {"device_start": -1, "host_queued_start": 1585579889.571557, "device_queued": -1, "device_end": -1, "host_queued_end": 1585579889.600386}, "device": "gpu", "nd_range": {"device_start": 1585579824.4503553, "device_end": 1585579824.460212}, "cmdq": 3, "read": {"device_start": -1, "device_end": -1}}, "empty8": {"write": {"device_start": -1, "host_queued_start": 1585579889.605021, "device_queued": -1, "device_end": -1, "host_queued_end": 1585579889.620887}, "device": "cpu", "nd_range": {"device_start": 2247663.8104776563, "device_end": 2247663.810489593}, "cmdq": 0, "read": {"device_start": -1, "device_end": -1}}, "FFC_sans_bias42": {"write": {"device_start": -1, "host_queued_start": 1585579889.576443, "device_queued": -1, "device_end": -1, "host_queued_end": 1585579889.600386}, "device": "gpu", "nd_range": {"device_start": 1585579824.4753003, "device_end": 1585579824.4877095}, "cmdq": 0, "read": {"device_start": -1, "device_end": -1}}, "FFC_sans_bias43": {"write": {"device_start": 1585579824.4944983, "host_queued_start": 1585579889.59048, "device_queued": 1585579824.3888361, "device_end": 1585579824.494594, "host_queued_end": 1585579889.600386}, "device": "gpu", "nd_range": {"device_start": 1585579824.4946098, "device_end": 1585579824.5071945}, "cmdq": 3, "read": {"device_start": 1585579824.5072021, "device_end": 1585579824.5072904}}, "FFC_sans_bias40": {"write": {"device_start": -1, "host_queued_start": 1585579889.572507, "device_queued": -1, "device_end": -1, "host_queued_end": 1585579889.600386}, "device": "gpu", "nd_range": {"device_start": 1585579824.4503713, "device_end": 1585579824.4634573}, "cmdq": 2, "read": {"device_start": -1, "device_end": -1}}, "softmax32": {"write": {"device_start": -1, "host_queued_start": 1585579889.574197, "device_queued": -1, "device_end": -1, "host_queued_end": 1585579889.600386}, "device": "gpu", "nd_range": {"device_start": 1585579824.4667554, "device_end": 1585579824.4745429}, "cmdq": 0, "read": {"device_start": -1, "device_end": -1}}, "FFC_sans_bias47": {"write": {"device_start": 1585579824.4180741, "host_queued_start": 1585579889.549478, "device_queued": 1585579824.3830342, "device_end": 1585579824.41817, "host_queued_end": 1585579889.600386}, "device": "gpu", "nd_range": {"device_start": 1585579824.4181788, "device_end": 1585579824.4308412}, "cmdq": 1, "read": {"device_start": -1, "device_end": -1}}, "FFC_sans_bias45": {"write": {"device_start": 1585579824.4117208, "host_queued_start": 1585579889.542994, "device_queued": 1585579824.382308, "device_end": 1585579824.4118202, "host_queued_end": 1585579889.600386}, "device": "gpu", "nd_range": {"device_start": 1585579824.4118245, "device_end": 1585579824.4242756}, "cmdq": 3, "read": {"device_start": -1, "device_end": -1}}, "softmax50": {"write": {"device_start": -1, "host_queued_start": 1585579889.574692, "device_queued": -1, "device_end": -1, "host_queued_end": 1585579889.600386}, "device": "gpu", "nd_range": {"device_start": 1585579824.4745398, "device_end": 1585579824.4752657}, "cmdq": 2, "read": {"device_start": -1, "device_end": -1}}, "FFC_sans_bias33": {"write": {"device_start": -1, "host_queued_start": 1585579889.576124, "device_queued": -1, "device_end": -1, "host_queued_end": 1585579889.600386}, "device": "gpu", "nd_range": {"device_start": 1585579824.474583, "device_end": 1585579824.4812658}, "cmdq": 3, "read": {"device_start": -1, "device_end": -1}}, "FFC_sans_bias63": {"write": {"device_start": 1585579824.4375336, "host_queued_start": 1585579889.569046, "device_queued": 1585579824.3843606, "device_end": 1585579824.4376285, "host_queued_end": 1585579889.600386}, "device": "gpu", "nd_range": {"device_start": 1585579824.4376376, "device_end": 1585579824.4502969}, "cmdq": 3, "read": {"device_start": -1, "device_end": -1}}, "FFC_sans_bias49": {"write": {"device_start": -1, "host_queued_start": 1585579889.572825, "device_queued": -1, "device_end": -1, "host_queued_end": 1585579889.600386}, "device": "gpu", "nd_range": {"device_start": 1585579824.4602244, "device_end": 1585579824.4732015}, "cmdq": 3, "read": {"device_start": -1, "device_end": -1}}, "FFC_sans_bias64": {"write": {"device_start": 1585579824.4310982, "host_queued_start": 1585579889.56256, "device_queued": 1585579824.3841026, "device_end": 1585579824.431196, "host_queued_end": 1585579889.600386}, "device": "gpu", "nd_range": {"device_start": 1585579824.431205, "device_end": 1585579824.4438453}, "cmdq": 1, "read": {"device_start": -1, "device_end": -1}}, "FFC_sans_bias65": {"write": {"device_start": 1585579824.4343708, "host_queued_start": 1585579889.565809, "device_queued": 1585579824.3842323, "device_end": 1585579824.4344647, "host_queued_end": 1585579889.600386}, "device": "gpu", "nd_range": {"device_start": 1585579824.4344718, "device_end": 1585579824.4471195}, "cmdq": 2, "read": {"device_start": -1, "device_end": -1}}, "FFC_sans_bias67": {"write": {"device_start": -1, "host_queued_start": 1585579889.573455, "device_queued": -1, "device_end": -1, "host_queued_end": 1585579889.600386}, "device": "gpu", "nd_range": {"device_start": 1585579824.4569979, "device_end": 1585579824.4699774}, "cmdq": 1, "read": {"device_start": -1, "device_end": -1}}, "FFC_sans_bias24": {"write": {"device_start": -1, "host_queued_start": 1585579889.575816, "device_queued": -1, "device_end": -1, "host_queued_end": 1585579889.600386}, "device": "gpu", "nd_range": {"device_start": 1585579824.4752774, "device_end": 1585579824.4845777}, "cmdq": 2, "read": {"device_start": -1, "device_end": -1}}, "FFC_sans_bias25": {"write": {"device_start": 1585579824.4912755, "host_queued_start": 1585579889.58397, "device_queued": 1585579824.3885632, "device_end": 1585579824.4913692, "host_queued_end": 1585579889.600386}, "device": "gpu", "nd_range": {"device_start": 1585579824.4913847, "device_end": 1585579824.504014}, "cmdq": 1, "read": {"device_start": 1585579824.50402, "device_end": 1585579824.504113}}, "FFC_sans_bias27": {"write": {"device_start": 1585579824.3900628, "host_queued_start": 1585579889.523449, "device_queued": 1585579824.3811092, "device_end": 1585579824.390162, "host_queued_end": 1585579889.600386}, "device": "gpu", "nd_range": {"device_start": 1585579824.3901694, "device_end": 1585579824.402653}, "cmdq": 1, "read": {"device_start": -1, "device_end": -1}}, "FFC_sans_bias20": {"write": {"device_start": 1585579824.3868122, "host_queued_start": 1585579889.520202, "device_queued": 1585579824.3808775, "device_end": 1585579824.386913, "host_queued_end": 1585579889.600386}, "device": "gpu", "nd_range": {"device_start": 1585579824.3869185, "device_end": 1585579824.3994374}, "cmdq": 0, "read": {"device_start": -1, "device_end": -1}}, "FFC_sans_bias22": {"write": {"device_start": -1, "host_queued_start": 1585579889.571881, "device_queued": -1, "device_end": -1, "host_queued_end": 1585579889.600386}, "device": "gpu", "nd_range": {"device_start": 1585579824.4503202, "device_end": 1585579824.45367}, "cmdq": 0, "read": {"device_start": -1, "device_end": -1}}, "softmax68": {"write": {"device_start": -1, "host_queued_start": 1585579889.575199, "device_queued": -1, "device_end": -1, "host_queued_end": 1585579889.600386}, "device": "gpu", "nd_range": {"device_start": 1585579824.4745545, "device_end": 1585579824.4752886}, "cmdq": 0, "read": {"device_start": -1, "device_end": -1}}, "softmax5": {"write": {"device_start": -1, "host_queued_start": 1585579889.61673, "device_queued": -1, "device_end": -1, "host_queued_end": 1585579889.620887}, "device": "cpu", "nd_range": {"device_start": 2247663.9533093893, "device_end": 2247663.953736706}, "cmdq": 1, "read": {"device_start": -1, "device_end": -1}}, "FFC_sans_bias28": {"write": {"device_start": 1585579824.3932395, "host_queued_start": 1585579889.526687, "device_queued": 1585579824.381254, "device_end": 1585579824.393343, "host_queued_end": 1585579889.600386}, "device": "gpu", "nd_range": {"device_start": 1585579824.3933523, "device_end": 1585579824.4058847}, "cmdq": 2, "read": {"device_start": -1, "device_end": -1}}, "FFC_sans_bias29": {"write": {"device_start": 1585579824.3965392, "host_queued_start": 1585579889.52993, "device_queued": 1585579824.3813772, "device_end": 1585579824.3966472, "host_queued_end": 1585579889.600386}, "device": "gpu", "nd_range": {"device_start": 1585579824.3966532, "device_end": 1585579824.4091384}, "cmdq": 3, "read": {"device_start": -1, "device_end": -1}}, "empty17": {"write": {"device_start": 1585579824.3772185, "host_queued_start": 1585579889.484463, "device_queued": 1585579824.376879, "device_end": 1585579824.3774397, "host_queued_end": 1585579889.600386}, "device": "gpu", "nd_range": {"device_start": 1585579824.377449, "device_end": 1585579824.3774533}, "cmdq": 0, "read": {"device_start": -1, "device_end": -1}}, "softmax59": {"write": {"device_start": -1, "host_queued_start": 1585579889.574956, "device_queued": -1, "device_end": -1, "host_queued_end": 1585579889.600386}, "device": "gpu", "nd_range": {"device_start": 1585579824.473642, "device_end": 1585579824.474055}, "cmdq": 3, "read": {"device_start": -1, "device_end": -1}}, "empty71": {"write": {"device_start": 1585579824.3791766, "host_queued_start": 1585579889.500813, "device_queued": 1585579824.3785553, "device_end": 1585579824.3794682, "host_queued_end": 1585579889.600386}, "device": "gpu", "nd_range": {"device_start": 1585579824.3794715, "device_end": 1585579824.3794858}, "cmdq": 2, "read": {"device_start": -1, "device_end": -1}}, "empty35": {"write": {"device_start": 1585579824.3779135, "host_queued_start": 1585579889.490384, "device_queued": 1585579824.3774529, "device_end": 1585579824.3782, "host_queued_end": 1585579889.600386}, "device": "gpu", "nd_range": {"device_start": 1585579824.378215, "device_end": 1585579824.3782208}, "cmdq": 2, "read": {"device_start": -1, "device_end": -1}}, "empty53": {"write": {"device_start": 1585579824.3785617, "host_queued_start": 1585579889.495675, "device_queued": 1585579824.377943, "device_end": 1585579824.378818, "host_queued_end": 1585579889.600386}, "device": "gpu", "nd_range": {"device_start": 1585579824.378824, "device_end": 1585579824.3788285}, "cmdq": 0, "read": {"device_start": -1, "device_end": -1}}, "FFC_sans_bias46": {"write": {"device_start": 1585579824.4147553, "host_queued_start": 1585579889.546223, "device_queued": 1585579824.3827846, "device_end": 1585579824.4148517, "host_queued_end": 1585579889.600386}, "device": "gpu", "nd_range": {"device_start": 1585579824.4148605, "device_end": 1585579824.427562}, "cmdq": 0, "read": {"device_start": -1, "device_end": -1}}, "coalesced_transpose66": {"write": {"device_start": -1, "host_queued_start": 1585579889.571234, "device_queued": -1, "device_end": -1, "host_queued_end": 1585579889.600386}, "device": "gpu", "nd_range": {"device_start": 1585579824.4502063, "device_end": 1585579824.4502435}, "cmdq": 2, "read": {"device_start": -1, "device_end": -1}}, "coalesced_transpose48": {"write": {"device_start": -1, "host_queued_start": 1585579889.570613, "device_queued": -1, "device_end": -1, "host_queued_end": 1585579889.600386}, "device": "gpu", "nd_range": {"device_start": 1585579824.4501402, "device_end": 1585579824.4502137}, "cmdq": 0, "read": {"device_start": -1, "device_end": -1}}}