{"FFC_sans_bias60": {"write": {"device_start": -1, "host_queued_start": 1585580077.919959, "device_queued": -1, "device_end": -1, "host_queued_end": 1585580077.94259}, "device": "cpu", "nd_range": {"device_start": 2247853.470739191, "device_end": 2247853.712641789}, "cmdq": 0, "read": {"device_start": -1, "device_end": -1}}, "FFC_sans_bias4": {"write": {"device_start": -1, "host_queued_start": 1585580077.913491, "device_queued": -1, "device_end": -1, "host_queued_end": 1585580077.94259}, "device": "cpu", "nd_range": {"device_start": 2247852.950932492, "device_end": 2247853.072727192}, "cmdq": 0, "read": {"device_start": -1, "device_end": -1}}, "FFC_sans_bias7": {"write": {"device_start": -1, "host_queued_start": 1585580077.923192, "device_queued": -1, "device_end": -1, "host_queued_end": 1585580077.94259}, "device": "cpu", "nd_range": {"device_start": 2247853.551071837, "device_end": 2247853.679858241}, "cmdq": 1, "read": {"device_start": -1, "device_end": -1}}, "FFC_sans_bias6": {"write": {"device_start": -1, "host_queued_start": 1585580077.917898, "device_queued": -1, "device_end": -1, "host_queued_end": 1585580077.94259}, "device": "cpu", "nd_range": {"device_start": 2247853.312303693, "device_end": 2247853.434804593}, "cmdq": 4, "read": {"device_start": -1, "device_end": -1}}, "FFC_sans_bias1": {"write": {"device_start": -1, "host_queued_start": 1585580077.848263, "device_queued": -1, "device_end": -1, "host_queued_end": 1585580077.94259}, "device": "cpu", "nd_range": {"device_start": 2247852.132295789, "device_end": 2247852.256629437}, "cmdq": 3, "read": {"device_start": -1, "device_end": -1}}, "FFC_sans_bias0": {"write": {"device_start": -1, "host_queued_start": 1585580077.844963, "device_queued": -1, "device_end": -1, "host_queued_end": 1585580077.94259}, "device": "cpu", "nd_range": {"device_start": 2247852.256887785, "device_end": 2247852.3786364743}, "cmdq": 2, "read": {"device_start": -1, "device_end": -1}}, "FFC_sans_bias2": {"write": {"device_start": -1, "host_queued_start": 1585580077.85161, "device_queued": -1, "device_end": -1, "host_queued_end": 1585580077.94259}, "device": "cpu", "nd_range": {"device_start": 2247852.377338619, "device_end": 2247852.499715668}, "cmdq": 4, "read": {"device_start": -1, "device_end": -1}}, "FFC_sans_bias61": {"write": {"device_start": -1, "host_queued_start": 1585580077.942527, "device_queued": -1, "device_end": -1, "host_queued_end": 1585580077.94259}, "device": "cpu", "nd_range": {"device_start": 2247853.727551165, "device_end": 2247853.848470488}, "cmdq": 2, "read": {"device_start": -1, "device_end": -1}}, "FFC_sans_bias52": {"write": {"device_start": -1, "host_queued_start": 1585580077.939288, "device_queued": -1, "device_end": -1, "host_queued_end": 1585580077.94259}, "device": "cpu", "nd_range": {"device_start": 2247853.679868816, "device_end": 2247853.809608796}, "cmdq": 1, "read": {"device_start": -1, "device_end": -1}}, "FFC_sans_bias9": {"write": {"device_start": -1, "host_queued_start": 1585580077.85488, "device_queued": -1, "device_end": -1, "host_queued_end": 1585580077.94259}, "device": "cpu", "nd_range": {"device_start": 2247852.132250918, "device_end": 2247852.263690058}, "cmdq": 0, "read": {"device_start": -1, "device_end": -1}}, "coalesced_transpose39": {"write": {"device_start": -1, "host_queued_start": 1585580077.912395, "device_queued": -1, "device_end": -1, "host_queued_end": 1585580077.94259}, "device": "cpu", "nd_range": {"device_start": 2247853.040648622, "device_end": 2247853.041727588}, "cmdq": 2, "read": {"device_start": -1, "device_end": -1}}, "FFC_sans_bias55": {"write": {"device_start": -1, "host_queued_start": 1585580077.910701, "device_queued": -1, "device_end": -1, "host_queued_end": 1585580077.94259}, "device": "cpu", "nd_range": {"device_start": 2247852.9185958523, "device_end": 2247853.040422082}, "cmdq": 2, "read": {"device_start": -1, "device_end": -1}}, "FFC_sans_bias54": {"write": {"device_start": -1, "host_queued_start": 1585580077.907331, "device_queued": -1, "device_end": -1, "host_queued_end": 1585580077.94259}, "device": "cpu", "nd_range": {"device_start": 2247852.6219560243, "device_end": 2247852.744431965}, "cmdq": 1, "read": {"device_start": -1, "device_end": -1}}, "FFC_sans_bias56": {"write": {"device_start": -1, "host_queued_start": 1585580077.904071, "device_queued": -1, "device_end": -1, "host_queued_end": 1585580077.94259}, "device": "cpu", "nd_range": {"device_start": 2247852.5358525203, "device_end": 2247852.664810033}, "cmdq": 0, "read": {"device_start": -1, "device_end": -1}}, "FFC_sans_bias51": {"write": {"device_start": -1, "host_queued_start": 1585580077.919615, "device_queued": -1, "device_end": -1, "host_queued_end": 1585580077.94259}, "device": "cpu", "nd_range": {"device_start": 2247853.4350332012, "device_end": 2247853.557419496}, "cmdq": 4, "read": {"device_start": -1, "device_end": -1}}, "softmax23": {"write": {"device_start": -1, "host_queued_start": 1585580077.916398, "device_queued": -1, "device_end": -1, "host_queued_end": 1585580077.94259}, "device": "cpu", "nd_range": {"device_start": 2247853.31120193, "device_end": 2247853.3121516802}, "cmdq": 4, "read": {"device_start": -1, "device_end": -1}}, "FFC_sans_bias37": {"write": {"device_start": -1, "host_queued_start": 1585580077.88769, "device_queued": -1, "device_end": -1, "host_queued_end": 1585580077.94259}, "device": "cpu", "nd_range": {"device_start": 2247852.4063891103, "device_end": 2247852.535632973}, "cmdq": 0, "read": {"device_start": -1, "device_end": -1}}, "empty62": {"write": {"device_start": -1, "host_queued_start": 1585580077.841982, "device_queued": -1, "device_end": -1, "host_queued_end": 1585580077.94259}, "device": "cpu", "nd_range": {"device_start": 2247852.1322431643, "device_end": 2247852.132244689}, "cmdq": 1, "read": {"device_start": -1, "device_end": -1}}, "FFC_sans_bias70": {"write": {"device_start": 1585580012.6053138, "host_queued_start": 1585580077.822105, "device_queued": 1585580012.5956273, "device_end": 1585580012.605408, "host_queued_end": 1585580077.822378}, "device": "gpu", "nd_range": {"device_start": 1585580012.6120048, "device_end": 1585580012.6153135}, "cmdq": 3, "read": {"device_start": 1585580012.6153164, "device_end": 1585580012.615422}}, "FFC_sans_bias58": {"write": {"device_start": -1, "host_queued_start": 1585580077.915553, "device_queued": -1, "device_end": -1, "host_queued_end": 1585580077.94259}, "device": "cpu", "nd_range": {"device_start": 2247853.1940013613, "device_end": 2247853.3232049183}, "cmdq": 1, "read": {"device_start": -1, "device_end": -1}}, "softmax41": {"write": {"device_start": -1, "host_queued_start": 1585580077.917, "device_queued": -1, "device_end": -1, "host_queued_end": 1585580077.94259}, "device": "cpu", "nd_range": {"device_start": 2247853.323421869, "device_end": 2247853.324361836}, "cmdq": 1, "read": {"device_start": -1, "device_end": -1}}, "FFC_sans_bias11": {"write": {"device_start": -1, "host_queued_start": 1585580077.861404, "device_queued": -1, "device_end": -1, "host_queued_end": 1585580077.94259}, "device": "cpu", "nd_range": {"device_start": 2247852.378654574, "device_end": 2247852.611575535}, "cmdq": 2, "read": {"device_start": -1, "device_end": -1}}, "FFC_sans_bias10": {"write": {"device_start": -1, "host_queued_start": 1585580077.858138, "device_queued": -1, "device_end": -1, "host_queued_end": 1585580077.94259}, "device": "cpu", "nd_range": {"device_start": 2247852.132251764, "device_end": 2247852.254979424}, "cmdq": 1, "read": {"device_start": -1, "device_end": -1}}, "coalesced_transpose3": {"write": {"device_start": -1, "host_queued_start": 1585580077.911067, "device_queued": -1, "device_end": -1, "host_queued_end": 1585580077.94259}, "device": "cpu", "nd_range": {"device_start": 2247852.9303012793, "device_end": 2247852.940414357}, "cmdq": 3, "read": {"device_start": -1, "device_end": -1}}, "FFC_sans_bias34": {"write": {"device_start": -1, "host_queued_start": 1585580077.932882, "device_queued": -1, "device_end": -1, "host_queued_end": 1585580077.94259}, "device": "cpu", "nd_range": {"device_start": 2247853.557438747, "device_end": 2247853.6794819753}, "cmdq": 4, "read": {"device_start": -1, "device_end": -1}}, "FFC_sans_bias15": {"write": {"device_start": -1, "host_queued_start": 1585580077.918241, "device_queued": -1, "device_end": -1, "host_queued_end": 1585580077.94259}, "device": "cpu", "nd_range": {"device_start": 2247853.214786821, "device_end": 2247853.466124503}, "cmdq": 0, "read": {"device_start": -1, "device_end": -1}}, "FFC_sans_bias31": {"write": {"device_start": -1, "host_queued_start": 1585580077.91452, "device_queued": -1, "device_end": -1, "host_queued_end": 1585580077.94259}, "device": "cpu", "nd_range": {"device_start": 2247852.941850581, "device_end": 2247853.1973600714}, "cmdq": 3, "read": {"device_start": -1, "device_end": -1}}, "FFC_sans_bias16": {"write": {"device_start": -1, "host_queued_start": 1585580077.926378, "device_queued": -1, "device_end": -1, "host_queued_end": 1585580077.94259}, "device": "cpu", "nd_range": {"device_start": 2247853.5057307463, "device_end": 2247853.727541812}, "cmdq": 2, "read": {"device_start": -1, "device_end": -1}}, "FFC_sans_bias19": {"write": {"device_start": -1, "host_queued_start": 1585580077.867945, "device_queued": -1, "device_end": -1, "host_queued_end": 1585580077.94259}, "device": "cpu", "nd_range": {"device_start": 2247852.665031407, "device_end": 2247852.773700865}, "cmdq": 4, "read": {"device_start": -1, "device_end": -1}}, "FFC_sans_bias18": {"write": {"device_start": -1, "host_queued_start": 1585580077.864683, "device_queued": -1, "device_end": -1, "host_queued_end": 1585580077.94259}, "device": "cpu", "nd_range": {"device_start": 2247852.378834667, "device_end": 2247852.6074315063}, "cmdq": 3, "read": {"device_start": -1, "device_end": -1}}, "coalesced_transpose30": {"write": {"device_start": -1, "host_queued_start": 1585580077.912069, "device_queued": -1, "device_end": -1, "host_queued_end": 1585580077.94259}, "device": "cpu", "nd_range": {"device_start": 2247852.833814802, "device_end": 2247852.834908876}, "cmdq": 1, "read": {"device_start": -1, "device_end": -1}}, "FFC_sans_bias69": {"write": {"device_start": -1, "host_queued_start": 1585580077.818908, "device_queued": -1, "device_end": -1, "host_queued_end": 1585580077.822378}, "device": "gpu", "nd_range": {"device_start": 1585580012.6086862, "device_end": 1585580012.6120012}, "cmdq": 2, "read": {"device_start": -1, "device_end": -1}}, "FFC_sans_bias38": {"write": {"device_start": -1, "host_queued_start": 1585580077.891003, "device_queued": -1, "device_end": -1, "host_queued_end": 1585580077.94259}, "device": "cpu", "nd_range": {"device_start": 2247852.499731753, "device_end": 2247852.6219382184}, "cmdq": 1, "read": {"device_start": -1, "device_end": -1}}, "coalesced_transpose57": {"write": {"device_start": -1, "host_queued_start": 1585580077.913121, "device_queued": -1, "device_end": -1, "host_queued_end": 1585580077.94259}, "device": "cpu", "nd_range": {"device_start": 2247853.177630046, "device_end": 2247853.178716081}, "cmdq": 4, "read": {"device_start": -1, "device_end": -1}}, "empty26": {"write": {"device_start": -1, "host_queued_start": 1585580077.831449, "device_queued": -1, "device_end": -1, "host_queued_end": 1585580077.94259}, "device": "cpu", "nd_range": {"device_start": 2247852.2567653023, "device_end": 2247852.256769676}, "cmdq": 2, "read": {"device_start": -1, "device_end": -1}}, "coalesced_transpose12": {"write": {"device_start": -1, "host_queued_start": 1585580077.911402, "device_queued": -1, "device_end": -1, "host_queued_end": 1585580077.94259}, "device": "cpu", "nd_range": {"device_start": 2247852.9620905253, "device_end": 2247852.963192734}, "cmdq": 4, "read": {"device_start": -1, "device_end": -1}}, "empty44": {"write": {"device_start": -1, "host_queued_start": 1585580077.836767, "device_queued": -1, "device_end": -1, "host_queued_end": 1585580077.94259}, "device": "cpu", "nd_range": {"device_start": 2247852.377323497, "device_end": 2247852.377327418}, "cmdq": 4, "read": {"device_start": -1, "device_end": -1}}, "coalesced_transpose21": {"write": {"device_start": -1, "host_queued_start": 1585580077.911739, "device_queued": -1, "device_end": -1, "host_queued_end": 1585580077.94259}, "device": "cpu", "nd_range": {"device_start": 2247852.786964224, "device_end": 2247852.788062456}, "cmdq": 0, "read": {"device_start": -1, "device_end": -1}}, "FFC_sans_bias36": {"write": {"device_start": -1, "host_queued_start": 1585580077.884419, "device_queued": -1, "device_end": -1, "host_queued_end": 1585580077.94259}, "device": "cpu", "nd_range": {"device_start": 2247852.773940994, "device_end": 2247852.8517667493}, "cmdq": 4, "read": {"device_start": -1, "device_end": -1}}, "softmax14": {"write": {"device_start": -1, "host_queued_start": 1585580077.916111, "device_queued": -1, "device_end": -1, "host_queued_end": 1585580077.94259}, "device": "cpu", "nd_range": {"device_start": 2247853.197374858, "device_end": 2247853.212973584}, "cmdq": 3, "read": {"device_start": -1, "device_end": -1}}, "FFC_sans_bias13": {"write": {"device_start": -1, "host_queued_start": 1585580077.913839, "device_queued": -1, "device_end": -1, "host_queued_end": 1585580077.94259}, "device": "cpu", "nd_range": {"device_start": 2247852.963353094, "device_end": 2247853.1936298814}, "cmdq": 1, "read": {"device_start": -1, "device_end": -1}}, "empty8": {"write": {"device_start": -1, "host_queued_start": 1585580077.826105, "device_queued": -1, "device_end": -1, "host_queued_end": 1585580077.94259}, "device": "cpu", "nd_range": {"device_start": 2247852.132204945, "device_end": 2247852.1322167963}, "cmdq": 0, "read": {"device_start": -1, "device_end": -1}}, "FFC_sans_bias42": {"write": {"device_start": -1, "host_queued_start": 1585580077.91927, "device_queued": -1, "device_end": -1, "host_queued_end": 1585580077.94259}, "device": "cpu", "nd_range": {"device_start": 2247853.3831013343, "device_end": 2247853.5055184374}, "cmdq": 3, "read": {"device_start": -1, "device_end": -1}}, "FFC_sans_bias43": {"write": {"device_start": -1, "host_queued_start": 1585580077.936068, "device_queued": -1, "device_end": -1, "host_queued_end": 1585580077.94259}, "device": "cpu", "nd_range": {"device_start": 2247853.712663948, "device_end": 2247853.852108858}, "cmdq": 0, "read": {"device_start": -1, "device_end": -1}}, "FFC_sans_bias40": {"write": {"device_start": -1, "host_queued_start": 1585580077.914868, "device_queued": -1, "device_end": -1, "host_queued_end": 1585580077.94259}, "device": "cpu", "nd_range": {"device_start": 2247853.178726523, "device_end": 2247853.3109772033}, "cmdq": 4, "read": {"device_start": -1, "device_end": -1}}, "softmax32": {"write": {"device_start": -1, "host_queued_start": 1585580077.916697, "device_queued": -1, "device_end": -1, "host_queued_end": 1585580077.94259}, "device": "cpu", "nd_range": {"device_start": 2247853.2133716634, "device_end": 2247853.2145040263}, "cmdq": 0, "read": {"device_start": -1, "device_end": -1}}, "FFC_sans_bias47": {"write": {"device_start": -1, "host_queued_start": 1585580077.900804, "device_queued": -1, "device_end": -1, "host_queued_end": 1585580077.94259}, "device": "cpu", "nd_range": {"device_start": 2247852.851964808, "device_end": 2247852.961900569}, "cmdq": 4, "read": {"device_start": -1, "device_end": -1}}, "FFC_sans_bias45": {"write": {"device_start": -1, "host_queued_start": 1585580077.894262, "device_queued": -1, "device_end": -1, "host_queued_end": 1585580077.94259}, "device": "cpu", "nd_range": {"device_start": 2247852.8044608883, "device_end": 2247852.9185796943}, "cmdq": 2, "read": {"device_start": -1, "device_end": -1}}, "softmax50": {"write": {"device_start": -1, "host_queued_start": 1585580077.91727, "device_queued": -1, "device_end": -1, "host_queued_end": 1585580077.94259}, "device": "cpu", "nd_range": {"device_start": 2247853.196117184, "device_end": 2247853.1972411834}, "cmdq": 2, "read": {"device_start": -1, "device_end": -1}}, "FFC_sans_bias33": {"write": {"device_start": -1, "host_queued_start": 1585580077.91893, "device_queued": -1, "device_end": -1, "host_queued_end": 1585580077.94259}, "device": "cpu", "nd_range": {"device_start": 2247853.258817899, "device_end": 2247853.381788855}, "cmdq": 2, "read": {"device_start": -1, "device_end": -1}}, "FFC_sans_bias63": {"write": {"device_start": 1585580012.5952144, "host_queued_start": 1585580077.817586, "device_queued": 1585580012.5944278, "device_end": 1585580012.5953102, "host_queued_end": 1585580077.822378}, "device": "gpu", "nd_range": {"device_start": 1585580012.5953286, "device_end": 1585580012.6049435}, "cmdq": 3, "read": {"device_start": -1, "device_end": -1}}, "FFC_sans_bias49": {"write": {"device_start": -1, "host_queued_start": 1585580077.915209, "device_queued": -1, "device_end": -1, "host_queued_end": 1585580077.94259}, "device": "cpu", "nd_range": {"device_start": 2247853.07295896, "device_end": 2247853.1960731302}, "cmdq": 0, "read": {"device_start": -1, "device_end": -1}}, "FFC_sans_bias64": {"write": {"device_start": 1585580012.5945623, "host_queued_start": 1585580077.810941, "device_queued": 1585580012.5940406, "device_end": 1585580012.5948322, "host_queued_end": 1585580077.822378}, "device": "gpu", "nd_range": {"device_start": 1585580012.5948732, "device_end": 1585580012.5982463}, "cmdq": 1, "read": {"device_start": -1, "device_end": -1}}, "FFC_sans_bias65": {"write": {"device_start": 1585580012.5949001, "host_queued_start": 1585580077.814242, "device_queued": 1585580012.5941708, "device_end": 1585580012.5951774, "host_queued_end": 1585580077.822378}, "device": "gpu", "nd_range": {"device_start": 1585580012.5952008, "device_end": 1585580012.6015947}, "cmdq": 2, "read": {"device_start": -1, "device_end": -1}}, "FFC_sans_bias67": {"write": {"device_start": -1, "host_queued_start": 1585580077.818317, "device_queued": -1, "device_end": -1, "host_queued_end": 1585580077.822378}, "device": "gpu", "nd_range": {"device_start": 1585580012.6049461, "device_end": 1585580012.6082644}, "cmdq": 0, "read": {"device_start": -1, "device_end": -1}}, "FFC_sans_bias24": {"write": {"device_start": -1, "host_queued_start": 1585580077.918589, "device_queued": -1, "device_end": -1, "host_queued_end": 1585580077.94259}, "device": "cpu", "nd_range": {"device_start": 2247853.324506286, "device_end": 2247853.550835169}, "cmdq": 1, "read": {"device_start": -1, "device_end": -1}}, "FFC_sans_bias25": {"write": {"device_start": -1, "host_queued_start": 1585580077.929645, "device_queued": -1, "device_end": -1, "host_queued_end": 1585580077.94259}, "device": "cpu", "nd_range": {"device_start": 2247853.67949197, "device_end": 2247853.801210706}, "cmdq": 3, "read": {"device_start": -1, "device_end": -1}}, "FFC_sans_bias27": {"write": {"device_start": -1, "host_queued_start": 1585580077.874598, "device_queued": -1, "device_end": -1, "host_queued_end": 1585580077.94259}, "device": "cpu", "nd_range": {"device_start": 2247852.2549956082, "device_end": 2247852.377309311}, "cmdq": 1, "read": {"device_start": -1, "device_end": -1}}, "FFC_sans_bias20": {"write": {"device_start": -1, "host_queued_start": 1585580077.871308, "device_queued": -1, "device_end": -1, "host_queued_end": 1585580077.94259}, "device": "cpu", "nd_range": {"device_start": 2247852.263705818, "device_end": 2247852.4061585413}, "cmdq": 0, "read": {"device_start": -1, "device_end": -1}}, "FFC_sans_bias22": {"write": {"device_start": -1, "host_queued_start": 1585580077.914179, "device_queued": -1, "device_end": -1, "host_queued_end": 1585580077.94259}, "device": "cpu", "nd_range": {"device_start": 2247853.041888325, "device_end": 2247853.176623744}, "cmdq": 2, "read": {"device_start": -1, "device_end": -1}}, "softmax68": {"write": {"device_start": -1, "host_queued_start": 1585580077.818586, "device_queued": -1, "device_end": -1, "host_queued_end": 1585580077.822378}, "device": "gpu", "nd_range": {"device_start": 1585580012.608272, "device_end": 1585580012.60868}, "cmdq": 1, "read": {"device_start": -1, "device_end": -1}}, "softmax5": {"write": {"device_start": -1, "host_queued_start": 1585580077.915836, "device_queued": -1, "device_end": -1, "host_queued_end": 1585580077.94259}, "device": "cpu", "nd_range": {"device_start": 2247853.1766468473, "device_end": 2247853.177620369}, "cmdq": 2, "read": {"device_start": -1, "device_end": -1}}, "FFC_sans_bias28": {"write": {"device_start": -1, "host_queued_start": 1585580077.877888, "device_queued": -1, "device_end": -1, "host_queued_end": 1585580077.94259}, "device": "cpu", "nd_range": {"device_start": 2247852.611732883, "device_end": 2247852.804433822}, "cmdq": 2, "read": {"device_start": -1, "device_end": -1}}, "FFC_sans_bias29": {"write": {"device_start": -1, "host_queued_start": 1585580077.881158, "device_queued": -1, "device_end": -1, "host_queued_end": 1585580077.94259}, "device": "cpu", "nd_range": {"device_start": 2247852.624027988, "device_end": 2247852.8379197093}, "cmdq": 3, "read": {"device_start": -1, "device_end": -1}}, "empty17": {"write": {"device_start": -1, "host_queued_start": 1585580077.828802, "device_queued": -1, "device_end": -1, "host_queued_end": 1585580077.94259}, "device": "cpu", "nd_range": {"device_start": 2247852.1322047943, "device_end": 2247852.132216831}, "cmdq": 1, "read": {"device_start": -1, "device_end": -1}}, "softmax59": {"write": {"device_start": -1, "host_queued_start": 1585580077.917542, "device_queued": -1, "device_end": -1, "host_queued_end": 1585580077.94259}, "device": "cpu", "nd_range": {"device_start": 2247853.3820132143, "device_end": 2247853.382951647}, "cmdq": 3, "read": {"device_start": -1, "device_end": -1}}, "empty71": {"write": {"device_start": 1585580012.5941865, "host_queued_start": 1585580077.807337, "device_queued": 1585580012.5938406, "device_end": 1585580012.5944054, "host_queued_end": 1585580077.822378}, "device": "gpu", "nd_range": {"device_start": 1585580012.5944078, "device_end": 1585580012.5944138}, "cmdq": 0, "read": {"device_start": -1, "device_end": -1}}, "empty35": {"write": {"device_start": -1, "host_queued_start": 1585580077.834054, "device_queued": -1, "device_end": -1, "host_queued_end": 1585580077.94259}, "device": "cpu", "nd_range": {"device_start": 2247852.132271782, "device_end": 2247852.1322776903}, "cmdq": 3, "read": {"device_start": -1, "device_end": -1}}, "empty53": {"write": {"device_start": -1, "host_queued_start": 1585580077.839388, "device_queued": -1, "device_end": -1, "host_queued_end": 1585580077.94259}, "device": "cpu", "nd_range": {"device_start": 2247852.1322424333, "device_end": 2247852.132243783}, "cmdq": 0, "read": {"device_start": -1, "device_end": -1}}, "FFC_sans_bias46": {"write": {"device_start": -1, "host_queued_start": 1585580077.89753, "device_queued": -1, "device_end": -1, "host_queued_end": 1585580077.94259}, "device": "cpu", "nd_range": {"device_start": 2247852.837939461, "device_end": 2247852.930280797}, "cmdq": 3, "read": {"device_start": -1, "device_end": -1}}, "coalesced_transpose66": {"write": {"device_start": -1, "host_queued_start": 1585580077.817966, "device_queued": -1, "device_end": -1, "host_queued_end": 1585580077.822378}, "device": "gpu", "nd_range": {"device_start": 1585580012.5982497, "device_end": 1585580012.6048257}, "cmdq": 4, "read": {"device_start": -1, "device_end": -1}}, "coalesced_transpose48": {"write": {"device_start": -1, "host_queued_start": 1585580077.912723, "device_queued": -1, "device_end": -1, "host_queued_end": 1585580077.94259}, "device": "cpu", "nd_range": {"device_start": 2247852.94062212, "device_end": 2247852.941694143}, "cmdq": 3, "read": {"device_start": -1, "device_end": -1}}}