{"FFC_sans_bias60": {"write": {"device_start": -1, "host_queued_start": 1585579832.367373, "device_queued": -1, "device_end": -1, "host_queued_end": 1585579832.380837}, "device": "gpu", "nd_range": {"device_start": 1585579767.213888, "device_end": 1585579767.222906}, "cmdq": 2, "read": {"device_start": -1, "device_end": -1}}, "FFC_sans_bias4": {"write": {"device_start": -1, "host_queued_start": 1585579832.435574, "device_queued": -1, "device_end": -1, "host_queued_end": 1585579832.453121}, "device": "cpu", "nd_range": {"device_start": 2247607.073268047, "device_end": 2247607.205043525}, "cmdq": 2, "read": {"device_start": -1, "device_end": -1}}, "FFC_sans_bias7": {"write": {"device_start": -1, "host_queued_start": 1585579832.442874, "device_queued": -1, "device_end": -1, "host_queued_end": 1585579832.453121}, "device": "cpu", "nd_range": {"device_start": 2247607.365741045, "device_end": 2247607.475115112}, "cmdq": 2, "read": {"device_start": -1, "device_end": -1}}, "FFC_sans_bias6": {"write": {"device_start": -1, "host_queued_start": 1585579832.438063, "device_queued": -1, "device_end": -1, "host_queued_end": 1585579832.453121}, "device": "cpu", "nd_range": {"device_start": 2247607.2241516924, "device_end": 2247607.3202425493}, "cmdq": 1, "read": {"device_start": -1, "device_end": -1}}, "FFC_sans_bias1": {"write": {"device_start": -1, "host_queued_start": 1585579832.399859, "device_queued": -1, "device_end": -1, "host_queued_end": 1585579832.453121}, "device": "cpu", "nd_range": {"device_start": 2247606.6428062352, "device_end": 2247606.758712001}, "cmdq": 2, "read": {"device_start": -1, "device_end": -1}}, "FFC_sans_bias0": {"write": {"device_start": -1, "host_queued_start": 1585579832.396352, "device_queued": -1, "device_end": -1, "host_queued_end": 1585579832.453121}, "device": "cpu", "nd_range": {"device_start": 2247606.642751201, "device_end": 2247606.750042065}, "cmdq": 1, "read": {"device_start": -1, "device_end": -1}}, "FFC_sans_bias2": {"write": {"device_start": -1, "host_queued_start": 1585579832.403737, "device_queued": -1, "device_end": -1, "host_queued_end": 1585579832.453121}, "device": "cpu", "nd_range": {"device_start": 2247606.642760291, "device_end": 2247606.722923545}, "cmdq": 0, "read": {"device_start": -1, "device_end": -1}}, "FFC_sans_bias61": {"write": {"device_start": 1585579767.2232742, "host_queued_start": 1585579832.377406, "device_queued": 1585579767.1659474, "device_end": 1585579767.2233775, "host_queued_end": 1585579832.380837}, "device": "gpu", "nd_range": {"device_start": 1585579767.223383, "device_end": 1585579767.2358825}, "cmdq": 2, "read": {"device_start": 1585579767.2358875, "device_end": 1585579767.2360027}}, "FFC_sans_bias52": {"write": {"device_start": 1585579767.2200005, "host_queued_start": 1585579832.374129, "device_queued": 1585579767.1658168, "device_end": 1585579767.220101, "host_queued_end": 1585579832.380837}, "device": "gpu", "nd_range": {"device_start": 1585579767.220107, "device_end": 1585579767.2294238}, "cmdq": 1, "read": {"device_start": 1585579767.229425, "device_end": 1585579767.2295175}}, "FFC_sans_bias9": {"write": {"device_start": -1, "host_queued_start": 1585579832.407302, "device_queued": -1, "device_end": -1, "host_queued_end": 1585579832.453121}, "device": "cpu", "nd_range": {"device_start": 2247606.750280628, "device_end": 2247606.85010199}, "cmdq": 1, "read": {"device_start": -1, "device_end": -1}}, "coalesced_transpose39": {"write": {"device_start": -1, "host_queued_start": 1585579832.363315, "device_queued": -1, "device_end": -1, "host_queued_end": 1585579832.380837}, "device": "gpu", "nd_range": {"device_start": 1585579767.1902835, "device_end": 1585579767.199846}, "cmdq": 0, "read": {"device_start": -1, "device_end": -1}}, "FFC_sans_bias55": {"write": {"device_start": 1585579767.1775835, "host_queued_start": 1585579832.353135, "device_queued": 1585579767.1626866, "device_end": 1585579767.177688, "host_queued_end": 1585579832.380837}, "device": "gpu", "nd_range": {"device_start": 1585579767.1776943, "device_end": 1585579767.1902823}, "cmdq": 0, "read": {"device_start": -1, "device_end": -1}}, "FFC_sans_bias54": {"write": {"device_start": 1585579767.17429, "host_queued_start": 1585579832.349887, "device_queued": 1585579767.162223, "device_end": 1585579767.1743894, "host_queued_end": 1585579832.380837}, "device": "gpu", "nd_range": {"device_start": 1585579767.1743968, "device_end": 1585579767.1870217}, "cmdq": 3, "read": {"device_start": -1, "device_end": -1}}, "FFC_sans_bias56": {"write": {"device_start": 1585579767.1711466, "host_queued_start": 1585579832.3466, "device_queued": 1585579767.1620994, "device_end": 1585579767.1712468, "host_queued_end": 1585579832.380837}, "device": "gpu", "nd_range": {"device_start": 1585579767.171249, "device_end": 1585579767.1837306}, "cmdq": 2, "read": {"device_start": -1, "device_end": -1}}, "FFC_sans_bias51": {"write": {"device_start": -1, "host_queued_start": 1585579832.367057, "device_queued": -1, "device_end": -1, "host_queued_end": 1585579832.380837}, "device": "gpu", "nd_range": {"device_start": 1585579767.210375, "device_end": 1585579767.2196484}, "cmdq": 1, "read": {"device_start": -1, "device_end": -1}}, "softmax23": {"write": {"device_start": -1, "host_queued_start": 1585579832.437452, "device_queued": -1, "device_end": -1, "host_queued_end": 1585579832.453121}, "device": "cpu", "nd_range": {"device_start": 2247607.251944806, "device_end": 2247607.252928637}, "cmdq": 2, "read": {"device_start": -1, "device_end": -1}}, "FFC_sans_bias37": {"write": {"device_start": 1585579767.1608367, "host_queued_start": 1585579832.330023, "device_queued": 1585579767.16049, "device_end": 1585579767.161099, "host_queued_end": 1585579832.380837}, "device": "gpu", "nd_range": {"device_start": 1585579767.161398, "device_end": 1585579767.1675053}, "cmdq": 1, "read": {"device_start": -1, "device_end": -1}}, "empty62": {"write": {"device_start": 1585579767.1598516, "host_queued_start": 1585579832.321308, "device_queued": 1585579767.1594286, "device_end": 1585579767.1600554, "host_queued_end": 1585579832.380837}, "device": "gpu", "nd_range": {"device_start": 1585579767.1600585, "device_end": 1585579767.160063}, "cmdq": 2, "read": {"device_start": -1, "device_end": -1}}, "FFC_sans_bias70": {"write": {"device_start": 1585579767.2363627, "host_queued_start": 1585579832.380719, "device_queued": 1585579767.1660779, "device_end": 1585579767.2365897, "host_queued_end": 1585579832.380837}, "device": "gpu", "nd_range": {"device_start": 1585579767.236593, "device_end": 1585579767.239913}, "cmdq": 3, "read": {"device_start": 1585579767.2399194, "device_end": 1585579767.2400076}}, "FFC_sans_bias58": {"write": {"device_start": -1, "host_queued_start": 1585579832.365157, "device_queued": -1, "device_end": -1, "host_queued_end": 1585579832.380837}, "device": "gpu", "nd_range": {"device_start": 1585579767.1998909, "device_end": 1585579767.2098706}, "cmdq": 2, "read": {"device_start": -1, "device_end": -1}}, "softmax41": {"write": {"device_start": -1, "host_queued_start": 1585579832.365709, "device_queued": -1, "device_end": -1, "host_queued_end": 1585579832.380837}, "device": "gpu", "nd_range": {"device_start": 1585579767.2033055, "device_end": 1585579767.2103686}, "cmdq": 0, "read": {"device_start": -1, "device_end": -1}}, "FFC_sans_bias11": {"write": {"device_start": -1, "host_queued_start": 1585579832.414027, "device_queued": -1, "device_end": -1, "host_queued_end": 1585579832.453121}, "device": "cpu", "nd_range": {"device_start": 2247606.72771784, "device_end": 2247606.8355812524}, "cmdq": 0, "read": {"device_start": -1, "device_end": -1}}, "FFC_sans_bias10": {"write": {"device_start": -1, "host_queued_start": 1585579832.410757, "device_queued": -1, "device_end": -1, "host_queued_end": 1585579832.453121}, "device": "cpu", "nd_range": {"device_start": 2247606.758908858, "device_end": 2247606.880789713}, "cmdq": 2, "read": {"device_start": -1, "device_end": -1}}, "coalesced_transpose3": {"write": {"device_start": -1, "host_queued_start": 1585579832.434121, "device_queued": -1, "device_end": -1, "host_queued_end": 1585579832.453121}, "device": "cpu", "nd_range": {"device_start": 2247607.042271091, "device_end": 2247607.0433575003}, "cmdq": 1, "read": {"device_start": -1, "device_end": -1}}, "FFC_sans_bias34": {"write": {"device_start": -1, "host_queued_start": 1585579832.453065, "device_queued": -1, "device_end": -1, "host_queued_end": 1585579832.453121}, "device": "cpu", "nd_range": {"device_start": 2247607.482862993, "device_end": 2247607.551105807}, "cmdq": 2, "read": {"device_start": -1, "device_end": -1}}, "FFC_sans_bias15": {"write": {"device_start": -1, "host_queued_start": 1585579832.438413, "device_queued": -1, "device_end": -1, "host_queued_end": 1585579832.453121}, "device": "cpu", "nd_range": {"device_start": 2247607.252940475, "device_end": 2247607.36572208}, "cmdq": 2, "read": {"device_start": -1, "device_end": -1}}, "FFC_sans_bias31": {"write": {"device_start": -1, "host_queued_start": 1585579832.43661, "device_queued": -1, "device_end": -1, "host_queued_end": 1585579832.453121}, "device": "cpu", "nd_range": {"device_start": 2247607.205071345, "device_end": 2247607.251919915}, "cmdq": 2, "read": {"device_start": -1, "device_end": -1}}, "FFC_sans_bias16": {"write": {"device_start": -1, "host_queued_start": 1585579832.446331, "device_queued": -1, "device_end": -1, "host_queued_end": 1585579832.453121}, "device": "cpu", "nd_range": {"device_start": 2247607.4004904833, "device_end": 2247607.544132747}, "cmdq": 0, "read": {"device_start": -1, "device_end": -1}}, "FFC_sans_bias19": {"write": {"device_start": -1, "host_queued_start": 1585579832.420639, "device_queued": -1, "device_end": -1, "host_queued_end": 1585579832.453121}, "device": "cpu", "nd_range": {"device_start": 2247606.880806059, "device_end": 2247607.00622614}, "cmdq": 2, "read": {"device_start": -1, "device_end": -1}}, "FFC_sans_bias18": {"write": {"device_start": -1, "host_queued_start": 1585579832.417339, "device_queued": -1, "device_end": -1, "host_queued_end": 1585579832.453121}, "device": "cpu", "nd_range": {"device_start": 2247606.850299239, "device_end": 2247606.952107884}, "cmdq": 1, "read": {"device_start": -1, "device_end": -1}}, "coalesced_transpose30": {"write": {"device_start": -1, "host_queued_start": 1585579832.435234, "device_queued": -1, "device_end": -1, "host_queued_end": 1585579832.453121}, "device": "cpu", "nd_range": {"device_start": 2247607.072341508, "device_end": 2247607.073003793}, "cmdq": 1, "read": {"device_start": -1, "device_end": -1}}, "FFC_sans_bias69": {"write": {"device_start": -1, "host_queued_start": 1585579832.367683, "device_queued": -1, "device_end": -1, "host_queued_end": 1585579832.380837}, "device": "gpu", "nd_range": {"device_start": 1585579767.2204628, "device_end": 1585579767.2326505}, "cmdq": 3, "read": {"device_start": -1, "device_end": -1}}, "FFC_sans_bias38": {"write": {"device_start": 1585579767.1611276, "host_queued_start": 1585579832.333284, "device_queued": 1585579767.1608086, "device_end": 1585579767.1613736, "host_queued_end": 1585579832.380837}, "device": "gpu", "nd_range": {"device_start": 1585579767.1615484, "device_end": 1585579767.1707642}, "cmdq": 2, "read": {"device_start": -1, "device_end": -1}}, "coalesced_transpose57": {"write": {"device_start": -1, "host_queued_start": 1585579832.363916, "device_queued": -1, "device_end": -1, "host_queued_end": 1585579832.380837}, "device": "gpu", "nd_range": {"device_start": 1585579767.1968272, "device_end": 1585579767.1998894}, "cmdq": 2, "read": {"device_start": -1, "device_end": -1}}, "empty26": {"write": {"device_start": -1, "host_queued_start": 1585579832.390745, "device_queued": -1, "device_end": -1, "host_queued_end": 1585579832.453121}, "device": "cpu", "nd_range": {"device_start": 2247606.6427871613, "device_end": 2247606.6427917033}, "cmdq": 2, "read": {"device_start": -1, "device_end": -1}}, "coalesced_transpose12": {"write": {"device_start": -1, "host_queued_start": 1585579832.434566, "device_queued": -1, "device_end": -1, "host_queued_end": 1585579832.453121}, "device": "cpu", "nd_range": {"device_start": 2247607.0723451343, "device_end": 2247607.073256254}, "cmdq": 2, "read": {"device_start": -1, "device_end": -1}}, "empty44": {"write": {"device_start": 1585579767.1591947, "host_queued_start": 1585579832.315318, "device_queued": 1585579767.1588643, "device_end": 1585579767.1594164, "host_queued_end": 1585579832.380837}, "device": "gpu", "nd_range": {"device_start": 1585579767.159423, "device_end": 1585579767.159428}, "cmdq": 0, "read": {"device_start": -1, "device_end": -1}}, "coalesced_transpose21": {"write": {"device_start": -1, "host_queued_start": 1585579832.434907, "device_queued": -1, "device_end": -1, "host_queued_end": 1585579832.453121}, "device": "cpu", "nd_range": {"device_start": 2247607.045859687, "device_end": 2247607.0532131423}, "cmdq": 0, "read": {"device_start": -1, "device_end": -1}}, "FFC_sans_bias36": {"write": {"device_start": 1585579767.1605341, "host_queued_start": 1585579832.326768, "device_queued": 1585579767.1600668, "device_end": 1585579767.1607978, "host_queued_end": 1585579832.380837}, "device": "gpu", "nd_range": {"device_start": 1585579767.160808, "device_end": 1585579767.1641781}, "cmdq": 0, "read": {"device_start": -1, "device_end": -1}}, "softmax14": {"write": {"device_start": -1, "host_queued_start": 1585579832.43718, "device_queued": -1, "device_end": -1, "host_queued_end": 1585579832.453121}, "device": "cpu", "nd_range": {"device_start": 2247607.201570603, "device_end": 2247607.202287803}, "cmdq": 1, "read": {"device_start": -1, "device_end": -1}}, "FFC_sans_bias13": {"write": {"device_start": -1, "host_queued_start": 1585579832.435918, "device_queued": -1, "device_end": -1, "host_queued_end": 1585579832.453121}, "device": "cpu", "nd_range": {"device_start": 2247607.134389265, "device_end": 2247607.201519683}, "cmdq": 0, "read": {"device_start": -1, "device_end": -1}}, "empty8": {"write": {"device_start": -1, "host_queued_start": 1585579832.384787, "device_queued": -1, "device_end": -1, "host_queued_end": 1585579832.453121}, "device": "cpu", "nd_range": {"device_start": 2247606.642715577, "device_end": 2247606.6427274803}, "cmdq": 0, "read": {"device_start": -1, "device_end": -1}}, "FFC_sans_bias42": {"write": {"device_start": -1, "host_queued_start": 1585579832.36675, "device_queued": -1, "device_end": -1, "host_queued_end": 1585579832.380837}, "device": "gpu", "nd_range": {"device_start": 1585579767.2103693, "device_end": 1585579767.2163825}, "cmdq": 0, "read": {"device_start": -1, "device_end": -1}}, "FFC_sans_bias43": {"write": {"device_start": 1585579767.2167835, "host_queued_start": 1585579832.370875, "device_queued": 1585579767.165575, "device_end": 1585579767.2168946, "host_queued_end": 1585579832.380837}, "device": "gpu", "nd_range": {"device_start": 1585579767.216902, "device_end": 1585579767.2261493}, "cmdq": 0, "read": {"device_start": 1585579767.2261505, "device_end": 1585579767.226243}}, "FFC_sans_bias40": {"write": {"device_start": -1, "host_queued_start": 1585579832.364536, "device_queued": -1, "device_end": -1, "host_queued_end": 1585579832.380837}, "device": "gpu", "nd_range": {"device_start": 1585579767.199847, "device_end": 1585579767.2033048}, "cmdq": 0, "read": {"device_start": -1, "device_end": -1}}, "softmax32": {"write": {"device_start": -1, "host_queued_start": 1585579832.437719, "device_queued": -1, "device_end": -1, "host_queued_end": 1585579832.453121}, "device": "cpu", "nd_range": {"device_start": 2247607.269488968, "device_end": 2247607.270455488}, "cmdq": 0, "read": {"device_start": -1, "device_end": -1}}, "FFC_sans_bias47": {"write": {"device_start": 1585579767.1678736, "host_queued_start": 1585579832.343331, "device_queued": 1585579767.1619785, "device_end": 1585579767.167978, "host_queued_end": 1585579832.380837}, "device": "gpu", "nd_range": {"device_start": 1585579767.1679857, "device_end": 1585579767.1804848}, "cmdq": 1, "read": {"device_start": -1, "device_end": -1}}, "FFC_sans_bias45": {"write": {"device_start": 1585579767.161434, "host_queued_start": 1585579832.33657, "device_queued": 1585579767.1611102, "device_end": 1585579767.1615283, "host_queued_end": 1585579832.380837}, "device": "gpu", "nd_range": {"device_start": 1585579767.1616473, "device_end": 1585579767.1739416}, "cmdq": 3, "read": {"device_start": -1, "device_end": -1}}, "softmax50": {"write": {"device_start": -1, "host_queued_start": 1585579832.365956, "device_queued": -1, "device_end": -1, "host_queued_end": 1585579832.380837}, "device": "gpu", "nd_range": {"device_start": 1585579767.2065961, "device_end": 1585579767.2103736}, "cmdq": 1, "read": {"device_start": -1, "device_end": -1}}, "FFC_sans_bias33": {"write": {"device_start": -1, "host_queued_start": 1585579832.439213, "device_queued": -1, "device_end": -1, "host_queued_end": 1585579832.453121}, "device": "cpu", "nd_range": {"device_start": 2247607.324027085, "device_end": 2247607.480335398}, "cmdq": 1, "read": {"device_start": -1, "device_end": -1}}, "FFC_sans_bias63": {"write": {"device_start": 1585579767.1873817, "host_queued_start": 1585579832.362978, "device_queued": 1585579767.1631768, "device_end": 1585579767.1874828, "host_queued_end": 1585579832.380837}, "device": "gpu", "nd_range": {"device_start": 1585579767.1874876, "device_end": 1585579767.2000606}, "cmdq": 3, "read": {"device_start": -1, "device_end": -1}}, "FFC_sans_bias49": {"write": {"device_start": -1, "host_queued_start": 1585579832.364844, "device_queued": -1, "device_end": -1, "host_queued_end": 1585579832.380837}, "device": "gpu", "nd_range": {"device_start": 1585579767.199869, "device_end": 1585579767.2065952}, "cmdq": 1, "read": {"device_start": -1, "device_end": -1}}, "FFC_sans_bias64": {"write": {"device_start": 1585579767.1808646, "host_queued_start": 1585579832.356404, "device_queued": 1585579767.162924, "device_end": 1585579767.1809645, "host_queued_end": 1585579832.380837}, "device": "gpu", "nd_range": {"device_start": 1585579767.1809683, "device_end": 1585579767.1935048}, "cmdq": 1, "read": {"device_start": -1, "device_end": -1}}, "FFC_sans_bias65": {"write": {"device_start": 1585579767.18413, "host_queued_start": 1585579832.359713, "device_queued": 1585579767.1630523, "device_end": 1585579767.1842449, "host_queued_end": 1585579832.380837}, "device": "gpu", "nd_range": {"device_start": 1585579767.1842523, "device_end": 1585579767.19682}, "cmdq": 2, "read": {"device_start": -1, "device_end": -1}}, "FFC_sans_bias67": {"write": {"device_start": -1, "host_queued_start": 1585579832.365464, "device_queued": -1, "device_end": -1, "host_queued_end": 1585579832.380837}, "device": "gpu", "nd_range": {"device_start": 1585579767.2096329, "device_end": 1585579767.2131422}, "cmdq": 3, "read": {"device_start": -1, "device_end": -1}}, "FFC_sans_bias24": {"write": {"device_start": -1, "host_queued_start": 1585579832.438769, "device_queued": -1, "device_end": -1, "host_queued_end": 1585579832.453121}, "device": "cpu", "nd_range": {"device_start": 2247607.270479151, "device_end": 2247607.4002586263}, "cmdq": 0, "read": {"device_start": -1, "device_end": -1}}, "FFC_sans_bias25": {"write": {"device_start": -1, "host_queued_start": 1585579832.44974, "device_queued": -1, "device_end": -1, "host_queued_end": 1585579832.453121}, "device": "cpu", "nd_range": {"device_start": 2247607.4803508404, "device_end": 2247607.5754867233}, "cmdq": 1, "read": {"device_start": -1, "device_end": -1}}, "FFC_sans_bias27": {"write": {"device_start": -1, "host_queued_start": 1585579832.427233, "device_queued": -1, "device_end": -1, "host_queued_end": 1585579832.453121}, "device": "cpu", "nd_range": {"device_start": 2247606.952313628, "device_end": 2247607.042059752}, "cmdq": 1, "read": {"device_start": -1, "device_end": -1}}, "FFC_sans_bias20": {"write": {"device_start": -1, "host_queued_start": 1585579832.42395, "device_queued": -1, "device_end": -1, "host_queued_end": 1585579832.453121}, "device": "cpu", "nd_range": {"device_start": 2247606.835602384, "device_end": 2247606.933029237}, "cmdq": 0, "read": {"device_start": -1, "device_end": -1}}, "FFC_sans_bias22": {"write": {"device_start": -1, "host_queued_start": 1585579832.436267, "device_queued": -1, "device_end": -1, "host_queued_end": 1585579832.453121}, "device": "cpu", "nd_range": {"device_start": 2247607.073166658, "device_end": 2247607.137491709}, "cmdq": 1, "read": {"device_start": -1, "device_end": -1}}, "softmax68": {"write": {"device_start": -1, "host_queued_start": 1585579832.36644, "device_queued": -1, "device_end": -1, "host_queued_end": 1585579832.380837}, "device": "gpu", "nd_range": {"device_start": 1585579767.2131438, "device_end": 1585579767.2204614}, "cmdq": 3, "read": {"device_start": -1, "device_end": -1}}, "softmax5": {"write": {"device_start": -1, "host_queued_start": 1585579832.436907, "device_queued": -1, "device_end": -1, "host_queued_end": 1585579832.453121}, "device": "cpu", "nd_range": {"device_start": 2247607.2050670353, "device_end": 2247607.213139402}, "cmdq": 0, "read": {"device_start": -1, "device_end": -1}}, "FFC_sans_bias28": {"write": {"device_start": -1, "host_queued_start": 1585579832.430495, "device_queued": -1, "device_end": -1, "host_queued_end": 1585579832.453121}, "device": "cpu", "nd_range": {"device_start": 2247607.0062438534, "device_end": 2247607.0721785333}, "cmdq": 2, "read": {"device_start": -1, "device_end": -1}}, "FFC_sans_bias29": {"write": {"device_start": -1, "host_queued_start": 1585579832.433765, "device_queued": -1, "device_end": -1, "host_queued_end": 1585579832.453121}, "device": "cpu", "nd_range": {"device_start": 2247606.933043769, "device_end": 2247607.0458508222}, "cmdq": 0, "read": {"device_start": -1, "device_end": -1}}, "empty17": {"write": {"device_start": -1, "host_queued_start": 1585579832.387702, "device_queued": -1, "device_end": -1, "host_queued_end": 1585579832.453121}, "device": "cpu", "nd_range": {"device_start": 2247606.642723634, "device_end": 2247606.642731428}, "cmdq": 1, "read": {"device_start": -1, "device_end": -1}}, "softmax59": {"write": {"device_start": -1, "host_queued_start": 1585579832.366201, "device_queued": -1, "device_end": -1, "host_queued_end": 1585579832.380837}, "device": "gpu", "nd_range": {"device_start": 1585579767.2098718, "device_end": 1585579767.2138867}, "cmdq": 2, "read": {"device_start": -1, "device_end": -1}}, "empty71": {"write": {"device_start": 1585579767.1602159, "host_queued_start": 1585579832.323955, "device_queued": 1585579767.1598318, "device_end": 1585579767.160477, "host_queued_end": 1585579832.380837}, "device": "gpu", "nd_range": {"device_start": 1585579767.16048, "device_end": 1585579767.1604867}, "cmdq": 3, "read": {"device_start": -1, "device_end": -1}}, "empty35": {"write": {"device_start": -1, "host_queued_start": 1585579832.393401, "device_queued": -1, "device_end": -1, "host_queued_end": 1585579832.453121}, "device": "cpu", "nd_range": {"device_start": 2247606.642750781, "device_end": 2247606.642751915}, "cmdq": 0, "read": {"device_start": -1, "device_end": -1}}, "empty53": {"write": {"device_start": 1585579767.159536, "host_queued_start": 1585579832.3187, "device_queued": 1585579767.1590939, "device_end": 1585579767.1598208, "host_queued_end": 1585579832.380837}, "device": "gpu", "nd_range": {"device_start": 1585579767.1598673, "device_end": 1585579767.1599085}, "cmdq": 1, "read": {"device_start": -1, "device_end": -1}}, "FFC_sans_bias46": {"write": {"device_start": 1585579767.1645072, "host_queued_start": 1585579832.339877, "device_queued": 1585579767.1617415, "device_end": 1585579767.1646056, "host_queued_end": 1585579832.380837}, "device": "gpu", "nd_range": {"device_start": 1585579767.1646087, "device_end": 1585579767.177205}, "cmdq": 0, "read": {"device_start": -1, "device_end": -1}}, "coalesced_transpose66": {"write": {"device_start": -1, "host_queued_start": 1585579832.364216, "device_queued": -1, "device_end": -1, "host_queued_end": 1585579832.380837}, "device": "gpu", "nd_range": {"device_start": 1585579767.2000713, "device_end": 1585579767.209632}, "cmdq": 3, "read": {"device_start": -1, "device_end": -1}}, "coalesced_transpose48": {"write": {"device_start": -1, "host_queued_start": 1585579832.363613, "device_queued": -1, "device_end": -1, "host_queued_end": 1585579832.380837}, "device": "gpu", "nd_range": {"device_start": 1585579767.1935084, "device_end": 1585579767.199868}, "cmdq": 1, "read": {"device_start": -1, "device_end": -1}}}