{"FFC_sans_bias60": {"write": {"device_start": -1, "host_queued_start": 1585580062.725411, "device_queued": -1, "device_end": -1, "host_queued_end": 1585580062.74216}, "device": "gpu", "nd_range": {"device_start": 1585579997.5823493, "device_end": 1585579997.59464}, "cmdq": 3, "read": {"device_start": -1, "device_end": -1}}, "FFC_sans_bias4": {"write": {"device_start": -1, "host_queued_start": 1585580062.784752, "device_queued": -1, "device_end": -1, "host_queued_end": 1585580062.797182}, "device": "cpu", "nd_range": {"device_start": 2247837.335257768, "device_end": 2247837.4056359883}, "cmdq": 0, "read": {"device_start": -1, "device_end": -1}}, "FFC_sans_bias7": {"write": {"device_start": -1, "host_queued_start": 1585580062.790685, "device_queued": -1, "device_end": -1, "host_queued_end": 1585580062.797182}, "device": "cpu", "nd_range": {"device_start": 2247837.5286162253, "device_end": 2247837.649481495}, "cmdq": 4, "read": {"device_start": -1, "device_end": -1}}, "FFC_sans_bias6": {"write": {"device_start": -1, "host_queued_start": 1585580062.786659, "device_queued": -1, "device_end": -1, "host_queued_end": 1585580062.797182}, "device": "cpu", "nd_range": {"device_start": 2247837.418570801, "device_end": 2247837.522616927}, "cmdq": 1, "read": {"device_start": -1, "device_end": -1}}, "FFC_sans_bias1": {"write": {"device_start": -1, "host_queued_start": 1585580062.759261, "device_queued": -1, "device_end": -1, "host_queued_end": 1585580062.797182}, "device": "cpu", "nd_range": {"device_start": 2247837.2216932653, "device_end": 2247837.2940440513}, "cmdq": 4, "read": {"device_start": -1, "device_end": -1}}, "FFC_sans_bias0": {"write": {"device_start": -1, "host_queued_start": 1585580062.755778, "device_queued": -1, "device_end": -1, "host_queued_end": 1585580062.797182}, "device": "cpu", "nd_range": {"device_start": 2247836.9870185163, "device_end": 2247837.109822682}, "cmdq": 3, "read": {"device_start": -1, "device_end": -1}}, "FFC_sans_bias2": {"write": {"device_start": -1, "host_queued_start": 1585580062.762751, "device_queued": -1, "device_end": -1, "host_queued_end": 1585580062.797182}, "device": "cpu", "nd_range": {"device_start": 2247836.986831181, "device_end": 2247837.110277287}, "cmdq": 0, "read": {"device_start": -1, "device_end": -1}}, "FFC_sans_bias61": {"write": {"device_start": 1585579997.5948787, "host_queued_start": 1585580062.738773, "device_queued": 1585579997.5230865, "device_end": 1585579997.5949752, "host_queued_end": 1585580062.74216}, "device": "gpu", "nd_range": {"device_start": 1585579997.5949814, "device_end": 1585579997.6109476}, "cmdq": 3, "read": {"device_start": 1585579997.610958, "device_end": 1585579997.6110535}}, "FFC_sans_bias52": {"write": {"device_start": 1585579997.5888124, "host_queued_start": 1585580062.735485, "device_queued": 1585579997.5229268, "device_end": 1585579997.5889132, "host_queued_end": 1585580062.74216}, "device": "gpu", "nd_range": {"device_start": 1585579997.5889175, "device_end": 1585579997.6012049}, "cmdq": 2, "read": {"device_start": 1585579997.6012084, "device_end": 1585579997.6013114}}, "FFC_sans_bias9": {"write": {"device_start": -1, "host_queued_start": 1585580062.766198, "device_queued": -1, "device_end": -1, "host_queued_end": 1585580062.797182}, "device": "cpu", "nd_range": {"device_start": 2247836.9868318383, "device_end": 2247837.1106356243}, "cmdq": 1, "read": {"device_start": -1, "device_end": -1}}, "coalesced_transpose39": {"write": {"device_start": -1, "host_queued_start": 1585580062.720366, "device_queued": -1, "device_end": -1, "host_queued_end": 1585580062.74216}, "device": "gpu", "nd_range": {"device_start": 1585579997.555539, "device_end": 1585579997.5651178}, "cmdq": 1, "read": {"device_start": -1, "device_end": -1}}, "FFC_sans_bias55": {"write": {"device_start": 1585579997.5395727, "host_queued_start": 1585580062.709886, "device_queued": 1585579997.5191977, "device_end": 1585579997.5396757, "host_queued_end": 1585580062.74216}, "device": "gpu", "nd_range": {"device_start": 1585579997.5396836, "device_end": 1585579997.5555365}, "cmdq": 1, "read": {"device_start": -1, "device_end": -1}}, "FFC_sans_bias54": {"write": {"device_start": 1585579997.5363529, "host_queued_start": 1585580062.706624, "device_queued": 1585579997.518959, "device_end": 1585579997.5364559, "host_queued_end": 1585580062.74216}, "device": "gpu", "nd_range": {"device_start": 1585579997.5364707, "device_end": 1585579997.5522556}, "cmdq": 0, "read": {"device_start": -1, "device_end": -1}}, "FFC_sans_bias56": {"write": {"device_start": 1585579997.5330935, "host_queued_start": 1585580062.703338, "device_queued": 1585579997.5184026, "device_end": 1585579997.5331948, "host_queued_end": 1585580062.74216}, "device": "gpu", "nd_range": {"device_start": 1585579997.5332093, "device_end": 1585579997.5490022}, "cmdq": 4, "read": {"device_start": -1, "device_end": -1}}, "FFC_sans_bias51": {"write": {"device_start": -1, "host_queued_start": 1585580062.725087, "device_queued": -1, "device_end": -1, "host_queued_end": 1585580062.74216}, "device": "gpu", "nd_range": {"device_start": 1585579997.5792196, "device_end": 1585579997.5849023}, "cmdq": 2, "read": {"device_start": -1, "device_end": -1}}, "softmax23": {"write": {"device_start": -1, "host_queued_start": 1585580062.786301, "device_queued": -1, "device_end": -1, "host_queued_end": 1585580062.797182}, "device": "cpu", "nd_range": {"device_start": 2247837.451104124, "device_end": 2247837.4520517522}, "cmdq": 0, "read": {"device_start": -1, "device_end": -1}}, "FFC_sans_bias37": {"write": {"device_start": 1585579997.5172844, "host_queued_start": 1585580062.687049, "device_queued": 1585579997.5168684, "device_end": 1585579997.5174062, "host_queued_end": 1585580062.74216}, "device": "gpu", "nd_range": {"device_start": 1585579997.5176363, "device_end": 1585579997.532723}, "cmdq": 4, "read": {"device_start": -1, "device_end": -1}}, "empty62": {"write": {"device_start": 1585579997.5153828, "host_queued_start": 1585580062.668255, "device_queued": 1585579997.5147047, "device_end": 1585579997.515624, "host_queued_end": 1585580062.74216}, "device": "gpu", "nd_range": {"device_start": 1585579997.5156298, "device_end": 1585579997.51564}, "cmdq": 3, "read": {"device_start": -1, "device_end": -1}}, "FFC_sans_bias70": {"write": {"device_start": 1585579997.6079288, "host_queued_start": 1585580062.742042, "device_queued": 1585579997.523238, "device_end": 1585579997.6080267, "host_queued_end": 1585580062.74216}, "device": "gpu", "nd_range": {"device_start": 1585579997.6080303, "device_end": 1585579997.6141417}, "cmdq": 4, "read": {"device_start": 1585579997.6141474, "device_end": 1585579997.6142397}}, "FFC_sans_bias58": {"write": {"device_start": -1, "host_queued_start": 1585580062.722567, "device_queued": -1, "device_end": -1, "host_queued_end": 1585580062.74216}, "device": "gpu", "nd_range": {"device_start": 1585579997.565162, "device_end": 1585579997.5782886}, "cmdq": 3, "read": {"device_start": -1, "device_end": -1}}, "softmax41": {"write": {"device_start": -1, "host_queued_start": 1585580062.723395, "device_queued": -1, "device_end": -1, "host_queued_end": 1585580062.74216}, "device": "gpu", "nd_range": {"device_start": 1585579997.571854, "device_end": 1585579997.5796084}, "cmdq": 1, "read": {"device_start": -1, "device_end": -1}}, "FFC_sans_bias11": {"write": {"device_start": -1, "host_queued_start": 1585580062.77309, "device_queued": -1, "device_end": -1, "host_queued_end": 1585580062.797182}, "device": "cpu", "nd_range": {"device_start": 2247837.110044761, "device_end": 2247837.25053483}, "cmdq": 3, "read": {"device_start": -1, "device_end": -1}}, "FFC_sans_bias10": {"write": {"device_start": -1, "host_queued_start": 1585580062.769665, "device_queued": -1, "device_end": -1, "host_queued_end": 1585580062.797182}, "device": "cpu", "nd_range": {"device_start": 2247836.986888768, "device_end": 2247837.221656432}, "cmdq": 2, "read": {"device_start": -1, "device_end": -1}}, "coalesced_transpose3": {"write": {"device_start": -1, "host_queued_start": 1585580062.783707, "device_queued": -1, "device_end": -1, "host_queued_end": 1585580062.797182}, "device": "cpu", "nd_range": {"device_start": 2247837.311972246, "device_end": 2247837.326254973}, "cmdq": 2, "read": {"device_start": -1, "device_end": -1}}, "FFC_sans_bias34": {"write": {"device_start": 1585579997.5884655, "host_queued_start": 1585580062.728968, "device_queued": 1585579997.522544, "device_end": 1585579997.5885653, "host_queued_end": 1585580062.74216}, "device": "gpu", "nd_range": {"device_start": 1585579997.5885682, "device_end": 1585579997.5979114}, "cmdq": 0, "read": {"device_start": 1585579997.5979216, "device_end": 1585579997.598027}}, "FFC_sans_bias15": {"write": {"device_start": -1, "host_queued_start": 1585580062.787052, "device_queued": -1, "device_end": -1, "host_queued_end": 1585580062.797182}, "device": "cpu", "nd_range": {"device_start": 2247837.430087644, "device_end": 2247837.5410715602}, "cmdq": 2, "read": {"device_start": -1, "device_end": -1}}, "FFC_sans_bias31": {"write": {"device_start": -1, "host_queued_start": 1585580062.721612, "device_queued": -1, "device_end": -1, "host_queued_end": 1585580062.74216}, "device": "gpu", "nd_range": {"device_start": 1585579997.5650811, "device_end": 1585579997.5685318}, "cmdq": 0, "read": {"device_start": -1, "device_end": -1}}, "FFC_sans_bias16": {"write": {"device_start": -1, "host_queued_start": 1585580062.793925, "device_queued": -1, "device_end": -1, "host_queued_end": 1585580062.797182}, "device": "cpu", "nd_range": {"device_start": 2247837.5410823273, "device_end": 2247837.6577555733}, "cmdq": 0, "read": {"device_start": -1, "device_end": -1}}, "FFC_sans_bias19": {"write": {"device_start": -1, "host_queued_start": 1585580062.779943, "device_queued": -1, "device_end": -1, "host_queued_end": 1585580062.797182}, "device": "cpu", "nd_range": {"device_start": 2247837.110434139, "device_end": 2247837.2343910923}, "cmdq": 0, "read": {"device_start": -1, "device_end": -1}}, "FFC_sans_bias18": {"write": {"device_start": -1, "host_queued_start": 1585580062.776521, "device_queued": -1, "device_end": -1, "host_queued_end": 1585580062.797182}, "device": "cpu", "nd_range": {"device_start": 2247837.303164211, "device_end": 2247837.3623036863}, "cmdq": 4, "read": {"device_start": -1, "device_end": -1}}, "coalesced_transpose30": {"write": {"device_start": -1, "host_queued_start": 1585580062.720053, "device_queued": -1, "device_end": -1, "host_queued_end": 1585580062.74216}, "device": "gpu", "nd_range": {"device_start": 1585579997.552257, "device_end": 1585579997.5650802}, "cmdq": 0, "read": {"device_start": -1, "device_end": -1}}, "FFC_sans_bias69": {"write": {"device_start": -1, "host_queued_start": 1585580062.725731, "device_queued": -1, "device_end": -1, "host_queued_end": 1585580062.74216}, "device": "gpu", "nd_range": {"device_start": 1585579997.5922225, "device_end": 1585579997.6076899}, "cmdq": 4, "read": {"device_start": -1, "device_end": -1}}, "FFC_sans_bias38": {"write": {"device_start": 1585579997.5200007, "host_queued_start": 1585580062.690306, "device_queued": 1585579997.5177288, "device_end": 1585579997.520101, "host_queued_end": 1585580062.74216}, "device": "gpu", "nd_range": {"device_start": 1585579997.5201082, "device_end": 1585579997.5359893}, "cmdq": 0, "read": {"device_start": -1, "device_end": -1}}, "coalesced_transpose57": {"write": {"device_start": -1, "host_queued_start": 1585580062.720987, "device_queued": -1, "device_end": -1, "host_queued_end": 1585580062.74216}, "device": "gpu", "nd_range": {"device_start": 1585579997.5620153, "device_end": 1585579997.56516}, "cmdq": 3, "read": {"device_start": -1, "device_end": -1}}, "empty26": {"write": {"device_start": -1, "host_queued_start": 1585580062.752647, "device_queued": -1, "device_end": -1, "host_queued_end": 1585580062.797182}, "device": "cpu", "nd_range": {"device_start": 2247836.986864908, "device_end": 2247836.986870433}, "cmdq": 2, "read": {"device_start": -1, "device_end": -1}}, "coalesced_transpose12": {"write": {"device_start": -1, "host_queued_start": 1585580062.784047, "device_queued": -1, "device_end": -1, "host_queued_end": 1585580062.797182}, "device": "cpu", "nd_range": {"device_start": 2247837.2505534473, "device_end": 2247837.2533745053}, "cmdq": 3, "read": {"device_start": -1, "device_end": -1}}, "empty44": {"write": {"device_start": 1585579997.5146983, "host_queued_start": 1585580062.662945, "device_queued": 1585579997.5142803, "device_end": 1585579997.514966, "host_queued_end": 1585580062.74216}, "device": "gpu", "nd_range": {"device_start": 1585579997.5150306, "device_end": 1585579997.5150373}, "cmdq": 1, "read": {"device_start": -1, "device_end": -1}}, "coalesced_transpose21": {"write": {"device_start": -1, "host_queued_start": 1585580062.784403, "device_queued": -1, "device_end": -1, "host_queued_end": 1585580062.797182}, "device": "cpu", "nd_range": {"device_start": 2247837.362320545, "device_end": 2247837.36342051}, "cmdq": 4, "read": {"device_start": -1, "device_end": -1}}, "FFC_sans_bias36": {"write": {"device_start": 1585579997.5169077, "host_queued_start": 1585580062.68355, "device_queued": 1585579997.5165663, "device_end": 1585579997.517193, "host_queued_end": 1585580062.74216}, "device": "gpu", "nd_range": {"device_start": 1585579997.517531, "device_end": 1585579997.529412}, "cmdq": 3, "read": {"device_start": -1, "device_end": -1}}, "softmax14": {"write": {"device_start": -1, "host_queued_start": 1585580062.786012, "device_queued": -1, "device_end": -1, "host_queued_end": 1585580062.797182}, "device": "cpu", "nd_range": {"device_start": 2247837.363437911, "device_end": 2247837.3644040884}, "cmdq": 4, "read": {"device_start": -1, "device_end": -1}}, "FFC_sans_bias13": {"write": {"device_start": -1, "host_queued_start": 1585580062.7851, "device_queued": -1, "device_end": -1, "host_queued_end": 1585580062.797182}, "device": "cpu", "nd_range": {"device_start": 2247837.2578914943, "device_end": 2247837.326511124}, "cmdq": 1, "read": {"device_start": -1, "device_end": -1}}, "empty8": {"write": {"device_start": -1, "host_queued_start": 1585580062.746505, "device_queued": -1, "device_end": -1, "host_queued_end": 1585580062.797182}, "device": "cpu", "nd_range": {"device_start": 2247836.986789565, "device_end": 2247836.986801986}, "cmdq": 0, "read": {"device_start": -1, "device_end": -1}}, "FFC_sans_bias42": {"write": {"device_start": -1, "host_queued_start": 1585580062.724768, "device_queued": -1, "device_end": -1, "host_queued_end": 1585580062.74216}, "device": "gpu", "nd_range": {"device_start": 1585579997.5796094, "device_end": 1585579997.59146}, "cmdq": 1, "read": {"device_start": -1, "device_end": -1}}, "FFC_sans_bias43": {"write": {"device_start": 1585579997.5916982, "host_queued_start": 1585580062.73224, "device_queued": 1585579997.522796, "device_end": 1585579997.5917985, "host_queued_end": 1585580062.74216}, "device": "gpu", "nd_range": {"device_start": 1585579997.591801, "device_end": 1585579997.6044323}, "cmdq": 1, "read": {"device_start": 1585579997.6044345, "device_end": 1585579997.6045299}}, "FFC_sans_bias40": {"write": {"device_start": -1, "host_queued_start": 1585580062.721935, "device_queued": -1, "device_end": -1, "host_queued_end": 1585580062.74216}, "device": "gpu", "nd_range": {"device_start": 1585579997.5651188, "device_end": 1585579997.5718532}, "cmdq": 1, "read": {"device_start": -1, "device_end": -1}}, "softmax32": {"write": {"device_start": -1, "host_queued_start": 1585580062.723145, "device_queued": -1, "device_end": -1, "host_queued_end": 1585580062.74216}, "device": "gpu", "nd_range": {"device_start": 1585579997.5685332, "device_end": 1585579997.5795991}, "cmdq": 0, "read": {"device_start": -1, "device_end": -1}}, "FFC_sans_bias47": {"write": {"device_start": 1585579997.529763, "host_queued_start": 1585580062.700073, "device_queued": 1585579997.518275, "device_end": 1585579997.5298603, "host_queued_end": 1585580062.74216}, "device": "gpu", "nd_range": {"device_start": 1585579997.529867, "device_end": 1585579997.5458074}, "cmdq": 3, "read": {"device_start": -1, "device_end": -1}}, "FFC_sans_bias45": {"write": {"device_start": 1585579997.5234203, "host_queued_start": 1585580062.693578, "device_queued": 1585579997.5180156, "device_end": 1585579997.5235236, "host_queued_end": 1585580062.74216}, "device": "gpu", "nd_range": {"device_start": 1585579997.523528, "device_end": 1585579997.53921}, "cmdq": 1, "read": {"device_start": -1, "device_end": -1}}, "softmax50": {"write": {"device_start": -1, "host_queued_start": 1585580062.723643, "device_queued": -1, "device_end": -1, "host_queued_end": 1585580062.74216}, "device": "gpu", "nd_range": {"device_start": 1585579997.5751336, "device_end": 1585579997.5792186}, "cmdq": 2, "read": {"device_start": -1, "device_end": -1}}, "FFC_sans_bias33": {"write": {"device_start": -1, "host_queued_start": 1585580062.724448, "device_queued": -1, "device_end": -1, "host_queued_end": 1585580062.74216}, "device": "gpu", "nd_range": {"device_start": 1585579997.5796003, "device_end": 1585579997.5882025}, "cmdq": 0, "read": {"device_start": -1, "device_end": -1}}, "FFC_sans_bias63": {"write": {"device_start": 1585579997.549367, "host_queued_start": 1585580062.719707, "device_queued": 1585579997.5195813, "device_end": 1585579997.5494697, "host_queued_end": 1585580062.74216}, "device": "gpu", "nd_range": {"device_start": 1585579997.549486, "device_end": 1585579997.5652983}, "cmdq": 4, "read": {"device_start": -1, "device_end": -1}}, "FFC_sans_bias49": {"write": {"device_start": -1, "host_queued_start": 1585580062.722253, "device_queued": -1, "device_end": -1, "host_queued_end": 1585580062.74216}, "device": "gpu", "nd_range": {"device_start": 1585579997.5651355, "device_end": 1585579997.5751326}, "cmdq": 2, "read": {"device_start": -1, "device_end": -1}}, "FFC_sans_bias64": {"write": {"device_start": 1585579997.5428715, "host_queued_start": 1585580062.713182, "device_queued": 1585579997.5193272, "device_end": 1585579997.5429735, "host_queued_end": 1585580062.74216}, "device": "gpu", "nd_range": {"device_start": 1585579997.54299, "device_end": 1585579997.5588071}, "cmdq": 2, "read": {"device_start": -1, "device_end": -1}}, "FFC_sans_bias65": {"write": {"device_start": 1585579997.5461857, "host_queued_start": 1585580062.716426, "device_queued": 1585579997.5194569, "device_end": 1585579997.5462863, "host_queued_end": 1585580062.74216}, "device": "gpu", "nd_range": {"device_start": 1585579997.5462892, "device_end": 1585579997.5620053}, "cmdq": 3, "read": {"device_start": -1, "device_end": -1}}, "FFC_sans_bias67": {"write": {"device_start": -1, "host_queued_start": 1585580062.722892, "device_queued": -1, "device_end": -1, "host_queued_end": 1585580062.74216}, "device": "gpu", "nd_range": {"device_start": 1585579997.578158, "device_end": 1585579997.5816095}, "cmdq": 4, "read": {"device_start": -1, "device_end": -1}}, "FFC_sans_bias24": {"write": {"device_start": -1, "host_queued_start": 1585580062.787418, "device_queued": -1, "device_end": -1, "host_queued_end": 1585580062.797182}, "device": "cpu", "nd_range": {"device_start": 2247837.452264043, "device_end": 2247837.534020239}, "cmdq": 3, "read": {"device_start": -1, "device_end": -1}}, "FFC_sans_bias25": {"write": {"device_start": -1, "host_queued_start": 1585580062.797128, "device_queued": -1, "device_end": -1, "host_queued_end": 1585580062.797182}, "device": "cpu", "nd_range": {"device_start": 2247837.540856067, "device_end": 2247837.65755401}, "cmdq": 1, "read": {"device_start": -1, "device_end": -1}}, "FFC_sans_bias27": {"write": {"device_start": 1585579997.5160124, "host_queued_start": 1585580062.67369, "device_queued": 1585579997.5153184, "device_end": 1585579997.5162907, "host_queued_end": 1585580062.74216}, "device": "gpu", "nd_range": {"device_start": 1585579997.5163014, "device_end": 1585579997.5196736}, "cmdq": 0, "read": {"device_start": -1, "device_end": -1}}, "FFC_sans_bias20": {"write": {"device_start": -1, "host_queued_start": 1585580062.783347, "device_queued": -1, "device_end": -1, "host_queued_end": 1585580062.797182}, "device": "cpu", "nd_range": {"device_start": 2247837.1107780733, "device_end": 2247837.257723948}, "cmdq": 1, "read": {"device_start": -1, "device_end": -1}}, "FFC_sans_bias22": {"write": {"device_start": -1, "host_queued_start": 1585580062.785449, "device_queued": -1, "device_end": -1, "host_queued_end": 1585580062.797182}, "device": "cpu", "nd_range": {"device_start": 2247837.366313631, "device_end": 2247837.430075224}, "cmdq": 2, "read": {"device_start": -1, "device_end": -1}}, "softmax68": {"write": {"device_start": -1, "host_queued_start": 1585580062.724134, "device_queued": -1, "device_end": -1, "host_queued_end": 1585580062.74216}, "device": "gpu", "nd_range": {"device_start": 1585579997.5816107, "device_end": 1585579997.5922217}, "cmdq": 4, "read": {"device_start": -1, "device_end": -1}}, "softmax5": {"write": {"device_start": -1, "host_queued_start": 1585580062.785734, "device_queued": -1, "device_end": -1, "host_queued_end": 1585580062.797182}, "device": "cpu", "nd_range": {"device_start": 2247837.417608273, "device_end": 2247837.4185552103}, "cmdq": 3, "read": {"device_start": -1, "device_end": -1}}, "FFC_sans_bias28": {"write": {"device_start": 1585579997.5163093, "host_queued_start": 1585580062.676973, "device_queued": 1585579997.5160017, "device_end": 1585579997.5165548, "host_queued_end": 1585580062.74216}, "device": "gpu", "nd_range": {"device_start": 1585579997.5172265, "device_end": 1585579997.5229897}, "cmdq": 1, "read": {"device_start": -1, "device_end": -1}}, "FFC_sans_bias29": {"write": {"device_start": 1585579997.5166087, "host_queued_start": 1585580062.68028, "device_queued": 1585579997.5163047, "device_end": 1585579997.5168574, "host_queued_end": 1585580062.74216}, "device": "gpu", "nd_range": {"device_start": 1585579997.517425, "device_end": 1585579997.526297}, "cmdq": 2, "read": {"device_start": -1, "device_end": -1}}, "empty17": {"write": {"device_start": -1, "host_queued_start": 1585580062.749529, "device_queued": -1, "device_end": -1, "host_queued_end": 1585580062.797182}, "device": "cpu", "nd_range": {"device_start": 2247836.98678976, "device_end": 2247836.986801986}, "cmdq": 1, "read": {"device_start": -1, "device_end": -1}}, "softmax59": {"write": {"device_start": -1, "host_queued_start": 1585580062.723886, "device_queued": -1, "device_end": -1, "host_queued_end": 1585580062.74216}, "device": "gpu", "nd_range": {"device_start": 1585579997.5782895, "device_end": 1585579997.5823483}, "cmdq": 3, "read": {"device_start": -1, "device_end": -1}}, "empty71": {"write": {"device_start": 1585579997.5157158, "host_queued_start": 1585580062.670892, "device_queued": 1585579997.5149903, "device_end": 1585579997.5159903, "host_queued_end": 1585580062.74216}, "device": "gpu", "nd_range": {"device_start": 1585579997.5159998, "device_end": 1585579997.5160036}, "cmdq": 4, "read": {"device_start": -1, "device_end": -1}}, "empty35": {"write": {"device_start": 1585579997.5143602, "host_queued_start": 1585580062.65957, "device_queued": 1585579997.5140195, "device_end": 1585579997.5145655, "host_queued_end": 1585580062.74216}, "device": "gpu", "nd_range": {"device_start": 1585579997.5145745, "device_end": 1585579997.514579}, "cmdq": 0, "read": {"device_start": -1, "device_end": -1}}, "empty53": {"write": {"device_start": 1585579997.5150406, "host_queued_start": 1585580062.665565, "device_queued": 1585579997.514577, "device_end": 1585579997.5152957, "host_queued_end": 1585580062.74216}, "device": "gpu", "nd_range": {"device_start": 1585579997.5153131, "device_end": 1585579997.5153189}, "cmdq": 2, "read": {"device_start": -1, "device_end": -1}}, "FFC_sans_bias46": {"write": {"device_start": 1585579997.526675, "host_queued_start": 1585580062.696814, "device_queued": 1585579997.5181503, "device_end": 1585579997.526782, "host_queued_end": 1585580062.74216}, "device": "gpu", "nd_range": {"device_start": 1585579997.5267878, "device_end": 1585579997.5425043}, "cmdq": 2, "read": {"device_start": -1, "device_end": -1}}, "coalesced_transpose66": {"write": {"device_start": -1, "host_queued_start": 1585580062.72129, "device_queued": -1, "device_end": -1, "host_queued_end": 1585580062.74216}, "device": "gpu", "nd_range": {"device_start": 1585579997.5653088, "device_end": 1585579997.5781567}, "cmdq": 4, "read": {"device_start": -1, "device_end": -1}}, "coalesced_transpose48": {"write": {"device_start": -1, "host_queued_start": 1585580062.720672, "device_queued": -1, "device_end": -1, "host_queued_end": 1585580062.74216}, "device": "gpu", "nd_range": {"device_start": 1585579997.5588086, "device_end": 1585579997.5651345}, "cmdq": 2, "read": {"device_start": -1, "device_end": -1}}}