{"FFC_sans_bias60": {"write": {"device_start": -1, "host_queued_start": 1585579257.554801, "device_queued": -1, "device_end": -1, "host_queued_end": 1585579257.574885}, "device": "gpu", "nd_range": {"device_start": 1585579192.4870229, "device_end": 1585579192.490631}, "cmdq": 0, "read": {"device_start": -1, "device_end": -1}}, "FFC_sans_bias4": {"write": {"device_start": -1, "host_queued_start": 1585579257.603919, "device_queued": -1, "device_end": -1, "host_queued_end": 1585579257.61235}, "device": "cpu", "nd_range": {"device_start": 2247032.019480749, "device_end": 2247032.054739794}, "cmdq": 0, "read": {"device_start": -1, "device_end": -1}}, "FFC_sans_bias7": {"write": {"device_start": -1, "host_queued_start": 1585579257.608852, "device_queued": -1, "device_end": -1, "host_queued_end": 1585579257.61235}, "device": "cpu", "nd_range": {"device_start": 2247032.167885602, "device_end": 2247032.206786197}, "cmdq": 0, "read": {"device_start": -1, "device_end": -1}}, "FFC_sans_bias6": {"write": {"device_start": -1, "host_queued_start": 1585579257.60517, "device_queued": -1, "device_end": -1, "host_queued_end": 1585579257.61235}, "device": "cpu", "nd_range": {"device_start": 2247032.0960280043, "device_end": 2247032.13216128}, "cmdq": 0, "read": {"device_start": -1, "device_end": -1}}, "FFC_sans_bias1": {"write": {"device_start": -1, "host_queued_start": 1585579257.58882, "device_queued": -1, "device_end": -1, "host_queued_end": 1585579257.61235}, "device": "cpu", "nd_range": {"device_start": 2247031.8348708, "device_end": 2247031.8691866333}, "cmdq": 0, "read": {"device_start": -1, "device_end": -1}}, "FFC_sans_bias0": {"write": {"device_start": -1, "host_queued_start": 1585579257.585372, "device_queued": -1, "device_end": -1, "host_queued_end": 1585579257.61235}, "device": "cpu", "nd_range": {"device_start": 2247031.8019747413, "device_end": 2247031.8348453413}, "cmdq": 0, "read": {"device_start": -1, "device_end": -1}}, "FFC_sans_bias2": {"write": {"device_start": -1, "host_queued_start": 1585579257.59231, "device_queued": -1, "device_end": -1, "host_queued_end": 1585579257.61235}, "device": "cpu", "nd_range": {"device_start": 2247031.8692059373, "device_end": 2247031.905054583}, "cmdq": 0, "read": {"device_start": -1, "device_end": -1}}, "FFC_sans_bias61": {"write": {"device_start": 1585579192.5110164, "host_queued_start": 1585579257.571496, "device_queued": 1585579192.3777633, "device_end": 1585579192.5111072, "host_queued_end": 1585579257.574885}, "device": "gpu", "nd_range": {"device_start": 1585579192.5111096, "device_end": 1585579192.5144308}, "cmdq": 0, "read": {"device_start": 1585579192.5144343, "device_end": 1585579192.51452}}, "FFC_sans_bias52": {"write": {"device_start": 1585579192.50707, "host_queued_start": 1585579257.568195, "device_queued": 1585579192.377494, "device_end": 1585579192.5071561, "host_queued_end": 1585579257.574885}, "device": "gpu", "nd_range": {"device_start": 1585579192.507163, "device_end": 1585579192.5104785}, "cmdq": 0, "read": {"device_start": 1585579192.5104828, "device_end": 1585579192.51057}}, "FFC_sans_bias9": {"write": {"device_start": -1, "host_queued_start": 1585579257.595795, "device_queued": -1, "device_end": -1, "host_queued_end": 1585579257.61235}, "device": "cpu", "nd_range": {"device_start": 2247031.905074757, "device_end": 2247031.9449066883}, "cmdq": 0, "read": {"device_start": -1, "device_end": -1}}, "coalesced_transpose39": {"write": {"device_start": -1, "host_queued_start": 1585579257.54876, "device_queued": -1, "device_end": -1, "host_queued_end": 1585579257.574885}, "device": "gpu", "nd_range": {"device_start": 1585579192.4479256, "device_end": 1585579192.4479449}, "cmdq": 0, "read": {"device_start": -1, "device_end": -1}}, "FFC_sans_bias55": {"write": {"device_start": 1585579192.4308028, "host_queued_start": 1585579257.537954, "device_queued": 1585579192.3730326, "device_end": 1585579192.4308891, "host_queued_end": 1585579257.574885}, "device": "gpu", "nd_range": {"device_start": 1585579192.4308956, "device_end": 1585579192.4345121}, "cmdq": 0, "read": {"device_start": -1, "device_end": -1}}, "FFC_sans_bias54": {"write": {"device_start": 1585579192.4268727, "host_queued_start": 1585579257.534665, "device_queued": 1585579192.3728065, "device_end": 1585579192.42696, "host_queued_end": 1585579257.574885}, "device": "gpu", "nd_range": {"device_start": 1585579192.4269626, "device_end": 1585579192.4305978}, "cmdq": 0, "read": {"device_start": -1, "device_end": -1}}, "FFC_sans_bias56": {"write": {"device_start": 1585579192.4229243, "host_queued_start": 1585579257.531412, "device_queued": 1585579192.3725812, "device_end": 1585579192.4230099, "host_queued_end": 1585579257.574885}, "device": "gpu", "nd_range": {"device_start": 1585579192.4230168, "device_end": 1585579192.426657}, "cmdq": 0, "read": {"device_start": -1, "device_end": -1}}, "FFC_sans_bias51": {"write": {"device_start": -1, "host_queued_start": 1585579257.554476, "device_queued": -1, "device_end": -1, "host_queued_end": 1585579257.574885}, "device": "gpu", "nd_range": {"device_start": 1585579192.4833865, "device_end": 1585579192.487022}, "cmdq": 0, "read": {"device_start": -1, "device_end": -1}}, "softmax23": {"write": {"device_start": -1, "host_queued_start": 1585579257.551932, "device_queued": -1, "device_end": -1, "host_queued_end": 1585579257.574885}, "device": "gpu", "nd_range": {"device_start": 1585579192.469733, "device_end": 1585579192.4701927}, "cmdq": 0, "read": {"device_start": -1, "device_end": -1}}, "FFC_sans_bias37": {"write": {"device_start": 1585579192.3998513, "host_queued_start": 1585579257.515015, "device_queued": 1585579192.3714116, "device_end": 1585579192.3999484, "host_queued_end": 1585579257.574885}, "device": "gpu", "nd_range": {"device_start": 1585579192.3999507, "device_end": 1585579192.4035718}, "cmdq": 0, "read": {"device_start": -1, "device_end": -1}}, "empty62": {"write": {"device_start": 1585579192.370314, "host_queued_start": 1585579257.486434, "device_queued": 1585579192.3691278, "device_end": 1585579192.3704078, "host_queued_end": 1585579257.574885}, "device": "gpu", "nd_range": {"device_start": 1585579192.37041, "device_end": 1585579192.3704138}, "cmdq": 0, "read": {"device_start": -1, "device_end": -1}}, "FFC_sans_bias70": {"write": {"device_start": 1585579192.5149176, "host_queued_start": 1585579257.574768, "device_queued": 1585579192.3780417, "device_end": 1585579192.5150027, "host_queued_end": 1585579257.574885}, "device": "gpu", "nd_range": {"device_start": 1585579192.5150099, "device_end": 1585579192.5183504}, "cmdq": 0, "read": {"device_start": 1585579192.5183527, "device_end": 1585579192.518441}}, "FFC_sans_bias58": {"write": {"device_start": -1, "host_queued_start": 1585579257.551352, "device_queued": -1, "device_end": -1, "host_queued_end": 1585579257.574885}, "device": "gpu", "nd_range": {"device_start": 1585579192.4624956, "device_end": 1585579192.4661107}, "cmdq": 0, "read": {"device_start": -1, "device_end": -1}}, "softmax41": {"write": {"device_start": -1, "host_queued_start": 1585579257.552438, "device_queued": -1, "device_end": -1, "host_queued_end": 1585579257.574885}, "device": "gpu", "nd_range": {"device_start": 1585579192.4706557, "device_end": 1585579192.4711137}, "cmdq": 0, "read": {"device_start": -1, "device_end": -1}}, "FFC_sans_bias11": {"write": {"device_start": -1, "host_queued_start": 1585579257.602671, "device_queued": -1, "device_end": -1, "host_queued_end": 1585579257.61235}, "device": "cpu", "nd_range": {"device_start": 2247031.982466876, "device_end": 2247032.018025497}, "cmdq": 0, "read": {"device_start": -1, "device_end": -1}}, "FFC_sans_bias10": {"write": {"device_start": -1, "host_queued_start": 1585579257.599361, "device_queued": -1, "device_end": -1, "host_queued_end": 1585579257.61235}, "device": "cpu", "nd_range": {"device_start": 2247031.944929899, "device_end": 2247031.982443603}, "cmdq": 0, "read": {"device_start": -1, "device_end": -1}}, "coalesced_transpose3": {"write": {"device_start": -1, "host_queued_start": 1585579257.603231, "device_queued": -1, "device_end": -1, "host_queued_end": 1585579257.61235}, "device": "cpu", "nd_range": {"device_start": 2247032.018047694, "device_end": 2247032.018582425}, "cmdq": 0, "read": {"device_start": -1, "device_end": -1}}, "FFC_sans_bias34": {"write": {"device_start": 1585579192.4987142, "host_queued_start": 1585579257.561624, "device_queued": 1585579192.3769503, "device_end": 1585579192.4988003, "host_queued_end": 1585579257.574885}, "device": "gpu", "nd_range": {"device_start": 1585579192.4988072, "device_end": 1585579192.5026128}, "cmdq": 0, "read": {"device_start": 1585579192.5026164, "device_end": 1585579192.502702}}, "FFC_sans_bias15": {"write": {"device_start": -1, "host_queued_start": 1585579257.605513, "device_queued": -1, "device_end": -1, "host_queued_end": 1585579257.61235}, "device": "cpu", "nd_range": {"device_start": 2247032.132170427, "device_end": 2247032.1678655273}, "cmdq": 0, "read": {"device_start": -1, "device_end": -1}}, "FFC_sans_bias31": {"write": {"device_start": -1, "host_queued_start": 1585579257.550358, "device_queued": -1, "device_end": -1, "host_queued_end": 1585579257.574885}, "device": "gpu", "nd_range": {"device_start": 1585579192.4516327, "device_end": 1585579192.455264}, "cmdq": 0, "read": {"device_start": -1, "device_end": -1}}, "FFC_sans_bias16": {"write": {"device_start": -1, "host_queued_start": 1585579257.612292, "device_queued": -1, "device_end": -1, "host_queued_end": 1585579257.61235}, "device": "cpu", "nd_range": {"device_start": 2247032.2068000063, "device_end": 2247032.2464016164}, "cmdq": 0, "read": {"device_start": -1, "device_end": -1}}, "FFC_sans_bias19": {"write": {"device_start": 1585579192.3751473, "host_queued_start": 1585579257.495169, "device_queued": 1585579192.3696616, "device_end": 1585579192.3752434, "host_queued_end": 1585579257.574885}, "device": "gpu", "nd_range": {"device_start": 1585579192.3752534, "device_end": 1585579192.378899}, "cmdq": 0, "read": {"device_start": -1, "device_end": -1}}, "FFC_sans_bias18": {"write": {"device_start": 1585579192.3710637, "host_queued_start": 1585579257.491872, "device_queued": 1585579192.3694186, "device_end": 1585579192.3711562, "host_queued_end": 1585579257.574885}, "device": "gpu", "nd_range": {"device_start": 1585579192.3711717, "device_end": 1585579192.3747869}, "cmdq": 0, "read": {"device_start": -1, "device_end": -1}}, "coalesced_transpose30": {"write": {"device_start": -1, "host_queued_start": 1585579257.54845, "device_queued": -1, "device_end": -1, "host_queued_end": 1585579257.574885}, "device": "gpu", "nd_range": {"device_start": 1585579192.4479063, "device_end": 1585579192.4479246}, "cmdq": 0, "read": {"device_start": -1, "device_end": -1}}, "FFC_sans_bias69": {"write": {"device_start": -1, "host_queued_start": 1585579257.555123, "device_queued": -1, "device_end": -1, "host_queued_end": 1585579257.574885}, "device": "gpu", "nd_range": {"device_start": 1585579192.490632, "device_end": 1585579192.4942641}, "cmdq": 0, "read": {"device_start": -1, "device_end": -1}}, "FFC_sans_bias38": {"write": {"device_start": 1585579192.4039063, "host_queued_start": 1585579257.518336, "device_queued": 1585579192.3716707, "device_end": 1585579192.404014, "host_queued_end": 1585579257.574885}, "device": "gpu", "nd_range": {"device_start": 1585579192.4040208, "device_end": 1585579192.4076643}, "cmdq": 0, "read": {"device_start": -1, "device_end": -1}}, "coalesced_transpose57": {"write": {"device_start": -1, "host_queued_start": 1585579257.549391, "device_queued": -1, "device_end": -1, "host_queued_end": 1585579257.574885}, "device": "gpu", "nd_range": {"device_start": 1585579192.4479663, "device_end": 1585579192.4479847}, "cmdq": 0, "read": {"device_start": -1, "device_end": -1}}, "empty26": {"write": {"device_start": 1585579192.3687127, "host_queued_start": 1585579257.47531, "device_queued": 1585579192.3683472, "device_end": 1585579192.3688083, "host_queued_end": 1585579257.574885}, "device": "gpu", "nd_range": {"device_start": 1585579192.3688176, "device_end": 1585579192.3688219}, "cmdq": 0, "read": {"device_start": -1, "device_end": -1}}, "coalesced_transpose12": {"write": {"device_start": -1, "host_queued_start": 1585579257.60357, "device_queued": -1, "device_end": -1, "host_queued_end": 1585579257.61235}, "device": "cpu", "nd_range": {"device_start": 2247032.01859166, "device_end": 2247032.0194732933}, "cmdq": 0, "read": {"device_start": -1, "device_end": -1}}, "empty44": {"write": {"device_start": 1585579192.3695426, "host_queued_start": 1585579257.481225, "device_queued": 1585579192.3688183, "device_end": 1585579192.3696363, "host_queued_end": 1585579257.574885}, "device": "gpu", "nd_range": {"device_start": 1585579192.3696427, "device_end": 1585579192.369646}, "cmdq": 0, "read": {"device_start": -1, "device_end": -1}}, "coalesced_transpose21": {"write": {"device_start": -1, "host_queued_start": 1585579257.548134, "device_queued": -1, "device_end": -1, "host_queued_end": 1585579257.574885}, "device": "gpu", "nd_range": {"device_start": 1585579192.4478862, "device_end": 1585579192.447905}, "cmdq": 0, "read": {"device_start": -1, "device_end": -1}}, "FFC_sans_bias36": {"write": {"device_start": 1585579192.3957553, "host_queued_start": 1585579257.511752, "device_queued": 1585579192.3711762, "device_end": 1585579192.3958614, "host_queued_end": 1585579257.574885}, "device": "gpu", "nd_range": {"device_start": 1585579192.3958685, "device_end": 1585579192.399516}, "cmdq": 0, "read": {"device_start": -1, "device_end": -1}}, "softmax14": {"write": {"device_start": -1, "host_queued_start": 1585579257.604829, "device_queued": -1, "device_end": -1, "host_queued_end": 1585579257.61235}, "device": "cpu", "nd_range": {"device_start": 2247032.095670309, "device_end": 2247032.0960210483}, "cmdq": 0, "read": {"device_start": -1, "device_end": -1}}, "FFC_sans_bias13": {"write": {"device_start": -1, "host_queued_start": 1585579257.604266, "device_queued": -1, "device_end": -1, "host_queued_end": 1585579257.61235}, "device": "cpu", "nd_range": {"device_start": 2247032.054756992, "device_end": 2247032.09520153}, "cmdq": 0, "read": {"device_start": -1, "device_end": -1}}, "empty8": {"write": {"device_start": -1, "host_queued_start": 1585579257.579162, "device_queued": -1, "device_end": -1, "host_queued_end": 1585579257.61235}, "device": "cpu", "nd_range": {"device_start": 2247031.801935085, "device_end": 2247031.8019476472}, "cmdq": 0, "read": {"device_start": -1, "device_end": -1}}, "FFC_sans_bias42": {"write": {"device_start": -1, "host_queued_start": 1585579257.554148, "device_queued": -1, "device_end": -1, "host_queued_end": 1585579257.574885}, "device": "gpu", "nd_range": {"device_start": 1585579192.4797478, "device_end": 1585579192.4833853}, "cmdq": 0, "read": {"device_start": -1, "device_end": -1}}, "FFC_sans_bias43": {"write": {"device_start": 1585579192.5031376, "host_queued_start": 1585579257.564874, "device_queued": 1585579192.3772278, "device_end": 1585579192.5032248, "host_queued_end": 1585579257.574885}, "device": "gpu", "nd_range": {"device_start": 1585579192.5032318, "device_end": 1585579192.5065565}, "cmdq": 0, "read": {"device_start": 1585579192.5065584, "device_end": 1585579192.506648}}, "FFC_sans_bias40": {"write": {"device_start": -1, "host_queued_start": 1585579257.550703, "device_queued": -1, "device_end": -1, "host_queued_end": 1585579257.574885}, "device": "gpu", "nd_range": {"device_start": 1585579192.455265, "device_end": 1585579192.4588864}, "cmdq": 0, "read": {"device_start": -1, "device_end": -1}}, "softmax32": {"write": {"device_start": -1, "host_queued_start": 1585579257.552191, "device_queued": -1, "device_end": -1, "host_queued_end": 1585579257.574885}, "device": "gpu", "nd_range": {"device_start": 1585579192.4701943, "device_end": 1585579192.4706542}, "cmdq": 0, "read": {"device_start": -1, "device_end": -1}}, "FFC_sans_bias47": {"write": {"device_start": 1585579192.4185476, "host_queued_start": 1585579257.528092, "device_queued": 1585579192.3723574, "device_end": 1585579192.4186354, "host_queued_end": 1585579257.574885}, "device": "gpu", "nd_range": {"device_start": 1585579192.4186382, "device_end": 1585579192.4222794}, "cmdq": 0, "read": {"device_start": -1, "device_end": -1}}, "FFC_sans_bias45": {"write": {"device_start": 1585579192.410626, "host_queued_start": 1585579257.521574, "device_queued": 1585579192.3718927, "device_end": 1585579192.4107158, "host_queued_end": 1585579257.574885}, "device": "gpu", "nd_range": {"device_start": 1585579192.4107208, "device_end": 1585579192.4143417}, "cmdq": 0, "read": {"device_start": -1, "device_end": -1}}, "softmax50": {"write": {"device_start": -1, "host_queued_start": 1585579257.552688, "device_queued": -1, "device_end": -1, "host_queued_end": 1585579257.574885}, "device": "gpu", "nd_range": {"device_start": 1585579192.4711146, "device_end": 1585579192.4715729}, "cmdq": 0, "read": {"device_start": -1, "device_end": -1}}, "FFC_sans_bias33": {"write": {"device_start": -1, "host_queued_start": 1585579257.55383, "device_queued": -1, "device_end": -1, "host_queued_end": 1585579257.574885}, "device": "gpu", "nd_range": {"device_start": 1585579192.4761105, "device_end": 1585579192.4797466}, "cmdq": 0, "read": {"device_start": -1, "device_end": -1}}, "FFC_sans_bias63": {"write": {"device_start": 1585579192.4441803, "host_queued_start": 1585579257.547779, "device_queued": 1585579192.3737164, "device_end": 1585579192.4442704, "host_queued_end": 1585579257.574885}, "device": "gpu", "nd_range": {"device_start": 1585579192.4442754, "device_end": 1585579192.447885}, "cmdq": 0, "read": {"device_start": -1, "device_end": -1}}, "FFC_sans_bias49": {"write": {"device_start": -1, "host_queued_start": 1585579257.551023, "device_queued": -1, "device_end": -1, "host_queued_end": 1585579257.574885}, "device": "gpu", "nd_range": {"device_start": 1585579192.4588876, "device_end": 1585579192.4624946}, "cmdq": 0, "read": {"device_start": -1, "device_end": -1}}, "FFC_sans_bias64": {"write": {"device_start": 1585579192.4347155, "host_queued_start": 1585579257.541251, "device_queued": 1585579192.3732667, "device_end": 1585579192.434803, "host_queued_end": 1585579257.574885}, "device": "gpu", "nd_range": {"device_start": 1585579192.4348083, "device_end": 1585579192.438448}, "cmdq": 0, "read": {"device_start": -1, "device_end": -1}}, "FFC_sans_bias65": {"write": {"device_start": 1585579192.4387145, "host_queued_start": 1585579257.54451, "device_queued": 1585579192.3734922, "device_end": 1585579192.4388118, "host_queued_end": 1585579257.574885}, "device": "gpu", "nd_range": {"device_start": 1585579192.4388146, "device_end": 1585579192.4424257}, "cmdq": 0, "read": {"device_start": -1, "device_end": -1}}, "FFC_sans_bias67": {"write": {"device_start": -1, "host_queued_start": 1585579257.551678, "device_queued": -1, "device_end": -1, "host_queued_end": 1585579257.574885}, "device": "gpu", "nd_range": {"device_start": 1585579192.466112, "device_end": 1585579192.469732}, "cmdq": 0, "read": {"device_start": -1, "device_end": -1}}, "FFC_sans_bias24": {"write": {"device_start": -1, "host_queued_start": 1585579257.553503, "device_queued": -1, "device_end": -1, "host_queued_end": 1585579257.574885}, "device": "gpu", "nd_range": {"device_start": 1585579192.4724915, "device_end": 1585579192.4761095}, "cmdq": 0, "read": {"device_start": -1, "device_end": -1}}, "FFC_sans_bias25": {"write": {"device_start": 1585579192.4945025, "host_queued_start": 1585579257.558319, "device_queued": 1585579192.3766716, "device_end": 1585579192.4945931, "host_queued_end": 1585579257.574885}, "device": "gpu", "nd_range": {"device_start": 1585579192.4945958, "device_end": 1585579192.4982002}, "cmdq": 0, "read": {"device_start": 1585579192.4982076, "device_end": 1585579192.4982934}}, "FFC_sans_bias27": {"write": {"device_start": 1585579192.3833282, "host_queued_start": 1585579257.501735, "device_queued": 1585579192.370194, "device_end": 1585579192.3834262, "host_queued_end": 1585579257.574885}, "device": "gpu", "nd_range": {"device_start": 1585579192.3834348, "device_end": 1585579192.3870761}, "cmdq": 0, "read": {"device_start": -1, "device_end": -1}}, "FFC_sans_bias20": {"write": {"device_start": 1585579192.3792372, "host_queued_start": 1585579257.498443, "device_queued": 1585579192.3699238, "device_end": 1585579192.3793316, "host_queued_end": 1585579257.574885}, "device": "gpu", "nd_range": {"device_start": 1585579192.379338, "device_end": 1585579192.3829706}, "cmdq": 0, "read": {"device_start": -1, "device_end": -1}}, "FFC_sans_bias22": {"write": {"device_start": -1, "host_queued_start": 1585579257.550027, "device_queued": -1, "device_end": -1, "host_queued_end": 1585579257.574885}, "device": "gpu", "nd_range": {"device_start": 1585579192.4480057, "device_end": 1585579192.4516313}, "cmdq": 0, "read": {"device_start": -1, "device_end": -1}}, "softmax68": {"write": {"device_start": -1, "host_queued_start": 1585579257.553187, "device_queued": -1, "device_end": -1, "host_queued_end": 1585579257.574885}, "device": "gpu", "nd_range": {"device_start": 1585579192.4720333, "device_end": 1585579192.4724905}, "cmdq": 0, "read": {"device_start": -1, "device_end": -1}}, "softmax5": {"write": {"device_start": -1, "host_queued_start": 1585579257.604553, "device_queued": -1, "device_end": -1, "host_queued_end": 1585579257.61235}, "device": "cpu", "nd_range": {"device_start": 2247032.0952214613, "device_end": 2247032.095661397}, "cmdq": 0, "read": {"device_start": -1, "device_end": -1}}, "FFC_sans_bias28": {"write": {"device_start": 1585579192.3874507, "host_queued_start": 1585579257.50499, "device_queued": 1585579192.3704538, "device_end": 1585579192.3875515, "host_queued_end": 1585579257.574885}, "device": "gpu", "nd_range": {"device_start": 1585579192.387556, "device_end": 1585579192.3912034}, "cmdq": 0, "read": {"device_start": -1, "device_end": -1}}, "FFC_sans_bias29": {"write": {"device_start": 1585579192.3915958, "host_queued_start": 1585579257.508453, "device_queued": 1585579192.370803, "device_end": 1585579192.3917131, "host_queued_end": 1585579257.574885}, "device": "gpu", "nd_range": {"device_start": 1585579192.3917165, "device_end": 1585579192.3953562}, "cmdq": 0, "read": {"device_start": -1, "device_end": -1}}, "empty17": {"write": {"device_start": -1, "host_queued_start": 1585579257.582086, "device_queued": -1, "device_end": -1, "host_queued_end": 1585579257.61235}, "device": "cpu", "nd_range": {"device_start": 2247031.8019682793, "device_end": 2247031.801969243}, "cmdq": 0, "read": {"device_start": -1, "device_end": -1}}, "softmax59": {"write": {"device_start": -1, "host_queued_start": 1585579257.552936, "device_queued": -1, "device_end": -1, "host_queued_end": 1585579257.574885}, "device": "gpu", "nd_range": {"device_start": 1585579192.4715738, "device_end": 1585579192.4720323}, "cmdq": 0, "read": {"device_start": -1, "device_end": -1}}, "empty71": {"write": {"device_start": 1585579192.3707001, "host_queued_start": 1585579257.489037, "device_queued": 1585579192.3692675, "device_end": 1585579192.3707933, "host_queued_end": 1585579257.574885}, "device": "gpu", "nd_range": {"device_start": 1585579192.3707962, "device_end": 1585579192.3708}, "cmdq": 0, "read": {"device_start": -1, "device_end": -1}}, "empty35": {"write": {"device_start": 1585579192.3691378, "host_queued_start": 1585579257.478644, "device_queued": 1585579192.3685942, "device_end": 1585579192.3692336, "host_queued_end": 1585579257.574885}, "device": "gpu", "nd_range": {"device_start": 1585579192.3692384, "device_end": 1585579192.3692417}, "cmdq": 0, "read": {"device_start": -1, "device_end": -1}}, "empty53": {"write": {"device_start": 1585579192.3699281, "host_queued_start": 1585579257.483858, "device_queued": 1585579192.3689928, "device_end": 1585579192.3700223, "host_queued_end": 1585579257.574885}, "device": "gpu", "nd_range": {"device_start": 1585579192.3700292, "device_end": 1585579192.370033}, "cmdq": 0, "read": {"device_start": -1, "device_end": -1}}, "FFC_sans_bias46": {"write": {"device_start": 1585579192.4145877, "host_queued_start": 1585579257.524822, "device_queued": 1585579192.372115, "device_end": 1585579192.4146757, "host_queued_end": 1585579257.574885}, "device": "gpu", "nd_range": {"device_start": 1585579192.4146826, "device_end": 1585579192.4183216}, "cmdq": 0, "read": {"device_start": -1, "device_end": -1}}, "coalesced_transpose66": {"write": {"device_start": -1, "host_queued_start": 1585579257.549702, "device_queued": -1, "device_end": -1, "host_queued_end": 1585579257.574885}, "device": "gpu", "nd_range": {"device_start": 1585579192.4479861, "device_end": 1585579192.4480047}, "cmdq": 0, "read": {"device_start": -1, "device_end": -1}}, "coalesced_transpose48": {"write": {"device_start": -1, "host_queued_start": 1585579257.549068, "device_queued": -1, "device_end": -1, "host_queued_end": 1585579257.574885}, "device": "gpu", "nd_range": {"device_start": 1585579192.447946, "device_end": 1585579192.4479647}, "cmdq": 0, "read": {"device_start": -1, "device_end": -1}}}