{"FFC_sans_bias60": {"write": {"device_start": -1, "host_queued_start": 1585580020.217406, "device_queued": -1, "device_end": -1, "host_queued_end": 1585580020.243902}, "device": "gpu", "nd_range": {"device_start": 1585579955.1316698, "device_end": 1585579955.147914}, "cmdq": 2, "read": {"device_start": -1, "device_end": -1}}, "FFC_sans_bias4": {"write": {"device_start": -1, "host_queued_start": 1585580020.210885, "device_queued": -1, "device_end": -1, "host_queued_end": 1585580020.243902}, "device": "gpu", "nd_range": {"device_start": 1585579955.0982437, "device_end": 1585579955.1016197}, "cmdq": 0, "read": {"device_start": -1, "device_end": -1}}, "FFC_sans_bias7": {"write": {"device_start": 1585579955.1449249, "host_queued_start": 1585580020.2209, "device_queued": 1585579955.029712, "device_end": 1585579955.1450245, "host_queued_end": 1585580020.243902}, "device": "gpu", "nd_range": {"device_start": 1585579955.145046, "device_end": 1585579955.1576698}, "cmdq": 4, "read": {"device_start": 1585579955.157671, "device_end": 1585579955.1577618}}, "FFC_sans_bias6": {"write": {"device_start": -1, "host_queued_start": 1585580020.215535, "device_queued": -1, "device_end": -1, "host_queued_end": 1585580020.243902}, "device": "gpu", "nd_range": {"device_start": 1585579955.124945, "device_end": 1585579955.1283288}, "cmdq": 1, "read": {"device_start": -1, "device_end": -1}}, "FFC_sans_bias1": {"write": {"device_start": 1585579955.0200462, "host_queued_start": 1585580020.136236, "device_queued": 1585579955.0197518, "device_end": 1585579955.020141, "host_queued_end": 1585580020.243902}, "device": "gpu", "nd_range": {"device_start": 1585579955.0201755, "device_end": 1585579955.0267572}, "cmdq": 4, "read": {"device_start": -1, "device_end": -1}}, "FFC_sans_bias0": {"write": {"device_start": 1585579955.0197542, "host_queued_start": 1585580020.132936, "device_queued": 1585579955.0194414, "device_end": 1585579955.0200276, "host_queued_end": 1585580020.243902}, "device": "gpu", "nd_range": {"device_start": 1585579955.020055, "device_end": 1585579955.023429}, "cmdq": 3, "read": {"device_start": -1, "device_end": -1}}, "FFC_sans_bias2": {"write": {"device_start": 1585579955.0204978, "host_queued_start": 1585580020.139515, "device_queued": 1585579955.0202672, "device_end": 1585579955.0205944, "host_queued_end": 1585580020.243902}, "device": "gpu", "nd_range": {"device_start": 1585579955.0205975, "device_end": 1585579955.030068}, "cmdq": 0, "read": {"device_start": -1, "device_end": -1}}, "FFC_sans_bias61": {"write": {"device_start": 1585579955.1549656, "host_queued_start": 1585580020.24052, "device_queued": 1585579955.0319488, "device_end": 1585579955.155066, "host_queued_end": 1585580020.243902}, "device": "gpu", "nd_range": {"device_start": 1585579955.155087, "device_end": 1585579955.1707017}, "cmdq": 0, "read": {"device_start": 1585579955.1742713, "device_end": 1585579955.1743665}}, "FFC_sans_bias52": {"write": {"device_start": 1585579955.1582391, "host_queued_start": 1585580020.237232, "device_queued": 1585579955.0314536, "device_end": 1585579955.158337, "host_queued_end": 1585580020.243902}, "device": "gpu", "nd_range": {"device_start": 1585579955.158354, "device_end": 1585579955.1739285}, "cmdq": 4, "read": {"device_start": 1585579955.1739352, "device_end": 1585579955.1740208}}, "FFC_sans_bias9": {"write": {"device_start": 1585579955.0208302, "host_queued_start": 1585580020.143068, "device_queued": 1585579955.020603, "device_end": 1585579955.021081, "host_queued_end": 1585580020.243902}, "device": "gpu", "nd_range": {"device_start": 1585579955.0213537, "device_end": 1585579955.033188}, "cmdq": 1, "read": {"device_start": -1, "device_end": -1}}, "coalesced_transpose39": {"write": {"device_start": -1, "host_queued_start": 1585580020.209663, "device_queued": -1, "device_end": -1, "host_queued_end": 1585580020.243902}, "device": "gpu", "nd_range": {"device_start": 1585579955.0982816, "device_end": 1585579955.1047463}, "cmdq": 1, "read": {"device_start": -1, "device_end": -1}}, "FFC_sans_bias55": {"write": {"device_start": 1585579955.072595, "host_queued_start": 1585580020.198337, "device_queued": 1585579955.0249555, "device_end": 1585579955.0726962, "host_queued_end": 1585580020.243902}, "device": "gpu", "nd_range": {"device_start": 1585579955.0727131, "device_end": 1585579955.0885794}, "cmdq": 3, "read": {"device_start": -1, "device_end": -1}}, "FFC_sans_bias54": {"write": {"device_start": 1585579955.069344, "host_queued_start": 1585580020.195107, "device_queued": 1585579955.0248218, "device_end": 1585579955.069445, "host_queued_end": 1585580020.243902}, "device": "gpu", "nd_range": {"device_start": 1585579955.0694518, "device_end": 1585579955.0853117}, "cmdq": 2, "read": {"device_start": -1, "device_end": -1}}, "FFC_sans_bias56": {"write": {"device_start": 1585579955.067146, "host_queued_start": 1585580020.191831, "device_queued": 1585579955.0246906, "device_end": 1585579955.0672476, "host_queued_end": 1585580020.243902}, "device": "gpu", "nd_range": {"device_start": 1585579955.0672634, "device_end": 1585579955.0820746}, "cmdq": 1, "read": {"device_start": -1, "device_end": -1}}, "FFC_sans_bias51": {"write": {"device_start": -1, "host_queued_start": 1585580020.217093, "device_queued": -1, "device_end": -1, "host_queued_end": 1585580020.243902}, "device": "gpu", "nd_range": {"device_start": 1585579955.1283417, "device_end": 1585579955.141386}, "cmdq": 1, "read": {"device_start": -1, "device_end": -1}}, "softmax23": {"write": {"device_start": -1, "host_queued_start": 1585580020.213938, "device_queued": -1, "device_end": -1, "host_queued_end": 1585580020.243902}, "device": "gpu", "nd_range": {"device_start": 1585579955.1114607, "device_end": 1585579955.1227746}, "cmdq": 0, "read": {"device_start": -1, "device_end": -1}}, "FFC_sans_bias37": {"write": {"device_start": 1585579955.0498888, "host_queued_start": 1585580020.175633, "device_queued": 1585579955.023196, "device_end": 1585579955.049989, "host_queued_end": 1585580020.243902}, "device": "gpu", "nd_range": {"device_start": 1585579955.0500057, "device_end": 1585579955.0658495}, "cmdq": 1, "read": {"device_start": -1, "device_end": -1}}, "empty62": {"write": {"device_start": 1585579955.0191915, "host_queued_start": 1585580020.127605, "device_queued": 1585579955.0187993, "device_end": 1585579955.0194278, "host_queued_end": 1585580020.243902}, "device": "gpu", "nd_range": {"device_start": 1585579955.0197997, "device_end": 1585579955.0198617}, "cmdq": 1, "read": {"device_start": -1, "device_end": -1}}, "FFC_sans_bias70": {"write": {"device_start": 1585579955.1647072, "host_queued_start": 1585580020.243791, "device_queued": 1585579955.0322425, "device_end": 1585579955.1648057, "host_queued_end": 1585580020.243902}, "device": "gpu", "nd_range": {"device_start": 1585579955.1648197, "device_end": 1585579955.1771073}, "cmdq": 1, "read": {"device_start": 1585579955.17711, "device_end": 1585579955.1771955}}, "FFC_sans_bias58": {"write": {"device_start": -1, "host_queued_start": 1585580020.21286, "device_queued": -1, "device_end": -1, "host_queued_end": 1585580020.243902}, "device": "gpu", "nd_range": {"device_start": 1585579955.1147702, "device_end": 1585579955.124509}, "cmdq": 1, "read": {"device_start": -1, "device_end": -1}}, "softmax41": {"write": {"device_start": -1, "host_queued_start": 1585580020.21443, "device_queued": -1, "device_end": -1, "host_queued_end": 1585580020.243902}, "device": "gpu", "nd_range": {"device_start": 1585579955.121206, "device_end": 1585579955.125946}, "cmdq": 2, "read": {"device_start": -1, "device_end": -1}}, "FFC_sans_bias11": {"write": {"device_start": 1585579955.0237556, "host_queued_start": 1585580020.149544, "device_queued": 1585579955.0210924, "device_end": 1585579955.0238528, "host_queued_end": 1585580020.243902}, "device": "gpu", "nd_range": {"device_start": 1585579955.0238562, "device_end": 1585579955.0397542}, "cmdq": 3, "read": {"device_start": -1, "device_end": -1}}, "FFC_sans_bias10": {"write": {"device_start": 1585579955.0210977, "host_queued_start": 1585580020.1463, "device_queued": 1585579955.020725, "device_end": 1585579955.0211937, "host_queued_end": 1585580020.243902}, "device": "gpu", "nd_range": {"device_start": 1585579955.0214577, "device_end": 1585579955.0365067}, "cmdq": 2, "read": {"device_start": -1, "device_end": -1}}, "coalesced_transpose3": {"write": {"device_start": -1, "host_queued_start": 1585580020.208421, "device_queued": -1, "device_end": -1, "host_queued_end": 1585580020.243902}, "device": "gpu", "nd_range": {"device_start": 1585579955.085313, "device_end": 1585579955.0981596}, "cmdq": 2, "read": {"device_start": -1, "device_end": -1}}, "FFC_sans_bias34": {"write": {"device_start": 1585579955.1481898, "host_queued_start": 1585580020.23067, "device_queued": 1585579955.0306695, "device_end": 1585579955.14829, "host_queued_end": 1585580020.243902}, "device": "gpu", "nd_range": {"device_start": 1585579955.1483145, "device_end": 1585579955.160926}, "cmdq": 2, "read": {"device_start": 1585579955.160934, "device_end": 1585579955.1610208}}, "FFC_sans_bias15": {"write": {"device_start": -1, "host_queued_start": 1585580020.215848, "device_queued": -1, "device_end": -1, "host_queued_end": 1585580020.243902}, "device": "gpu", "nd_range": {"device_start": 1585579955.1259599, "device_end": 1585579955.1316571}, "cmdq": 2, "read": {"device_start": -1, "device_end": -1}}, "FFC_sans_bias31": {"write": {"device_start": -1, "host_queued_start": 1585580020.211908, "device_queued": -1, "device_end": -1, "host_queued_end": 1585580020.243902}, "device": "gpu", "nd_range": {"device_start": 1585579955.0982997, "device_end": 1585579955.1082494}, "cmdq": 3, "read": {"device_start": -1, "device_end": -1}}, "FFC_sans_bias16": {"write": {"device_start": 1585579955.13839, "host_queued_start": 1585580020.224185, "device_queued": 1585579955.0304859, "device_end": 1585579955.13849, "host_queued_end": 1585580020.243902}, "device": "gpu", "nd_range": {"device_start": 1585579955.1385095, "device_end": 1585579955.1543953}, "cmdq": 0, "read": {"device_start": 1585579955.1543999, "device_end": 1585579955.1544898}}, "FFC_sans_bias19": {"write": {"device_start": 1585579955.0303645, "host_queued_start": 1585580020.156052, "device_queued": 1585579955.0217614, "device_end": 1585579955.0304642, "host_queued_end": 1585580020.243902}, "device": "gpu", "nd_range": {"device_start": 1585579955.0304697, "device_end": 1585579955.0463035}, "cmdq": 0, "read": {"device_start": -1, "device_end": -1}}, "FFC_sans_bias18": {"write": {"device_start": 1585579955.027057, "host_queued_start": 1585580020.152777, "device_queued": 1585579955.0212164, "device_end": 1585579955.0271668, "host_queued_end": 1585580020.243902}, "device": "gpu", "nd_range": {"device_start": 1585579955.0271766, "device_end": 1585579955.0430229}, "cmdq": 4, "read": {"device_start": -1, "device_end": -1}}, "coalesced_transpose30": {"write": {"device_start": -1, "host_queued_start": 1585580020.209359, "device_queued": -1, "device_end": -1, "host_queued_end": 1585580020.243902}, "device": "gpu", "nd_range": {"device_start": 1585579955.095105, "device_end": 1585579955.0982275}, "cmdq": 0, "read": {"device_start": -1, "device_end": -1}}, "FFC_sans_bias69": {"write": {"device_start": -1, "host_queued_start": 1585580020.217716, "device_queued": -1, "device_end": -1, "host_queued_end": 1585580020.243902}, "device": "gpu", "nd_range": {"device_start": 1585579955.1349742, "device_end": 1585579955.151176}, "cmdq": 3, "read": {"device_start": -1, "device_end": -1}}, "FFC_sans_bias38": {"write": {"device_start": 1585579955.053047, "host_queued_start": 1585580020.178894, "device_queued": 1585579955.0233376, "device_end": 1585579955.0531483, "host_queued_end": 1585580020.243902}, "device": "gpu", "nd_range": {"device_start": 1585579955.0531547, "device_end": 1585579955.06905}, "cmdq": 2, "read": {"device_start": -1, "device_end": -1}}, "coalesced_transpose57": {"write": {"device_start": -1, "host_queued_start": 1585580020.210256, "device_queued": -1, "device_end": -1, "host_queued_end": 1585580020.243902}, "device": "gpu", "nd_range": {"device_start": 1585579955.098191, "device_end": 1585579955.0982723}, "cmdq": 3, "read": {"device_start": -1, "device_end": -1}}, "empty26": {"write": {"device_start": 1585579955.01797, "host_queued_start": 1585580020.117231, "device_queued": 1585579955.0175443, "device_end": 1585579955.0182376, "host_queued_end": 1585580020.243902}, "device": "gpu", "nd_range": {"device_start": 1585579955.0183604, "device_end": 1585579955.0184424}, "cmdq": 2, "read": {"device_start": -1, "device_end": -1}}, "coalesced_transpose12": {"write": {"device_start": -1, "host_queued_start": 1585580020.208732, "device_queued": -1, "device_end": -1, "host_queued_end": 1585580020.243902}, "device": "gpu", "nd_range": {"device_start": 1585579955.0885832, "device_end": 1585579955.0981896}, "cmdq": 3, "read": {"device_start": -1, "device_end": -1}}, "empty44": {"write": {"device_start": 1585579955.0185783, "host_queued_start": 1585580020.122427, "device_queued": 1585579955.0182557, "device_end": 1585579955.0187752, "host_queued_end": 1585580020.243902}, "device": "gpu", "nd_range": {"device_start": 1585579955.0187802, "device_end": 1585579955.0187843}, "cmdq": 4, "read": {"device_start": -1, "device_end": -1}}, "coalesced_transpose21": {"write": {"device_start": -1, "host_queued_start": 1585580020.209043, "device_queued": -1, "device_end": -1, "host_queued_end": 1585580020.243902}, "device": "gpu", "nd_range": {"device_start": 1585579955.0918636, "device_end": 1585579955.0982046}, "cmdq": 4, "read": {"device_start": -1, "device_end": -1}}, "FFC_sans_bias36": {"write": {"device_start": 1585579955.047012, "host_queued_start": 1585580020.172296, "device_queued": 1585579955.0229294, "device_end": 1585579955.0471148, "host_queued_end": 1585580020.243902}, "device": "gpu", "nd_range": {"device_start": 1585579955.0471237, "device_end": 1585579955.0625854}, "cmdq": 0, "read": {"device_start": -1, "device_end": -1}}, "softmax14": {"write": {"device_start": -1, "host_queued_start": 1585580020.213686, "device_queued": -1, "device_end": -1, "host_queued_end": 1585580020.243902}, "device": "gpu", "nd_range": {"device_start": 1585579955.1179595, "device_end": 1585579955.125922}, "cmdq": 4, "read": {"device_start": -1, "device_end": -1}}, "FFC_sans_bias13": {"write": {"device_start": -1, "host_queued_start": 1585580020.211198, "device_queued": -1, "device_end": -1, "host_queued_end": 1585580020.243902}, "device": "gpu", "nd_range": {"device_start": 1585579955.1047618, "device_end": 1585579955.1147575}, "cmdq": 1, "read": {"device_start": -1, "device_end": -1}}, "empty8": {"write": {"device_start": 1585579955.017266, "host_queued_start": 1585580020.111292, "device_queued": 1585579955.016946, "device_end": 1585579955.0173612, "host_queued_end": 1585580020.243902}, "device": "gpu", "nd_range": {"device_start": 1585579955.017364, "device_end": 1585579955.0173688}, "cmdq": 0, "read": {"device_start": -1, "device_end": -1}}, "FFC_sans_bias42": {"write": {"device_start": -1, "host_queued_start": 1585580020.216779, "device_queued": -1, "device_end": -1, "host_queued_end": 1585580020.243902}, "device": "gpu", "nd_range": {"device_start": 1585579955.1259935, "device_end": 1585579955.1381183}, "cmdq": 0, "read": {"device_start": -1, "device_end": -1}}, "FFC_sans_bias43": {"write": {"device_start": 1585579955.1514392, "host_queued_start": 1585580020.23395, "device_queued": 1585579955.030804, "device_end": 1585579955.1515386, "host_queued_end": 1585580020.243902}, "device": "gpu", "nd_range": {"device_start": 1585579955.1515574, "device_end": 1585579955.1674335}, "cmdq": 3, "read": {"device_start": 1585579955.1674461, "device_end": 1585579955.1675372}}, "FFC_sans_bias40": {"write": {"device_start": -1, "host_queued_start": 1585580020.212223, "device_queued": -1, "device_end": -1, "host_queued_end": 1585580020.243902}, "device": "gpu", "nd_range": {"device_start": 1585579955.1047823, "device_end": 1585579955.1179466}, "cmdq": 4, "read": {"device_start": -1, "device_end": -1}}, "softmax32": {"write": {"device_start": -1, "host_queued_start": 1585580020.214182, "device_queued": -1, "device_end": -1, "host_queued_end": 1585580020.243902}, "device": "gpu", "nd_range": {"device_start": 1585579955.1245227, "device_end": 1585579955.124932}, "cmdq": 1, "read": {"device_start": -1, "device_end": -1}}, "FFC_sans_bias47": {"write": {"device_start": 1585579955.0628865, "host_queued_start": 1585580020.188594, "device_queued": 1585579955.0244417, "device_end": 1585579955.062987, "host_queued_end": 1585580020.243902}, "device": "gpu", "nd_range": {"device_start": 1585579955.0630023, "device_end": 1585579955.0788405}, "cmdq": 0, "read": {"device_start": -1, "device_end": -1}}, "FFC_sans_bias45": {"write": {"device_start": 1585579955.0563138, "host_queued_start": 1585580020.182121, "device_queued": 1585579955.023466, "device_end": 1585579955.0564144, "host_queued_end": 1585580020.243902}, "device": "gpu", "nd_range": {"device_start": 1585579955.0564215, "device_end": 1585579955.0723004}, "cmdq": 3, "read": {"device_start": -1, "device_end": -1}}, "softmax50": {"write": {"device_start": -1, "host_queued_start": 1585580020.214693, "device_queued": -1, "device_end": -1, "host_queued_end": 1585580020.243902}, "device": "gpu", "nd_range": {"device_start": 1585579955.1227698, "device_end": 1585579955.1259627}, "cmdq": 3, "read": {"device_start": -1, "device_end": -1}}, "FFC_sans_bias33": {"write": {"device_start": -1, "host_queued_start": 1585580020.216473, "device_queued": -1, "device_end": -1, "host_queued_end": 1585580020.243902}, "device": "gpu", "nd_range": {"device_start": 1585579955.1291122, "device_end": 1585579955.1446486}, "cmdq": 4, "read": {"device_start": -1, "device_end": -1}}, "FFC_sans_bias63": {"write": {"device_start": 1585579955.0823455, "host_queued_start": 1585580020.208066, "device_queued": 1585579955.02591, "device_end": 1585579955.082446, "host_queued_end": 1585580020.243902}, "device": "gpu", "nd_range": {"device_start": 1585579955.0824506, "device_end": 1585579955.0982804}, "cmdq": 1, "read": {"device_start": -1, "device_end": -1}}, "FFC_sans_bias49": {"write": {"device_start": -1, "host_queued_start": 1585580020.212532, "device_queued": -1, "device_end": -1, "host_queued_end": 1585580020.243902}, "device": "gpu", "nd_range": {"device_start": 1585579955.1016326, "device_end": 1585579955.1114469}, "cmdq": 0, "read": {"device_start": -1, "device_end": -1}}, "FFC_sans_bias64": {"write": {"device_start": 1585579955.0758526, "host_queued_start": 1585580020.2016, "device_queued": 1585579955.025085, "device_end": 1585579955.0759542, "host_queued_end": 1585580020.243902}, "device": "gpu", "nd_range": {"device_start": 1585579955.075963, "device_end": 1585579955.0918593}, "cmdq": 4, "read": {"device_start": -1, "device_end": -1}}, "FFC_sans_bias65": {"write": {"device_start": 1585579955.0791414, "host_queued_start": 1585580020.204833, "device_queued": 1585579955.0256598, "device_end": 1585579955.0792444, "host_queued_end": 1585580020.243902}, "device": "gpu", "nd_range": {"device_start": 1585579955.0792603, "device_end": 1585579955.0950975}, "cmdq": 0, "read": {"device_start": -1, "device_end": -1}}, "FFC_sans_bias67": {"write": {"device_start": -1, "host_queued_start": 1585580020.213173, "device_queued": -1, "device_end": -1, "host_queued_end": 1585580020.243902}, "device": "gpu", "nd_range": {"device_start": 1585579955.1049576, "device_end": 1585579955.1211932}, "cmdq": 2, "read": {"device_start": -1, "device_end": -1}}, "FFC_sans_bias24": {"write": {"device_start": -1, "host_queued_start": 1585580020.21616, "device_queued": -1, "device_end": -1, "host_queued_end": 1585580020.243902}, "device": "gpu", "nd_range": {"device_start": 1585579955.125976, "device_end": 1585579955.134961}, "cmdq": 3, "read": {"device_start": -1, "device_end": -1}}, "FFC_sans_bias25": {"write": {"device_start": 1585579955.1485567, "host_queued_start": 1585580020.227436, "device_queued": 1585579955.0310693, "device_end": 1585579955.1486578, "host_queued_end": 1585580020.243902}, "device": "gpu", "nd_range": {"device_start": 1585579955.148677, "device_end": 1585579955.16415}, "cmdq": 1, "read": {"device_start": 1585579955.1641586, "device_end": 1585579955.1642468}}, "FFC_sans_bias27": {"write": {"device_start": 1585579955.0368054, "host_queued_start": 1585580020.16258, "device_queued": 1585579955.0221257, "device_end": 1585579955.0369065, "host_queued_end": 1585580020.243902}, "device": "gpu", "nd_range": {"device_start": 1585579955.0369236, "device_end": 1585579955.0527534}, "cmdq": 2, "read": {"device_start": -1, "device_end": -1}}, "FFC_sans_bias20": {"write": {"device_start": 1585579955.033483, "host_queued_start": 1585580020.159297, "device_queued": 1585579955.0219967, "device_end": 1585579955.0335853, "host_queued_end": 1585580020.243902}, "device": "gpu", "nd_range": {"device_start": 1585579955.0336015, "device_end": 1585579955.0495842}, "cmdq": 1, "read": {"device_start": -1, "device_end": -1}}, "FFC_sans_bias22": {"write": {"device_start": -1, "host_queued_start": 1585580020.211514, "device_queued": -1, "device_end": -1, "host_queued_end": 1585580020.243902}, "device": "gpu", "nd_range": {"device_start": 1585579955.098268, "device_end": 1585579955.1049445}, "cmdq": 2, "read": {"device_start": -1, "device_end": -1}}, "softmax68": {"write": {"device_start": -1, "host_queued_start": 1585580020.215225, "device_queued": -1, "device_end": -1, "host_queued_end": 1585580020.243902}, "device": "gpu", "nd_range": {"device_start": 1585579955.1227872, "device_end": 1585579955.12598}, "cmdq": 0, "read": {"device_start": -1, "device_end": -1}}, "softmax5": {"write": {"device_start": -1, "host_queued_start": 1585580020.213436, "device_queued": -1, "device_end": -1, "host_queued_end": 1585580020.243902}, "device": "gpu", "nd_range": {"device_start": 1585579955.1082628, "device_end": 1585579955.1227562}, "cmdq": 3, "read": {"device_start": -1, "device_end": -1}}, "FFC_sans_bias28": {"write": {"device_start": 1585579955.040053, "host_queued_start": 1585580020.165798, "device_queued": 1585579955.0222523, "device_end": 1585579955.0401545, "host_queued_end": 1585580020.243902}, "device": "gpu", "nd_range": {"device_start": 1585579955.040171, "device_end": 1585579955.0560215}, "cmdq": 3, "read": {"device_start": -1, "device_end": -1}}, "FFC_sans_bias29": {"write": {"device_start": 1585579955.0433211, "host_queued_start": 1585580020.169071, "device_queued": 1585579955.0223787, "device_end": 1585579955.0434232, "host_queued_end": 1585580020.243902}, "device": "gpu", "nd_range": {"device_start": 1585579955.0434399, "device_end": 1585579955.0592976}, "cmdq": 4, "read": {"device_start": -1, "device_end": -1}}, "empty17": {"write": {"device_start": 1585579955.0176513, "host_queued_start": 1585580020.11463, "device_queued": 1585579955.017376, "device_end": 1585579955.017862, "host_queued_end": 1585580020.243902}, "device": "gpu", "nd_range": {"device_start": 1585579955.0183215, "device_end": 1585579955.018391}, "cmdq": 1, "read": {"device_start": -1, "device_end": -1}}, "softmax59": {"write": {"device_start": -1, "host_queued_start": 1585580020.214934, "device_queued": -1, "device_end": -1, "host_queued_end": 1585580020.243902}, "device": "gpu", "nd_range": {"device_start": 1585579955.1259356, "device_end": 1585579955.1290998}, "cmdq": 4, "read": {"device_start": -1, "device_end": -1}}, "empty71": {"write": {"device_start": 1585579955.0194678, "host_queued_start": 1585580020.130156, "device_queued": 1585579955.019119, "device_end": 1585579955.01974, "host_queued_end": 1585580020.243902}, "device": "gpu", "nd_range": {"device_start": 1585579955.0198379, "device_end": 1585579955.0198743}, "cmdq": 2, "read": {"device_start": -1, "device_end": -1}}, "empty35": {"write": {"device_start": 1585579955.018273, "host_queued_start": 1585580020.119844, "device_queued": 1585579955.0178816, "device_end": 1585579955.0185723, "host_queued_end": 1585580020.243902}, "device": "gpu", "nd_range": {"device_start": 1585579955.0185795, "device_end": 1585579955.0185933}, "cmdq": 3, "read": {"device_start": -1, "device_end": -1}}, "empty53": {"write": {"device_start": 1585579955.0188854, "host_queued_start": 1585580020.12503, "device_queued": 1585579955.018596, "device_end": 1585579955.0191014, "host_queued_end": 1585580020.243902}, "device": "gpu", "nd_range": {"device_start": 1585579955.0191097, "device_end": 1585579955.0191138}, "cmdq": 0, "read": {"device_start": -1, "device_end": -1}}, "FFC_sans_bias46": {"write": {"device_start": 1585579955.0595992, "host_queued_start": 1585580020.185365, "device_queued": 1585579955.0236163, "device_end": 1585579955.0597007, "host_queued_end": 1585580020.243902}, "device": "gpu", "nd_range": {"device_start": 1585579955.0597053, "device_end": 1585579955.0755641}, "cmdq": 4, "read": {"device_start": -1, "device_end": -1}}, "coalesced_transpose66": {"write": {"device_start": -1, "host_queued_start": 1585580020.210559, "device_queued": -1, "device_end": -1, "host_queued_end": 1585580020.243902}, "device": "gpu", "nd_range": {"device_start": 1585579955.0982058, "device_end": 1585579955.098275}, "cmdq": 4, "read": {"device_start": -1, "device_end": -1}}, "coalesced_transpose48": {"write": {"device_start": -1, "host_queued_start": 1585580020.209959, "device_queued": -1, "device_end": -1, "host_queued_end": 1585580020.243902}, "device": "gpu", "nd_range": {"device_start": 1585579955.0981705, "device_end": 1585579955.0982502}, "cmdq": 2, "read": {"device_start": -1, "device_end": -1}}}