{"FFC_sans_bias60": {"write": {"device_start": -1, "host_queued_start": 1585580044.464392, "device_queued": -1, "device_end": -1, "host_queued_end": 1585580044.486971}, "device": "cpu", "nd_range": {"device_start": 2247819.9658137034, "device_end": 2247820.1512207943}, "cmdq": 3, "read": {"device_start": -1, "device_end": -1}}, "FFC_sans_bias4": {"write": {"device_start": -1, "host_queued_start": 1585580044.457921, "device_queued": -1, "device_end": -1, "host_queued_end": 1585580044.486971}, "device": "cpu", "nd_range": {"device_start": 2247819.489422997, "device_end": 2247819.5855449713}, "cmdq": 3, "read": {"device_start": -1, "device_end": -1}}, "FFC_sans_bias7": {"write": {"device_start": -1, "host_queued_start": 1585580044.467599, "device_queued": -1, "device_end": -1, "host_queued_end": 1585580044.486971}, "device": "cpu", "nd_range": {"device_start": 2247820.0625959323, "device_end": 2247820.1685098363}, "cmdq": 0, "read": {"device_start": -1, "device_end": -1}}, "FFC_sans_bias6": {"write": {"device_start": -1, "host_queued_start": 1585580044.462332, "device_queued": -1, "device_end": -1, "host_queued_end": 1585580044.486971}, "device": "cpu", "nd_range": {"device_start": 2247819.909455153, "device_end": 2247820.03164282}, "cmdq": 1, "read": {"device_start": -1, "device_end": -1}}, "FFC_sans_bias1": {"write": {"device_start": -1, "host_queued_start": 1585580044.392362, "device_queued": -1, "device_end": -1, "host_queued_end": 1585580044.486971}, "device": "cpu", "nd_range": {"device_start": 2247818.676632136, "device_end": 2247818.919673817}, "cmdq": 0, "read": {"device_start": -1, "device_end": -1}}, "FFC_sans_bias0": {"write": {"device_start": -1, "host_queued_start": 1585580044.388944, "device_queued": -1, "device_end": -1, "host_queued_end": 1585580044.486971}, "device": "cpu", "nd_range": {"device_start": 2247818.676670216, "device_end": 2247818.799043144}, "cmdq": 3, "read": {"device_start": -1, "device_end": -1}}, "FFC_sans_bias2": {"write": {"device_start": -1, "host_queued_start": 1585580044.395812, "device_queued": -1, "device_end": -1, "host_queued_end": 1585580044.486971}, "device": "cpu", "nd_range": {"device_start": 2247818.676632381, "device_end": 2247818.799001745}, "cmdq": 1, "read": {"device_start": -1, "device_end": -1}}, "FFC_sans_bias61": {"write": {"device_start": -1, "host_queued_start": 1585580044.486917, "device_queued": -1, "device_end": -1, "host_queued_end": 1585580044.486971}, "device": "cpu", "nd_range": {"device_start": 2247820.160873808, "device_end": 2247820.364953081}, "cmdq": 2, "read": {"device_start": -1, "device_end": -1}}, "FFC_sans_bias52": {"write": {"device_start": -1, "host_queued_start": 1585580044.4837, "device_queued": -1, "device_end": -1, "host_queued_end": 1585580044.486971}, "device": "cpu", "nd_range": {"device_start": 2247820.2919406923, "device_end": 2247820.368319877}, "cmdq": 1, "read": {"device_start": -1, "device_end": -1}}, "FFC_sans_bias9": {"write": {"device_start": -1, "host_queued_start": 1585580044.3991, "device_queued": -1, "device_end": -1, "host_queued_end": 1585580044.486971}, "device": "cpu", "nd_range": {"device_start": 2247818.6770225633, "device_end": 2247818.946370636}, "cmdq": 2, "read": {"device_start": -1, "device_end": -1}}, "coalesced_transpose39": {"write": {"device_start": -1, "host_queued_start": 1585580044.456832, "device_queued": -1, "device_end": -1, "host_queued_end": 1585580044.486971}, "device": "cpu", "nd_range": {"device_start": 2247819.483251845, "device_end": 2247819.484437677}, "cmdq": 0, "read": {"device_start": -1, "device_end": -1}}, "FFC_sans_bias55": {"write": {"device_start": -1, "host_queued_start": 1585580044.455142, "device_queued": -1, "device_end": -1, "host_queued_end": 1585580044.486971}, "device": "cpu", "nd_range": {"device_start": 2247819.328827172, "device_end": 2247819.472526242}, "cmdq": 3, "read": {"device_start": -1, "device_end": -1}}, "FFC_sans_bias54": {"write": {"device_start": -1, "host_queued_start": 1585580044.451836, "device_queued": -1, "device_end": -1, "host_queued_end": 1585580044.486971}, "device": "cpu", "nd_range": {"device_start": 2247819.557830107, "device_end": 2247819.6403778354}, "cmdq": 2, "read": {"device_start": -1, "device_end": -1}}, "FFC_sans_bias56": {"write": {"device_start": -1, "host_queued_start": 1585580044.448567, "device_queued": -1, "device_end": -1, "host_queued_end": 1585580044.486971}, "device": "cpu", "nd_range": {"device_start": 2247819.2474787054, "device_end": 2247819.370086458}, "cmdq": 1, "read": {"device_start": -1, "device_end": -1}}, "FFC_sans_bias51": {"write": {"device_start": -1, "host_queued_start": 1585580044.464046, "device_queued": -1, "device_end": -1, "host_queued_end": 1585580044.486971}, "device": "cpu", "nd_range": {"device_start": 2247819.809755084, "device_end": 2247819.908071836}, "cmdq": 2, "read": {"device_start": -1, "device_end": -1}}, "softmax23": {"write": {"device_start": -1, "host_queued_start": 1585580044.460833, "device_queued": -1, "device_end": -1, "host_queued_end": 1585580044.486971}, "device": "cpu", "nd_range": {"device_start": 2247819.799378729, "device_end": 2247819.8009240744}, "cmdq": 0, "read": {"device_start": -1, "device_end": -1}}, "FFC_sans_bias37": {"write": {"device_start": -1, "host_queued_start": 1585580044.432091, "device_queued": -1, "device_end": -1, "host_queued_end": 1585580044.486971}, "device": "cpu", "nd_range": {"device_start": 2247819.2375229793, "device_end": 2247819.365269067}, "cmdq": 0, "read": {"device_start": -1, "device_end": -1}}, "empty62": {"write": {"device_start": -1, "host_queued_start": 1585580044.386161, "device_queued": -1, "device_end": -1, "host_queued_end": 1585580044.486971}, "device": "cpu", "nd_range": {"device_start": 2247818.6770010483, "device_end": 2247818.6770037743}, "cmdq": 2, "read": {"device_start": -1, "device_end": -1}}, "FFC_sans_bias70": {"write": {"device_start": 1585579979.1519027, "host_queued_start": 1585580044.366186, "device_queued": 1585579979.1405835, "device_end": 1585579979.1520014, "host_queued_end": 1585580044.366449}, "device": "gpu", "nd_range": {"device_start": 1585579979.1599758, "device_end": 1585579979.1638975}, "cmdq": 3, "read": {"device_start": 1585579979.163904, "device_end": 1585579979.1640017}}, "FFC_sans_bias58": {"write": {"device_start": -1, "host_queued_start": 1585580044.459987, "device_queued": -1, "device_end": -1, "host_queued_end": 1585580044.486971}, "device": "cpu", "nd_range": {"device_start": 2247819.787688924, "device_end": 2247819.9082709933}, "cmdq": 1, "read": {"device_start": -1, "device_end": -1}}, "softmax41": {"write": {"device_start": -1, "host_queued_start": 1585580044.461437, "device_queued": -1, "device_end": -1, "host_queued_end": 1585580044.486971}, "device": "cpu", "nd_range": {"device_start": 2247819.712853879, "device_end": 2247819.713787604}, "cmdq": 2, "read": {"device_start": -1, "device_end": -1}}, "FFC_sans_bias11": {"write": {"device_start": -1, "host_queued_start": 1585580044.40571, "device_queued": -1, "device_end": -1, "host_queued_end": 1585580044.486971}, "device": "cpu", "nd_range": {"device_start": 2247818.91969774, "device_end": 2247819.107557421}, "cmdq": 0, "read": {"device_start": -1, "device_end": -1}}, "FFC_sans_bias10": {"write": {"device_start": -1, "host_queued_start": 1585580044.402402, "device_queued": -1, "device_end": -1, "host_queued_end": 1585580044.486971}, "device": "cpu", "nd_range": {"device_start": 2247818.7990670763, "device_end": 2247818.9215027723}, "cmdq": 3, "read": {"device_start": -1, "device_end": -1}}, "coalesced_transpose3": {"write": {"device_start": -1, "host_queued_start": 1585580044.455507, "device_queued": -1, "device_end": -1, "host_queued_end": 1585580044.486971}, "device": "cpu", "nd_range": {"device_start": 2247819.481932717, "device_end": 2247819.483092749}, "cmdq": 0, "read": {"device_start": -1, "device_end": -1}}, "FFC_sans_bias34": {"write": {"device_start": -1, "host_queued_start": 1585580044.477262, "device_queued": -1, "device_end": -1, "host_queued_end": 1585580044.486971}, "device": "cpu", "nd_range": {"device_start": 2247820.1512500453, "device_end": 2247820.347075392}, "cmdq": 3, "read": {"device_start": -1, "device_end": -1}}, "FFC_sans_bias15": {"write": {"device_start": -1, "host_queued_start": 1585580044.462679, "device_queued": -1, "device_end": -1, "host_queued_end": 1585580044.486971}, "device": "cpu", "nd_range": {"device_start": 2247819.7137967143, "device_end": 2247819.8097373643}, "cmdq": 2, "read": {"device_start": -1, "device_end": -1}}, "FFC_sans_bias31": {"write": {"device_start": -1, "host_queued_start": 1585580044.458963, "device_queued": -1, "device_end": -1, "host_queued_end": 1585580044.486971}, "device": "cpu", "nd_range": {"device_start": 2247819.642883644, "device_end": 2247819.711853473}, "cmdq": 2, "read": {"device_start": -1, "device_end": -1}}, "FFC_sans_bias16": {"write": {"device_start": -1, "host_queued_start": 1585580044.470814, "device_queued": -1, "device_end": -1, "host_queued_end": 1585580044.486971}, "device": "cpu", "nd_range": {"device_start": 2247820.168643429, "device_end": 2247820.29192297}, "cmdq": 1, "read": {"device_start": -1, "device_end": -1}}, "FFC_sans_bias19": {"write": {"device_start": -1, "host_queued_start": 1585580044.412311, "device_queued": -1, "device_end": -1, "host_queued_end": 1585580044.486971}, "device": "cpu", "nd_range": {"device_start": 2247818.946395359, "device_end": 2247819.2063402883}, "cmdq": 2, "read": {"device_start": -1, "device_end": -1}}, "FFC_sans_bias18": {"write": {"device_start": -1, "host_queued_start": 1585580044.409004, "device_queued": -1, "device_end": -1, "host_queued_end": 1585580044.486971}, "device": "cpu", "nd_range": {"device_start": 2247818.799349472, "device_end": 2247818.92125086}, "cmdq": 1, "read": {"device_start": -1, "device_end": -1}}, "coalesced_transpose30": {"write": {"device_start": -1, "host_queued_start": 1585580044.4565, "device_queued": -1, "device_end": -1, "host_queued_end": 1585580044.486971}, "device": "cpu", "nd_range": {"device_start": 2247819.472742678, "device_end": 2247819.473910633}, "cmdq": 3, "read": {"device_start": -1, "device_end": -1}}, "FFC_sans_bias69": {"write": {"device_start": -1, "host_queued_start": 1585580044.362968, "device_queued": -1, "device_end": -1, "host_queued_end": 1585580044.366449}, "device": "gpu", "nd_range": {"device_start": 1585579979.1560113, "device_end": 1585579979.159972}, "cmdq": 2, "read": {"device_start": -1, "device_end": -1}}, "FFC_sans_bias38": {"write": {"device_start": -1, "host_queued_start": 1585580044.435386, "device_queued": -1, "device_end": -1, "host_queued_end": 1585580044.486971}, "device": "cpu", "nd_range": {"device_start": 2247819.043526917, "device_end": 2247819.2474618293}, "cmdq": 1, "read": {"device_start": -1, "device_end": -1}}, "coalesced_transpose57": {"write": {"device_start": -1, "host_queued_start": 1585580044.457487, "device_queued": -1, "device_end": -1, "host_queued_end": 1585580044.486971}, "device": "cpu", "nd_range": {"device_start": 2247819.6416711654, "device_end": 2247819.6428710003}, "cmdq": 2, "read": {"device_start": -1, "device_end": -1}}, "empty26": {"write": {"device_start": -1, "host_queued_start": 1585580044.375608, "device_queued": -1, "device_end": -1, "host_queued_end": 1585580044.486971}, "device": "cpu", "nd_range": {"device_start": 2247818.676983268, "device_end": 2247818.676986604}, "cmdq": 2, "read": {"device_start": -1, "device_end": -1}}, "coalesced_transpose12": {"write": {"device_start": -1, "host_queued_start": 1585580044.455838, "device_queued": -1, "device_end": -1, "host_queued_end": 1585580044.486971}, "device": "cpu", "nd_range": {"device_start": 2247819.3702676604, "device_end": 2247819.371432182}, "cmdq": 1, "read": {"device_start": -1, "device_end": -1}}, "empty44": {"write": {"device_start": -1, "host_queued_start": 1585580044.38097, "device_queued": -1, "device_end": -1, "host_queued_end": 1585580044.486971}, "device": "cpu", "nd_range": {"device_start": 2247818.6766240713, "device_end": 2247818.676625076}, "cmdq": 0, "read": {"device_start": -1, "device_end": -1}}, "coalesced_transpose21": {"write": {"device_start": -1, "host_queued_start": 1585580044.456166, "device_queued": -1, "device_end": -1, "host_queued_end": 1585580044.486971}, "device": "cpu", "nd_range": {"device_start": 2247819.640395633, "device_end": 2247819.641652884}, "cmdq": 2, "read": {"device_start": -1, "device_end": -1}}, "FFC_sans_bias36": {"write": {"device_start": -1, "host_queued_start": 1585580044.42881, "device_queued": -1, "device_end": -1, "host_queued_end": 1585580044.486971}, "device": "cpu", "nd_range": {"device_start": 2247819.043957643, "device_end": 2247819.16634114}, "cmdq": 3, "read": {"device_start": -1, "device_end": -1}}, "softmax14": {"write": {"device_start": -1, "host_queued_start": 1585580044.460558, "device_queued": -1, "device_end": -1, "host_queued_end": 1585580044.486971}, "device": "cpu", "nd_range": {"device_start": 2247819.700755203, "device_end": 2247819.7017177492}, "cmdq": 3, "read": {"device_start": -1, "device_end": -1}}, "FFC_sans_bias13": {"write": {"device_start": -1, "host_queued_start": 1585580044.458269, "device_queued": -1, "device_end": -1, "host_queued_end": 1585580044.486971}, "device": "cpu", "nd_range": {"device_start": 2247819.484582247, "device_end": 2247819.6340096244}, "cmdq": 0, "read": {"device_start": -1, "device_end": -1}}, "empty8": {"write": {"device_start": -1, "host_queued_start": 1585580044.370209, "device_queued": -1, "device_end": -1, "host_queued_end": 1585580044.486971}, "device": "cpu", "nd_range": {"device_start": 2247818.676587073, "device_end": 2247818.676599243}, "cmdq": 0, "read": {"device_start": -1, "device_end": -1}}, "FFC_sans_bias42": {"write": {"device_start": -1, "host_queued_start": 1585580044.463701, "device_queued": -1, "device_end": -1, "host_queued_end": 1585580044.486971}, "device": "cpu", "nd_range": {"device_start": 2247820.0318834293, "device_end": 2247820.1684446153}, "cmdq": 1, "read": {"device_start": -1, "device_end": -1}}, "FFC_sans_bias43": {"write": {"device_start": -1, "host_queued_start": 1585580044.480457, "device_queued": -1, "device_end": -1, "host_queued_end": 1585580044.486971}, "device": "cpu", "nd_range": {"device_start": 2247820.1914907494, "device_end": 2247820.3306516353}, "cmdq": 0, "read": {"device_start": -1, "device_end": -1}}, "FFC_sans_bias40": {"write": {"device_start": -1, "host_queued_start": 1585580044.459303, "device_queued": -1, "device_end": -1, "host_queued_end": 1585580044.486971}, "device": "cpu", "nd_range": {"device_start": 2247819.585567223, "device_end": 2247819.700740301}, "cmdq": 3, "read": {"device_start": -1, "device_end": -1}}, "softmax32": {"write": {"device_start": -1, "host_queued_start": 1585580044.461124, "device_queued": -1, "device_end": -1, "host_queued_end": 1585580044.486971}, "device": "cpu", "nd_range": {"device_start": 2247819.908389416, "device_end": 2247819.909331315}, "cmdq": 1, "read": {"device_start": -1, "device_end": -1}}, "FFC_sans_bias47": {"write": {"device_start": -1, "host_queued_start": 1585580044.445291, "device_queued": -1, "device_end": -1, "host_queued_end": 1585580044.486971}, "device": "cpu", "nd_range": {"device_start": 2247819.365502025, "device_end": 2247819.481754077}, "cmdq": 0, "read": {"device_start": -1, "device_end": -1}}, "FFC_sans_bias45": {"write": {"device_start": -1, "host_queued_start": 1585580044.438682, "device_queued": -1, "device_end": -1, "host_queued_end": 1585580044.486971}, "device": "cpu", "nd_range": {"device_start": 2247819.412657749, "device_end": 2247819.5576096373}, "cmdq": 2, "read": {"device_start": -1, "device_end": -1}}, "softmax50": {"write": {"device_start": -1, "host_queued_start": 1585580044.461707, "device_queued": -1, "device_end": -1, "host_queued_end": 1585580044.486971}, "device": "cpu", "nd_range": {"device_start": 2247819.800825417, "device_end": 2247819.8017797084}, "cmdq": 3, "read": {"device_start": -1, "device_end": -1}}, "FFC_sans_bias33": {"write": {"device_start": -1, "host_queued_start": 1585580044.463361, "device_queued": -1, "device_end": -1, "host_queued_end": 1585580044.486971}, "device": "cpu", "nd_range": {"device_start": 2247819.93969105, "device_end": 2247820.06257792}, "cmdq": 0, "read": {"device_start": -1, "device_end": -1}}, "FFC_sans_bias63": {"write": {"device_start": 1585579979.140145, "host_queued_start": 1585580044.361631, "device_queued": 1585579979.1393998, "device_end": 1585579979.1402416, "host_queued_end": 1585580044.366449}, "device": "gpu", "nd_range": {"device_start": 1585579979.1402833, "device_end": 1585579979.1515646}, "cmdq": 3, "read": {"device_start": -1, "device_end": -1}}, "FFC_sans_bias49": {"write": {"device_start": -1, "host_queued_start": 1585580044.459644, "device_queued": -1, "device_end": -1, "host_queued_end": 1585580044.486971}, "device": "cpu", "nd_range": {"device_start": 2247819.634034839, "device_end": 2247819.799361628}, "cmdq": 0, "read": {"device_start": -1, "device_end": -1}}, "FFC_sans_bias64": {"write": {"device_start": 1585579979.1395066, "host_queued_start": 1585580044.354963, "device_queued": 1585579979.1390293, "device_end": 1585579979.139781, "host_queued_end": 1585580044.366449}, "device": "gpu", "nd_range": {"device_start": 1585579979.1398098, "device_end": 1585579979.1438198}, "cmdq": 1, "read": {"device_start": -1, "device_end": -1}}, "FFC_sans_bias65": {"write": {"device_start": 1585579979.1398325, "host_queued_start": 1585580044.358254, "device_queued": 1585579979.1391547, "device_end": 1585579979.140131, "host_queued_end": 1585580044.366449}, "device": "gpu", "nd_range": {"device_start": 1585579979.1401565, "device_end": 1585579979.1477833}, "cmdq": 2, "read": {"device_start": -1, "device_end": -1}}, "FFC_sans_bias67": {"write": {"device_start": -1, "host_queued_start": 1585580044.362359, "device_queued": -1, "device_end": -1, "host_queued_end": 1585580044.366449}, "device": "gpu", "nd_range": {"device_start": 1585579979.1515675, "device_end": 1585579979.1555157}, "cmdq": 0, "read": {"device_start": -1, "device_end": -1}}, "FFC_sans_bias24": {"write": {"device_start": -1, "host_queued_start": 1585580044.463019, "device_queued": -1, "device_end": -1, "host_queued_end": 1585580044.486971}, "device": "cpu", "nd_range": {"device_start": 2247819.801789864, "device_end": 2247819.879570636}, "cmdq": 3, "read": {"device_start": -1, "device_end": -1}}, "FFC_sans_bias25": {"write": {"device_start": -1, "host_queued_start": 1585580044.474043, "device_queued": -1, "device_end": -1, "host_queued_end": 1585580044.486971}, "device": "cpu", "nd_range": {"device_start": 2247819.9080900773, "device_end": 2247820.040283029}, "cmdq": 2, "read": {"device_start": -1, "device_end": -1}}, "FFC_sans_bias27": {"write": {"device_start": -1, "host_queued_start": 1585580044.418904, "device_queued": -1, "device_end": -1, "host_queued_end": 1585580044.486971}, "device": "cpu", "nd_range": {"device_start": 2247819.1075797533, "device_end": 2247819.237489229}, "cmdq": 0, "read": {"device_start": -1, "device_end": -1}}, "FFC_sans_bias20": {"write": {"device_start": -1, "host_queued_start": 1585580044.415605, "device_queued": -1, "device_end": -1, "host_queued_end": 1585580044.486971}, "device": "cpu", "nd_range": {"device_start": 2247818.9216167904, "device_end": 2247819.043838519}, "cmdq": 3, "read": {"device_start": -1, "device_end": -1}}, "FFC_sans_bias22": {"write": {"device_start": -1, "host_queued_start": 1585580044.45862, "device_queued": -1, "device_end": -1, "host_queued_end": 1585580044.486971}, "device": "cpu", "nd_range": {"device_start": 2247819.696044247, "device_end": 2247819.7874753983}, "cmdq": 1, "read": {"device_start": -1, "device_end": -1}}, "softmax68": {"write": {"device_start": -1, "host_queued_start": 1585580044.362654, "device_queued": -1, "device_end": -1, "host_queued_end": 1585580044.366449}, "device": "gpu", "nd_range": {"device_start": 1585579979.1555235, "device_end": 1585579979.1560044}, "cmdq": 1, "read": {"device_start": -1, "device_end": -1}}, "softmax5": {"write": {"device_start": -1, "host_queued_start": 1585580044.460267, "device_queued": -1, "device_end": -1, "host_queued_end": 1585580044.486971}, "device": "cpu", "nd_range": {"device_start": 2247819.711873358, "device_end": 2247819.712843039}, "cmdq": 2, "read": {"device_start": -1, "device_end": -1}}, "FFC_sans_bias28": {"write": {"device_start": -1, "host_queued_start": 1585580044.422198, "device_queued": -1, "device_end": -1, "host_queued_end": 1585580044.486971}, "device": "cpu", "nd_range": {"device_start": 2247818.9212639183, "device_end": 2247819.043508436}, "cmdq": 1, "read": {"device_start": -1, "device_end": -1}}, "FFC_sans_bias29": {"write": {"device_start": -1, "host_queued_start": 1585580044.4255, "device_queued": -1, "device_end": -1, "host_queued_end": 1585580044.486971}, "device": "cpu", "nd_range": {"device_start": 2247819.2063679523, "device_end": 2247819.4124522293}, "cmdq": 2, "read": {"device_start": -1, "device_end": -1}}, "empty17": {"write": {"device_start": -1, "host_queued_start": 1585580044.372965, "device_queued": -1, "device_end": -1, "host_queued_end": 1585580044.486971}, "device": "cpu", "nd_range": {"device_start": 2247818.67658658, "device_end": 2247818.6765992213}, "cmdq": 1, "read": {"device_start": -1, "device_end": -1}}, "softmax59": {"write": {"device_start": -1, "host_queued_start": 1585580044.461976, "device_queued": -1, "device_end": -1, "host_queued_end": 1585580044.486971}, "device": "cpu", "nd_range": {"device_start": 2247819.938727165, "device_end": 2247819.939672313}, "cmdq": 0, "read": {"device_start": -1, "device_end": -1}}, "empty71": {"write": {"device_start": 1585579979.1391482, "host_queued_start": 1585580044.351423, "device_queued": 1585579979.1388028, "device_end": 1585579979.1393862, "host_queued_end": 1585580044.366449}, "device": "gpu", "nd_range": {"device_start": 1585579979.1393895, "device_end": 1585579979.1393957}, "cmdq": 0, "read": {"device_start": -1, "device_end": -1}}, "empty35": {"write": {"device_start": -1, "host_queued_start": 1585580044.378213, "device_queued": -1, "device_end": -1, "host_queued_end": 1585580044.486971}, "device": "cpu", "nd_range": {"device_start": 2247818.676648523, "device_end": 2247818.676652992}, "cmdq": 3, "read": {"device_start": -1, "device_end": -1}}, "empty53": {"write": {"device_start": -1, "host_queued_start": 1585580044.383584, "device_queued": -1, "device_end": -1, "host_queued_end": 1585580044.486971}, "device": "cpu", "nd_range": {"device_start": 2247818.6766246613, "device_end": 2247818.6766256723}, "cmdq": 1, "read": {"device_start": -1, "device_end": -1}}, "FFC_sans_bias46": {"write": {"device_start": -1, "host_queued_start": 1585580044.442021, "device_queued": -1, "device_end": -1, "host_queued_end": 1585580044.486971}, "device": "cpu", "nd_range": {"device_start": 2247819.1665500402, "device_end": 2247819.328603864}, "cmdq": 3, "read": {"device_start": -1, "device_end": -1}}, "coalesced_transpose66": {"write": {"device_start": -1, "host_queued_start": 1585580044.362008, "device_queued": -1, "device_end": -1, "host_queued_end": 1585580044.366449}, "device": "gpu", "nd_range": {"device_start": 1585579979.1438231, "device_end": 1585579979.1514213}, "cmdq": 4, "read": {"device_start": -1, "device_end": -1}}, "coalesced_transpose48": {"write": {"device_start": -1, "host_queued_start": 1585580044.457159, "device_queued": -1, "device_end": -1, "host_queued_end": 1585580044.486971}, "device": "cpu", "nd_range": {"device_start": 2247819.371591261, "device_end": 2247819.3727439423}, "cmdq": 1, "read": {"device_start": -1, "device_end": -1}}}