{"FFC_sans_bias60": {"write": {"device_start": -1, "host_queued_start": 1585579554.905122, "device_queued": -1, "device_end": -1, "host_queued_end": 1585579554.928574}, "device": "gpu", "nd_range": {"device_start": 1585579489.8242762, "device_end": 1585579489.831478}, "cmdq": 0, "read": {"device_start": -1, "device_end": -1}}, "FFC_sans_bias4": {"write": {"device_start": -1, "host_queued_start": 1585579554.944663, "device_queued": -1, "device_end": -1, "host_queued_end": 1585579554.948988}, "device": "cpu", "nd_range": {"device_start": 2247329.262205133, "device_end": 2247329.307678562}, "cmdq": 0, "read": {"device_start": -1, "device_end": -1}}, "FFC_sans_bias7": {"write": {"device_start": -1, "host_queued_start": 1585579554.948868, "device_queued": -1, "device_end": -1, "host_queued_end": 1585579554.948988}, "device": "cpu", "nd_range": {"device_start": 2247329.344032225, "device_end": 2247329.3860648363}, "cmdq": 3, "read": {"device_start": -1, "device_end": -1}}, "FFC_sans_bias6": {"write": {"device_start": -1, "host_queued_start": 1585579554.945343, "device_queued": -1, "device_end": -1, "host_queued_end": 1585579554.948988}, "device": "cpu", "nd_range": {"device_start": 2247329.3081699084, "device_end": 2247329.3440181953}, "cmdq": 2, "read": {"device_start": -1, "device_end": -1}}, "FFC_sans_bias1": {"write": {"device_start": -1, "host_queued_start": 1585579554.939957, "device_queued": -1, "device_end": -1, "host_queued_end": 1585579554.948988}, "device": "cpu", "nd_range": {"device_start": 2247329.138704069, "device_end": 2247329.26179043}, "cmdq": 2, "read": {"device_start": -1, "device_end": -1}}, "FFC_sans_bias0": {"write": {"device_start": -1, "host_queued_start": 1585579554.936215, "device_queued": -1, "device_end": -1, "host_queued_end": 1585579554.948988}, "device": "cpu", "nd_range": {"device_start": 2247329.1386918942, "device_end": 2247329.204532478}, "cmdq": 1, "read": {"device_start": -1, "device_end": -1}}, "FFC_sans_bias2": {"write": {"device_start": -1, "host_queued_start": 1585579554.943816, "device_queued": -1, "device_end": -1, "host_queued_end": 1585579554.948988}, "device": "cpu", "nd_range": {"device_start": 2247329.1387672513, "device_end": 2247329.253109861}, "cmdq": 3, "read": {"device_start": -1, "device_end": -1}}, "FFC_sans_bias61": {"write": {"device_start": 1585579489.8630054, "host_queued_start": 1585579554.925202, "device_queued": 1585579489.7268143, "device_end": 1585579489.8631456, "host_queued_end": 1585579554.928574}, "device": "gpu", "nd_range": {"device_start": 1585579489.8632004, "device_end": 1585579489.8667562}, "cmdq": 1, "read": {"device_start": 1585579489.86676, "device_end": 1585579489.8668733}}, "FFC_sans_bias52": {"write": {"device_start": 1585579489.8457727, "host_queued_start": 1585579554.921871, "device_queued": 1585579489.726564, "device_end": 1585579489.8458657, "host_queued_end": 1585579554.928574}, "device": "gpu", "nd_range": {"device_start": 1585579489.8459866, "device_end": 1585579489.8519228}, "cmdq": 0, "read": {"device_start": 1585579489.8519268, "device_end": 1585579489.8520153}}, "FFC_sans_bias9": {"write": {"device_start": 1585579489.716709, "host_queued_start": 1585579554.831246, "device_queued": 1585579489.7164016, "device_end": 1585579489.7168043, "host_queued_end": 1585579554.928574}, "device": "gpu", "nd_range": {"device_start": 1585579489.7168128, "device_end": 1585579489.7202556}, "cmdq": 1, "read": {"device_start": -1, "device_end": -1}}, "coalesced_transpose39": {"write": {"device_start": -1, "host_queued_start": 1585579554.898231, "device_queued": -1, "device_end": -1, "host_queued_end": 1585579554.928574}, "device": "gpu", "nd_range": {"device_start": 1585579489.7912931, "device_end": 1585579489.791319}, "cmdq": 1, "read": {"device_start": -1, "device_end": -1}}, "FFC_sans_bias55": {"write": {"device_start": 1585579489.774695, "host_queued_start": 1585579554.887087, "device_queued": 1585579489.7210095, "device_end": 1585579489.774791, "host_queued_end": 1585579554.928574}, "device": "gpu", "nd_range": {"device_start": 1585579489.7747943, "device_end": 1585579489.7810009}, "cmdq": 0, "read": {"device_start": -1, "device_end": -1}}, "FFC_sans_bias54": {"write": {"device_start": 1585579489.7713726, "host_queued_start": 1585579554.883829, "device_queued": 1585579489.7207637, "device_end": 1585579489.7714705, "host_queued_end": 1585579554.928574}, "device": "gpu", "nd_range": {"device_start": 1585579489.771479, "device_end": 1585579489.7777166}, "cmdq": 1, "read": {"device_start": -1, "device_end": -1}}, "FFC_sans_bias56": {"write": {"device_start": 1585579489.768034, "host_queued_start": 1585579554.880567, "device_queued": 1585579489.7203856, "device_end": 1585579489.7681317, "host_queued_end": 1585579554.928574}, "device": "gpu", "nd_range": {"device_start": 1585579489.7681372, "device_end": 1585579489.7744195}, "cmdq": 0, "read": {"device_start": -1, "device_end": -1}}, "FFC_sans_bias51": {"write": {"device_start": -1, "host_queued_start": 1585579554.904798, "device_queued": -1, "device_end": -1, "host_queued_end": 1585579554.928574}, "device": "gpu", "nd_range": {"device_start": 1585579489.8349218, "device_end": 1585579489.841495}, "cmdq": 1, "read": {"device_start": -1, "device_end": -1}}, "softmax23": {"write": {"device_start": -1, "host_queued_start": 1585579554.901914, "device_queued": -1, "device_end": -1, "host_queued_end": 1585579554.928574}, "device": "gpu", "nd_range": {"device_start": 1585579489.8162587, "device_end": 1585579489.8166873}, "cmdq": 1, "read": {"device_start": -1, "device_end": -1}}, "FFC_sans_bias37": {"write": {"device_start": 1585579489.7514536, "host_queued_start": 1585579554.864213, "device_queued": 1585579489.7191637, "device_end": 1585579489.7515583, "host_queued_end": 1585579554.928574}, "device": "gpu", "nd_range": {"device_start": 1585579489.7515628, "device_end": 1585579489.7577775}, "cmdq": 1, "read": {"device_start": -1, "device_end": -1}}, "empty62": {"write": {"device_start": 1585579489.7161012, "host_queued_start": 1585579554.825804, "device_queued": 1585579489.7157123, "device_end": 1585579489.7163787, "host_queued_end": 1585579554.928574}, "device": "gpu", "nd_range": {"device_start": 1585579489.7163823, "device_end": 1585579489.7163877}, "cmdq": 1, "read": {"device_start": -1, "device_end": -1}}, "FFC_sans_bias70": {"write": {"device_start": 1585579489.852458, "host_queued_start": 1585579554.928465, "device_queued": 1585579489.727198, "device_end": 1585579489.8525586, "host_queued_end": 1585579554.928574}, "device": "gpu", "nd_range": {"device_start": 1585579489.8525708, "device_end": 1585579489.8591123}, "cmdq": 0, "read": {"device_start": 1585579489.8670897, "device_end": 1585579489.8671756}}, "FFC_sans_bias58": {"write": {"device_start": -1, "host_queued_start": 1585579554.90109, "device_queued": -1, "device_end": -1, "host_queued_end": 1585579554.928574}, "device": "gpu", "nd_range": {"device_start": 1585579489.7985072, "device_end": 1585579489.8056204}, "cmdq": 0, "read": {"device_start": -1, "device_end": -1}}, "softmax41": {"write": {"device_start": -1, "host_queued_start": 1585579554.902414, "device_queued": -1, "device_end": -1, "host_queued_end": 1585579554.928574}, "device": "gpu", "nd_range": {"device_start": 1585579489.8166997, "device_end": 1585579489.8172867}, "cmdq": 1, "read": {"device_start": -1, "device_end": -1}}, "FFC_sans_bias11": {"write": {"device_start": 1585579489.72064, "host_queued_start": 1585579554.837817, "device_queued": 1585579489.7172759, "device_end": 1585579489.7207417, "host_queued_end": 1585579554.928574}, "device": "gpu", "nd_range": {"device_start": 1585579489.7207444, "device_end": 1585579489.7269993}, "cmdq": 1, "read": {"device_start": -1, "device_end": -1}}, "FFC_sans_bias10": {"write": {"device_start": 1585579489.7171452, "host_queued_start": 1585579554.834509, "device_queued": 1585579489.716851, "device_end": 1585579489.7172644, "host_queued_end": 1585579554.928574}, "device": "gpu", "nd_range": {"device_start": 1585579489.717268, "device_end": 1585579489.7236328}, "cmdq": 0, "read": {"device_start": -1, "device_end": -1}}, "coalesced_transpose3": {"write": {"device_start": -1, "host_queued_start": 1585579554.944254, "device_queued": -1, "device_end": -1, "host_queued_end": 1585579554.948988}, "device": "cpu", "nd_range": {"device_start": 2247329.261818395, "device_end": 2247329.262192915}, "cmdq": 4, "read": {"device_start": -1, "device_end": -1}}, "FFC_sans_bias34": {"write": {"device_start": 1585579489.8388171, "host_queued_start": 1585579554.915311, "device_queued": 1585579489.7260098, "device_end": 1585579489.8389113, "host_queued_end": 1585579554.928574}, "device": "gpu", "nd_range": {"device_start": 1585579489.8389266, "device_end": 1585579489.8452153}, "cmdq": 0, "read": {"device_start": 1585579489.8452258, "device_end": 1585579489.8453197}}, "FFC_sans_bias15": {"write": {"device_start": -1, "host_queued_start": 1585579554.903509, "device_queued": -1, "device_end": -1, "host_queued_end": 1585579554.928574}, "device": "gpu", "nd_range": {"device_start": 1585579489.8210459, "device_end": 1585579489.827834}, "cmdq": 1, "read": {"device_start": -1, "device_end": -1}}, "FFC_sans_bias31": {"write": {"device_start": -1, "host_queued_start": 1585579554.900134, "device_queued": -1, "device_end": -1, "host_queued_end": 1585579554.928574}, "device": "gpu", "nd_range": {"device_start": 1585579489.8021414, "device_end": 1585579489.8088393}, "cmdq": 1, "read": {"device_start": -1, "device_end": -1}}, "FFC_sans_bias16": {"write": {"device_start": 1585579489.8317704, "host_queued_start": 1585579554.908762, "device_queued": 1585579489.725459, "device_end": 1585579489.8318663, "host_queued_end": 1585579554.928574}, "device": "gpu", "nd_range": {"device_start": 1585579489.8318815, "device_end": 1585579489.8382146}, "cmdq": 0, "read": {"device_start": 1585579489.838216, "device_end": 1585579489.838313}}, "FFC_sans_bias19": {"write": {"device_start": 1585579489.727396, "host_queued_start": 1585579554.844549, "device_queued": 1585579489.7177632, "device_end": 1585579489.7275124, "host_queued_end": 1585579554.928574}, "device": "gpu", "nd_range": {"device_start": 1585579489.727524, "device_end": 1585579489.7335682}, "cmdq": 1, "read": {"device_start": -1, "device_end": -1}}, "FFC_sans_bias18": {"write": {"device_start": 1585579489.7240138, "host_queued_start": 1585579554.841281, "device_queued": 1585579489.7175243, "device_end": 1585579489.7241185, "host_queued_end": 1585579554.928574}, "device": "gpu", "nd_range": {"device_start": 1585579489.7241218, "device_end": 1585579489.7302008}, "cmdq": 0, "read": {"device_start": -1, "device_end": -1}}, "coalesced_transpose30": {"write": {"device_start": -1, "host_queued_start": 1585579554.897928, "device_queued": -1, "device_end": -1, "host_queued_end": 1585579554.928574}, "device": "gpu", "nd_range": {"device_start": 1585579489.791105, "device_end": 1585579489.7911336}, "cmdq": 0, "read": {"device_start": -1, "device_end": -1}}, "FFC_sans_bias69": {"write": {"device_start": -1, "host_queued_start": 1585579554.905523, "device_queued": -1, "device_end": -1, "host_queued_end": 1585579554.928574}, "device": "gpu", "nd_range": {"device_start": 1585579489.8415067, "device_end": 1585579489.8486216}, "cmdq": 1, "read": {"device_start": -1, "device_end": -1}}, "FFC_sans_bias38": {"write": {"device_start": 1585579489.7547865, "host_queued_start": 1585579554.867472, "device_queued": 1585579489.7193832, "device_end": 1585579489.7548876, "host_queued_end": 1585579554.928574}, "device": "gpu", "nd_range": {"device_start": 1585579489.754893, "device_end": 1585579489.7610948}, "cmdq": 0, "read": {"device_start": -1, "device_end": -1}}, "coalesced_transpose57": {"write": {"device_start": -1, "host_queued_start": 1585579554.898849, "device_queued": -1, "device_end": -1, "host_queued_end": 1585579554.928574}, "device": "gpu", "nd_range": {"device_start": 1585579489.7913322, "device_end": 1585579489.79491}, "cmdq": 1, "read": {"device_start": -1, "device_end": -1}}, "empty26": {"write": {"device_start": 1585579489.7147887, "host_queued_start": 1585579554.815093, "device_queued": 1585579489.7144036, "device_end": 1585579489.7150278, "host_queued_end": 1585579554.928574}, "device": "gpu", "nd_range": {"device_start": 1585579489.7150388, "device_end": 1585579489.7150443}, "cmdq": 1, "read": {"device_start": -1, "device_end": -1}}, "coalesced_transpose12": {"write": {"device_start": -1, "host_queued_start": 1585579554.897305, "device_queued": -1, "device_end": -1, "host_queued_end": 1585579554.928574}, "device": "gpu", "nd_range": {"device_start": 1585579489.7878683, "device_end": 1585579489.7911034}, "cmdq": 0, "read": {"device_start": -1, "device_end": -1}}, "empty44": {"write": {"device_start": 1585579489.715452, "host_queued_start": 1585579554.82061, "device_queued": 1585579489.7150497, "device_end": 1585579489.7156913, "host_queued_end": 1585579554.928574}, "device": "gpu", "nd_range": {"device_start": 1585579489.715695, "device_end": 1585579489.7157016}, "cmdq": 1, "read": {"device_start": -1, "device_end": -1}}, "coalesced_transpose21": {"write": {"device_start": -1, "host_queued_start": 1585579554.897621, "device_queued": -1, "device_end": -1, "host_queued_end": 1585579554.928574}, "device": "gpu", "nd_range": {"device_start": 1585579489.7912679, "device_end": 1585579489.7912917}, "cmdq": 1, "read": {"device_start": -1, "device_end": -1}}, "FFC_sans_bias36": {"write": {"device_start": 1585579489.7480655, "host_queued_start": 1585579554.86095, "device_queued": 1585579489.7189398, "device_end": 1585579489.7481616, "host_queued_end": 1585579554.928574}, "device": "gpu", "nd_range": {"device_start": 1585579489.7481668, "device_end": 1585579489.7545018}, "cmdq": 0, "read": {"device_start": -1, "device_end": -1}}, "softmax14": {"write": {"device_start": -1, "host_queued_start": 1585579554.901664, "device_queued": -1, "device_end": -1, "host_queued_end": 1585579554.928574}, "device": "gpu", "nd_range": {"device_start": 1585579489.8056328, "device_end": 1585579489.809681}, "cmdq": 0, "read": {"device_start": -1, "device_end": -1}}, "FFC_sans_bias13": {"write": {"device_start": -1, "host_queued_start": 1585579554.899481, "device_queued": -1, "device_end": -1, "host_queued_end": 1585579554.928574}, "device": "gpu", "nd_range": {"device_start": 1585579489.7949224, "device_end": 1585579489.8021302}, "cmdq": 1, "read": {"device_start": -1, "device_end": -1}}, "empty8": {"write": {"device_start": -1, "host_queued_start": 1585579554.932841, "device_queued": -1, "device_end": -1, "host_queued_end": 1585579554.948988}, "device": "cpu", "nd_range": {"device_start": 2247329.1386710852, "device_end": 2247329.1386804883}, "cmdq": 0, "read": {"device_start": -1, "device_end": -1}}, "FFC_sans_bias42": {"write": {"device_start": -1, "host_queued_start": 1585579554.904476, "device_queued": -1, "device_end": -1, "host_queued_end": 1585579554.928574}, "device": "gpu", "nd_range": {"device_start": 1585579489.8203526, "device_end": 1585579489.8242652}, "cmdq": 0, "read": {"device_start": -1, "device_end": -1}}, "FFC_sans_bias43": {"write": {"device_start": 1585579489.8561182, "host_queued_start": 1585579554.918599, "device_queued": 1585579489.726263, "device_end": 1585579489.8562171, "host_queued_end": 1585579554.928574}, "device": "gpu", "nd_range": {"device_start": 1585579489.856229, "device_end": 1585579489.8623302}, "cmdq": 1, "read": {"device_start": 1585579489.8623362, "device_end": 1585579489.8624222}}, "FFC_sans_bias40": {"write": {"device_start": -1, "host_queued_start": 1585579554.900452, "device_queued": -1, "device_end": -1, "host_queued_end": 1585579554.928574}, "device": "gpu", "nd_range": {"device_start": 1585579489.794905, "device_end": 1585579489.7984936}, "cmdq": 0, "read": {"device_start": -1, "device_end": -1}}, "softmax32": {"write": {"device_start": -1, "host_queued_start": 1585579554.902162, "device_queued": -1, "device_end": -1, "host_queued_end": 1585579554.928574}, "device": "gpu", "nd_range": {"device_start": 1585579489.8096933, "device_end": 1585579489.813019}, "cmdq": 0, "read": {"device_start": -1, "device_end": -1}}, "FFC_sans_bias47": {"write": {"device_start": 1585579489.7647173, "host_queued_start": 1585579554.877298, "device_queued": 1585579489.7200966, "device_end": 1585579489.7648172, "host_queued_end": 1585579554.928574}, "device": "gpu", "nd_range": {"device_start": 1585579489.7648225, "device_end": 1585579489.7710936}, "cmdq": 1, "read": {"device_start": -1, "device_end": -1}}, "FFC_sans_bias45": {"write": {"device_start": 1585579489.7580464, "host_queued_start": 1585579554.870776, "device_queued": 1585579489.7196436, "device_end": 1585579489.7581434, "host_queued_end": 1585579554.928574}, "device": "gpu", "nd_range": {"device_start": 1585579489.7581496, "device_end": 1585579489.764436}, "cmdq": 1, "read": {"device_start": -1, "device_end": -1}}, "softmax50": {"write": {"device_start": -1, "host_queued_start": 1585579554.902671, "device_queued": -1, "device_end": -1, "host_queued_end": 1585579554.928574}, "device": "gpu", "nd_range": {"device_start": 1585579489.8130295, "device_end": 1585579489.8164024}, "cmdq": 0, "read": {"device_start": -1, "device_end": -1}}, "FFC_sans_bias33": {"write": {"device_start": -1, "host_queued_start": 1585579554.904153, "device_queued": -1, "device_end": -1, "host_queued_end": 1585579554.928574}, "device": "gpu", "nd_range": {"device_start": 1585579489.8278456, "device_end": 1585579489.8349104}, "cmdq": 1, "read": {"device_start": -1, "device_end": -1}}, "FFC_sans_bias63": {"write": {"device_start": 1585579489.7846293, "host_queued_start": 1585579554.896961, "device_queued": 1585579489.7217433, "device_end": 1585579489.7847264, "host_queued_end": 1585579554.928574}, "device": "gpu", "nd_range": {"device_start": 1585579489.7847307, "device_end": 1585579489.7912657}, "cmdq": 1, "read": {"device_start": -1, "device_end": -1}}, "FFC_sans_bias49": {"write": {"device_start": -1, "host_queued_start": 1585579554.900768, "device_queued": -1, "device_end": -1, "host_queued_end": 1585579554.928574}, "device": "gpu", "nd_range": {"device_start": 1585579489.808853, "device_end": 1585579489.8123388}, "cmdq": 1, "read": {"device_start": -1, "device_end": -1}}, "FFC_sans_bias64": {"write": {"device_start": 1585579489.7779875, "host_queued_start": 1585579554.890386, "device_queued": 1585579489.7212608, "device_end": 1585579489.778084, "host_queued_end": 1585579554.928574}, "device": "gpu", "nd_range": {"device_start": 1585579489.7780895, "device_end": 1585579489.7843509}, "cmdq": 1, "read": {"device_start": -1, "device_end": -1}}, "FFC_sans_bias65": {"write": {"device_start": 1585579489.7812755, "host_queued_start": 1585579554.893684, "device_queued": 1585579489.7215068, "device_end": 1585579489.781372, "host_queued_end": 1585579554.928574}, "device": "gpu", "nd_range": {"device_start": 1585579489.781378, "device_end": 1585579489.7878673}, "cmdq": 0, "read": {"device_start": -1, "device_end": -1}}, "FFC_sans_bias67": {"write": {"device_start": -1, "host_queued_start": 1585579554.901411, "device_queued": -1, "device_end": -1, "host_queued_end": 1585579554.928574}, "device": "gpu", "nd_range": {"device_start": 1585579489.812351, "device_end": 1585579489.8162458}, "cmdq": 1, "read": {"device_start": -1, "device_end": -1}}, "FFC_sans_bias24": {"write": {"device_start": -1, "host_queued_start": 1585579554.903831, "device_queued": -1, "device_end": -1, "host_queued_end": 1585579554.928574}, "device": "gpu", "nd_range": {"device_start": 1585579489.816853, "device_end": 1585579489.820341}, "cmdq": 0, "read": {"device_start": -1, "device_end": -1}}, "FFC_sans_bias25": {"write": {"device_start": 1585579489.8490186, "host_queued_start": 1585579554.912058, "device_queued": 1585579489.7257078, "device_end": 1585579489.849113, "host_queued_end": 1585579554.928574}, "device": "gpu", "nd_range": {"device_start": 1585579489.8494458, "device_end": 1585579489.855552}, "cmdq": 1, "read": {"device_start": 1585579489.8555546, "device_end": 1585579489.8556464}}, "FFC_sans_bias27": {"write": {"device_start": 1585579489.7339375, "host_queued_start": 1585579554.851116, "device_queued": 1585579489.7182488, "device_end": 1585579489.7340417, "host_queued_end": 1585579554.928574}, "device": "gpu", "nd_range": {"device_start": 1585579489.7340477, "device_end": 1585579489.7401814}, "cmdq": 1, "read": {"device_start": -1, "device_end": -1}}, "FFC_sans_bias20": {"write": {"device_start": 1585579489.7305791, "host_queued_start": 1585579554.847815, "device_queued": 1585579489.7180161, "device_end": 1585579489.7306826, "host_queued_end": 1585579554.928574}, "device": "gpu", "nd_range": {"device_start": 1585579489.7306862, "device_end": 1585579489.7369032}, "cmdq": 0, "read": {"device_start": -1, "device_end": -1}}, "FFC_sans_bias22": {"write": {"device_start": -1, "host_queued_start": 1585579554.899812, "device_queued": -1, "device_end": -1, "host_queued_end": 1585579554.928574}, "device": "gpu", "nd_range": {"device_start": 1585579489.7913117, "device_end": 1585579489.7948937}, "cmdq": 0, "read": {"device_start": -1, "device_end": -1}}, "softmax68": {"write": {"device_start": -1, "host_queued_start": 1585579554.903192, "device_queued": -1, "device_end": -1, "host_queued_end": 1585579554.928574}, "device": "gpu", "nd_range": {"device_start": 1585579489.8164144, "device_end": 1585579489.816842}, "cmdq": 0, "read": {"device_start": -1, "device_end": -1}}, "softmax5": {"write": {"device_start": -1, "host_queued_start": 1585579554.944961, "device_queued": -1, "device_end": -1, "host_queued_end": 1585579554.948988}, "device": "cpu", "nd_range": {"device_start": 2247329.3077084604, "device_end": 2247329.308159015}, "cmdq": 1, "read": {"device_start": -1, "device_end": -1}}, "FFC_sans_bias28": {"write": {"device_start": 1585579489.7440128, "host_queued_start": 1585579554.854374, "device_queued": 1585579489.7184775, "device_end": 1585579489.744343, "host_queued_end": 1585579554.928574}, "device": "gpu", "nd_range": {"device_start": 1585579489.7443588, "device_end": 1585579489.7477865}, "cmdq": 0, "read": {"device_start": -1, "device_end": -1}}, "FFC_sans_bias29": {"write": {"device_start": 1585579489.7443457, "host_queued_start": 1585579554.857659, "device_queued": 1585579489.7187076, "device_end": 1585579489.7444677, "host_queued_end": 1585579554.928574}, "device": "gpu", "nd_range": {"device_start": 1585579489.7444715, "device_end": 1585579489.7511723}, "cmdq": 1, "read": {"device_start": -1, "device_end": -1}}, "empty17": {"write": {"device_start": 1585579489.7144253, "host_queued_start": 1585579554.8117, "device_queued": 1585579489.7140377, "device_end": 1585579489.714648, "host_queued_end": 1585579554.928574}, "device": "gpu", "nd_range": {"device_start": 1585579489.7146578, "device_end": 1585579489.7146633}, "cmdq": 0, "read": {"device_start": -1, "device_end": -1}}, "softmax59": {"write": {"device_start": -1, "host_queued_start": 1585579554.902925, "device_queued": -1, "device_end": -1, "host_queued_end": 1585579554.928574}, "device": "gpu", "nd_range": {"device_start": 1585579489.8172972, "device_end": 1585579489.8210351}, "cmdq": 1, "read": {"device_start": -1, "device_end": -1}}, "empty71": {"write": {"device_start": 1585579489.7164092, "host_queued_start": 1585579554.828393, "device_queued": 1585579489.716076, "device_end": 1585579489.7166624, "host_queued_end": 1585579554.928574}, "device": "gpu", "nd_range": {"device_start": 1585579489.7166722, "device_end": 1585579489.716676}, "cmdq": 0, "read": {"device_start": -1, "device_end": -1}}, "empty35": {"write": {"device_start": 1585579489.7151203, "host_queued_start": 1585579554.818006, "device_queued": 1585579489.7147048, "device_end": 1585579489.715351, "host_queued_end": 1585579554.928574}, "device": "gpu", "nd_range": {"device_start": 1585579489.7153552, "device_end": 1585579489.7153614}, "cmdq": 0, "read": {"device_start": -1, "device_end": -1}}, "empty53": {"write": {"device_start": 1585579489.715789, "host_queued_start": 1585579554.823213, "device_queued": 1585579489.7153747, "device_end": 1585579489.7160552, "host_queued_end": 1585579554.928574}, "device": "gpu", "nd_range": {"device_start": 1585579489.7160661, "device_end": 1585579489.7160702}, "cmdq": 0, "read": {"device_start": -1, "device_end": -1}}, "FFC_sans_bias46": {"write": {"device_start": 1585579489.761359, "host_queued_start": 1585579554.874031, "device_queued": 1585579489.71987, "device_end": 1585579489.7614536, "host_queued_end": 1585579554.928574}, "device": "gpu", "nd_range": {"device_start": 1585579489.761459, "device_end": 1585579489.7677562}, "cmdq": 0, "read": {"device_start": -1, "device_end": -1}}, "coalesced_transpose66": {"write": {"device_start": -1, "host_queued_start": 1585579554.899155, "device_queued": -1, "device_end": -1, "host_queued_end": 1585579554.928574}, "device": "gpu", "nd_range": {"device_start": 1585579489.7911787, "device_end": 1585579489.7912054}, "cmdq": 0, "read": {"device_start": -1, "device_end": -1}}, "coalesced_transpose48": {"write": {"device_start": -1, "host_queued_start": 1585579554.898534, "device_queued": -1, "device_end": -1, "host_queued_end": 1585579554.928574}, "device": "gpu", "nd_range": {"device_start": 1585579489.7911386, "device_end": 1585579489.7911675}, "cmdq": 0, "read": {"device_start": -1, "device_end": -1}}}