{"FFC_sans_bias60": {"write": {"device_start": -1, "host_queued_start": 1585579936.153771, "device_queued": -1, "device_end": -1, "host_queued_end": 1585579936.163919}, "device": "gpu", "nd_range": {"device_start": 1585579870.9821024, "device_end": 1585579870.9880562}, "cmdq": 2, "read": {"device_start": -1, "device_end": -1}}, "FFC_sans_bias4": {"write": {"device_start": -1, "host_queued_start": 1585579936.230486, "device_queued": -1, "device_end": -1, "host_queued_end": 1585579936.251091}, "device": "cpu", "nd_range": {"device_start": 2247710.991814027, "device_end": 2247711.02806355}, "cmdq": 0, "read": {"device_start": -1, "device_end": -1}}, "FFC_sans_bias7": {"write": {"device_start": -1, "host_queued_start": 1585579936.238198, "device_queued": -1, "device_end": -1, "host_queued_end": 1585579936.251091}, "device": "cpu", "nd_range": {"device_start": 2247711.368336956, "device_end": 2247711.4050798453}, "cmdq": 0, "read": {"device_start": -1, "device_end": -1}}, "FFC_sans_bias6": {"write": {"device_start": -1, "host_queued_start": 1585579936.233597, "device_queued": -1, "device_end": -1, "host_queued_end": 1585579936.251091}, "device": "cpu", "nd_range": {"device_start": 2247711.174819345, "device_end": 2247711.2184790163}, "cmdq": 0, "read": {"device_start": -1, "device_end": -1}}, "FFC_sans_bias1": {"write": {"device_start": -1, "host_queued_start": 1585579936.185007, "device_queued": -1, "device_end": -1, "host_queued_end": 1585579936.251091}, "device": "cpu", "nd_range": {"device_start": 2247710.4789544623, "device_end": 2247710.514047164}, "cmdq": 0, "read": {"device_start": -1, "device_end": -1}}, "FFC_sans_bias0": {"write": {"device_start": -1, "host_queued_start": 1585579936.181723, "device_queued": -1, "device_end": -1, "host_queued_end": 1585579936.251091}, "device": "cpu", "nd_range": {"device_start": 2247710.440754294, "device_end": 2247710.478930293}, "cmdq": 0, "read": {"device_start": -1, "device_end": -1}}, "FFC_sans_bias2": {"write": {"device_start": -1, "host_queued_start": 1585579936.188293, "device_queued": -1, "device_end": -1, "host_queued_end": 1585579936.251091}, "device": "cpu", "nd_range": {"device_start": 2247710.514073247, "device_end": 2247710.550642198}, "cmdq": 0, "read": {"device_start": -1, "device_end": -1}}, "FFC_sans_bias61": {"write": {"device_start": 1585579870.9816747, "host_queued_start": 1585579936.160559, "device_queued": 1585579870.9448287, "device_end": 1585579870.9817786, "host_queued_end": 1585579936.163919}, "device": "gpu", "nd_range": {"device_start": 1585579870.988063, "device_end": 1585579870.994458}, "cmdq": 0, "read": {"device_start": 1585579871.0013275, "device_end": 1585579871.001424}}, "FFC_sans_bias52": {"write": {"device_start": 1585579870.9824278, "host_queued_start": 1585579936.157277, "device_queued": 1585579870.944594, "device_end": 1585579870.9825816, "host_queued_end": 1585579936.163919}, "device": "gpu", "nd_range": {"device_start": 1585579870.991348, "device_end": 1585579871.000915}, "cmdq": 4, "read": {"device_start": 1585579871.0009232, "device_end": 1585579871.0010135}}, "FFC_sans_bias9": {"write": {"device_start": -1, "host_queued_start": 1585579936.191571, "device_queued": -1, "device_end": -1, "host_queued_end": 1585579936.251091}, "device": "cpu", "nd_range": {"device_start": 2247710.550663343, "device_end": 2247710.5860399203}, "cmdq": 0, "read": {"device_start": -1, "device_end": -1}}, "coalesced_transpose39": {"write": {"device_start": -1, "host_queued_start": 1585579936.230144, "device_queued": -1, "device_end": -1, "host_queued_end": 1585579936.251091}, "device": "cpu", "nd_range": {"device_start": 2247710.9914479093, "device_end": 2247710.991807702}, "cmdq": 0, "read": {"device_start": -1, "device_end": -1}}, "FFC_sans_bias55": {"write": {"device_start": 1585579870.9444594, "host_queued_start": 1585579936.140552, "device_queued": 1585579870.941969, "device_end": 1585579870.9445555, "host_queued_end": 1585579936.163919}, "device": "gpu", "nd_range": {"device_start": 1585579870.94456, "device_end": 1585579870.9604578}, "cmdq": 3, "read": {"device_start": -1, "device_end": -1}}, "FFC_sans_bias54": {"write": {"device_start": 1585579870.9419968, "host_queued_start": 1585579936.137251, "device_queued": 1585579870.9415731, "device_end": 1585579870.9421191, "host_queued_end": 1585579936.163919}, "device": "gpu", "nd_range": {"device_start": 1585579870.9423857, "device_end": 1585579870.9571922}, "cmdq": 2, "read": {"device_start": -1, "device_end": -1}}, "FFC_sans_bias56": {"write": {"device_start": 1585579870.9416866, "host_queued_start": 1585579936.133956, "device_queued": 1585579870.9414408, "device_end": 1585579870.9419494, "host_queued_end": 1585579936.163919}, "device": "gpu", "nd_range": {"device_start": 1585579870.9422746, "device_end": 1585579870.9539065}, "cmdq": 1, "read": {"device_start": -1, "device_end": -1}}, "FFC_sans_bias51": {"write": {"device_start": -1, "host_queued_start": 1585579936.153461, "device_queued": -1, "device_end": -1, "host_queued_end": 1585579936.163919}, "device": "gpu", "nd_range": {"device_start": 1585579870.9813495, "device_end": 1585579870.9847286}, "cmdq": 1, "read": {"device_start": -1, "device_end": -1}}, "softmax23": {"write": {"device_start": -1, "host_queued_start": 1585579936.232684, "device_queued": -1, "device_end": -1, "host_queued_end": 1585579936.251091}, "device": "cpu", "nd_range": {"device_start": 2247711.1738685593, "device_end": 2247711.174181805}, "cmdq": 0, "read": {"device_start": -1, "device_end": -1}}, "FFC_sans_bias37": {"write": {"device_start": -1, "host_queued_start": 1585579936.224976, "device_queued": -1, "device_end": -1, "host_queued_end": 1585579936.251091}, "device": "cpu", "nd_range": {"device_start": 2247710.913006865, "device_end": 2247710.948163722}, "cmdq": 0, "read": {"device_start": -1, "device_end": -1}}, "empty62": {"write": {"device_start": 1585579870.939865, "host_queued_start": 1585579936.118558, "device_queued": 1585579870.9394934, "device_end": 1585579870.940094, "host_queued_end": 1585579936.163919}, "device": "gpu", "nd_range": {"device_start": 1585579870.9405365, "device_end": 1585579870.9405909}, "cmdq": 1, "read": {"device_start": -1, "device_end": -1}}, "FFC_sans_bias70": {"write": {"device_start": 1585579870.985036, "host_queued_start": 1585579936.163805, "device_queued": 1585579870.9452324, "device_end": 1585579870.9851358, "host_queued_end": 1585579936.163919}, "device": "gpu", "nd_range": {"device_start": 1585579870.9913425, "device_end": 1585579870.9977553}, "cmdq": 1, "read": {"device_start": 1585579870.9977574, "device_end": 1585579870.9978492}}, "FFC_sans_bias58": {"write": {"device_start": -1, "host_queued_start": 1585579936.152081, "device_queued": -1, "device_end": -1, "host_queued_end": 1585579936.163919}, "device": "gpu", "nd_range": {"device_start": 1585579870.9702127, "device_end": 1585579870.9799411}, "cmdq": 1, "read": {"device_start": -1, "device_end": -1}}, "softmax41": {"write": {"device_start": -1, "host_queued_start": 1585579936.233239, "device_queued": -1, "device_end": -1, "host_queued_end": 1585579936.251091}, "device": "cpu", "nd_range": {"device_start": 2247711.1745026913, "device_end": 2247711.1748133614}, "cmdq": 0, "read": {"device_start": -1, "device_end": -1}}, "FFC_sans_bias11": {"write": {"device_start": -1, "host_queued_start": 1585579936.198139, "device_queued": -1, "device_end": -1, "host_queued_end": 1585579936.251091}, "device": "cpu", "nd_range": {"device_start": 2247710.6214914983, "device_end": 2247710.657516694}, "cmdq": 0, "read": {"device_start": -1, "device_end": -1}}, "FFC_sans_bias10": {"write": {"device_start": -1, "host_queued_start": 1585579936.194852, "device_queued": -1, "device_end": -1, "host_queued_end": 1585579936.251091}, "device": "cpu", "nd_range": {"device_start": 2247710.586058542, "device_end": 2247710.6214813073}, "cmdq": 0, "read": {"device_start": -1, "device_end": -1}}, "coalesced_transpose3": {"write": {"device_start": -1, "host_queued_start": 1585579936.228723, "device_queued": -1, "device_end": -1, "host_queued_end": 1585579936.251091}, "device": "cpu", "nd_range": {"device_start": 2247710.989902941, "device_end": 2247710.990317175}, "cmdq": 0, "read": {"device_start": -1, "device_end": -1}}, "FFC_sans_bias34": {"write": {"device_start": -1, "host_queued_start": 1585579936.247826, "device_queued": -1, "device_end": -1, "host_queued_end": 1585579936.251091}, "device": "cpu", "nd_range": {"device_start": 2247711.476017643, "device_end": 2247711.516561688}, "cmdq": 0, "read": {"device_start": -1, "device_end": -1}}, "FFC_sans_bias15": {"write": {"device_start": -1, "host_queued_start": 1585579936.23394, "device_queued": -1, "device_end": -1, "host_queued_end": 1585579936.251091}, "device": "cpu", "nd_range": {"device_start": 2247711.2185401223, "device_end": 2247711.255275289}, "cmdq": 0, "read": {"device_start": -1, "device_end": -1}}, "FFC_sans_bias31": {"write": {"device_start": -1, "host_queued_start": 1585579936.231521, "device_queued": -1, "device_end": -1, "host_queued_end": 1585579936.251091}, "device": "cpu", "nd_range": {"device_start": 2247711.101927218, "device_end": 2247711.137498848}, "cmdq": 0, "read": {"device_start": -1, "device_end": -1}}, "FFC_sans_bias16": {"write": {"device_start": -1, "host_queued_start": 1585579936.241431, "device_queued": -1, "device_end": -1, "host_queued_end": 1585579936.251091}, "device": "cpu", "nd_range": {"device_start": 2247711.405086821, "device_end": 2247711.439458679}, "cmdq": 0, "read": {"device_start": -1, "device_end": -1}}, "FFC_sans_bias19": {"write": {"device_start": -1, "host_queued_start": 1585579936.204806, "device_queued": -1, "device_end": -1, "host_queued_end": 1585579936.251091}, "device": "cpu", "nd_range": {"device_start": 2247710.6971282642, "device_end": 2247710.7321248744}, "cmdq": 0, "read": {"device_start": -1, "device_end": -1}}, "FFC_sans_bias18": {"write": {"device_start": -1, "host_queued_start": 1585579936.20145, "device_queued": -1, "device_end": -1, "host_queued_end": 1585579936.251091}, "device": "cpu", "nd_range": {"device_start": 2247710.657525672, "device_end": 2247710.697108813}, "cmdq": 0, "read": {"device_start": -1, "device_end": -1}}, "coalesced_transpose30": {"write": {"device_start": -1, "host_queued_start": 1585579936.229815, "device_queued": -1, "device_end": -1, "host_queued_end": 1585579936.251091}, "device": "cpu", "nd_range": {"device_start": 2247710.991082514, "device_end": 2247710.991441695}, "cmdq": 0, "read": {"device_start": -1, "device_end": -1}}, "FFC_sans_bias69": {"write": {"device_start": -1, "host_queued_start": 1585579936.154084, "device_queued": -1, "device_end": -1, "host_queued_end": 1585579936.163919}, "device": "gpu", "nd_range": {"device_start": 1585579870.9821074, "device_end": 1585579870.9913363}, "cmdq": 3, "read": {"device_start": -1, "device_end": -1}}, "FFC_sans_bias38": {"write": {"device_start": -1, "host_queued_start": 1585579936.228368, "device_queued": -1, "device_end": -1, "host_queued_end": 1585579936.251091}, "device": "cpu", "nd_range": {"device_start": 2247710.948183887, "device_end": 2247710.989880645}, "cmdq": 0, "read": {"device_start": -1, "device_end": -1}}, "coalesced_transpose57": {"write": {"device_start": -1, "host_queued_start": 1585579936.151145, "device_queued": -1, "device_end": -1, "host_queued_end": 1585579936.163919}, "device": "gpu", "nd_range": {"device_start": 1585579870.9604588, "device_end": 1585579870.9700496}, "cmdq": 3, "read": {"device_start": -1, "device_end": -1}}, "empty26": {"write": {"device_start": -1, "host_queued_start": 1585579936.173549, "device_queued": -1, "device_end": -1, "host_queued_end": 1585579936.251091}, "device": "cpu", "nd_range": {"device_start": 2247710.440737619, "device_end": 2247710.440738357}, "cmdq": 0, "read": {"device_start": -1, "device_end": -1}}, "coalesced_transpose12": {"write": {"device_start": -1, "host_queued_start": 1585579936.22906, "device_queued": -1, "device_end": -1, "host_queued_end": 1585579936.251091}, "device": "cpu", "nd_range": {"device_start": 2247710.990325606, "device_end": 2247710.990699621}, "cmdq": 0, "read": {"device_start": -1, "device_end": -1}}, "empty44": {"write": {"device_start": -1, "host_queued_start": 1585579936.178886, "device_queued": -1, "device_end": -1, "host_queued_end": 1585579936.251091}, "device": "cpu", "nd_range": {"device_start": 2247710.4407486403, "device_end": 2247710.4407492783}, "cmdq": 0, "read": {"device_start": -1, "device_end": -1}}, "coalesced_transpose21": {"write": {"device_start": -1, "host_queued_start": 1585579936.229388, "device_queued": -1, "device_end": -1, "host_queued_end": 1585579936.251091}, "device": "cpu", "nd_range": {"device_start": 2247710.990706652, "device_end": 2247710.9910759833}, "cmdq": 0, "read": {"device_start": -1, "device_end": -1}}, "FFC_sans_bias36": {"write": {"device_start": -1, "host_queued_start": 1585579936.221643, "device_queued": -1, "device_end": -1, "host_queued_end": 1585579936.251091}, "device": "cpu", "nd_range": {"device_start": 2247710.87685916, "device_end": 2247710.9129845}, "cmdq": 0, "read": {"device_start": -1, "device_end": -1}}, "softmax14": {"write": {"device_start": -1, "host_queued_start": 1585579936.232415, "device_queued": -1, "device_end": -1, "host_queued_end": 1585579936.251091}, "device": "cpu", "nd_range": {"device_start": 2247711.173536825, "device_end": 2247711.1738625052}, "cmdq": 0, "read": {"device_start": -1, "device_end": -1}}, "FFC_sans_bias13": {"write": {"device_start": -1, "host_queued_start": 1585579936.230835, "device_queued": -1, "device_end": -1, "host_queued_end": 1585579936.251091}, "device": "cpu", "nd_range": {"device_start": 2247711.0280724373, "device_end": 2247711.062524536}, "cmdq": 0, "read": {"device_start": -1, "device_end": -1}}, "empty8": {"write": {"device_start": -1, "host_queued_start": 1585579936.167928, "device_queued": -1, "device_end": -1, "host_queued_end": 1585579936.251091}, "device": "cpu", "nd_range": {"device_start": 2247710.44069663, "device_end": 2247710.4407091322}, "cmdq": 0, "read": {"device_start": -1, "device_end": -1}}, "FFC_sans_bias42": {"write": {"device_start": -1, "host_queued_start": 1585579936.234967, "device_queued": -1, "device_end": -1, "host_queued_end": 1585579936.251091}, "device": "cpu", "nd_range": {"device_start": 2247711.332169008, "device_end": 2247711.368326156}, "cmdq": 0, "read": {"device_start": -1, "device_end": -1}}, "FFC_sans_bias43": {"write": {"device_start": -1, "host_queued_start": 1585579936.251038, "device_queued": -1, "device_end": -1, "host_queued_end": 1585579936.251091}, "device": "cpu", "nd_range": {"device_start": 2247711.516567159, "device_end": 2247711.554426957}, "cmdq": 0, "read": {"device_start": -1, "device_end": -1}}, "FFC_sans_bias40": {"write": {"device_start": -1, "host_queued_start": 1585579936.231862, "device_queued": -1, "device_end": -1, "host_queued_end": 1585579936.251091}, "device": "cpu", "nd_range": {"device_start": 2247711.13751727, "device_end": 2247711.173090687}, "cmdq": 0, "read": {"device_start": -1, "device_end": -1}}, "softmax32": {"write": {"device_start": -1, "host_queued_start": 1585579936.232971, "device_queued": -1, "device_end": -1, "host_queued_end": 1585579936.251091}, "device": "cpu", "nd_range": {"device_start": 2247711.1741875303, "device_end": 2247711.1744964863}, "cmdq": 0, "read": {"device_start": -1, "device_end": -1}}, "FFC_sans_bias47": {"write": {"device_start": 1585579870.9413302, "host_queued_start": 1585579936.130719, "device_queued": 1585579870.94105, "device_end": 1585579870.9414306, "host_queued_end": 1585579936.163919}, "device": "gpu", "nd_range": {"device_start": 1585579870.9414346, "device_end": 1585579870.9507916}, "cmdq": 0, "read": {"device_start": -1, "device_end": -1}}, "FFC_sans_bias45": {"write": {"device_start": 1585579870.9405136, "host_queued_start": 1585579936.124076, "device_queued": 1585579870.940118, "device_end": 1585579870.940756, "host_queued_end": 1585579936.163919}, "device": "gpu", "nd_range": {"device_start": 1585579870.9407935, "device_end": 1585579870.9441624}, "cmdq": 3, "read": {"device_start": -1, "device_end": -1}}, "softmax50": {"write": {"device_start": -1, "host_queued_start": 1585579936.152636, "device_queued": -1, "device_end": -1, "host_queued_end": 1585579936.163919}, "device": "gpu", "nd_range": {"device_start": 1585579870.973447, "device_end": 1585579870.9813344}, "cmdq": 3, "read": {"device_start": -1, "device_end": -1}}, "FFC_sans_bias33": {"write": {"device_start": -1, "host_queued_start": 1585579936.234626, "device_queued": -1, "device_end": -1, "host_queued_end": 1585579936.251091}, "device": "cpu", "nd_range": {"device_start": 2247711.2909808513, "device_end": 2247711.3321469533}, "cmdq": 0, "read": {"device_start": -1, "device_end": -1}}, "FFC_sans_bias63": {"write": {"device_start": 1585579870.954217, "host_queued_start": 1585579936.150484, "device_queued": 1585579870.9429617, "device_end": 1585579870.9543161, "host_queued_end": 1585579936.163919}, "device": "gpu", "nd_range": {"device_start": 1585579870.9543197, "device_end": 1585579870.9702048}, "cmdq": 1, "read": {"device_start": -1, "device_end": -1}}, "FFC_sans_bias49": {"write": {"device_start": -1, "host_queued_start": 1585579936.151766, "device_queued": -1, "device_end": -1, "host_queued_end": 1585579936.163919}, "device": "gpu", "nd_range": {"device_start": 1585579870.9700336, "device_end": 1585579870.9734356}, "cmdq": 0, "read": {"device_start": -1, "device_end": -1}}, "FFC_sans_bias64": {"write": {"device_start": 1585579870.9477773, "host_queued_start": 1585579936.143987, "device_queued": 1585579870.9421291, "device_end": 1585579870.9478805, "host_queued_end": 1585579936.163919}, "device": "gpu", "nd_range": {"device_start": 1585579870.9478836, "device_end": 1585579870.9637015}, "cmdq": 4, "read": {"device_start": -1, "device_end": -1}}, "FFC_sans_bias65": {"write": {"device_start": 1585579870.9511232, "host_queued_start": 1585579936.147252, "device_queued": 1585579870.9426906, "device_end": 1585579870.9512236, "host_queued_end": 1585579936.163919}, "device": "gpu", "nd_range": {"device_start": 1585579870.9512265, "device_end": 1585579870.966955}, "cmdq": 0, "read": {"device_start": -1, "device_end": -1}}, "FFC_sans_bias67": {"write": {"device_start": -1, "host_queued_start": 1585579936.152388, "device_queued": -1, "device_end": -1, "host_queued_end": 1585579936.163919}, "device": "gpu", "nd_range": {"device_start": 1585579870.970081, "device_end": 1585579870.9767506}, "cmdq": 2, "read": {"device_start": -1, "device_end": -1}}, "FFC_sans_bias24": {"write": {"device_start": -1, "host_queued_start": 1585579936.234281, "device_queued": -1, "device_end": -1, "host_queued_end": 1585579936.251091}, "device": "cpu", "nd_range": {"device_start": 2247711.2552957693, "device_end": 2247711.2909617852}, "cmdq": 0, "read": {"device_start": -1, "device_end": -1}}, "FFC_sans_bias25": {"write": {"device_start": -1, "host_queued_start": 1585579936.244622, "device_queued": -1, "device_end": -1, "host_queued_end": 1585579936.251091}, "device": "cpu", "nd_range": {"device_start": 2247711.4394636652, "device_end": 2247711.4760020473}, "cmdq": 0, "read": {"device_start": -1, "device_end": -1}}, "FFC_sans_bias27": {"write": {"device_start": -1, "host_queued_start": 1585579936.211797, "device_queued": -1, "device_end": -1, "host_queued_end": 1585579936.251091}, "device": "cpu", "nd_range": {"device_start": 2247710.767824797, "device_end": 2247710.803019706}, "cmdq": 0, "read": {"device_start": -1, "device_end": -1}}, "FFC_sans_bias20": {"write": {"device_start": -1, "host_queued_start": 1585579936.208429, "device_queued": -1, "device_end": -1, "host_queued_end": 1585579936.251091}, "device": "cpu", "nd_range": {"device_start": 2247710.7321339482, "device_end": 2247710.767807145}, "cmdq": 0, "read": {"device_start": -1, "device_end": -1}}, "FFC_sans_bias22": {"write": {"device_start": -1, "host_queued_start": 1585579936.231172, "device_queued": -1, "device_end": -1, "host_queued_end": 1585579936.251091}, "device": "cpu", "nd_range": {"device_start": 2247711.062542974, "device_end": 2247711.101908638}, "cmdq": 0, "read": {"device_start": -1, "device_end": -1}}, "softmax68": {"write": {"device_start": -1, "host_queued_start": 1585579936.153144, "device_queued": -1, "device_end": -1, "host_queued_end": 1585579936.163919}, "device": "gpu", "nd_range": {"device_start": 1585579870.9767587, "device_end": 1585579870.9813435}, "cmdq": 0, "read": {"device_start": -1, "device_end": -1}}, "softmax5": {"write": {"device_start": -1, "host_queued_start": 1585579936.232139, "device_queued": -1, "device_end": -1, "host_queued_end": 1585579936.251091}, "device": "cpu", "nd_range": {"device_start": 2247711.173107808, "device_end": 2247711.173527804}, "cmdq": 0, "read": {"device_start": -1, "device_end": -1}}, "FFC_sans_bias28": {"write": {"device_start": -1, "host_queued_start": 1585579936.215067, "device_queued": -1, "device_end": -1, "host_queued_end": 1585579936.251091}, "device": "cpu", "nd_range": {"device_start": 2247710.8030382954, "device_end": 2247710.842141318}, "cmdq": 0, "read": {"device_start": -1, "device_end": -1}}, "FFC_sans_bias29": {"write": {"device_start": -1, "host_queued_start": 1585579936.218341, "device_queued": -1, "device_end": -1, "host_queued_end": 1585579936.251091}, "device": "cpu", "nd_range": {"device_start": 2247710.8421592563, "device_end": 2247710.876851132}, "cmdq": 0, "read": {"device_start": -1, "device_end": -1}}, "empty17": {"write": {"device_start": -1, "host_queued_start": 1585579936.170842, "device_queued": -1, "device_end": -1, "host_queued_end": 1585579936.251091}, "device": "cpu", "nd_range": {"device_start": 2247710.440730893, "device_end": 2247710.440732064}, "cmdq": 0, "read": {"device_start": -1, "device_end": -1}}, "softmax59": {"write": {"device_start": -1, "host_queued_start": 1585579936.152881, "device_queued": -1, "device_end": -1, "host_queued_end": 1585579936.163919}, "device": "gpu", "nd_range": {"device_start": 1585579870.9813414, "device_end": 1585579870.9820943}, "cmdq": 4, "read": {"device_start": -1, "device_end": -1}}, "empty71": {"write": {"device_start": 1585579870.940197, "host_queued_start": 1585579936.121255, "device_queued": 1585579870.9397352, "device_end": 1585579870.940461, "host_queued_end": 1585579936.163919}, "device": "gpu", "nd_range": {"device_start": 1585579870.9405804, "device_end": 1585579870.940621}, "cmdq": 2, "read": {"device_start": -1, "device_end": -1}}, "empty35": {"write": {"device_start": -1, "host_queued_start": 1585579936.176175, "device_queued": -1, "device_end": -1, "host_queued_end": 1585579936.251091}, "device": "cpu", "nd_range": {"device_start": 2247710.4407430612, "device_end": 2247710.440743628}, "cmdq": 0, "read": {"device_start": -1, "device_end": -1}}, "empty53": {"write": {"device_start": 1585579870.9395087, "host_queued_start": 1585579936.115287, "device_queued": 1585579870.9391787, "device_end": 1585579870.9396856, "host_queued_end": 1585579936.163919}, "device": "gpu", "nd_range": {"device_start": 1585579870.9396946, "device_end": 1585579870.9396996}, "cmdq": 0, "read": {"device_start": -1, "device_end": -1}}, "FFC_sans_bias46": {"write": {"device_start": 1585579870.940842, "host_queued_start": 1585579936.127402, "device_queued": 1585579870.9404824, "device_end": 1585579870.9409363, "host_queued_end": 1585579936.163919}, "device": "gpu", "nd_range": {"device_start": 1585579870.9409544, "device_end": 1585579870.9474776}, "cmdq": 4, "read": {"device_start": -1, "device_end": -1}}, "coalesced_transpose66": {"write": {"device_start": -1, "host_queued_start": 1585579936.151443, "device_queued": -1, "device_end": -1, "host_queued_end": 1585579936.163919}, "device": "gpu", "nd_range": {"device_start": 1585579870.9637027, "device_end": 1585579870.9700725}, "cmdq": 4, "read": {"device_start": -1, "device_end": -1}}, "coalesced_transpose48": {"write": {"device_start": -1, "host_queued_start": 1585579936.150836, "device_queued": -1, "device_end": -1, "host_queued_end": 1585579936.163919}, "device": "gpu", "nd_range": {"device_start": 1585579870.9571939, "device_end": 1585579870.9700196}, "cmdq": 2, "read": {"device_start": -1, "device_end": -1}}}