{"FFC_sans_bias60": {"write": {"device_start": -1, "host_queued_start": 1585579758.874255, "device_queued": -1, "device_end": -1, "host_queued_end": 1585579758.894228}, "device": "gpu", "nd_range": {"device_start": 1585579693.7602375, "device_end": 1585579693.7732882}, "cmdq": 2, "read": {"device_start": -1, "device_end": -1}}, "FFC_sans_bias4": {"write": {"device_start": -1, "host_queued_start": 1585579758.923432, "device_queued": -1, "device_end": -1, "host_queued_end": 1585579758.931924}, "device": "cpu", "nd_range": {"device_start": 2247533.351196865, "device_end": 2247533.385751423}, "cmdq": 0, "read": {"device_start": -1, "device_end": -1}}, "FFC_sans_bias7": {"write": {"device_start": -1, "host_queued_start": 1585579758.928526, "device_queued": -1, "device_end": -1, "host_queued_end": 1585579758.931924}, "device": "cpu", "nd_range": {"device_start": 2247533.4966994673, "device_end": 2247533.53185688}, "cmdq": 0, "read": {"device_start": -1, "device_end": -1}}, "FFC_sans_bias6": {"write": {"device_start": -1, "host_queued_start": 1585579758.924804, "device_queued": -1, "device_end": -1, "host_queued_end": 1585579758.931924}, "device": "cpu", "nd_range": {"device_start": 2247533.423413608, "device_end": 2247533.458059316}, "cmdq": 0, "read": {"device_start": -1, "device_end": -1}}, "FFC_sans_bias1": {"write": {"device_start": -1, "host_queued_start": 1585579758.9086, "device_queued": -1, "device_end": -1, "host_queued_end": 1585579758.931924}, "device": "cpu", "nd_range": {"device_start": 2247533.155619095, "device_end": 2247533.194701891}, "cmdq": 0, "read": {"device_start": -1, "device_end": -1}}, "FFC_sans_bias0": {"write": {"device_start": -1, "host_queued_start": 1585579758.904914, "device_queued": -1, "device_end": -1, "host_queued_end": 1585579758.931924}, "device": "cpu", "nd_range": {"device_start": 2247533.1215617834, "device_end": 2247533.155594773}, "cmdq": 0, "read": {"device_start": -1, "device_end": -1}}, "FFC_sans_bias2": {"write": {"device_start": -1, "host_queued_start": 1585579758.912035, "device_queued": -1, "device_end": -1, "host_queued_end": 1585579758.931924}, "device": "cpu", "nd_range": {"device_start": 2247533.194728387, "device_end": 2247533.2430282403}, "cmdq": 0, "read": {"device_start": -1, "device_end": -1}}, "FFC_sans_bias61": {"write": {"device_start": 1585579693.7803235, "host_queued_start": 1585579758.890874, "device_queued": 1585579693.6853304, "device_end": 1585579693.7804177, "host_queued_end": 1585579758.894228}, "device": "gpu", "nd_range": {"device_start": 1585579693.780428, "device_end": 1585579693.7937746}, "cmdq": 0, "read": {"device_start": 1585579693.79378, "device_end": 1585579693.7938662}}, "FFC_sans_bias52": {"write": {"device_start": 1585579693.7767758, "host_queued_start": 1585579758.887612, "device_queued": 1585579693.6847532, "device_end": 1585579693.7768688, "host_queued_end": 1585579758.894228}, "device": "gpu", "nd_range": {"device_start": 1585579693.7768817, "device_end": 1585579693.790211}, "cmdq": 3, "read": {"device_start": 1585579693.790221, "device_end": 1585579693.7903078}}, "FFC_sans_bias9": {"write": {"device_start": -1, "host_queued_start": 1585579758.91548, "device_queued": -1, "device_end": -1, "host_queued_end": 1585579758.931924}, "device": "cpu", "nd_range": {"device_start": 2247533.243040755, "device_end": 2247533.279514859}, "cmdq": 0, "read": {"device_start": -1, "device_end": -1}}, "coalesced_transpose39": {"write": {"device_start": -1, "host_queued_start": 1585579758.86845, "device_queued": -1, "device_end": -1, "host_queued_end": 1585579758.894228}, "device": "gpu", "nd_range": {"device_start": 1585579693.7326615, "device_end": 1585579693.7356791}, "cmdq": 2, "read": {"device_start": -1, "device_end": -1}}, "FFC_sans_bias55": {"write": {"device_start": 1585579693.7223415, "host_queued_start": 1585579758.857773, "device_queued": 1585579693.680108, "device_end": 1585579693.7226317, "host_queued_end": 1585579758.894228}, "device": "gpu", "nd_range": {"device_start": 1585579693.7226448, "device_end": 1585579693.726025}, "cmdq": 0, "read": {"device_start": -1, "device_end": -1}}, "FFC_sans_bias54": {"write": {"device_start": 1585579693.7099743, "host_queued_start": 1585579758.854518, "device_queued": 1585579693.6796603, "device_end": 1585579693.7100794, "host_queued_end": 1585579758.894228}, "device": "gpu", "nd_range": {"device_start": 1585579693.7100832, "device_end": 1585579693.7226038}, "cmdq": 3, "read": {"device_start": -1, "device_end": -1}}, "FFC_sans_bias56": {"write": {"device_start": 1585579693.7067406, "host_queued_start": 1585579758.851224, "device_queued": 1585579693.6795356, "device_end": 1585579693.7068412, "host_queued_end": 1585579758.894228}, "device": "gpu", "nd_range": {"device_start": 1585579693.7068486, "device_end": 1585579693.719367}, "cmdq": 2, "read": {"device_start": -1, "device_end": -1}}, "FFC_sans_bias51": {"write": {"device_start": -1, "host_queued_start": 1585579758.873943, "device_queued": -1, "device_end": -1, "host_queued_end": 1585579758.894228}, "device": "gpu", "nd_range": {"device_start": 1585579693.7575908, "device_end": 1585579693.7700012}, "cmdq": 1, "read": {"device_start": -1, "device_end": -1}}, "softmax23": {"write": {"device_start": -1, "host_queued_start": 1585579758.871493, "device_queued": -1, "device_end": -1, "host_queued_end": 1585579758.894228}, "device": "gpu", "nd_range": {"device_start": 1585579693.742511, "device_end": 1585579693.752976}, "cmdq": 0, "read": {"device_start": -1, "device_end": -1}}, "FFC_sans_bias37": {"write": {"device_start": 1585579693.6903808, "host_queued_start": 1585579758.834975, "device_queued": 1585579693.6784682, "device_end": 1585579693.6904829, "host_queued_end": 1585579758.894228}, "device": "gpu", "nd_range": {"device_start": 1585579693.6904912, "device_end": 1585579693.7030847}, "cmdq": 1, "read": {"device_start": -1, "device_end": -1}}, "empty62": {"write": {"device_start": 1585579693.6759553, "host_queued_start": 1585579758.806453, "device_queued": 1585579693.6753516, "device_end": 1585579693.676239, "host_queued_end": 1585579758.894228}, "device": "gpu", "nd_range": {"device_start": 1585579693.6762419, "device_end": 1585579693.6762462}, "cmdq": 0, "read": {"device_start": -1, "device_end": -1}}, "FFC_sans_bias70": {"write": {"device_start": 1585579693.7845318, "host_queued_start": 1585579758.894121, "device_queued": 1585579693.6855886, "device_end": 1585579693.784633, "host_queued_end": 1585579758.894228}, "device": "gpu", "nd_range": {"device_start": 1585579693.7846437, "device_end": 1585579693.7970023}, "cmdq": 1, "read": {"device_start": 1585579693.7970092, "device_end": 1585579693.797095}}, "FFC_sans_bias58": {"write": {"device_start": -1, "host_queued_start": 1585579758.87093, "device_queued": -1, "device_end": -1, "host_queued_end": 1585579758.894228}, "device": "gpu", "nd_range": {"device_start": 1585579693.7424996, "device_end": 1585579693.7522326}, "cmdq": 2, "read": {"device_start": -1, "device_end": -1}}, "softmax41": {"write": {"device_start": -1, "host_queued_start": 1585579758.871984, "device_queued": -1, "device_end": -1, "host_queued_end": 1585579758.894228}, "device": "gpu", "nd_range": {"device_start": 1585579693.7522435, "device_end": 1585579693.7568405}, "cmdq": 2, "read": {"device_start": -1, "device_end": -1}}, "FFC_sans_bias11": {"write": {"device_start": -1, "host_queued_start": 1585579758.922366, "device_queued": -1, "device_end": -1, "host_queued_end": 1585579758.931924}, "device": "cpu", "nd_range": {"device_start": 2247533.314784417, "device_end": 2247533.3503758903}, "cmdq": 0, "read": {"device_start": -1, "device_end": -1}}, "FFC_sans_bias10": {"write": {"device_start": -1, "host_queued_start": 1585579758.918904, "device_queued": -1, "device_end": -1, "host_queued_end": 1585579758.931924}, "device": "cpu", "nd_range": {"device_start": 2247533.279533225, "device_end": 2247533.314589282}, "cmdq": 0, "read": {"device_start": -1, "device_end": -1}}, "coalesced_transpose3": {"write": {"device_start": -1, "host_queued_start": 1585579758.922753, "device_queued": -1, "device_end": -1, "host_queued_end": 1585579758.931924}, "device": "cpu", "nd_range": {"device_start": 2247533.3503940213, "device_end": 2247533.350826243}, "cmdq": 0, "read": {"device_start": -1, "device_end": -1}}, "FFC_sans_bias34": {"write": {"device_start": 1585579693.7702465, "host_queued_start": 1585579758.881049, "device_queued": 1585579693.6844745, "device_end": 1585579693.7703397, "host_queued_end": 1585579758.894228}, "device": "gpu", "nd_range": {"device_start": 1585579693.7703536, "device_end": 1585579693.7833164}, "cmdq": 1, "read": {"device_start": 1585579693.783323, "device_end": 1585579693.783554}}, "FFC_sans_bias15": {"write": {"device_start": -1, "host_queued_start": 1585579758.925154, "device_queued": -1, "device_end": -1, "host_queued_end": 1585579758.931924}, "device": "cpu", "nd_range": {"device_start": 2247533.458068021, "device_end": 2247533.4966801764}, "cmdq": 0, "read": {"device_start": -1, "device_end": -1}}, "FFC_sans_bias31": {"write": {"device_start": -1, "host_queued_start": 1585579758.869974, "device_queued": -1, "device_end": -1, "host_queued_end": 1585579758.894228}, "device": "gpu", "nd_range": {"device_start": 1585579693.7358289, "device_end": 1585579693.7458107}, "cmdq": 3, "read": {"device_start": -1, "device_end": -1}}, "FFC_sans_bias16": {"write": {"device_start": -1, "host_queued_start": 1585579758.931867, "device_queued": -1, "device_end": -1, "host_queued_end": 1585579758.931924}, "device": "cpu", "nd_range": {"device_start": 2247533.531862245, "device_end": 2247533.5675330893}, "cmdq": 0, "read": {"device_start": -1, "device_end": -1}}, "FFC_sans_bias19": {"write": {"device_start": 1585579693.6768513, "host_queued_start": 1585579758.81514, "device_queued": 1585579693.676267, "device_end": 1585579693.67695, "host_queued_end": 1585579758.894228}, "device": "gpu", "nd_range": {"device_start": 1585579693.6769536, "device_end": 1585579693.6835492}, "cmdq": 3, "read": {"device_start": -1, "device_end": -1}}, "FFC_sans_bias18": {"write": {"device_start": 1585579693.6765585, "host_queued_start": 1585579758.81184, "device_queued": 1585579693.6759589, "device_end": 1585579693.676847, "host_queued_end": 1585579758.894228}, "device": "gpu", "nd_range": {"device_start": 1585579693.6768584, "device_end": 1585579693.6802218}, "cmdq": 2, "read": {"device_start": -1, "device_end": -1}}, "coalesced_transpose30": {"write": {"device_start": -1, "host_queued_start": 1585579758.868149, "device_queued": -1, "device_end": -1, "host_queued_end": 1585579758.894228}, "device": "gpu", "nd_range": {"device_start": 1585579693.7293642, "device_end": 1585579693.7356534}, "cmdq": 1, "read": {"device_start": -1, "device_end": -1}}, "FFC_sans_bias69": {"write": {"device_start": -1, "host_queued_start": 1585579758.874579, "device_queued": -1, "device_end": -1, "host_queued_end": 1585579758.894228}, "device": "gpu", "nd_range": {"device_start": 1585579693.7635565, "device_end": 1585579693.7765524}, "cmdq": 3, "read": {"device_start": -1, "device_end": -1}}, "FFC_sans_bias38": {"write": {"device_start": 1585579693.6936424, "host_queued_start": 1585579758.838222, "device_queued": 1585579693.6785944, "device_end": 1585579693.6937459, "host_queued_end": 1585579758.894228}, "device": "gpu", "nd_range": {"device_start": 1585579693.6937492, "device_end": 1585579693.7063894}, "cmdq": 2, "read": {"device_start": -1, "device_end": -1}}, "coalesced_transpose57": {"write": {"device_start": -1, "host_queued_start": 1585579758.86905, "device_queued": -1, "device_end": -1, "host_queued_end": 1585579758.894228}, "device": "gpu", "nd_range": {"device_start": 1585579693.7355704, "device_end": 1585579693.7357063}, "cmdq": 0, "read": {"device_start": -1, "device_end": -1}}, "empty26": {"write": {"device_start": 1585579693.6746225, "host_queued_start": 1585579758.795214, "device_queued": 1585579693.6742709, "device_end": 1585579693.6748283, "host_queued_end": 1585579758.894228}, "device": "gpu", "nd_range": {"device_start": 1585579693.6748385, "device_end": 1585579693.6748435}, "cmdq": 0, "read": {"device_start": -1, "device_end": -1}}, "coalesced_transpose12": {"write": {"device_start": -1, "host_queued_start": 1585579758.92309, "device_queued": -1, "device_end": -1, "host_queued_end": 1585579758.931924}, "device": "cpu", "nd_range": {"device_start": 2247533.350835665, "device_end": 2247533.3511891672}, "cmdq": 0, "read": {"device_start": -1, "device_end": -1}}, "empty44": {"write": {"device_start": 1585579693.6753297, "host_queued_start": 1585579758.80116, "device_queued": 1585579693.6748514, "device_end": 1585579693.675616, "host_queued_end": 1585579758.894228}, "device": "gpu", "nd_range": {"device_start": 1585579693.6756284, "device_end": 1585579693.675635}, "cmdq": 2, "read": {"device_start": -1, "device_end": -1}}, "coalesced_transpose21": {"write": {"device_start": -1, "host_queued_start": 1585579758.867843, "device_queued": -1, "device_end": -1, "host_queued_end": 1585579758.894228}, "device": "gpu", "nd_range": {"device_start": 1585579693.7260273, "device_end": 1585579693.7355692}, "cmdq": 0, "read": {"device_start": -1, "device_end": -1}}, "FFC_sans_bias36": {"write": {"device_start": 1585579693.6871724, "host_queued_start": 1585579758.831738, "device_queued": 1585579693.678209, "device_end": 1585579693.6872761, "host_queued_end": 1585579758.894228}, "device": "gpu", "nd_range": {"device_start": 1585579693.6872807, "device_end": 1585579693.699861}, "cmdq": 0, "read": {"device_start": -1, "device_end": -1}}, "softmax14": {"write": {"device_start": -1, "host_queued_start": 1585579758.924471, "device_queued": -1, "device_end": -1, "host_queued_end": 1585579758.931924}, "device": "cpu", "nd_range": {"device_start": 2247533.42292092, "device_end": 2247533.423285392}, "cmdq": 0, "read": {"device_start": -1, "device_end": -1}}, "FFC_sans_bias13": {"write": {"device_start": -1, "host_queued_start": 1585579758.923805, "device_queued": -1, "device_end": -1, "host_queued_end": 1585579758.931924}, "device": "cpu", "nd_range": {"device_start": 2247533.385774875, "device_end": 2247533.4222884933}, "cmdq": 0, "read": {"device_start": -1, "device_end": -1}}, "empty8": {"write": {"device_start": -1, "host_queued_start": 1585579758.898755, "device_queued": -1, "device_end": -1, "host_queued_end": 1585579758.931924}, "device": "cpu", "nd_range": {"device_start": 2247533.121519945, "device_end": 2247533.121533894}, "cmdq": 0, "read": {"device_start": -1, "device_end": -1}}, "FFC_sans_bias42": {"write": {"device_start": -1, "host_queued_start": 1585579758.873635, "device_queued": -1, "device_end": -1, "host_queued_end": 1585579758.894228}, "device": "gpu", "nd_range": {"device_start": 1585579693.7568748, "device_end": 1585579693.7667885}, "cmdq": 0, "read": {"device_start": -1, "device_end": -1}}, "FFC_sans_bias43": {"write": {"device_start": 1585579693.7735262, "host_queued_start": 1585579758.884285, "device_queued": 1585579693.6846173, "device_end": 1585579693.773618, "host_queued_end": 1585579758.894228}, "device": "gpu", "nd_range": {"device_start": 1585579693.773632, "device_end": 1585579693.786708}, "cmdq": 2, "read": {"device_start": 1585579693.7867155, "device_end": 1585579693.7868087}}, "FFC_sans_bias40": {"write": {"device_start": -1, "host_queued_start": 1585579758.870286, "device_queued": -1, "device_end": -1, "host_queued_end": 1585579758.894228}, "device": "gpu", "nd_range": {"device_start": 1585579693.7357962, "device_end": 1585579693.7391703}, "cmdq": 0, "read": {"device_start": -1, "device_end": -1}}, "softmax32": {"write": {"device_start": -1, "host_queued_start": 1585579758.871739, "device_queued": -1, "device_end": -1, "host_queued_end": 1585579758.894228}, "device": "gpu", "nd_range": {"device_start": 1585579693.7489438, "device_end": 1585579693.7568276}, "cmdq": 1, "read": {"device_start": -1, "device_end": -1}}, "FFC_sans_bias47": {"write": {"device_start": 1585579693.7034724, "host_queued_start": 1585579758.847973, "device_queued": 1585579693.6794062, "device_end": 1585579693.703573, "host_queued_end": 1585579758.894228}, "device": "gpu", "nd_range": {"device_start": 1585579693.7035797, "device_end": 1585579693.7161143}, "cmdq": 1, "read": {"device_start": -1, "device_end": -1}}, "FFC_sans_bias45": {"write": {"device_start": 1585579693.6969721, "host_queued_start": 1585579758.841453, "device_queued": 1585579693.6787212, "device_end": 1585579693.6970742, "host_queued_end": 1585579758.894228}, "device": "gpu", "nd_range": {"device_start": 1585579693.6970806, "device_end": 1585579693.7096093}, "cmdq": 3, "read": {"device_start": -1, "device_end": -1}}, "softmax50": {"write": {"device_start": -1, "host_queued_start": 1585579758.872226, "device_queued": -1, "device_end": -1, "host_queued_end": 1585579758.894228}, "device": "gpu", "nd_range": {"device_start": 1585579693.755462, "device_end": 1585579693.7558823}, "cmdq": 3, "read": {"device_start": -1, "device_end": -1}}, "FFC_sans_bias33": {"write": {"device_start": -1, "host_queued_start": 1585579758.873326, "device_queued": -1, "device_end": -1, "host_queued_end": 1585579758.894228}, "device": "gpu", "nd_range": {"device_start": 1585579693.7568629, "device_end": 1585579693.7635465}, "cmdq": 3, "read": {"device_start": -1, "device_end": -1}}, "FFC_sans_bias63": {"write": {"device_start": 1585579693.723267, "host_queued_start": 1585579758.867498, "device_queued": 1585579693.6807752, "device_end": 1585579693.7233636, "host_queued_end": 1585579758.894228}, "device": "gpu", "nd_range": {"device_start": 1585579693.7233677, "device_end": 1585579693.7357752}, "cmdq": 3, "read": {"device_start": -1, "device_end": -1}}, "FFC_sans_bias49": {"write": {"device_start": -1, "host_queued_start": 1585579758.870606, "device_queued": -1, "device_end": -1, "host_queued_end": 1585579758.894228}, "device": "gpu", "nd_range": {"device_start": 1585579693.735843, "device_end": 1585579693.7489338}, "cmdq": 1, "read": {"device_start": -1, "device_end": -1}}, "FFC_sans_bias64": {"write": {"device_start": 1585579693.7226508, "host_queued_start": 1585579758.861, "device_queued": 1585579693.680423, "device_end": 1585579693.7228909, "host_queued_end": 1585579758.894228}, "device": "gpu", "nd_range": {"device_start": 1585579693.7229044, "device_end": 1585579693.7293599}, "cmdq": 1, "read": {"device_start": -1, "device_end": -1}}, "FFC_sans_bias65": {"write": {"device_start": 1585579693.722966, "host_queued_start": 1585579758.86423, "device_queued": 1585579693.6806555, "device_end": 1585579693.7232237, "host_queued_end": 1585579758.894228}, "device": "gpu", "nd_range": {"device_start": 1585579693.7232318, "device_end": 1585579693.7326539}, "cmdq": 2, "read": {"device_start": -1, "device_end": -1}}, "FFC_sans_bias67": {"write": {"device_start": -1, "host_queued_start": 1585579758.871242, "device_queued": -1, "device_end": -1, "host_queued_end": 1585579758.894228}, "device": "gpu", "nd_range": {"device_start": 1585579693.7458217, "device_end": 1585579693.755452}, "cmdq": 3, "read": {"device_start": -1, "device_end": -1}}, "FFC_sans_bias24": {"write": {"device_start": -1, "host_queued_start": 1585579758.873017, "device_queued": -1, "device_end": -1, "host_queued_end": 1585579758.894228}, "device": "gpu", "nd_range": {"device_start": 1585579693.7568512, "device_end": 1585579693.760227}, "cmdq": 2, "read": {"device_start": -1, "device_end": -1}}, "FFC_sans_bias25": {"write": {"device_start": 1585579693.7670512, "host_queued_start": 1585579758.877791, "device_queued": 1585579693.6842175, "device_end": 1585579693.7671425, "host_queued_end": 1585579758.894228}, "device": "gpu", "nd_range": {"device_start": 1585579693.7671542, "device_end": 1585579693.779766}, "cmdq": 0, "read": {"device_start": 1585579693.7797694, "device_end": 1585579693.779859}}, "FFC_sans_bias27": {"write": {"device_start": 1585579693.6776066, "host_queued_start": 1585579758.821793, "device_queued": 1585579693.677242, "device_end": 1585579693.6777291, "host_queued_end": 1585579758.894228}, "device": "gpu", "nd_range": {"device_start": 1585579693.6778772, "device_end": 1585579693.6899986}, "cmdq": 1, "read": {"device_start": -1, "device_end": -1}}, "FFC_sans_bias20": {"write": {"device_start": 1585579693.6772442, "host_queued_start": 1585579758.818459, "device_queued": 1585579693.6769824, "device_end": 1585579693.6775239, "host_queued_end": 1585579758.894228}, "device": "gpu", "nd_range": {"device_start": 1585579693.6775327, "device_end": 1585579693.686824}, "cmdq": 0, "read": {"device_start": -1, "device_end": -1}}, "FFC_sans_bias22": {"write": {"device_start": -1, "host_queued_start": 1585579758.869661, "device_queued": -1, "device_end": -1, "host_queued_end": 1585579758.894228}, "device": "gpu", "nd_range": {"device_start": 1585579693.7358131, "device_end": 1585579693.742489}, "cmdq": 2, "read": {"device_start": -1, "device_end": -1}}, "softmax68": {"write": {"device_start": -1, "host_queued_start": 1585579758.872711, "device_queued": -1, "device_end": -1, "host_queued_end": 1585579758.894228}, "device": "gpu", "nd_range": {"device_start": 1585579693.7568383, "device_end": 1585579693.75758}, "cmdq": 1, "read": {"device_start": -1, "device_end": -1}}, "softmax5": {"write": {"device_start": -1, "host_queued_start": 1585579758.924197, "device_queued": -1, "device_end": -1, "host_queued_end": 1585579758.931924}, "device": "cpu", "nd_range": {"device_start": 2247533.422308857, "device_end": 2247533.422768034}, "cmdq": 0, "read": {"device_start": -1, "device_end": -1}}, "FFC_sans_bias28": {"write": {"device_start": 1585579693.6805208, "host_queued_start": 1585579758.825234, "device_queued": 1585579693.6775362, "device_end": 1585579693.680621, "host_queued_end": 1585579758.894228}, "device": "gpu", "nd_range": {"device_start": 1585579693.680626, "device_end": 1585579693.6932728}, "cmdq": 2, "read": {"device_start": -1, "device_end": -1}}, "FFC_sans_bias29": {"write": {"device_start": 1585579693.6839244, "host_queued_start": 1585579758.828505, "device_queued": 1585579693.6777384, "device_end": 1585579693.6840296, "host_queued_end": 1585579758.894228}, "device": "gpu", "nd_range": {"device_start": 1585579693.684036, "device_end": 1585579693.6965947}, "cmdq": 3, "read": {"device_start": -1, "device_end": -1}}, "empty17": {"write": {"device_start": -1, "host_queued_start": 1585579758.901736, "device_queued": -1, "device_end": -1, "host_queued_end": 1585579758.931924}, "device": "cpu", "nd_range": {"device_start": 2247533.121555956, "device_end": 2247533.12155688}, "cmdq": 0, "read": {"device_start": -1, "device_end": -1}}, "softmax59": {"write": {"device_start": -1, "host_queued_start": 1585579758.872467, "device_queued": -1, "device_end": -1, "host_queued_end": 1585579758.894228}, "device": "gpu", "nd_range": {"device_start": 1585579693.7529867, "device_end": 1585579693.7560682}, "cmdq": 0, "read": {"device_start": -1, "device_end": -1}}, "empty71": {"write": {"device_start": 1585579693.6762595, "host_queued_start": 1585579758.809042, "device_queued": 1585579693.6756465, "device_end": 1585579693.6765127, "host_queued_end": 1585579758.894228}, "device": "gpu", "nd_range": {"device_start": 1585579693.6765244, "device_end": 1585579693.6765282}, "cmdq": 1, "read": {"device_start": -1, "device_end": -1}}, "empty35": {"write": {"device_start": 1585579693.674979, "host_queued_start": 1585579758.798516, "device_queued": 1585579693.6746159, "device_end": 1585579693.6752942, "host_queued_end": 1585579758.894228}, "device": "gpu", "nd_range": {"device_start": 1585579693.6753094, "device_end": 1585579693.675315}, "cmdq": 1, "read": {"device_start": -1, "device_end": -1}}, "empty53": {"write": {"device_start": 1585579693.6756501, "host_queued_start": 1585579758.803826, "device_queued": 1585579693.6749837, "device_end": 1585579693.6759303, "host_queued_end": 1585579758.894228}, "device": "gpu", "nd_range": {"device_start": 1585579693.675936, "device_end": 1585579693.6759446}, "cmdq": 3, "read": {"device_start": -1, "device_end": -1}}, "FFC_sans_bias46": {"write": {"device_start": 1585579693.700225, "host_queued_start": 1585579758.844681, "device_queued": 1585579693.679166, "device_end": 1585579693.7003381, "host_queued_end": 1585579758.894228}, "device": "gpu", "nd_range": {"device_start": 1585579693.7003434, "device_end": 1585579693.7128549}, "cmdq": 0, "read": {"device_start": -1, "device_end": -1}}, "coalesced_transpose66": {"write": {"device_start": -1, "host_queued_start": 1585579758.869345, "device_queued": -1, "device_end": -1, "host_queued_end": 1585579758.894228}, "device": "gpu", "nd_range": {"device_start": 1585579693.7356546, "device_end": 1585579693.7357285}, "cmdq": 1, "read": {"device_start": -1, "device_end": -1}}, "coalesced_transpose48": {"write": {"device_start": -1, "host_queued_start": 1585579758.868748, "device_queued": -1, "device_end": -1, "host_queued_end": 1585579758.894228}, "device": "gpu", "nd_range": {"device_start": 1585579693.735783, "device_end": 1585579693.735817}, "cmdq": 3, "read": {"device_start": -1, "device_end": -1}}}