{"FFC_sans_bias60": {"write": {"device_start": -1, "host_queued_start": 1585579330.927411, "device_queued": -1, "device_end": -1, "host_queued_end": 1585579330.940863}, "device": "gpu", "nd_range": {"device_start": 1585579265.8013992, "device_end": 1585579265.8050053}, "cmdq": 0, "read": {"device_start": -1, "device_end": -1}}, "FFC_sans_bias4": {"write": {"device_start": -1, "host_queued_start": 1585579330.995182, "device_queued": -1, "device_end": -1, "host_queued_end": 1585579331.013261}, "device": "cpu", "nd_range": {"device_start": 2247105.6518615764, "device_end": 2247105.746869549}, "cmdq": 2, "read": {"device_start": -1, "device_end": -1}}, "FFC_sans_bias7": {"write": {"device_start": -1, "host_queued_start": 1585579331.002389, "device_queued": -1, "device_end": -1, "host_queued_end": 1585579331.013261}, "device": "cpu", "nd_range": {"device_start": 2247105.9529325343, "device_end": 2247106.079088948}, "cmdq": 2, "read": {"device_start": -1, "device_end": -1}}, "FFC_sans_bias6": {"write": {"device_start": -1, "host_queued_start": 1585579330.997667, "device_queued": -1, "device_end": -1, "host_queued_end": 1585579331.013261}, "device": "cpu", "nd_range": {"device_start": 2247105.814277681, "device_end": 2247105.936991861}, "cmdq": 1, "read": {"device_start": -1, "device_end": -1}}, "FFC_sans_bias1": {"write": {"device_start": -1, "host_queued_start": 1585579330.959527, "device_queued": -1, "device_end": -1, "host_queued_end": 1585579331.013261}, "device": "cpu", "nd_range": {"device_start": 2247105.2029287103, "device_end": 2247105.329535556}, "cmdq": 2, "read": {"device_start": -1, "device_end": -1}}, "FFC_sans_bias0": {"write": {"device_start": -1, "host_queued_start": 1585579330.956158, "device_queued": -1, "device_end": -1, "host_queued_end": 1585579331.013261}, "device": "cpu", "nd_range": {"device_start": 2247105.2028740873, "device_end": 2247105.349157893}, "cmdq": 1, "read": {"device_start": -1, "device_end": -1}}, "FFC_sans_bias2": {"write": {"device_start": -1, "host_queued_start": 1585579330.962917, "device_queued": -1, "device_end": -1, "host_queued_end": 1585579331.013261}, "device": "cpu", "nd_range": {"device_start": 2247105.202882381, "device_end": 2247105.265907682}, "cmdq": 0, "read": {"device_start": -1, "device_end": -1}}, "FFC_sans_bias61": {"write": {"device_start": 1585579265.816891, "host_queued_start": 1585579330.937492, "device_queued": 1585579265.738928, "device_end": 1585579265.8169816, "host_queued_end": 1585579330.940863}, "device": "gpu", "nd_range": {"device_start": 1585579265.816987, "device_end": 1585579265.8204815}, "cmdq": 0, "read": {"device_start": 1585579265.820487, "device_end": 1585579265.8206022}}, "FFC_sans_bias52": {"write": {"device_start": 1585579265.8129473, "host_queued_start": 1585579330.934231, "device_queued": 1585579265.7386365, "device_end": 1585579265.8130474, "host_queued_end": 1585579330.940863}, "device": "gpu", "nd_range": {"device_start": 1585579265.8130538, "device_end": 1585579265.8163679}, "cmdq": 0, "read": {"device_start": 1585579265.8163714, "device_end": 1585579265.816459}}, "FFC_sans_bias9": {"write": {"device_start": -1, "host_queued_start": 1585579330.966441, "device_queued": -1, "device_end": -1, "host_queued_end": 1585579331.013261}, "device": "cpu", "nd_range": {"device_start": 2247105.349353334, "device_end": 2247105.4177101622}, "cmdq": 1, "read": {"device_start": -1, "device_end": -1}}, "coalesced_transpose39": {"write": {"device_start": -1, "host_queued_start": 1585579330.923299, "device_queued": -1, "device_end": -1, "host_queued_end": 1585579330.940863}, "device": "gpu", "nd_range": {"device_start": 1585579265.7789896, "device_end": 1585579265.779007}, "cmdq": 0, "read": {"device_start": -1, "device_end": -1}}, "FFC_sans_bias55": {"write": {"device_start": 1585579265.7642996, "host_queued_start": 1585579330.913148, "device_queued": 1585579265.735598, "device_end": 1585579265.7643998, "host_queued_end": 1585579330.940863}, "device": "gpu", "nd_range": {"device_start": 1585579265.7644086, "device_end": 1585579265.7677426}, "cmdq": 0, "read": {"device_start": -1, "device_end": -1}}, "FFC_sans_bias54": {"write": {"device_start": 1585579265.7605338, "host_queued_start": 1585579330.909851, "device_queued": 1585579265.7353816, "device_end": 1585579265.7606368, "host_queued_end": 1585579330.940863}, "device": "gpu", "nd_range": {"device_start": 1585579265.7606435, "device_end": 1585579265.763994}, "cmdq": 0, "read": {"device_start": -1, "device_end": -1}}, "FFC_sans_bias56": {"write": {"device_start": 1585579265.7567453, "host_queued_start": 1585579330.906514, "device_queued": 1585579265.7351553, "device_end": 1585579265.7568574, "host_queued_end": 1585579330.940863}, "device": "gpu", "nd_range": {"device_start": 1585579265.756863, "device_end": 1585579265.7602139}, "cmdq": 0, "read": {"device_start": -1, "device_end": -1}}, "FFC_sans_bias51": {"write": {"device_start": -1, "host_queued_start": 1585579330.927097, "device_queued": -1, "device_end": -1, "host_queued_end": 1585579330.940863}, "device": "gpu", "nd_range": {"device_start": 1585579265.797877, "device_end": 1585579265.8013976}, "cmdq": 0, "read": {"device_start": -1, "device_end": -1}}, "softmax23": {"write": {"device_start": -1, "host_queued_start": 1585579330.997055, "device_queued": -1, "device_end": -1, "host_queued_end": 1585579331.013261}, "device": "cpu", "nd_range": {"device_start": 2247105.828888495, "device_end": 2247105.829825343}, "cmdq": 2, "read": {"device_start": -1, "device_end": -1}}, "FFC_sans_bias37": {"write": {"device_start": 1585579265.7379868, "host_queued_start": 1585579330.889964, "device_queued": 1585579265.733838, "device_end": 1585579265.7380874, "host_queued_end": 1585579330.940863}, "device": "gpu", "nd_range": {"device_start": 1585579265.7380908, "device_end": 1585579265.7414348}, "cmdq": 0, "read": {"device_start": -1, "device_end": -1}}, "empty62": {"write": {"device_start": 1585579265.7335367, "host_queued_start": 1585579330.881239, "device_queued": 1585579265.7329524, "device_end": 1585579265.7336311, "host_queued_end": 1585579330.940863}, "device": "gpu", "nd_range": {"device_start": 1585579265.7336404, "device_end": 1585579265.7336435}, "cmdq": 0, "read": {"device_start": -1, "device_end": -1}}, "FFC_sans_bias70": {"write": {"device_start": 1585579265.821233, "host_queued_start": 1585579330.940743, "device_queued": 1585579265.739172, "device_end": 1585579265.82137, "host_queued_end": 1585579330.940863}, "device": "gpu", "nd_range": {"device_start": 1585579265.8214142, "device_end": 1585579265.8248277}, "cmdq": 0, "read": {"device_start": 1585579265.8248339, "device_end": 1585579265.8249242}}, "FFC_sans_bias58": {"write": {"device_start": -1, "host_queued_start": 1585579330.925169, "device_queued": -1, "device_end": -1, "host_queued_end": 1585579330.940863}, "device": "gpu", "nd_range": {"device_start": 1585579265.7857687, "device_end": 1585579265.7891016}, "cmdq": 0, "read": {"device_start": -1, "device_end": -1}}, "softmax41": {"write": {"device_start": -1, "host_queued_start": 1585579330.925734, "device_queued": -1, "device_end": -1, "host_queued_end": 1585579330.940863}, "device": "gpu", "nd_range": {"device_start": 1585579265.792451, "device_end": 1585579265.7929049}, "cmdq": 0, "read": {"device_start": -1, "device_end": -1}}, "FFC_sans_bias11": {"write": {"device_start": -1, "host_queued_start": 1585579330.97338, "device_queued": -1, "device_end": -1, "host_queued_end": 1585579331.013261}, "device": "cpu", "nd_range": {"device_start": 2247105.266155788, "device_end": 2247105.355378548}, "cmdq": 0, "read": {"device_start": -1, "device_end": -1}}, "FFC_sans_bias10": {"write": {"device_start": -1, "host_queued_start": 1585579330.969975, "device_queued": -1, "device_end": -1, "host_queued_end": 1585579331.013261}, "device": "cpu", "nd_range": {"device_start": 2247105.3295604023, "device_end": 2247105.524054239}, "cmdq": 2, "read": {"device_start": -1, "device_end": -1}}, "coalesced_transpose3": {"write": {"device_start": -1, "host_queued_start": 1585579330.993766, "device_queued": -1, "device_end": -1, "host_queued_end": 1585579331.013261}, "device": "cpu", "nd_range": {"device_start": 2247105.6337393452, "device_end": 2247105.6348373173}, "cmdq": 1, "read": {"device_start": -1, "device_end": -1}}, "FFC_sans_bias34": {"write": {"device_start": -1, "host_queued_start": 1585579331.013203, "device_queued": -1, "device_end": -1, "host_queued_end": 1585579331.013261}, "device": "cpu", "nd_range": {"device_start": 2247106.092005841, "device_end": 2247106.1519582584}, "cmdq": 2, "read": {"device_start": -1, "device_end": -1}}, "FFC_sans_bias15": {"write": {"device_start": -1, "host_queued_start": 1585579330.998005, "device_queued": -1, "device_end": -1, "host_queued_end": 1585579331.013261}, "device": "cpu", "nd_range": {"device_start": 2247105.829964864, "device_end": 2247105.952760321}, "cmdq": 2, "read": {"device_start": -1, "device_end": -1}}, "FFC_sans_bias31": {"write": {"device_start": -1, "host_queued_start": 1585579330.996214, "device_queued": -1, "device_end": -1, "host_queued_end": 1585579331.013261}, "device": "cpu", "nd_range": {"device_start": 2247105.747080991, "device_end": 2247105.828721067}, "cmdq": 2, "read": {"device_start": -1, "device_end": -1}}, "FFC_sans_bias16": {"write": {"device_start": -1, "host_queued_start": 1585579331.006488, "device_queued": -1, "device_end": -1, "host_queued_end": 1585579331.013261}, "device": "cpu", "nd_range": {"device_start": 2247105.982646232, "device_end": 2247106.074199716}, "cmdq": 0, "read": {"device_start": -1, "device_end": -1}}, "FFC_sans_bias19": {"write": {"device_start": -1, "host_queued_start": 1585579330.980062, "device_queued": -1, "device_end": -1, "host_queued_end": 1585579331.013261}, "device": "cpu", "nd_range": {"device_start": 2247105.524181214, "device_end": 2247105.580221308}, "cmdq": 2, "read": {"device_start": -1, "device_end": -1}}, "FFC_sans_bias18": {"write": {"device_start": -1, "host_queued_start": 1585579330.976718, "device_queued": -1, "device_end": -1, "host_queued_end": 1585579331.013261}, "device": "cpu", "nd_range": {"device_start": 2247105.417927681, "device_end": 2247105.541506971}, "cmdq": 1, "read": {"device_start": -1, "device_end": -1}}, "coalesced_transpose30": {"write": {"device_start": -1, "host_queued_start": 1585579330.994838, "device_queued": -1, "device_end": -1, "host_queued_end": 1585579331.013261}, "device": "cpu", "nd_range": {"device_start": 2247105.650683045, "device_end": 2247105.651467569}, "cmdq": 1, "read": {"device_start": -1, "device_end": -1}}, "FFC_sans_bias69": {"write": {"device_start": -1, "host_queued_start": 1585579330.927741, "device_queued": -1, "device_end": -1, "host_queued_end": 1585579330.940863}, "device": "gpu", "nd_range": {"device_start": 1585579265.8050067, "device_end": 1585579265.8083448}, "cmdq": 0, "read": {"device_start": -1, "device_end": -1}}, "FFC_sans_bias38": {"write": {"device_start": 1585579265.74175, "host_queued_start": 1585579330.893252, "device_queued": 1585579265.734202, "device_end": 1585579265.7418392, "host_queued_end": 1585579330.940863}, "device": "gpu", "nd_range": {"device_start": 1585579265.7418458, "device_end": 1585579265.745196}, "cmdq": 0, "read": {"device_start": -1, "device_end": -1}}, "coalesced_transpose57": {"write": {"device_start": -1, "host_queued_start": 1585579330.923909, "device_queued": -1, "device_end": -1, "host_queued_end": 1585579330.940863}, "device": "gpu", "nd_range": {"device_start": 1585579265.7790275, "device_end": 1585579265.779046}, "cmdq": 0, "read": {"device_start": -1, "device_end": -1}}, "empty26": {"write": {"device_start": -1, "host_queued_start": 1585579330.950503, "device_queued": -1, "device_end": -1, "host_queued_end": 1585579331.013261}, "device": "cpu", "nd_range": {"device_start": 2247105.2029054863, "device_end": 2247105.2029105714}, "cmdq": 2, "read": {"device_start": -1, "device_end": -1}}, "coalesced_transpose12": {"write": {"device_start": -1, "host_queued_start": 1585579330.994103, "device_queued": -1, "device_end": -1, "host_queued_end": 1585579331.013261}, "device": "cpu", "nd_range": {"device_start": 2247105.6506856703, "device_end": 2247105.651727597}, "cmdq": 2, "read": {"device_start": -1, "device_end": -1}}, "empty44": {"write": {"device_start": 1585579265.7326734, "host_queued_start": 1585579330.875285, "device_queued": 1585579265.7323165, "device_end": 1585579265.7327766, "host_queued_end": 1585579330.940863}, "device": "gpu", "nd_range": {"device_start": 1585579265.7327855, "device_end": 1585579265.7327895}, "cmdq": 0, "read": {"device_start": -1, "device_end": -1}}, "coalesced_transpose21": {"write": {"device_start": -1, "host_queued_start": 1585579330.994503, "device_queued": -1, "device_end": -1, "host_queued_end": 1585579331.013261}, "device": "cpu", "nd_range": {"device_start": 2247105.5804556613, "device_end": 2247105.581526692}, "cmdq": 0, "read": {"device_start": -1, "device_end": -1}}, "FFC_sans_bias36": {"write": {"device_start": 1585579265.734278, "host_queued_start": 1585579330.88667, "device_queued": 1585579265.7334385, "device_end": 1585579265.734372, "host_queued_end": 1585579330.940863}, "device": "gpu", "nd_range": {"device_start": 1585579265.734382, "device_end": 1585579265.7377007}, "cmdq": 0, "read": {"device_start": -1, "device_end": -1}}, "softmax14": {"write": {"device_start": -1, "host_queued_start": 1585579330.996781, "device_queued": -1, "device_end": -1, "host_queued_end": 1585579331.013261}, "device": "cpu", "nd_range": {"device_start": 2247105.813326106, "device_end": 2247105.814268647}, "cmdq": 1, "read": {"device_start": -1, "device_end": -1}}, "FFC_sans_bias13": {"write": {"device_start": -1, "host_queued_start": 1585579330.995526, "device_queued": -1, "device_end": -1, "host_queued_end": 1585579331.013261}, "device": "cpu", "nd_range": {"device_start": 2247105.712854116, "device_end": 2247105.8113504252}, "cmdq": 0, "read": {"device_start": -1, "device_end": -1}}, "empty8": {"write": {"device_start": -1, "host_queued_start": 1585579330.944755, "device_queued": -1, "device_end": -1, "host_queued_end": 1585579331.013261}, "device": "cpu", "nd_range": {"device_start": 2247105.2028392493, "device_end": 2247105.202850406}, "cmdq": 0, "read": {"device_start": -1, "device_end": -1}}, "FFC_sans_bias42": {"write": {"device_start": -1, "host_queued_start": 1585579330.926781, "device_queued": -1, "device_end": -1, "host_queued_end": 1585579330.940863}, "device": "gpu", "nd_range": {"device_start": 1585579265.7944303, "device_end": 1585579265.7978761}, "cmdq": 0, "read": {"device_start": -1, "device_end": -1}}, "FFC_sans_bias43": {"write": {"device_start": 1585579265.8089347, "host_queued_start": 1585579330.930971, "device_queued": 1585579265.7383533, "device_end": 1585579265.8090405, "host_queued_end": 1585579330.940863}, "device": "gpu", "nd_range": {"device_start": 1585579265.809047, "device_end": 1585579265.8123767}, "cmdq": 0, "read": {"device_start": 1585579265.8123806, "device_end": 1585579265.8124733}}, "FFC_sans_bias40": {"write": {"device_start": -1, "host_queued_start": 1585579330.924529, "device_queued": -1, "device_end": -1, "host_queued_end": 1585579330.940863}, "device": "gpu", "nd_range": {"device_start": 1585579265.7790656, "device_end": 1585579265.782397}, "cmdq": 0, "read": {"device_start": -1, "device_end": -1}}, "softmax32": {"write": {"device_start": -1, "host_queued_start": 1585579330.997327, "device_queued": -1, "device_end": -1, "host_queued_end": 1585579331.013261}, "device": "cpu", "nd_range": {"device_start": 2247105.8520135502, "device_end": 2247105.852950545}, "cmdq": 0, "read": {"device_start": -1, "device_end": -1}}, "FFC_sans_bias47": {"write": {"device_start": 1585579265.7529502, "host_queued_start": 1585579330.903106, "device_queued": 1585579265.7349324, "device_end": 1585579265.7530522, "host_queued_end": 1585579330.940863}, "device": "gpu", "nd_range": {"device_start": 1585579265.753056, "device_end": 1585579265.7564065}, "cmdq": 0, "read": {"device_start": -1, "device_end": -1}}, "FFC_sans_bias45": {"write": {"device_start": 1585579265.745452, "host_queued_start": 1585579330.896545, "device_queued": 1585579265.7344856, "device_end": 1585579265.7455628, "host_queued_end": 1585579330.940863}, "device": "gpu", "nd_range": {"device_start": 1585579265.745566, "device_end": 1585579265.748931}, "cmdq": 0, "read": {"device_start": -1, "device_end": -1}}, "softmax50": {"write": {"device_start": -1, "host_queued_start": 1585579330.925984, "device_queued": -1, "device_end": -1, "host_queued_end": 1585579330.940863}, "device": "gpu", "nd_range": {"device_start": 1585579265.792906, "device_end": 1585579265.793352}, "cmdq": 0, "read": {"device_start": -1, "device_end": -1}}, "FFC_sans_bias33": {"write": {"device_start": -1, "host_queued_start": 1585579330.998697, "device_queued": -1, "device_end": -1, "host_queued_end": 1585579331.013261}, "device": "cpu", "nd_range": {"device_start": 2247105.937047384, "device_end": 2247106.0514631313}, "cmdq": 1, "read": {"device_start": -1, "device_end": -1}}, "FFC_sans_bias63": {"write": {"device_start": 1585579265.775529, "host_queued_start": 1585579330.92293, "device_queued": 1585579265.7362394, "device_end": 1585579265.7756286, "host_queued_end": 1585579330.940863}, "device": "gpu", "nd_range": {"device_start": 1585579265.7756317, "device_end": 1585579265.7789886}, "cmdq": 0, "read": {"device_start": -1, "device_end": -1}}, "FFC_sans_bias49": {"write": {"device_start": -1, "host_queued_start": 1585579330.924852, "device_queued": -1, "device_end": -1, "host_queued_end": 1585579330.940863}, "device": "gpu", "nd_range": {"device_start": 1585579265.782398, "device_end": 1585579265.7857678}, "cmdq": 0, "read": {"device_start": -1, "device_end": -1}}, "FFC_sans_bias64": {"write": {"device_start": 1585579265.7680464, "host_queued_start": 1585579330.916437, "device_queued": 1585579265.7358222, "device_end": 1585579265.768144, "host_queued_end": 1585579330.940863}, "device": "gpu", "nd_range": {"device_start": 1585579265.7681468, "device_end": 1585579265.7714937}, "cmdq": 0, "read": {"device_start": -1, "device_end": -1}}, "FFC_sans_bias65": {"write": {"device_start": 1585579265.7717903, "host_queued_start": 1585579330.919686, "device_queued": 1585579265.7360296, "device_end": 1585579265.7718856, "host_queued_end": 1585579330.940863}, "device": "gpu", "nd_range": {"device_start": 1585579265.771892, "device_end": 1585579265.7752323}, "cmdq": 0, "read": {"device_start": -1, "device_end": -1}}, "FFC_sans_bias67": {"write": {"device_start": -1, "host_queued_start": 1585579330.925482, "device_queued": -1, "device_end": -1, "host_queued_end": 1585579330.940863}, "device": "gpu", "nd_range": {"device_start": 1585579265.789103, "device_end": 1585579265.7924495}, "cmdq": 0, "read": {"device_start": -1, "device_end": -1}}, "FFC_sans_bias24": {"write": {"device_start": -1, "host_queued_start": 1585579330.998343, "device_queued": -1, "device_end": -1, "host_queued_end": 1585579331.013261}, "device": "cpu", "nd_range": {"device_start": 2247105.8529704073, "device_end": 2247105.933353568}, "cmdq": 0, "read": {"device_start": -1, "device_end": -1}}, "FFC_sans_bias25": {"write": {"device_start": -1, "host_queued_start": 1585579331.009874, "device_queued": -1, "device_end": -1, "host_queued_end": 1585579331.013261}, "device": "cpu", "nd_range": {"device_start": 2247106.051486149, "device_end": 2247106.125442354}, "cmdq": 1, "read": {"device_start": -1, "device_end": -1}}, "FFC_sans_bias27": {"write": {"device_start": -1, "host_queued_start": 1585579330.986802, "device_queued": -1, "device_end": -1, "host_queued_end": 1585579331.013261}, "device": "cpu", "nd_range": {"device_start": 2247105.541519667, "device_end": 2247105.6337249423}, "cmdq": 1, "read": {"device_start": -1, "device_end": -1}}, "FFC_sans_bias20": {"write": {"device_start": -1, "host_queued_start": 1585579330.983425, "device_queued": -1, "device_end": -1, "host_queued_end": 1585579331.013261}, "device": "cpu", "nd_range": {"device_start": 2247105.355555592, "device_end": 2247105.456882346}, "cmdq": 0, "read": {"device_start": -1, "device_end": -1}}, "FFC_sans_bias22": {"write": {"device_start": -1, "host_queued_start": 1585579330.995873, "device_queued": -1, "device_end": -1, "host_queued_end": 1585579331.013261}, "device": "cpu", "nd_range": {"device_start": 2247105.651481132, "device_end": 2247105.7205009023}, "cmdq": 1, "read": {"device_start": -1, "device_end": -1}}, "softmax68": {"write": {"device_start": -1, "host_queued_start": 1585579330.926469, "device_queued": -1, "device_end": -1, "host_queued_end": 1585579330.940863}, "device": "gpu", "nd_range": {"device_start": 1585579265.7939842, "device_end": 1585579265.7944283}, "cmdq": 0, "read": {"device_start": -1, "device_end": -1}}, "softmax5": {"write": {"device_start": -1, "host_queued_start": 1585579330.996489, "device_queued": -1, "device_end": -1, "host_queued_end": 1585579331.013261}, "device": "cpu", "nd_range": {"device_start": 2247105.811379223, "device_end": 2247105.8123462833}, "cmdq": 0, "read": {"device_start": -1, "device_end": -1}}, "FFC_sans_bias28": {"write": {"device_start": -1, "host_queued_start": 1585579330.990126, "device_queued": -1, "device_end": -1, "host_queued_end": 1585579331.013261}, "device": "cpu", "nd_range": {"device_start": 2247105.580425395, "device_end": 2247105.650654327}, "cmdq": 2, "read": {"device_start": -1, "device_end": -1}}, "FFC_sans_bias29": {"write": {"device_start": -1, "host_queued_start": 1585579330.993403, "device_queued": -1, "device_end": -1, "host_queued_end": 1585579331.013261}, "device": "cpu", "nd_range": {"device_start": 2247105.456902673, "device_end": 2247105.522029836}, "cmdq": 0, "read": {"device_start": -1, "device_end": -1}}, "empty17": {"write": {"device_start": -1, "host_queued_start": 1585579330.94771, "device_queued": -1, "device_end": -1, "host_queued_end": 1585579331.013261}, "device": "cpu", "nd_range": {"device_start": 2247105.202839251, "device_end": 2247105.202850397}, "cmdq": 1, "read": {"device_start": -1, "device_end": -1}}, "softmax59": {"write": {"device_start": -1, "host_queued_start": 1585579330.926223, "device_queued": -1, "device_end": -1, "host_queued_end": 1585579330.940863}, "device": "gpu", "nd_range": {"device_start": 1585579265.7933533, "device_end": 1585579265.7939825}, "cmdq": 0, "read": {"device_start": -1, "device_end": -1}}, "empty71": {"write": {"device_start": 1585579265.7339196, "host_queued_start": 1585579330.883869, "device_queued": 1585579265.7332149, "device_end": 1585579265.7340138, "host_queued_end": 1585579330.940863}, "device": "gpu", "nd_range": {"device_start": 1585579265.7340198, "device_end": 1585579265.734023}, "cmdq": 0, "read": {"device_start": -1, "device_end": -1}}, "empty35": {"write": {"device_start": -1, "host_queued_start": 1585579330.953312, "device_queued": -1, "device_end": -1, "host_queued_end": 1585579331.013261}, "device": "cpu", "nd_range": {"device_start": 2247105.2028729743, "device_end": 2247105.202874361}, "cmdq": 0, "read": {"device_start": -1, "device_end": -1}}, "empty53": {"write": {"device_start": 1585579265.7331066, "host_queued_start": 1585579330.878621, "device_queued": 1585579265.7326648, "device_end": 1585579265.7332034, "host_queued_end": 1585579330.940863}, "device": "gpu", "nd_range": {"device_start": 1585579265.7332134, "device_end": 1585579265.7332168}, "cmdq": 0, "read": {"device_start": -1, "device_end": -1}}, "FFC_sans_bias46": {"write": {"device_start": 1585579265.7492254, "host_queued_start": 1585579330.899816, "device_queued": 1585579265.7347062, "device_end": 1585579265.749321, "host_queued_end": 1585579330.940863}, "device": "gpu", "nd_range": {"device_start": 1585579265.7493262, "device_end": 1585579265.7526507}, "cmdq": 0, "read": {"device_start": -1, "device_end": -1}}, "coalesced_transpose66": {"write": {"device_start": -1, "host_queued_start": 1585579330.924209, "device_queued": -1, "device_end": -1, "host_queued_end": 1585579330.940863}, "device": "gpu", "nd_range": {"device_start": 1585579265.779047, "device_end": 1585579265.7790647}, "cmdq": 0, "read": {"device_start": -1, "device_end": -1}}, "coalesced_transpose48": {"write": {"device_start": -1, "host_queued_start": 1585579330.923608, "device_queued": -1, "device_end": -1, "host_queued_end": 1585579330.940863}, "device": "gpu", "nd_range": {"device_start": 1585579265.7790082, "device_end": 1585579265.7790265}, "cmdq": 0, "read": {"device_start": -1, "device_end": -1}}}