{"FFC_sans_bias60": {"write": {"device_start": -1, "host_queued_start": 1585579658.124807, "device_queued": -1, "device_end": -1, "host_queued_end": 1585579658.144837}, "device": "gpu", "nd_range": {"device_start": 1585579593.020263, "device_end": 1585579593.0299919}, "cmdq": 1, "read": {"device_start": -1, "device_end": -1}}, "FFC_sans_bias4": {"write": {"device_start": -1, "host_queued_start": 1585579658.173976, "device_queued": -1, "device_end": -1, "host_queued_end": 1585579658.182588}, "device": "cpu", "nd_range": {"device_start": 2247432.585373992, "device_end": 2247432.649504684}, "cmdq": 1, "read": {"device_start": -1, "device_end": -1}}, "FFC_sans_bias7": {"write": {"device_start": -1, "host_queued_start": 1585579658.179184, "device_queued": -1, "device_end": -1, "host_queued_end": 1585579658.182588}, "device": "cpu", "nd_range": {"device_start": 2247432.71547953, "device_end": 2247432.7758868}, "cmdq": 1, "read": {"device_start": -1, "device_end": -1}}, "FFC_sans_bias6": {"write": {"device_start": -1, "host_queued_start": 1585579658.175422, "device_queued": -1, "device_end": -1, "host_queued_end": 1585579658.182588}, "device": "cpu", "nd_range": {"device_start": 2247432.6543144044, "device_end": 2247432.714783607}, "cmdq": 2, "read": {"device_start": -1, "device_end": -1}}, "FFC_sans_bias1": {"write": {"device_start": -1, "host_queued_start": 1585579658.159115, "device_queued": -1, "device_end": -1, "host_queued_end": 1585579658.182588}, "device": "cpu", "nd_range": {"device_start": 2247432.3722250503, "device_end": 2247432.4365716353}, "cmdq": 0, "read": {"device_start": -1, "device_end": -1}}, "FFC_sans_bias0": {"write": {"device_start": -1, "host_queued_start": 1585579658.155407, "device_queued": -1, "device_end": -1, "host_queued_end": 1585579658.182588}, "device": "cpu", "nd_range": {"device_start": 2247432.3722398113, "device_end": 2247432.499063524}, "cmdq": 2, "read": {"device_start": -1, "device_end": -1}}, "FFC_sans_bias2": {"write": {"device_start": -1, "host_queued_start": 1585579658.162545, "device_queued": -1, "device_end": -1, "host_queued_end": 1585579658.182588}, "device": "cpu", "nd_range": {"device_start": 2247432.372224987, "device_end": 2247432.496869212}, "cmdq": 1, "read": {"device_start": -1, "device_end": -1}}, "FFC_sans_bias61": {"write": {"device_start": 1585579593.040242, "host_queued_start": 1585579658.14142, "device_queued": 1585579592.938663, "device_end": 1585579593.040335, "host_queued_end": 1585579658.144837}, "device": "gpu", "nd_range": {"device_start": 1585579593.0403373, "device_end": 1585579593.0494103}, "cmdq": 1, "read": {"device_start": 1585579593.0494192, "device_end": 1585579593.049507}}, "FFC_sans_bias52": {"write": {"device_start": 1585579593.0337574, "host_queued_start": 1585579658.138161, "device_queued": 1585579592.9384136, "device_end": 1585579593.0338507, "host_queued_end": 1585579658.144837}, "device": "gpu", "nd_range": {"device_start": 1585579593.0338554, "device_end": 1585579593.0429163}, "cmdq": 0, "read": {"device_start": 1585579593.042921, "device_end": 1585579593.0430112}}, "FFC_sans_bias9": {"write": {"device_start": -1, "host_queued_start": 1585579658.166007, "device_queued": -1, "device_end": -1, "host_queued_end": 1585579658.182588}, "device": "cpu", "nd_range": {"device_start": 2247432.4990870804, "device_end": 2247432.58479475}, "cmdq": 2, "read": {"device_start": -1, "device_end": -1}}, "coalesced_transpose39": {"write": {"device_start": -1, "host_queued_start": 1585579658.118931, "device_queued": -1, "device_end": -1, "host_queued_end": 1585579658.144837}, "device": "gpu", "nd_range": {"device_start": 1585579592.989805, "device_end": 1585579592.9961483}, "cmdq": 2, "read": {"device_start": -1, "device_end": -1}}, "FFC_sans_bias55": {"write": {"device_start": 1585579592.9733684, "host_queued_start": 1585579658.108154, "device_queued": 1585579592.933413, "device_end": 1585579592.9735687, "host_queued_end": 1585579658.144837}, "device": "gpu", "nd_range": {"device_start": 1585579592.9735885, "device_end": 1585579592.9800746}, "cmdq": 2, "read": {"device_start": -1, "device_end": -1}}, "FFC_sans_bias54": {"write": {"device_start": 1585579592.9730504, "host_queued_start": 1585579658.104834, "device_queued": 1585579592.9332788, "device_end": 1585579592.9733658, "host_queued_end": 1585579658.144837}, "device": "gpu", "nd_range": {"device_start": 1585579592.9733717, "device_end": 1585579592.9767306}, "cmdq": 1, "read": {"device_start": -1, "device_end": -1}}, "FFC_sans_bias56": {"write": {"device_start": 1585579592.9631631, "host_queued_start": 1585579658.101565, "device_queued": 1585579592.9330437, "device_end": 1585579592.9632647, "host_queued_end": 1585579658.144837}, "device": "gpu", "nd_range": {"device_start": 1585579592.963272, "device_end": 1585579592.9725502}, "cmdq": 0, "read": {"device_start": -1, "device_end": -1}}, "FFC_sans_bias51": {"write": {"device_start": -1, "host_queued_start": 1585579658.124491, "device_queued": -1, "device_end": -1, "host_queued_end": 1585579658.144837}, "device": "gpu", "nd_range": {"device_start": 1585579593.0169914, "device_end": 1585579593.026705}, "cmdq": 0, "read": {"device_start": -1, "device_end": -1}}, "softmax23": {"write": {"device_start": -1, "host_queued_start": 1585579658.121992, "device_queued": -1, "device_end": -1, "host_queued_end": 1585579658.144837}, "device": "gpu", "nd_range": {"device_start": 1585579592.9996867, "device_end": 1585579593.0076842}, "cmdq": 0, "read": {"device_start": -1, "device_end": -1}}, "FFC_sans_bias37": {"write": {"device_start": 1585579592.9468622, "host_queued_start": 1585579658.085214, "device_queued": 1585579592.9318626, "device_end": 1585579592.9469635, "host_queued_end": 1585579658.144837}, "device": "gpu", "nd_range": {"device_start": 1585579592.94697, "device_end": 1585579592.9562666}, "cmdq": 1, "read": {"device_start": -1, "device_end": -1}}, "empty62": {"write": {"device_start": 1585579592.9292965, "host_queued_start": 1585579658.056517, "device_queued": 1585579592.928909, "device_end": 1585579592.9295409, "host_queued_end": 1585579658.144837}, "device": "gpu", "nd_range": {"device_start": 1585579592.9295454, "device_end": 1585579592.9295502}, "cmdq": 1, "read": {"device_start": -1, "device_end": -1}}, "FFC_sans_bias70": {"write": {"device_start": 1585579593.0369775, "host_queued_start": 1585579658.144727, "device_queued": 1585579592.938796, "device_end": 1585579593.03707, "host_queued_end": 1585579658.144837}, "device": "gpu", "nd_range": {"device_start": 1585579593.0370739, "device_end": 1585579593.046176}, "cmdq": 2, "read": {"device_start": 1585579593.046179, "device_end": 1585579593.0462704}}, "FFC_sans_bias58": {"write": {"device_start": -1, "host_queued_start": 1585579658.121424, "device_queued": -1, "device_end": -1, "host_queued_end": 1585579658.144837}, "device": "gpu", "nd_range": {"device_start": 1585579592.9963992, "device_end": 1585579593.0028377}, "cmdq": 1, "read": {"device_start": -1, "device_end": -1}}, "softmax41": {"write": {"device_start": -1, "host_queued_start": 1585579658.12248, "device_queued": -1, "device_end": -1, "host_queued_end": 1585579658.144837}, "device": "gpu", "nd_range": {"device_start": 1585579593.0094573, "device_end": 1585579593.0098705}, "cmdq": 2, "read": {"device_start": -1, "device_end": -1}}, "FFC_sans_bias11": {"write": {"device_start": -1, "host_queued_start": 1585579658.17292, "device_queued": -1, "device_end": -1, "host_queued_end": 1585579658.182588}, "device": "cpu", "nd_range": {"device_start": 2247432.496890522, "device_end": 2247432.576533614}, "cmdq": 1, "read": {"device_start": -1, "device_end": -1}}, "FFC_sans_bias10": {"write": {"device_start": -1, "host_queued_start": 1585579658.169465, "device_queued": -1, "device_end": -1, "host_queued_end": 1585579658.182588}, "device": "cpu", "nd_range": {"device_start": 2247432.436792316, "device_end": 2247432.5253811413}, "cmdq": 0, "read": {"device_start": -1, "device_end": -1}}, "coalesced_transpose3": {"write": {"device_start": -1, "host_queued_start": 1585579658.173285, "device_queued": -1, "device_end": -1, "host_queued_end": 1585579658.182588}, "device": "cpu", "nd_range": {"device_start": 2247432.584806532, "device_end": 2247432.585230131}, "cmdq": 2, "read": {"device_start": -1, "device_end": -1}}, "FFC_sans_bias34": {"write": {"device_start": 1585579593.0302556, "host_queued_start": 1585579658.131662, "device_queued": 1585579592.9378645, "device_end": 1585579593.0303538, "host_queued_end": 1585579658.144837}, "device": "gpu", "nd_range": {"device_start": 1585579593.0303571, "device_end": 1585579593.0397067}, "cmdq": 1, "read": {"device_start": 1585579593.0397089, "device_end": 1585579593.0398028}}, "FFC_sans_bias15": {"write": {"device_start": -1, "host_queued_start": 1585579658.175768, "device_queued": -1, "device_end": -1, "host_queued_end": 1585579658.182588}, "device": "cpu", "nd_range": {"device_start": 2247432.655418293, "device_end": 2247432.74532085}, "cmdq": 0, "read": {"device_start": -1, "device_end": -1}}, "FFC_sans_bias31": {"write": {"device_start": -1, "host_queued_start": 1585579658.120476, "device_queued": -1, "device_end": -1, "host_queued_end": 1585579658.144837}, "device": "gpu", "nd_range": {"device_start": 1585579592.989691, "device_end": 1585579592.996398}, "cmdq": 1, "read": {"device_start": -1, "device_end": -1}}, "FFC_sans_bias16": {"write": {"device_start": -1, "host_queued_start": 1585579658.182524, "device_queued": -1, "device_end": -1, "host_queued_end": 1585579658.182588}, "device": "cpu", "nd_range": {"device_start": 2247432.753208449, "device_end": 2247432.79603347}, "cmdq": 2, "read": {"device_start": -1, "device_end": -1}}, "FFC_sans_bias19": {"write": {"device_start": 1585579592.9303288, "host_queued_start": 1585579658.065365, "device_queued": 1585579592.9300425, "device_end": 1585579592.9305634, "host_queued_end": 1585579658.144837}, "device": "gpu", "nd_range": {"device_start": 1585579592.9305959, "device_end": 1585579592.9366915}, "cmdq": 1, "read": {"device_start": -1, "device_end": -1}}, "FFC_sans_bias18": {"write": {"device_start": 1585579592.929921, "host_queued_start": 1585579658.061924, "device_queued": 1585579592.9295611, "device_end": 1585579592.9300165, "host_queued_end": 1585579658.144837}, "device": "gpu", "nd_range": {"device_start": 1585579592.9300258, "device_end": 1585579592.933379}, "cmdq": 0, "read": {"device_start": -1, "device_end": -1}}, "coalesced_transpose30": {"write": {"device_start": -1, "host_queued_start": 1585579658.118624, "device_queued": -1, "device_end": -1, "host_queued_end": 1585579658.144837}, "device": "gpu", "nd_range": {"device_start": 1585579592.9864922, "device_end": 1585579592.9896433}, "cmdq": 1, "read": {"device_start": -1, "device_end": -1}}, "FFC_sans_bias69": {"write": {"device_start": -1, "host_queued_start": 1585579658.125121, "device_queued": -1, "device_end": -1, "host_queued_end": 1585579658.144837}, "device": "gpu", "nd_range": {"device_start": 1585579593.013657, "device_end": 1585579593.023399}, "cmdq": 2, "read": {"device_start": -1, "device_end": -1}}, "FFC_sans_bias38": {"write": {"device_start": 1585579592.9500933, "host_queued_start": 1585579658.088563, "device_queued": 1585579592.9319873, "device_end": 1585579592.950201, "host_queued_end": 1585579658.144837}, "device": "gpu", "nd_range": {"device_start": 1585579592.9502163, "device_end": 1585579592.9595206}, "cmdq": 2, "read": {"device_start": -1, "device_end": -1}}, "coalesced_transpose57": {"write": {"device_start": -1, "host_queued_start": 1585579658.119544, "device_queued": -1, "device_end": -1, "host_queued_end": 1585579658.144837}, "device": "gpu", "nd_range": {"device_start": 1585579592.9896536, "device_end": 1585579592.989689}, "cmdq": 1, "read": {"device_start": -1, "device_end": -1}}, "empty26": {"write": {"device_start": 1585579592.9279487, "host_queued_start": 1585579658.045219, "device_queued": 1585579592.9276135, "device_end": 1585579592.9281332, "host_queued_end": 1585579658.144837}, "device": "gpu", "nd_range": {"device_start": 1585579592.9281409, "device_end": 1585579592.9281456}, "cmdq": 0, "read": {"device_start": -1, "device_end": -1}}, "coalesced_transpose12": {"write": {"device_start": -1, "host_queued_start": 1585579658.173629, "device_queued": -1, "device_end": -1, "host_queued_end": 1585579658.182588}, "device": "cpu", "nd_range": {"device_start": 2247432.525587113, "device_end": 2247432.526648002}, "cmdq": 0, "read": {"device_start": -1, "device_end": -1}}, "empty44": {"write": {"device_start": 1585579592.928638, "host_queued_start": 1585579658.05128, "device_queued": 1585579592.9281871, "device_end": 1585579592.9288461, "host_queued_end": 1585579658.144837}, "device": "gpu", "nd_range": {"device_start": 1585579592.9288492, "device_end": 1585579592.9288533}, "cmdq": 2, "read": {"device_start": -1, "device_end": -1}}, "coalesced_transpose21": {"write": {"device_start": -1, "host_queued_start": 1585579658.118307, "device_queued": -1, "device_end": -1, "host_queued_end": 1585579658.144837}, "device": "gpu", "nd_range": {"device_start": 1585579592.9833975, "device_end": 1585579592.9896133}, "cmdq": 0, "read": {"device_start": -1, "device_end": -1}}, "FFC_sans_bias36": {"write": {"device_start": 1585579592.9435375, "host_queued_start": 1585579658.081971, "device_queued": 1585579592.9316232, "device_end": 1585579592.9436402, "host_queued_end": 1585579658.144837}, "device": "gpu", "nd_range": {"device_start": 1585579592.943647, "device_end": 1585579592.9529686}, "cmdq": 0, "read": {"device_start": -1, "device_end": -1}}, "softmax14": {"write": {"device_start": -1, "host_queued_start": 1585579658.175083, "device_queued": -1, "device_end": -1, "host_queued_end": 1585579658.182588}, "device": "cpu", "nd_range": {"device_start": 2247432.6543100183, "device_end": 2247432.655286419}, "cmdq": 1, "read": {"device_start": -1, "device_end": -1}}, "FFC_sans_bias13": {"write": {"device_start": -1, "host_queued_start": 1585579658.174422, "device_queued": -1, "device_end": -1, "host_queued_end": 1585579658.182588}, "device": "cpu", "nd_range": {"device_start": 2247432.585378929, "device_end": 2247432.654299607}, "cmdq": 2, "read": {"device_start": -1, "device_end": -1}}, "empty8": {"write": {"device_start": -1, "host_queued_start": 1585579658.149182, "device_queued": -1, "device_end": -1, "host_queued_end": 1585579658.182588}, "device": "cpu", "nd_range": {"device_start": 2247432.3721862813, "device_end": 2247432.3721990893}, "cmdq": 0, "read": {"device_start": -1, "device_end": -1}}, "FFC_sans_bias42": {"write": {"device_start": -1, "host_queued_start": 1585579658.124171, "device_queued": -1, "device_end": -1, "host_queued_end": 1585579658.144837}, "device": "gpu", "nd_range": {"device_start": 1585579593.010286, "device_end": 1585579593.0136561}, "cmdq": 2, "read": {"device_start": -1, "device_end": -1}}, "FFC_sans_bias43": {"write": {"device_start": 1585579593.0273173, "host_queued_start": 1585579658.134917, "device_queued": 1585579592.9379938, "device_end": 1585579593.0274146, "host_queued_end": 1585579658.144837}, "device": "gpu", "nd_range": {"device_start": 1585579593.027419, "device_end": 1585579593.0364459}, "cmdq": 2, "read": {"device_start": 1585579593.0364513, "device_end": 1585579593.0365417}}, "FFC_sans_bias40": {"write": {"device_start": -1, "host_queued_start": 1585579658.120793, "device_queued": -1, "device_end": -1, "host_queued_end": 1585579658.144837}, "device": "gpu", "nd_range": {"device_start": 1585579592.9994662, "device_end": 1585579593.0061016}, "cmdq": 2, "read": {"device_start": -1, "device_end": -1}}, "softmax32": {"write": {"device_start": -1, "host_queued_start": 1585579658.122236, "device_queued": -1, "device_end": -1, "host_queued_end": 1585579658.144837}, "device": "gpu", "nd_range": {"device_start": 1585579593.0028386, "device_end": 1585579593.0076876}, "cmdq": 1, "read": {"device_start": -1, "device_end": -1}}, "FFC_sans_bias47": {"write": {"device_start": 1585579592.9599097, "host_queued_start": 1585579658.098318, "device_queued": 1585579592.9326828, "device_end": 1585579592.9600105, "host_queued_end": 1585579658.144837}, "device": "gpu", "nd_range": {"device_start": 1585579592.960017, "device_end": 1585579592.9693425}, "cmdq": 2, "read": {"device_start": -1, "device_end": -1}}, "FFC_sans_bias45": {"write": {"device_start": 1585579592.9533567, "host_queued_start": 1585579658.091819, "device_queued": 1585579592.9323235, "device_end": 1585579592.9534616, "host_queued_end": 1585579658.144837}, "device": "gpu", "nd_range": {"device_start": 1585579592.9534657, "device_end": 1585579592.9627776}, "cmdq": 0, "read": {"device_start": -1, "device_end": -1}}, "softmax50": {"write": {"device_start": -1, "host_queued_start": 1585579658.122733, "device_queued": -1, "device_end": -1, "host_queued_end": 1585579658.144837}, "device": "gpu", "nd_range": {"device_start": 1585579593.0076852, "device_end": 1585579593.010862}, "cmdq": 0, "read": {"device_start": -1, "device_end": -1}}, "FFC_sans_bias33": {"write": {"device_start": -1, "host_queued_start": 1585579658.123855, "device_queued": -1, "device_end": -1, "host_queued_end": 1585579658.144837}, "device": "gpu", "nd_range": {"device_start": 1585579593.0108683, "device_end": 1585579593.020262}, "cmdq": 1, "read": {"device_start": -1, "device_end": -1}}, "FFC_sans_bias63": {"write": {"device_start": 1585579592.9803298, "host_queued_start": 1585579658.117967, "device_queued": 1585579592.9343264, "device_end": 1585579592.9804254, "host_queued_end": 1585579658.144837}, "device": "gpu", "nd_range": {"device_start": 1585579592.9804316, "device_end": 1585579592.9897978}, "cmdq": 2, "read": {"device_start": -1, "device_end": -1}}, "FFC_sans_bias49": {"write": {"device_start": -1, "host_queued_start": 1585579658.12111, "device_queued": -1, "device_end": -1, "host_queued_end": 1585579658.144837}, "device": "gpu", "nd_range": {"device_start": 1585579592.9930475, "device_end": 1585579592.9996858}, "cmdq": 0, "read": {"device_start": -1, "device_end": -1}}, "FFC_sans_bias64": {"write": {"device_start": 1585579592.9737017, "host_queued_start": 1585579658.111457, "device_queued": 1585579592.9339597, "device_end": 1585579592.9738007, "host_queued_end": 1585579658.144837}, "device": "gpu", "nd_range": {"device_start": 1585579592.9738088, "device_end": 1585579592.983396}, "cmdq": 0, "read": {"device_start": -1, "device_end": -1}}, "FFC_sans_bias65": {"write": {"device_start": 1585579592.9769871, "host_queued_start": 1585579658.114732, "device_queued": 1585579592.934199, "device_end": 1585579592.9770813, "host_queued_end": 1585579658.144837}, "device": "gpu", "nd_range": {"device_start": 1585579592.977087, "device_end": 1585579592.986491}, "cmdq": 1, "read": {"device_start": -1, "device_end": -1}}, "FFC_sans_bias67": {"write": {"device_start": -1, "host_queued_start": 1585579658.12174, "device_queued": -1, "device_end": -1, "host_queued_end": 1585579658.144837}, "device": "gpu", "nd_range": {"device_start": 1585579593.0061028, "device_end": 1585579593.009456}, "cmdq": 2, "read": {"device_start": -1, "device_end": -1}}, "FFC_sans_bias24": {"write": {"device_start": -1, "host_queued_start": 1585579658.123542, "device_queued": -1, "device_end": -1, "host_queued_end": 1585579658.144837}, "device": "gpu", "nd_range": {"device_start": 1585579593.0108633, "device_end": 1585579593.0169904}, "cmdq": 0, "read": {"device_start": -1, "device_end": -1}}, "FFC_sans_bias25": {"write": {"device_start": 1585579593.0269735, "host_queued_start": 1585579658.128382, "device_queued": 1585579592.9375982, "device_end": 1585579593.0270684, "host_queued_end": 1585579658.144837}, "device": "gpu", "nd_range": {"device_start": 1585579593.0270727, "device_end": 1585579593.033227}, "cmdq": 0, "read": {"device_start": 1585579593.033232, "device_end": 1585579593.0333252}}, "FFC_sans_bias27": {"write": {"device_start": 1585579592.9337041, "host_queued_start": 1585579658.071979, "device_queued": 1585579592.9309027, "device_end": 1585579592.9338021, "host_queued_end": 1585579658.144837}, "device": "gpu", "nd_range": {"device_start": 1585579592.9338057, "device_end": 1585579592.943148}, "cmdq": 0, "read": {"device_start": -1, "device_end": -1}}, "FFC_sans_bias20": {"write": {"device_start": 1585579592.9306571, "host_queued_start": 1585579658.06872, "device_queued": 1585579592.9302027, "device_end": 1585579592.9307802, "host_queued_end": 1585579658.144837}, "device": "gpu", "nd_range": {"device_start": 1585579592.9308007, "device_end": 1585579592.9399552}, "cmdq": 2, "read": {"device_start": -1, "device_end": -1}}, "FFC_sans_bias22": {"write": {"device_start": -1, "host_queued_start": 1585579658.120163, "device_queued": -1, "device_end": -1, "host_queued_end": 1585579658.144837}, "device": "gpu", "nd_range": {"device_start": 1585579592.9896686, "device_end": 1585579592.993046}, "cmdq": 0, "read": {"device_start": -1, "device_end": -1}}, "softmax68": {"write": {"device_start": -1, "host_queued_start": 1585579658.123225, "device_queued": -1, "device_end": -1, "host_queued_end": 1585579658.144837}, "device": "gpu", "nd_range": {"device_start": 1585579593.0098715, "device_end": 1585579593.0102851}, "cmdq": 2, "read": {"device_start": -1, "device_end": -1}}, "softmax5": {"write": {"device_start": -1, "host_queued_start": 1585579658.174808, "device_queued": -1, "device_end": -1, "host_queued_end": 1585579658.182588}, "device": "cpu", "nd_range": {"device_start": 2247432.653519967, "device_end": 2247432.654052183}, "cmdq": 0, "read": {"device_start": -1, "device_end": -1}}, "FFC_sans_bias28": {"write": {"device_start": 1585579592.9371073, "host_queued_start": 1585579658.075433, "device_queued": 1585579592.9311402, "device_end": 1585579592.9372132, "host_queued_end": 1585579658.144837}, "device": "gpu", "nd_range": {"device_start": 1585579592.9372196, "device_end": 1585579592.9464667}, "cmdq": 1, "read": {"device_start": -1, "device_end": -1}}, "FFC_sans_bias29": {"write": {"device_start": 1585579592.940333, "host_queued_start": 1585579658.078739, "device_queued": 1585579592.9312637, "device_end": 1585579592.940435, "host_queued_end": 1585579658.144837}, "device": "gpu", "nd_range": {"device_start": 1585579592.9404392, "device_end": 1585579592.949716}, "cmdq": 2, "read": {"device_start": -1, "device_end": -1}}, "empty17": {"write": {"device_start": -1, "host_queued_start": 1585579658.152236, "device_queued": -1, "device_end": -1, "host_queued_end": 1585579658.182588}, "device": "cpu", "nd_range": {"device_start": 2247432.372186184, "device_end": 2247432.37219909}, "cmdq": 1, "read": {"device_start": -1, "device_end": -1}}, "softmax59": {"write": {"device_start": -1, "host_queued_start": 1585579658.12298, "device_queued": -1, "device_end": -1, "host_queued_end": 1585579658.144837}, "device": "gpu", "nd_range": {"device_start": 1585579593.0076888, "device_end": 1585579593.0108666}, "cmdq": 1, "read": {"device_start": -1, "device_end": -1}}, "empty71": {"write": {"device_start": 1585579592.9296098, "host_queued_start": 1585579658.059135, "device_queued": 1585579592.9292815, "device_end": 1585579592.9298632, "host_queued_end": 1585579658.144837}, "device": "gpu", "nd_range": {"device_start": 1585579592.9298728, "device_end": 1585579592.9298763}, "cmdq": 2, "read": {"device_start": -1, "device_end": -1}}, "empty35": {"write": {"device_start": 1585579592.9283094, "host_queued_start": 1585579658.048628, "device_queued": 1585579592.9279485, "device_end": 1585579592.9285934, "host_queued_end": 1585579658.144837}, "device": "gpu", "nd_range": {"device_start": 1585579592.9286036, "device_end": 1585579592.928608}, "cmdq": 1, "read": {"device_start": -1, "device_end": -1}}, "empty53": {"write": {"device_start": 1585579592.9289892, "host_queued_start": 1585579658.053913, "device_queued": 1585579592.9286168, "device_end": 1585579592.9292617, "host_queued_end": 1585579658.144837}, "device": "gpu", "nd_range": {"device_start": 1585579592.9292727, "device_end": 1585579592.9292765}, "cmdq": 0, "read": {"device_start": -1, "device_end": -1}}, "FFC_sans_bias46": {"write": {"device_start": 1585579592.9566479, "host_queued_start": 1585579658.095074, "device_queued": 1585579592.9325573, "device_end": 1585579592.9567645, "host_queued_end": 1585579658.144837}, "device": "gpu", "nd_range": {"device_start": 1585579592.9567697, "device_end": 1585579592.9660652}, "cmdq": 1, "read": {"device_start": -1, "device_end": -1}}, "coalesced_transpose66": {"write": {"device_start": -1, "host_queued_start": 1585579658.119847, "device_queued": -1, "device_end": -1, "host_queued_end": 1585579658.144837}, "device": "gpu", "nd_range": {"device_start": 1585579592.9961586, "device_end": 1585579592.999464}, "cmdq": 2, "read": {"device_start": -1, "device_end": -1}}, "coalesced_transpose48": {"write": {"device_start": -1, "host_queued_start": 1585579658.119238, "device_queued": -1, "device_end": -1, "host_queued_end": 1585579658.144837}, "device": "gpu", "nd_range": {"device_start": 1585579592.9896214, "device_end": 1585579592.9896677}, "cmdq": 0, "read": {"device_start": -1, "device_end": -1}}}