{"FFC_sans_bias60": {"write": {"device_start": -1, "host_queued_start": 1585580032.71434, "device_queued": -1, "device_end": -1, "host_queued_end": 1585580032.727837}, "device": "gpu", "nd_range": {"device_start": 1585579967.5569804, "device_end": 1585579967.5700903}, "cmdq": 0, "read": {"device_start": -1, "device_end": -1}}, "FFC_sans_bias4": {"write": {"device_start": -1, "host_queued_start": 1585580032.782776, "device_queued": -1, "device_end": -1, "host_queued_end": 1585580032.799857}, "device": "cpu", "nd_range": {"device_start": 2247807.4513282552, "device_end": 2247807.57393501}, "cmdq": 0, "read": {"device_start": -1, "device_end": -1}}, "FFC_sans_bias7": {"write": {"device_start": -1, "host_queued_start": 1585580032.789722, "device_queued": -1, "device_end": -1, "host_queued_end": 1585580032.799857}, "device": "cpu", "nd_range": {"device_start": 2247807.7602832913, "device_end": 2247807.841812766}, "cmdq": 0, "read": {"device_start": -1, "device_end": -1}}, "FFC_sans_bias6": {"write": {"device_start": -1, "host_queued_start": 1585580032.785435, "device_queued": -1, "device_end": -1, "host_queued_end": 1585580032.799857}, "device": "cpu", "nd_range": {"device_start": 2247807.5749409553, "device_end": 2247807.760268548}, "cmdq": 0, "read": {"device_start": -1, "device_end": -1}}, "FFC_sans_bias1": {"write": {"device_start": -1, "host_queued_start": 1585580032.747521, "device_queued": -1, "device_end": -1, "host_queued_end": 1585580032.799857}, "device": "cpu", "nd_range": {"device_start": 2247806.990278394, "device_end": 2247807.112801872}, "cmdq": 1, "read": {"device_start": -1, "device_end": -1}}, "FFC_sans_bias0": {"write": {"device_start": -1, "host_queued_start": 1585580032.743902, "device_queued": -1, "device_end": -1, "host_queued_end": 1585580032.799857}, "device": "cpu", "nd_range": {"device_start": 2247806.9895473523, "device_end": 2247807.149397184}, "cmdq": 0, "read": {"device_start": -1, "device_end": -1}}, "FFC_sans_bias2": {"write": {"device_start": -1, "host_queued_start": 1585580032.751119, "device_queued": -1, "device_end": -1, "host_queued_end": 1585580032.799857}, "device": "cpu", "nd_range": {"device_start": 2247806.989529606, "device_end": 2247807.117794257}, "cmdq": 2, "read": {"device_start": -1, "device_end": -1}}, "FFC_sans_bias61": {"write": {"device_start": 1585579967.5672748, "host_queued_start": 1585580032.724423, "device_queued": 1585579967.5075266, "device_end": 1585579967.5673757, "host_queued_end": 1585580032.727837}, "device": "gpu", "nd_range": {"device_start": 1585579967.570104, "device_end": 1585579967.579868}, "cmdq": 4, "read": {"device_start": 1585579967.5829217, "device_end": 1585579967.5831466}}, "FFC_sans_bias52": {"write": {"device_start": 1585579967.5639892, "host_queued_start": 1585580032.721156, "device_queued": 1585579967.5073998, "device_end": 1585579967.5640953, "host_queued_end": 1585580032.727837}, "device": "gpu", "nd_range": {"device_start": 1585579967.566946, "device_end": 1585579967.576625}, "cmdq": 3, "read": {"device_start": 1585579967.5766358, "device_end": 1585579967.5767384}}, "FFC_sans_bias9": {"write": {"device_start": -1, "host_queued_start": 1585580032.754552, "device_queued": -1, "device_end": -1, "host_queued_end": 1585580032.799857}, "device": "cpu", "nd_range": {"device_start": 2247806.989491999, "device_end": 2247807.142938789}, "cmdq": 3, "read": {"device_start": -1, "device_end": -1}}, "coalesced_transpose39": {"write": {"device_start": -1, "host_queued_start": 1585580032.710178, "device_queued": -1, "device_end": -1, "host_queued_end": 1585580032.727837}, "device": "gpu", "nd_range": {"device_start": 1585579967.528685, "device_end": 1585579967.54149}, "cmdq": 1, "read": {"device_start": -1, "device_end": -1}}, "FFC_sans_bias55": {"write": {"device_start": 1585579967.5159233, "host_queued_start": 1585580032.700062, "device_queued": 1585579967.5043035, "device_end": 1585579967.5160248, "host_queued_end": 1585580032.727837}, "device": "gpu", "nd_range": {"device_start": 1585579967.5160284, "device_end": 1585579967.5319314}, "cmdq": 2, "read": {"device_start": -1, "device_end": -1}}, "FFC_sans_bias54": {"write": {"device_start": 1585579967.5128539, "host_queued_start": 1585580032.696783, "device_queued": 1585579967.5041761, "device_end": 1585579967.5129569, "host_queued_end": 1585580032.727837}, "device": "gpu", "nd_range": {"device_start": 1585579967.5129638, "device_end": 1585579967.5286832}, "cmdq": 1, "read": {"device_start": -1, "device_end": -1}}, "FFC_sans_bias56": {"write": {"device_start": 1585579967.5095363, "host_queued_start": 1585580032.693548, "device_queued": 1585579967.503933, "device_end": 1585579967.5096588, "host_queued_end": 1585580032.727837}, "device": "gpu", "nd_range": {"device_start": 1585579967.5096638, "device_end": 1585579967.525421}, "cmdq": 0, "read": {"device_start": -1, "device_end": -1}}, "FFC_sans_bias51": {"write": {"device_start": -1, "host_queued_start": 1585580032.714021, "device_queued": -1, "device_end": -1, "host_queued_end": 1585580032.727837}, "device": "gpu", "nd_range": {"device_start": 1585579967.5569727, "device_end": 1585579967.5669382}, "cmdq": 4, "read": {"device_start": -1, "device_end": -1}}, "softmax23": {"write": {"device_start": -1, "host_queued_start": 1585580032.784822, "device_queued": -1, "device_end": -1, "host_queued_end": 1585580032.799857}, "device": "cpu", "nd_range": {"device_start": 2247807.523132426, "device_end": 2247807.524094567}, "cmdq": 2, "read": {"device_start": -1, "device_end": -1}}, "FFC_sans_bias37": {"write": {"device_start": 1585579967.5024838, "host_queued_start": 1585580032.676974, "device_queued": 1585579967.502179, "device_end": 1585579967.5025816, "host_queued_end": 1585580032.727837}, "device": "gpu", "nd_range": {"device_start": 1585579967.5025845, "device_end": 1585579967.5091658}, "cmdq": 0, "read": {"device_start": -1, "device_end": -1}}, "empty62": {"write": {"device_start": 1585579967.5015643, "host_queued_start": 1585580032.668239, "device_queued": 1585579967.5008502, "device_end": 1585579967.5018713, "host_queued_end": 1585580032.727837}, "device": "gpu", "nd_range": {"device_start": 1585579967.5018773, "device_end": 1585579967.5018814}, "cmdq": 2, "read": {"device_start": -1, "device_end": -1}}, "FFC_sans_bias70": {"write": {"device_start": 1585579967.5704124, "host_queued_start": 1585580032.72772, "device_queued": 1585579967.5080984, "device_end": 1585579967.570516, "host_queued_end": 1585580032.727837}, "device": "gpu", "nd_range": {"device_start": 1585579967.5705268, "device_end": 1585579967.583072}, "cmdq": 0, "read": {"device_start": 1585579967.5832298, "device_end": 1585579967.5834517}}, "FFC_sans_bias58": {"write": {"device_start": -1, "host_queued_start": 1585580032.712083, "device_queued": -1, "device_end": -1, "host_queued_end": 1585580032.727837}, "device": "gpu", "nd_range": {"device_start": 1585579967.5416908, "device_end": 1585579967.5516589}, "cmdq": 2, "read": {"device_start": -1, "device_end": -1}}, "softmax41": {"write": {"device_start": -1, "host_queued_start": 1585580032.712652, "device_queued": -1, "device_end": -1, "host_queued_end": 1585580032.727837}, "device": "gpu", "nd_range": {"device_start": 1585579967.5450516, "device_end": 1585579967.5569434}, "cmdq": 4, "read": {"device_start": -1, "device_end": -1}}, "FFC_sans_bias11": {"write": {"device_start": -1, "host_queued_start": 1585580032.761203, "device_queued": -1, "device_end": -1, "host_queued_end": 1585580032.799857}, "device": "cpu", "nd_range": {"device_start": 2247807.1130642523, "device_end": 2247807.2368497984}, "cmdq": 1, "read": {"device_start": -1, "device_end": -1}}, "FFC_sans_bias10": {"write": {"device_start": -1, "host_queued_start": 1585580032.757883, "device_queued": -1, "device_end": -1, "host_queued_end": 1585580032.799857}, "device": "cpu", "nd_range": {"device_start": 2247807.149419845, "device_end": 2247807.381032512}, "cmdq": 0, "read": {"device_start": -1, "device_end": -1}}, "coalesced_transpose3": {"write": {"device_start": -1, "host_queued_start": 1585580032.781301, "device_queued": -1, "device_end": -1, "host_queued_end": 1585580032.799857}, "device": "cpu", "nd_range": {"device_start": 2247807.4500260144, "device_end": 2247807.451316813}, "cmdq": 0, "read": {"device_start": -1, "device_end": -1}}, "FFC_sans_bias34": {"write": {"device_start": -1, "host_queued_start": 1585580032.799795, "device_queued": -1, "device_end": -1, "host_queued_end": 1585580032.799857}, "device": "cpu", "nd_range": {"device_start": 2247807.670928848, "device_end": 2247807.808229931}, "cmdq": 3, "read": {"device_start": -1, "device_end": -1}}, "FFC_sans_bias15": {"write": {"device_start": -1, "host_queued_start": 1585580032.78578, "device_queued": -1, "device_end": -1, "host_queued_end": 1585580032.799857}, "device": "cpu", "nd_range": {"device_start": 2247807.780956759, "device_end": 2247807.859652439}, "cmdq": 1, "read": {"device_start": -1, "device_end": -1}}, "FFC_sans_bias31": {"write": {"device_start": -1, "host_queued_start": 1585580032.783988, "device_queued": -1, "device_end": -1, "host_queued_end": 1585580032.799857}, "device": "cpu", "nd_range": {"device_start": 2247807.4508816022, "device_end": 2247807.5741871353}, "cmdq": 3, "read": {"device_start": -1, "device_end": -1}}, "FFC_sans_bias16": {"write": {"device_start": -1, "host_queued_start": 1585580032.793108, "device_queued": -1, "device_end": -1, "host_queued_end": 1585580032.799857}, "device": "cpu", "nd_range": {"device_start": 2247807.8596752663, "device_end": 2247807.9014489483}, "cmdq": 1, "read": {"device_start": -1, "device_end": -1}}, "FFC_sans_bias19": {"write": {"device_start": -1, "host_queued_start": 1585580032.767784, "device_queued": -1, "device_end": -1, "host_queued_end": 1585580032.799857}, "device": "cpu", "nd_range": {"device_start": 2247807.142961813, "device_end": 2247807.266355698}, "cmdq": 3, "read": {"device_start": -1, "device_end": -1}}, "FFC_sans_bias18": {"write": {"device_start": -1, "host_queued_start": 1585580032.764495, "device_queued": -1, "device_end": -1, "host_queued_end": 1585580032.799857}, "device": "cpu", "nd_range": {"device_start": 2247807.11799474, "device_end": 2247807.2783774193}, "cmdq": 2, "read": {"device_start": -1, "device_end": -1}}, "coalesced_transpose30": {"write": {"device_start": -1, "host_queued_start": 1585580032.782419, "device_queued": -1, "device_end": -1, "host_queued_end": 1585580032.799857}, "device": "cpu", "nd_range": {"device_start": 2247807.449603916, "device_end": 2247807.450869262}, "cmdq": 3, "read": {"device_start": -1, "device_end": -1}}, "FFC_sans_bias69": {"write": {"device_start": -1, "host_queued_start": 1585580032.714663, "device_queued": -1, "device_end": -1, "host_queued_end": 1585580032.727837}, "device": "gpu", "nd_range": {"device_start": 1585579967.5569558, "device_end": 1585579967.5603142}, "cmdq": 1, "read": {"device_start": -1, "device_end": -1}}, "FFC_sans_bias38": {"write": {"device_start": 1585579967.5028672, "host_queued_start": 1585580032.680272, "device_queued": 1585579967.5025928, "device_end": 1585579967.5031266, "host_queued_end": 1585580032.727837}, "device": "gpu", "nd_range": {"device_start": 1585579967.503517, "device_end": 1585579967.5125055}, "cmdq": 1, "read": {"device_start": -1, "device_end": -1}}, "coalesced_transpose57": {"write": {"device_start": -1, "host_queued_start": 1585580032.710802, "device_queued": -1, "device_end": -1, "host_queued_end": 1585580032.727837}, "device": "gpu", "nd_range": {"device_start": 1585579967.535194, "device_end": 1585579967.5415306}, "cmdq": 3, "read": {"device_start": -1, "device_end": -1}}, "empty26": {"write": {"device_start": -1, "host_queued_start": 1585580032.737959, "device_queued": -1, "device_end": -1, "host_queued_end": 1585580032.799857}, "device": "cpu", "nd_range": {"device_start": 2247806.9895027042, "device_end": 2247806.98950721}, "cmdq": 2, "read": {"device_start": -1, "device_end": -1}}, "coalesced_transpose12": {"write": {"device_start": -1, "host_queued_start": 1585580032.78175, "device_queued": -1, "device_end": -1, "host_queued_end": 1585580032.799857}, "device": "cpu", "nd_range": {"device_start": 2247807.386459614, "device_end": 2247807.3876466253}, "cmdq": 1, "read": {"device_start": -1, "device_end": -1}}, "empty44": {"write": {"device_start": 1585579967.5008693, "host_queued_start": 1585580032.662283, "device_queued": 1585579967.500512, "device_end": 1585579967.5010927, "host_queued_end": 1585580032.727837}, "device": "gpu", "nd_range": {"device_start": 1585579967.5010965, "device_end": 1585579967.501103}, "cmdq": 0, "read": {"device_start": -1, "device_end": -1}}, "coalesced_transpose21": {"write": {"device_start": -1, "host_queued_start": 1585580032.782086, "device_queued": -1, "device_end": -1, "host_queued_end": 1585580032.799857}, "device": "cpu", "nd_range": {"device_start": 2247807.39227699, "device_end": 2247807.3934341064}, "cmdq": 2, "read": {"device_start": -1, "device_end": -1}}, "FFC_sans_bias36": {"write": {"device_start": 1585579967.5021873, "host_queued_start": 1585580032.673649, "device_queued": 1585579967.501565, "device_end": 1585579967.5024621, "host_queued_end": 1585580032.727837}, "device": "gpu", "nd_range": {"device_start": 1585579967.5024717, "device_end": 1585579967.5058436}, "cmdq": 4, "read": {"device_start": -1, "device_end": -1}}, "softmax14": {"write": {"device_start": -1, "host_queued_start": 1585580032.784542, "device_queued": -1, "device_end": -1, "host_queued_end": 1585580032.799857}, "device": "cpu", "nd_range": {"device_start": 2247807.777095574, "device_end": 2247807.7807879183}, "cmdq": 1, "read": {"device_start": -1, "device_end": -1}}, "FFC_sans_bias13": {"write": {"device_start": -1, "host_queued_start": 1585580032.783131, "device_queued": -1, "device_end": -1, "host_queued_end": 1585580032.799857}, "device": "cpu", "nd_range": {"device_start": 2247807.387661164, "device_end": 2247807.777080066}, "cmdq": 1, "read": {"device_start": -1, "device_end": -1}}, "empty8": {"write": {"device_start": -1, "host_queued_start": 1585580032.732029, "device_queued": -1, "device_end": -1, "host_queued_end": 1585580032.799857}, "device": "cpu", "nd_range": {"device_start": 2247806.9894520883, "device_end": 2247806.989461541}, "cmdq": 0, "read": {"device_start": -1, "device_end": -1}}, "FFC_sans_bias42": {"write": {"device_start": -1, "host_queued_start": 1585580032.713709, "device_queued": -1, "device_end": -1, "host_queued_end": 1585580032.727837}, "device": "gpu", "nd_range": {"device_start": 1585579967.5569642, "device_end": 1585579967.5636425}, "cmdq": 3, "read": {"device_start": -1, "device_end": -1}}, "FFC_sans_bias43": {"write": {"device_start": 1585579967.5555887, "host_queued_start": 1585580032.717904, "device_queued": 1585579967.507266, "device_end": 1585579967.5556886, "host_queued_end": 1585580032.727837}, "device": "gpu", "nd_range": {"device_start": 1585579967.5636525, "device_end": 1585579967.5733569}, "cmdq": 2, "read": {"device_start": 1585579967.5733624, "device_end": 1585579967.573486}}, "FFC_sans_bias40": {"write": {"device_start": -1, "host_queued_start": 1585580032.711443, "device_queued": -1, "device_end": -1, "host_queued_end": 1585580032.727837}, "device": "gpu", "nd_range": {"device_start": 1585579967.5416665, "device_end": 1585579967.5450382}, "cmdq": 0, "read": {"device_start": -1, "device_end": -1}}, "softmax32": {"write": {"device_start": -1, "host_queued_start": 1585580032.785096, "device_queued": -1, "device_end": -1, "host_queued_end": 1585580032.799857}, "device": "cpu", "nd_range": {"device_start": 2247807.574196623, "device_end": 2247807.575170538}, "cmdq": 3, "read": {"device_start": -1, "device_end": -1}}, "FFC_sans_bias47": {"write": {"device_start": 1585579967.5061495, "host_queued_start": 1585580032.690254, "device_queued": 1585579967.5031593, "device_end": 1585579967.5062504, "host_queued_end": 1585580032.727837}, "device": "gpu", "nd_range": {"device_start": 1585579967.5062566, "device_end": 1585579967.5221846}, "cmdq": 4, "read": {"device_start": -1, "device_end": -1}}, "FFC_sans_bias45": {"write": {"device_start": 1585579967.5031643, "host_queued_start": 1585580032.683537, "device_queued": 1585579967.5027375, "device_end": 1585579967.5034585, "host_queued_end": 1585580032.727837}, "device": "gpu", "nd_range": {"device_start": 1585579967.5036285, "device_end": 1585579967.5155902}, "cmdq": 2, "read": {"device_start": -1, "device_end": -1}}, "softmax50": {"write": {"device_start": -1, "host_queued_start": 1585580032.712901, "device_queued": -1, "device_end": -1, "host_queued_end": 1585580032.727837}, "device": "gpu", "nd_range": {"device_start": 1585579967.548371, "device_end": 1585579967.5569453}, "cmdq": 0, "read": {"device_start": -1, "device_end": -1}}, "FFC_sans_bias33": {"write": {"device_start": -1, "host_queued_start": 1585580032.786493, "device_queued": -1, "device_end": -1, "host_queued_end": 1585580032.799857}, "device": "cpu", "nd_range": {"device_start": 2247807.5751790963, "device_end": 2247807.6709005}, "cmdq": 3, "read": {"device_start": -1, "device_end": -1}}, "FFC_sans_bias63": {"write": {"device_start": 1585579967.5257623, "host_queued_start": 1585580032.709829, "device_queued": 1585579967.5051308, "device_end": 1585579967.525866, "host_queued_end": 1585580032.727837}, "device": "gpu", "nd_range": {"device_start": 1585579967.5258746, "device_end": 1585579967.5416565}, "cmdq": 0, "read": {"device_start": -1, "device_end": -1}}, "FFC_sans_bias49": {"write": {"device_start": -1, "host_queued_start": 1585580032.71176, "device_queued": -1, "device_end": -1, "host_queued_end": 1585580032.727837}, "device": "gpu", "nd_range": {"device_start": 1585579967.5416799, "device_end": 1585579967.5483575}, "cmdq": 1, "read": {"device_start": -1, "device_end": -1}}, "FFC_sans_bias64": {"write": {"device_start": 1585579967.5192487, "host_queued_start": 1585580032.703314, "device_queued": 1585579967.504449, "device_end": 1585579967.5193658, "host_queued_end": 1585580032.727837}, "device": "gpu", "nd_range": {"device_start": 1585579967.5193765, "device_end": 1585579967.5351856}, "cmdq": 3, "read": {"device_start": -1, "device_end": -1}}, "FFC_sans_bias65": {"write": {"device_start": 1585579967.522567, "host_queued_start": 1585580032.706578, "device_queued": 1585579967.504574, "device_end": 1585579967.522676, "host_queued_end": 1585580032.727837}, "device": "gpu", "nd_range": {"device_start": 1585579967.5226796, "device_end": 1585579967.5384567}, "cmdq": 4, "read": {"device_start": -1, "device_end": -1}}, "FFC_sans_bias67": {"write": {"device_start": -1, "host_queued_start": 1585580032.712401, "device_queued": -1, "device_end": -1, "host_queued_end": 1585580032.727837}, "device": "gpu", "nd_range": {"device_start": 1585579967.5416994, "device_end": 1585579967.5547726}, "cmdq": 3, "read": {"device_start": -1, "device_end": -1}}, "FFC_sans_bias24": {"write": {"device_start": -1, "host_queued_start": 1585580032.786121, "device_queued": -1, "device_end": -1, "host_queued_end": 1585580032.799857}, "device": "cpu", "nd_range": {"device_start": 2247807.524251298, "device_end": 2247807.656026925}, "cmdq": 2, "read": {"device_start": -1, "device_end": -1}}, "FFC_sans_bias25": {"write": {"device_start": -1, "host_queued_start": 1585580032.79644, "device_queued": -1, "device_end": -1, "host_queued_end": 1585580032.799857}, "device": "cpu", "nd_range": {"device_start": 2247807.656266528, "device_end": 2247807.822805893}, "cmdq": 2, "read": {"device_start": -1, "device_end": -1}}, "FFC_sans_bias27": {"write": {"device_start": -1, "host_queued_start": 1585580032.77436, "device_queued": -1, "device_end": -1, "host_queued_end": 1585580032.799857}, "device": "cpu", "nd_range": {"device_start": 2247807.237071208, "device_end": 2247807.367856725}, "cmdq": 1, "read": {"device_start": -1, "device_end": -1}}, "FFC_sans_bias20": {"write": {"device_start": -1, "host_queued_start": 1585580032.771075, "device_queued": -1, "device_end": -1, "host_queued_end": 1585580032.799857}, "device": "cpu", "nd_range": {"device_start": 2247807.3810543003, "device_end": 2247807.450007447}, "cmdq": 0, "read": {"device_start": -1, "device_end": -1}}, "FFC_sans_bias22": {"write": {"device_start": -1, "host_queued_start": 1585580032.783615, "device_queued": -1, "device_end": -1, "host_queued_end": 1585580032.799857}, "device": "cpu", "nd_range": {"device_start": 2247807.393587341, "device_end": 2247807.52290318}, "cmdq": 2, "read": {"device_start": -1, "device_end": -1}}, "softmax68": {"write": {"device_start": -1, "host_queued_start": 1585580032.713398, "device_queued": -1, "device_end": -1, "host_queued_end": 1585580032.727837}, "device": "gpu", "nd_range": {"device_start": 1585579967.5547829, "device_end": 1585579967.5551941}, "cmdq": 2, "read": {"device_start": -1, "device_end": -1}}, "softmax5": {"write": {"device_start": -1, "host_queued_start": 1585580032.784268, "device_queued": -1, "device_end": -1, "host_queued_end": 1585580032.799857}, "device": "cpu", "nd_range": {"device_start": 2247807.5739516323, "device_end": 2247807.574932328}, "cmdq": 0, "read": {"device_start": -1, "device_end": -1}}, "FFC_sans_bias28": {"write": {"device_start": -1, "host_queued_start": 1585580032.777666, "device_queued": -1, "device_end": -1, "host_queued_end": 1585580032.799857}, "device": "cpu", "nd_range": {"device_start": 2247807.2785876864, "device_end": 2247807.392104593}, "cmdq": 2, "read": {"device_start": -1, "device_end": -1}}, "FFC_sans_bias29": {"write": {"device_start": -1, "host_queued_start": 1585580032.780938, "device_queued": -1, "device_end": -1, "host_queued_end": 1585580032.799857}, "device": "cpu", "nd_range": {"device_start": 2247807.266370971, "device_end": 2247807.386667047}, "cmdq": 3, "read": {"device_start": -1, "device_end": -1}}, "empty17": {"write": {"device_start": -1, "host_queued_start": 1585580032.734937, "device_queued": -1, "device_end": -1, "host_queued_end": 1585580032.799857}, "device": "cpu", "nd_range": {"device_start": 2247806.989450593, "device_end": 2247806.989461554}, "cmdq": 1, "read": {"device_start": -1, "device_end": -1}}, "softmax59": {"write": {"device_start": -1, "host_queued_start": 1585580032.71315, "device_queued": -1, "device_end": -1, "host_queued_end": 1585580032.727837}, "device": "gpu", "nd_range": {"device_start": 1585579967.5516708, "device_end": 1585579967.5569475}, "cmdq": 1, "read": {"device_start": -1, "device_end": -1}}, "empty71": {"write": {"device_start": 1585579967.501883, "host_queued_start": 1585580032.670862, "device_queued": 1585579967.5011432, "device_end": 1585579967.502165, "host_queued_end": 1585580032.727837}, "device": "gpu", "nd_range": {"device_start": 1585579967.5021713, "device_end": 1585579967.5021763}, "cmdq": 3, "read": {"device_start": -1, "device_end": -1}}, "empty35": {"write": {"device_start": -1, "host_queued_start": 1585580032.74085, "device_queued": -1, "device_end": -1, "host_queued_end": 1585580032.799857}, "device": "cpu", "nd_range": {"device_start": 2247806.98948248, "device_end": 2247806.989483625}, "cmdq": 3, "read": {"device_start": -1, "device_end": -1}}, "empty53": {"write": {"device_start": 1585579967.5012338, "host_queued_start": 1585580032.665598, "device_queued": 1585579967.5007272, "device_end": 1585579967.5015333, "host_queued_end": 1585580032.727837}, "device": "gpu", "nd_range": {"device_start": 1585579967.5016186, "device_end": 1585579967.5016675}, "cmdq": 1, "read": {"device_start": -1, "device_end": -1}}, "FFC_sans_bias46": {"write": {"device_start": 1585579967.5034716, "host_queued_start": 1585580032.6868, "device_queued": 1585579967.5028708, "device_end": 1585579967.5035956, "host_queued_end": 1585580032.727837}, "device": "gpu", "nd_range": {"device_start": 1585579967.503737, "device_end": 1585579967.5188797}, "cmdq": 3, "read": {"device_start": -1, "device_end": -1}}, "coalesced_transpose66": {"write": {"device_start": -1, "host_queued_start": 1585580032.711111, "device_queued": -1, "device_end": -1, "host_queued_end": 1585580032.727837}, "device": "gpu", "nd_range": {"device_start": 1585579967.5384645, "device_end": 1585579967.5415487}, "cmdq": 4, "read": {"device_start": -1, "device_end": -1}}, "coalesced_transpose48": {"write": {"device_start": -1, "host_queued_start": 1585580032.710483, "device_queued": -1, "device_end": -1, "host_queued_end": 1585580032.727837}, "device": "gpu", "nd_range": {"device_start": 1585579967.5319364, "device_end": 1585579967.5415175}, "cmdq": 2, "read": {"device_start": -1, "device_end": -1}}}