{"FFC_sans_bias60": {"write": {"device_start": -1, "host_queued_start": 1585579368.157987, "device_queued": -1, "device_end": -1, "host_queued_end": 1585579368.168197}, "device": "gpu", "nd_range": {"device_start": 1585579303.0086946, "device_end": 1585579303.0120268}, "cmdq": 0, "read": {"device_start": -1, "device_end": -1}}, "FFC_sans_bias4": {"write": {"device_start": -1, "host_queued_start": 1585579368.236181, "device_queued": -1, "device_end": -1, "host_queued_end": 1585579368.25699}, "device": "cpu", "nd_range": {"device_start": 2247143.01076808, "device_end": 2247143.1235415833}, "cmdq": 1, "read": {"device_start": -1, "device_end": -1}}, "FFC_sans_bias7": {"write": {"device_start": -1, "host_queued_start": 1585579368.244026, "device_queued": -1, "device_end": -1, "host_queued_end": 1585579368.25699}, "device": "cpu", "nd_range": {"device_start": 2247143.2701125722, "device_end": 2247143.392720086}, "cmdq": 0, "read": {"device_start": -1, "device_end": -1}}, "FFC_sans_bias6": {"write": {"device_start": -1, "host_queued_start": 1585579368.239416, "device_queued": -1, "device_end": -1, "host_queued_end": 1585579368.25699}, "device": "cpu", "nd_range": {"device_start": 2247143.1523169153, "device_end": 2247143.247643774}, "cmdq": 3, "read": {"device_start": -1, "device_end": -1}}, "FFC_sans_bias1": {"write": {"device_start": -1, "host_queued_start": 1585579368.189611, "device_queued": -1, "device_end": -1, "host_queued_end": 1585579368.25699}, "device": "cpu", "nd_range": {"device_start": 2247142.446680185, "device_end": 2247142.576013024}, "cmdq": 2, "read": {"device_start": -1, "device_end": -1}}, "FFC_sans_bias0": {"write": {"device_start": -1, "host_queued_start": 1585579368.186063, "device_queued": -1, "device_end": -1, "host_queued_end": 1585579368.25699}, "device": "cpu", "nd_range": {"device_start": 2247142.446660555, "device_end": 2247142.678448797}, "cmdq": 1, "read": {"device_start": -1, "device_end": -1}}, "FFC_sans_bias2": {"write": {"device_start": -1, "host_queued_start": 1585579368.193021, "device_queued": -1, "device_end": -1, "host_queued_end": 1585579368.25699}, "device": "cpu", "nd_range": {"device_start": 2247142.446643967, "device_end": 2247142.56978501}, "cmdq": 3, "read": {"device_start": -1, "device_end": -1}}, "FFC_sans_bias61": {"write": {"device_start": 1585579303.0200262, "host_queued_start": 1585579368.164817, "device_queued": 1585579302.9634476, "device_end": 1585579303.020126, "host_queued_end": 1585579368.168197}, "device": "gpu", "nd_range": {"device_start": 1585579303.0201328, "device_end": 1585579303.0234556}, "cmdq": 0, "read": {"device_start": 1585579303.0234606, "device_end": 1585579303.0235555}}, "FFC_sans_bias52": {"write": {"device_start": 1585579303.0157883, "host_queued_start": 1585579368.161516, "device_queued": 1585579302.9631822, "device_end": 1585579303.0159116, "host_queued_end": 1585579368.168197}, "device": "gpu", "nd_range": {"device_start": 1585579303.0159173, "device_end": 1585579303.0192406}, "cmdq": 0, "read": {"device_start": 1585579303.0192435, "device_end": 1585579303.019348}}, "FFC_sans_bias9": {"write": {"device_start": -1, "host_queued_start": 1585579368.196445, "device_queued": -1, "device_end": -1, "host_queued_end": 1585579368.25699}, "device": "cpu", "nd_range": {"device_start": 2247142.446895469, "device_end": 2247142.569060355}, "cmdq": 0, "read": {"device_start": -1, "device_end": -1}}, "coalesced_transpose39": {"write": {"device_start": -1, "host_queued_start": 1585579368.235835, "device_queued": -1, "device_end": -1, "host_queued_end": 1585579368.25699}, "device": "cpu", "nd_range": {"device_start": 2247142.956831005, "device_end": 2247142.957917962}, "cmdq": 0, "read": {"device_start": -1, "device_end": -1}}, "FFC_sans_bias55": {"write": {"device_start": 1585579302.9791234, "host_queued_start": 1585579368.144701, "device_queued": 1585579302.9610367, "device_end": 1585579302.9792285, "host_queued_end": 1585579368.168197}, "device": "gpu", "nd_range": {"device_start": 1585579302.9792354, "device_end": 1585579302.9825788}, "cmdq": 0, "read": {"device_start": -1, "device_end": -1}}, "FFC_sans_bias54": {"write": {"device_start": 1585579302.975289, "host_queued_start": 1585579368.141405, "device_queued": 1585579302.9608154, "device_end": 1585579302.9753957, "host_queued_end": 1585579368.168197}, "device": "gpu", "nd_range": {"device_start": 1585579302.9754102, "device_end": 1585579302.978765}, "cmdq": 0, "read": {"device_start": -1, "device_end": -1}}, "FFC_sans_bias56": {"write": {"device_start": 1585579302.9715137, "host_queued_start": 1585579368.13813, "device_queued": 1585579302.9605887, "device_end": 1585579302.9716074, "host_queued_end": 1585579368.168197}, "device": "gpu", "nd_range": {"device_start": 1585579302.9716096, "device_end": 1585579302.9749649}, "cmdq": 0, "read": {"device_start": -1, "device_end": -1}}, "FFC_sans_bias51": {"write": {"device_start": -1, "host_queued_start": 1585579368.157662, "device_queued": -1, "device_end": -1, "host_queued_end": 1585579368.168197}, "device": "gpu", "nd_range": {"device_start": 1585579303.0053616, "device_end": 1585579303.0086937}, "cmdq": 0, "read": {"device_start": -1, "device_end": -1}}, "softmax23": {"write": {"device_start": -1, "host_queued_start": 1585579368.238487, "device_queued": -1, "device_end": -1, "host_queued_end": 1585579368.25699}, "device": "cpu", "nd_range": {"device_start": 2247143.1129628913, "device_end": 2247143.113912189}, "cmdq": 0, "read": {"device_start": -1, "device_end": -1}}, "FFC_sans_bias37": {"write": {"device_start": -1, "host_queued_start": 1585579368.230382, "device_queued": -1, "device_end": -1, "host_queued_end": 1585579368.25699}, "device": "cpu", "nd_range": {"device_start": 2247142.8350895923, "device_end": 2247142.9495320544}, "cmdq": 2, "read": {"device_start": -1, "device_end": -1}}, "empty62": {"write": {"device_start": 1585579302.9594376, "host_queued_start": 1585579368.122859, "device_queued": 1585579302.9591472, "device_end": 1585579302.9595344, "host_queued_end": 1585579368.168197}, "device": "gpu", "nd_range": {"device_start": 1585579302.9595385, "device_end": 1585579302.9595416}, "cmdq": 0, "read": {"device_start": -1, "device_end": -1}}, "FFC_sans_bias70": {"write": {"device_start": 1585579303.024196, "host_queued_start": 1585579368.16809, "device_queued": 1585579302.9637122, "device_end": 1585579303.0243003, "host_queued_end": 1585579368.168197}, "device": "gpu", "nd_range": {"device_start": 1585579303.0243087, "device_end": 1585579303.0276303}, "cmdq": 0, "read": {"device_start": 1585579303.0276387, "device_end": 1585579303.0277252}}, "FFC_sans_bias58": {"write": {"device_start": -1, "host_queued_start": 1585579368.156291, "device_queued": -1, "device_end": -1, "host_queued_end": 1585579368.168197}, "device": "gpu", "nd_range": {"device_start": 1585579302.997401, "device_end": 1585579303.0007389}, "cmdq": 0, "read": {"device_start": -1, "device_end": -1}}, "softmax41": {"write": {"device_start": -1, "host_queued_start": 1585579368.23905, "device_queued": -1, "device_end": -1, "host_queued_end": 1585579368.25699}, "device": "cpu", "nd_range": {"device_start": 2247143.230324463, "device_end": 2247143.231367809}, "cmdq": 2, "read": {"device_start": -1, "device_end": -1}}, "FFC_sans_bias11": {"write": {"device_start": -1, "host_queued_start": 1585579368.20328, "device_queued": -1, "device_end": -1, "host_queued_end": 1585579368.25699}, "device": "cpu", "nd_range": {"device_start": 2247142.576203708, "device_end": 2247142.7070109653}, "cmdq": 2, "read": {"device_start": -1, "device_end": -1}}, "FFC_sans_bias10": {"write": {"device_start": -1, "host_queued_start": 1585579368.199859, "device_queued": -1, "device_end": -1, "host_queued_end": 1585579368.25699}, "device": "cpu", "nd_range": {"device_start": 2247142.67847841, "device_end": 2247142.842290291}, "cmdq": 1, "read": {"device_start": -1, "device_end": -1}}, "coalesced_transpose3": {"write": {"device_start": -1, "host_queued_start": 1585579368.234409, "device_queued": -1, "device_end": -1, "host_queued_end": 1585579368.25699}, "device": "cpu", "nd_range": {"device_start": 2247142.813003973, "device_end": 2247142.814132314}, "cmdq": 0, "read": {"device_start": -1, "device_end": -1}}, "FFC_sans_bias34": {"write": {"device_start": -1, "host_queued_start": 1585579368.253677, "device_queued": -1, "device_end": -1, "host_queued_end": 1585579368.25699}, "device": "cpu", "nd_range": {"device_start": 2247143.411264453, "device_end": 2247143.501406245}, "cmdq": 3, "read": {"device_start": -1, "device_end": -1}}, "FFC_sans_bias15": {"write": {"device_start": -1, "host_queued_start": 1585579368.239777, "device_queued": -1, "device_end": -1, "host_queued_end": 1585579368.25699}, "device": "cpu", "nd_range": {"device_start": 2247143.1139213103, "device_end": 2247143.182746138}, "cmdq": 0, "read": {"device_start": -1, "device_end": -1}}, "FFC_sans_bias31": {"write": {"device_start": -1, "host_queued_start": 1585579368.237204, "device_queued": -1, "device_end": -1, "host_queued_end": 1585579368.25699}, "device": "cpu", "nd_range": {"device_start": 2247142.957935872, "device_end": 2247143.1129500293}, "cmdq": 0, "read": {"device_start": -1, "device_end": -1}}, "FFC_sans_bias16": {"write": {"device_start": -1, "host_queued_start": 1585579368.247243, "device_queued": -1, "device_end": -1, "host_queued_end": 1585579368.25699}, "device": "cpu", "nd_range": {"device_start": 2247143.346531187, "device_end": 2247143.4862361653}, "cmdq": 1, "read": {"device_start": -1, "device_end": -1}}, "FFC_sans_bias19": {"write": {"device_start": -1, "host_queued_start": 1585579368.209842, "device_queued": -1, "device_end": -1, "host_queued_end": 1585579368.25699}, "device": "cpu", "nd_range": {"device_start": 2247142.569088493, "device_end": 2247142.6913035223}, "cmdq": 0, "read": {"device_start": -1, "device_end": -1}}, "FFC_sans_bias18": {"write": {"device_start": -1, "host_queued_start": 1585579368.206553, "device_queued": -1, "device_end": -1, "host_queued_end": 1585579368.25699}, "device": "cpu", "nd_range": {"device_start": 2247142.5699160732, "device_end": 2247142.692117011}, "cmdq": 3, "read": {"device_start": -1, "device_end": -1}}, "coalesced_transpose30": {"write": {"device_start": -1, "host_queued_start": 1585579368.235443, "device_queued": -1, "device_end": -1, "host_queued_end": 1585579368.25699}, "device": "cpu", "nd_range": {"device_start": 2247142.9346164432, "device_end": 2247142.935704025}, "cmdq": 3, "read": {"device_start": -1, "device_end": -1}}, "FFC_sans_bias69": {"write": {"device_start": -1, "host_queued_start": 1585579368.158312, "device_queued": -1, "device_end": -1, "host_queued_end": 1585579368.168197}, "device": "gpu", "nd_range": {"device_start": 1585579303.0120277, "device_end": 1585579303.0153658}, "cmdq": 0, "read": {"device_start": -1, "device_end": -1}}, "FFC_sans_bias38": {"write": {"device_start": -1, "host_queued_start": 1585579368.233791, "device_queued": -1, "device_end": -1, "host_queued_end": 1585579368.25699}, "device": "cpu", "nd_range": {"device_start": 2247142.818022236, "device_end": 2247142.9316878873}, "cmdq": 3, "read": {"device_start": -1, "device_end": -1}}, "coalesced_transpose57": {"write": {"device_start": -1, "host_queued_start": 1585579368.155365, "device_queued": -1, "device_end": -1, "host_queued_end": 1585579368.168197}, "device": "gpu", "nd_range": {"device_start": 1585579302.994014, "device_end": 1585579302.9940317}, "cmdq": 0, "read": {"device_start": -1, "device_end": -1}}, "empty26": {"write": {"device_start": -1, "host_queued_start": 1585579368.177625, "device_queued": -1, "device_end": -1, "host_queued_end": 1585579368.25699}, "device": "cpu", "nd_range": {"device_start": 2247142.446656738, "device_end": 2247142.44666125}, "cmdq": 2, "read": {"device_start": -1, "device_end": -1}}, "coalesced_transpose12": {"write": {"device_start": -1, "host_queued_start": 1585579368.234774, "device_queued": -1, "device_end": -1, "host_queued_end": 1585579368.25699}, "device": "cpu", "nd_range": {"device_start": 2247143.009644546, "device_end": 2247143.0107541704}, "cmdq": 1, "read": {"device_start": -1, "device_end": -1}}, "empty44": {"write": {"device_start": -1, "host_queued_start": 1585579368.183125, "device_queued": -1, "device_end": -1, "host_queued_end": 1585579368.25699}, "device": "cpu", "nd_range": {"device_start": 2247142.446643838, "device_end": 2247142.446645099}, "cmdq": 0, "read": {"device_start": -1, "device_end": -1}}, "coalesced_transpose21": {"write": {"device_start": -1, "host_queued_start": 1585579368.235108, "device_queued": -1, "device_end": -1, "host_queued_end": 1585579368.25699}, "device": "cpu", "nd_range": {"device_start": 2247142.949686049, "device_end": 2247142.9507768983}, "cmdq": 2, "read": {"device_start": -1, "device_end": -1}}, "FFC_sans_bias36": {"write": {"device_start": -1, "host_queued_start": 1585579368.226603, "device_queued": -1, "device_end": -1, "host_queued_end": 1585579368.25699}, "device": "cpu", "nd_range": {"device_start": 2247142.9408287853, "device_end": 2247143.009616609}, "cmdq": 1, "read": {"device_start": -1, "device_end": -1}}, "softmax14": {"write": {"device_start": -1, "host_queued_start": 1585579368.238218, "device_queued": -1, "device_end": -1, "host_queued_end": 1585579368.25699}, "device": "cpu", "nd_range": {"device_start": 2247143.1095171133, "device_end": 2247143.110482355}, "cmdq": 3, "read": {"device_start": -1, "device_end": -1}}, "FFC_sans_bias13": {"write": {"device_start": -1, "host_queued_start": 1585579368.236521, "device_queued": -1, "device_end": -1, "host_queued_end": 1585579368.25699}, "device": "cpu", "nd_range": {"device_start": 2247143.0132327653, "device_end": 2247143.092244044}, "cmdq": 2, "read": {"device_start": -1, "device_end": -1}}, "empty8": {"write": {"device_start": -1, "host_queued_start": 1585579368.172083, "device_queued": -1, "device_end": -1, "host_queued_end": 1585579368.25699}, "device": "cpu", "nd_range": {"device_start": 2247142.4466070053, "device_end": 2247142.4466184303}, "cmdq": 0, "read": {"device_start": -1, "device_end": -1}}, "FFC_sans_bias42": {"write": {"device_start": -1, "host_queued_start": 1585579368.240812, "device_queued": -1, "device_end": -1, "host_queued_end": 1585579368.25699}, "device": "cpu", "nd_range": {"device_start": 2247143.247866941, "device_end": 2247143.3786431854}, "cmdq": 3, "read": {"device_start": -1, "device_end": -1}}, "FFC_sans_bias43": {"write": {"device_start": -1, "host_queued_start": 1585579368.256936, "device_queued": -1, "device_end": -1, "host_queued_end": 1585579368.25699}, "device": "cpu", "nd_range": {"device_start": 2247143.3927307953, "device_end": 2247143.517730333}, "cmdq": 0, "read": {"device_start": -1, "device_end": -1}}, "FFC_sans_bias40": {"write": {"device_start": -1, "host_queued_start": 1585579368.237549, "device_queued": -1, "device_end": -1, "host_queued_end": 1585579368.25699}, "device": "cpu", "nd_range": {"device_start": 2247143.123556781, "device_end": 2247143.2229394433}, "cmdq": 1, "read": {"device_start": -1, "device_end": -1}}, "softmax32": {"write": {"device_start": -1, "host_queued_start": 1585579368.238781, "device_queued": -1, "device_end": -1, "host_queued_end": 1585579368.25699}, "device": "cpu", "nd_range": {"device_start": 2247143.222959612, "device_end": 2247143.223914286}, "cmdq": 1, "read": {"device_start": -1, "device_end": -1}}, "FFC_sans_bias47": {"write": {"device_start": 1585579302.967771, "host_queued_start": 1585579368.134874, "device_queued": 1585579302.9603353, "device_end": 1585579302.967868, "host_queued_end": 1585579368.168197}, "device": "gpu", "nd_range": {"device_start": 1585579302.967875, "device_end": 1585579302.9712155}, "cmdq": 0, "read": {"device_start": -1, "device_end": -1}}, "FFC_sans_bias45": {"write": {"device_start": 1585579302.9602313, "host_queued_start": 1585579368.128223, "device_queued": 1585579302.9595668, "device_end": 1585579302.9603255, "host_queued_end": 1585579368.168197}, "device": "gpu", "nd_range": {"device_start": 1585579302.9603302, "device_end": 1585579302.963685}, "cmdq": 0, "read": {"device_start": -1, "device_end": -1}}, "softmax50": {"write": {"device_start": -1, "host_queued_start": 1585579368.156865, "device_queued": -1, "device_end": -1, "host_queued_end": 1585579368.168197}, "device": "gpu", "nd_range": {"device_start": 1585579303.0040922, "device_end": 1585579303.0045145}, "cmdq": 0, "read": {"device_start": -1, "device_end": -1}}, "FFC_sans_bias33": {"write": {"device_start": -1, "host_queued_start": 1585579368.240471, "device_queued": -1, "device_end": -1, "host_queued_end": 1585579368.25699}, "device": "cpu", "nd_range": {"device_start": 2247143.2313951952, "device_end": 2247143.403204645}, "cmdq": 2, "read": {"device_start": -1, "device_end": -1}}, "FFC_sans_bias63": {"write": {"device_start": 1585579302.990548, "host_queued_start": 1585579368.154712, "device_queued": 1585579302.9617097, "device_end": 1585579302.9906454, "host_queued_end": 1585579368.168197}, "device": "gpu", "nd_range": {"device_start": 1585579302.9906528, "device_end": 1585579302.993994}, "cmdq": 0, "read": {"device_start": -1, "device_end": -1}}, "FFC_sans_bias49": {"write": {"device_start": -1, "host_queued_start": 1585579368.155976, "device_queued": -1, "device_end": -1, "host_queued_end": 1585579368.168197}, "device": "gpu", "nd_range": {"device_start": 1585579302.9940526, "device_end": 1585579302.9973998}, "cmdq": 0, "read": {"device_start": -1, "device_end": -1}}, "FFC_sans_bias64": {"write": {"device_start": 1585579302.982922, "host_queued_start": 1585579368.14799, "device_queued": 1585579302.96126, "device_end": 1585579302.9830215, "host_queued_end": 1585579368.168197}, "device": "gpu", "nd_range": {"device_start": 1585579302.983025, "device_end": 1585579302.9863708}, "cmdq": 0, "read": {"device_start": -1, "device_end": -1}}, "FFC_sans_bias65": {"write": {"device_start": 1585579302.9867282, "host_queued_start": 1585579368.1514, "device_queued": 1585579302.9614835, "device_end": 1585579302.9868262, "host_queued_end": 1585579368.168197}, "device": "gpu", "nd_range": {"device_start": 1585579302.9868302, "device_end": 1585579302.9901857}, "cmdq": 0, "read": {"device_start": -1, "device_end": -1}}, "FFC_sans_bias67": {"write": {"device_start": -1, "host_queued_start": 1585579368.156613, "device_queued": -1, "device_end": -1, "host_queued_end": 1585579368.168197}, "device": "gpu", "nd_range": {"device_start": 1585579303.0007403, "device_end": 1585579303.004091}, "cmdq": 0, "read": {"device_start": -1, "device_end": -1}}, "FFC_sans_bias24": {"write": {"device_start": -1, "host_queued_start": 1585579368.240132, "device_queued": -1, "device_end": -1, "host_queued_end": 1585579368.25699}, "device": "cpu", "nd_range": {"device_start": 2247143.223921658, "device_end": 2247143.3465103423}, "cmdq": 1, "read": {"device_start": -1, "device_end": -1}}, "FFC_sans_bias25": {"write": {"device_start": -1, "host_queued_start": 1585579368.250439, "device_queued": -1, "device_end": -1, "host_queued_end": 1585579368.25699}, "device": "cpu", "nd_range": {"device_start": 2247143.403223228, "device_end": 2247143.50892886}, "cmdq": 2, "read": {"device_start": -1, "device_end": -1}}, "FFC_sans_bias27": {"write": {"device_start": -1, "host_queued_start": 1585579368.216436, "device_queued": -1, "device_end": -1, "host_queued_end": 1585579368.25699}, "device": "cpu", "nd_range": {"device_start": 2247142.707238986, "device_end": 2247142.834883181}, "cmdq": 2, "read": {"device_start": -1, "device_end": -1}}, "FFC_sans_bias20": {"write": {"device_start": -1, "host_queued_start": 1585579368.213132, "device_queued": -1, "device_end": -1, "host_queued_end": 1585579368.25699}, "device": "cpu", "nd_range": {"device_start": 2247142.8423044053, "device_end": 2247142.9408164583}, "cmdq": 1, "read": {"device_start": -1, "device_end": -1}}, "FFC_sans_bias22": {"write": {"device_start": -1, "host_queued_start": 1585579368.236861, "device_queued": -1, "device_end": -1, "host_queued_end": 1585579368.25699}, "device": "cpu", "nd_range": {"device_start": 2247142.9729434364, "device_end": 2247143.109497679}, "cmdq": 3, "read": {"device_start": -1, "device_end": -1}}, "softmax68": {"write": {"device_start": -1, "host_queued_start": 1585579368.157353, "device_queued": -1, "device_end": -1, "host_queued_end": 1585579368.168197}, "device": "gpu", "nd_range": {"device_start": 1585579303.0049381, "device_end": 1585579303.0053601}, "cmdq": 0, "read": {"device_start": -1, "device_end": -1}}, "softmax5": {"write": {"device_start": -1, "host_queued_start": 1585579368.237853, "device_queued": -1, "device_end": -1, "host_queued_end": 1585579368.25699}, "device": "cpu", "nd_range": {"device_start": 2247143.151160412, "device_end": 2247143.152105119}, "cmdq": 2, "read": {"device_start": -1, "device_end": -1}}, "FFC_sans_bias28": {"write": {"device_start": -1, "host_queued_start": 1585579368.219695, "device_queued": -1, "device_end": -1, "host_queued_end": 1585579368.25699}, "device": "cpu", "nd_range": {"device_start": 2247142.692129719, "device_end": 2247142.8180077192}, "cmdq": 3, "read": {"device_start": -1, "device_end": -1}}, "FFC_sans_bias29": {"write": {"device_start": -1, "host_queued_start": 1585579368.22299, "device_queued": -1, "device_end": -1, "host_queued_end": 1585579368.25699}, "device": "cpu", "nd_range": {"device_start": 2247142.6913211592, "device_end": 2247142.8129858533}, "cmdq": 0, "read": {"device_start": -1, "device_end": -1}}, "empty17": {"write": {"device_start": -1, "host_queued_start": 1585579368.174966, "device_queued": -1, "device_end": -1, "host_queued_end": 1585579368.25699}, "device": "cpu", "nd_range": {"device_start": 2247142.44665199, "device_end": 2247142.446653081}, "cmdq": 1, "read": {"device_start": -1, "device_end": -1}}, "softmax59": {"write": {"device_start": -1, "host_queued_start": 1585579368.157107, "device_queued": -1, "device_end": -1, "host_queued_end": 1585579368.168197}, "device": "gpu", "nd_range": {"device_start": 1585579303.0045156, "device_end": 1585579303.0049372}, "cmdq": 0, "read": {"device_start": -1, "device_end": -1}}, "empty71": {"write": {"device_start": 1585579302.9598463, "host_queued_start": 1585579368.12543, "device_queued": 1585579302.9593513, "device_end": 1585579302.959939, "host_queued_end": 1585579368.168197}, "device": "gpu", "nd_range": {"device_start": 1585579302.9599414, "device_end": 1585579302.9599452}, "cmdq": 0, "read": {"device_start": -1, "device_end": -1}}, "empty35": {"write": {"device_start": -1, "host_queued_start": 1585579368.180443, "device_queued": -1, "device_end": -1, "host_queued_end": 1585579368.25699}, "device": "cpu", "nd_range": {"device_start": 2247142.4466070724, "device_end": 2247142.446618446}, "cmdq": 3, "read": {"device_start": -1, "device_end": -1}}, "empty53": {"write": {"device_start": 1585579302.9590383, "host_queued_start": 1585579368.119453, "device_queued": 1585579302.9586482, "device_end": 1585579302.9591327, "host_queued_end": 1585579368.168197}, "device": "gpu", "nd_range": {"device_start": 1585579302.9591436, "device_end": 1585579302.959148}, "cmdq": 0, "read": {"device_start": -1, "device_end": -1}}, "FFC_sans_bias46": {"write": {"device_start": 1585579302.963979, "host_queued_start": 1585579368.131546, "device_queued": 1585579302.9599497, "device_end": 1585579302.964068, "host_queued_end": 1585579368.168197}, "device": "gpu", "nd_range": {"device_start": 1585579302.9640749, "device_end": 1585579302.9674237}, "cmdq": 0, "read": {"device_start": -1, "device_end": -1}}, "coalesced_transpose66": {"write": {"device_start": -1, "host_queued_start": 1585579368.155662, "device_queued": -1, "device_end": -1, "host_queued_end": 1585579368.168197}, "device": "gpu", "nd_range": {"device_start": 1585579302.9940326, "device_end": 1585579302.9940515}, "cmdq": 0, "read": {"device_start": -1, "device_end": -1}}, "coalesced_transpose48": {"write": {"device_start": -1, "host_queued_start": 1585579368.155058, "device_queued": -1, "device_end": -1, "host_queued_end": 1585579368.168197}, "device": "gpu", "nd_range": {"device_start": 1585579302.9939952, "device_end": 1585579302.994013}, "cmdq": 0, "read": {"device_start": -1, "device_end": -1}}}