{"FFC_sans_bias60": {"write": {"device_start": -1, "host_queued_start": 1585579476.40812, "device_queued": -1, "device_end": -1, "host_queued_end": 1585579476.430816}, "device": "cpu", "nd_range": {"device_start": 2247251.934565329, "device_end": 2247251.990561361}, "cmdq": 1, "read": {"device_start": -1, "device_end": -1}}, "FFC_sans_bias4": {"write": {"device_start": -1, "host_queued_start": 1585579476.401531, "device_queued": -1, "device_end": -1, "host_queued_end": 1585579476.430816}, "device": "cpu", "nd_range": {"device_start": 2247251.3711661133, "device_end": 2247251.4399619224}, "cmdq": 1, "read": {"device_start": -1, "device_end": -1}}, "FFC_sans_bias7": {"write": {"device_start": -1, "host_queued_start": 1585579476.411349, "device_queued": -1, "device_end": -1, "host_queued_end": 1585579476.430816}, "device": "cpu", "nd_range": {"device_start": 2247251.872055013, "device_end": 2247251.944310776}, "cmdq": 0, "read": {"device_start": -1, "device_end": -1}}, "FFC_sans_bias6": {"write": {"device_start": -1, "host_queued_start": 1585579476.40602, "device_queued": -1, "device_end": -1, "host_queued_end": 1585579476.430816}, "device": "cpu", "nd_range": {"device_start": 2247251.6595150433, "device_end": 2247251.75200468}, "cmdq": 1, "read": {"device_start": -1, "device_end": -1}}, "FFC_sans_bias1": {"write": {"device_start": -1, "host_queued_start": 1585579476.336197, "device_queued": -1, "device_end": -1, "host_queued_end": 1585579476.430816}, "device": "cpu", "nd_range": {"device_start": 2247250.6204973552, "device_end": 2247250.701830512}, "cmdq": 0, "read": {"device_start": -1, "device_end": -1}}, "FFC_sans_bias0": {"write": {"device_start": -1, "host_queued_start": 1585579476.332852, "device_queued": -1, "device_end": -1, "host_queued_end": 1585579476.430816}, "device": "cpu", "nd_range": {"device_start": 2247250.62048834, "device_end": 2247250.678315041}, "cmdq": 1, "read": {"device_start": -1, "device_end": -1}}, "FFC_sans_bias2": {"write": {"device_start": -1, "host_queued_start": 1585579476.339496, "device_queued": -1, "device_end": -1, "host_queued_end": 1585579476.430816}, "device": "cpu", "nd_range": {"device_start": 2247250.686770616, "device_end": 2247250.75184249}, "cmdq": 1, "read": {"device_start": -1, "device_end": -1}}, "FFC_sans_bias61": {"write": {"device_start": -1, "host_queued_start": 1585579476.430763, "device_queued": -1, "device_end": -1, "host_queued_end": 1585579476.430816}, "device": "cpu", "nd_range": {"device_start": 2247252.1054404913, "device_end": 2247252.152338702}, "cmdq": 0, "read": {"device_start": -1, "device_end": -1}}, "FFC_sans_bias52": {"write": {"device_start": -1, "host_queued_start": 1585579476.427531, "device_queued": -1, "device_end": -1, "host_queued_end": 1585579476.430816}, "device": "cpu", "nd_range": {"device_start": 2247252.1352338213, "device_end": 2247252.181509268}, "cmdq": 1, "read": {"device_start": -1, "device_end": -1}}, "FFC_sans_bias9": {"write": {"device_start": -1, "host_queued_start": 1585579476.342793, "device_queued": -1, "device_end": -1, "host_queued_end": 1585579476.430816}, "device": "cpu", "nd_range": {"device_start": 2247250.7020128, "device_end": 2247250.766848126}, "cmdq": 0, "read": {"device_start": -1, "device_end": -1}}, "coalesced_transpose39": {"write": {"device_start": -1, "host_queued_start": 1585579476.400495, "device_queued": -1, "device_end": -1, "host_queued_end": 1585579476.430816}, "device": "cpu", "nd_range": {"device_start": 2247251.384981711, "device_end": 2247251.386066989}, "cmdq": 0, "read": {"device_start": -1, "device_end": -1}}, "FFC_sans_bias55": {"write": {"device_start": -1, "host_queued_start": 1585579476.398791, "device_queued": -1, "device_end": -1, "host_queued_end": 1585579476.430816}, "device": "cpu", "nd_range": {"device_start": 2247251.296776317, "device_end": 2247251.357634442}, "cmdq": 1, "read": {"device_start": -1, "device_end": -1}}, "FFC_sans_bias54": {"write": {"device_start": -1, "host_queued_start": 1585579476.395511, "device_queued": -1, "device_end": -1, "host_queued_end": 1585579476.430816}, "device": "cpu", "nd_range": {"device_start": 2247251.304456244, "device_end": 2247251.370658115}, "cmdq": 0, "read": {"device_start": -1, "device_end": -1}}, "FFC_sans_bias56": {"write": {"device_start": -1, "host_queued_start": 1585579476.392184, "device_queued": -1, "device_end": -1, "host_queued_end": 1585579476.430816}, "device": "cpu", "nd_range": {"device_start": 2247251.2490630574, "device_end": 2247251.296560896}, "cmdq": 1, "read": {"device_start": -1, "device_end": -1}}, "FFC_sans_bias51": {"write": {"device_start": -1, "host_queued_start": 1585579476.407771, "device_queued": -1, "device_end": -1, "host_queued_end": 1585579476.430816}, "device": "cpu", "nd_range": {"device_start": 2247251.814228626, "device_end": 2247251.8718710793}, "cmdq": 0, "read": {"device_start": -1, "device_end": -1}}, "softmax23": {"write": {"device_start": -1, "host_queued_start": 1585579476.404551, "device_queued": -1, "device_end": -1, "host_queued_end": 1585579476.430816}, "device": "cpu", "nd_range": {"device_start": 2247251.6595212463, "device_end": 2247251.660493251}, "cmdq": 0, "read": {"device_start": -1, "device_end": -1}}, "FFC_sans_bias37": {"write": {"device_start": -1, "host_queued_start": 1585579476.375785, "device_queued": -1, "device_end": -1, "host_queued_end": 1585579476.430816}, "device": "cpu", "nd_range": {"device_start": 2247251.0447395314, "device_end": 2247251.124090759}, "cmdq": 0, "read": {"device_start": -1, "device_end": -1}}, "empty62": {"write": {"device_start": -1, "host_queued_start": 1585579476.329874, "device_queued": -1, "device_end": -1, "host_queued_end": 1585579476.430816}, "device": "cpu", "nd_range": {"device_start": 2247250.6204900984, "device_end": 2247250.620490853}, "cmdq": 0, "read": {"device_start": -1, "device_end": -1}}, "FFC_sans_bias70": {"write": {"device_start": 1585579411.1128206, "host_queued_start": 1585579476.310061, "device_queued": 1585579411.099514, "device_end": 1585579411.1129181, "host_queued_end": 1585579476.310185}, "device": "gpu", "nd_range": {"device_start": 1585579411.1157935, "device_end": 1585579411.1191084}, "cmdq": 0, "read": {"device_start": 1585579411.1191173, "device_end": 1585579411.1192214}}, "FFC_sans_bias58": {"write": {"device_start": -1, "host_queued_start": 1585579476.403713, "device_queued": -1, "device_end": -1, "host_queued_end": 1585579476.430816}, "device": "cpu", "nd_range": {"device_start": 2247251.589559801, "device_end": 2247251.654743705}, "cmdq": 1, "read": {"device_start": -1, "device_end": -1}}, "softmax41": {"write": {"device_start": -1, "host_queued_start": 1585579476.405106, "device_queued": -1, "device_end": -1, "host_queued_end": 1585579476.430816}, "device": "cpu", "nd_range": {"device_start": 2247251.66061285, "device_end": 2247251.6615411662}, "cmdq": 0, "read": {"device_start": -1, "device_end": -1}}, "FFC_sans_bias11": {"write": {"device_start": -1, "host_queued_start": 1585579476.349405, "device_queued": -1, "device_end": -1, "host_queued_end": 1585579476.430816}, "device": "cpu", "nd_range": {"device_start": 2247250.767044797, "device_end": 2247250.848114861}, "cmdq": 0, "read": {"device_start": -1, "device_end": -1}}, "FFC_sans_bias10": {"write": {"device_start": -1, "host_queued_start": 1585579476.346103, "device_queued": -1, "device_end": -1, "host_queued_end": 1585579476.430816}, "device": "cpu", "nd_range": {"device_start": 2247250.752083062, "device_end": 2247250.815026217}, "cmdq": 1, "read": {"device_start": -1, "device_end": -1}}, "coalesced_transpose3": {"write": {"device_start": -1, "host_queued_start": 1585579476.399152, "device_queued": -1, "device_end": -1, "host_queued_end": 1585579476.430816}, "device": "cpu", "nd_range": {"device_start": 2247251.3706825203, "device_end": 2247251.371156371}, "cmdq": 0, "read": {"device_start": -1, "device_end": -1}}, "FFC_sans_bias34": {"write": {"device_start": -1, "host_queued_start": 1585579476.421066, "device_queued": -1, "device_end": -1, "host_queued_end": 1585579476.430816}, "device": "cpu", "nd_range": {"device_start": 2247252.055233365, "device_end": 2247252.135221328}, "cmdq": 1, "read": {"device_start": -1, "device_end": -1}}, "FFC_sans_bias15": {"write": {"device_start": -1, "host_queued_start": 1585579476.406371, "device_queued": -1, "device_end": -1, "host_queued_end": 1585579476.430816}, "device": "cpu", "nd_range": {"device_start": 2247251.662719334, "device_end": 2247251.741103447}, "cmdq": 0, "read": {"device_start": -1, "device_end": -1}}, "FFC_sans_bias31": {"write": {"device_start": -1, "host_queued_start": 1585579476.402668, "device_queued": -1, "device_end": -1, "host_queued_end": 1585579476.430816}, "device": "cpu", "nd_range": {"device_start": 2247251.480015788, "device_end": 2247251.552481656}, "cmdq": 0, "read": {"device_start": -1, "device_end": -1}}, "FFC_sans_bias16": {"write": {"device_start": -1, "host_queued_start": 1585579476.414612, "device_queued": -1, "device_end": -1, "host_queued_end": 1585579476.430816}, "device": "cpu", "nd_range": {"device_start": 2247251.9905816363, "device_end": 2247252.055221118}, "cmdq": 1, "read": {"device_start": -1, "device_end": -1}}, "FFC_sans_bias19": {"write": {"device_start": -1, "host_queued_start": 1585579476.355993, "device_queued": -1, "device_end": -1, "host_queued_end": 1585579476.430816}, "device": "cpu", "nd_range": {"device_start": 2247250.848337022, "device_end": 2247250.916960414}, "cmdq": 0, "read": {"device_start": -1, "device_end": -1}}, "FFC_sans_bias18": {"write": {"device_start": -1, "host_queued_start": 1585579476.352686, "device_queued": -1, "device_end": -1, "host_queued_end": 1585579476.430816}, "device": "cpu", "nd_range": {"device_start": 2247250.815042154, "device_end": 2247250.881770856}, "cmdq": 1, "read": {"device_start": -1, "device_end": -1}}, "coalesced_transpose30": {"write": {"device_start": -1, "host_queued_start": 1585579476.400159, "device_queued": -1, "device_end": -1, "host_queued_end": 1585579476.430816}, "device": "cpu", "nd_range": {"device_start": 2247251.359084151, "device_end": 2247251.360186594}, "cmdq": 1, "read": {"device_start": -1, "device_end": -1}}, "FFC_sans_bias69": {"write": {"device_start": -1, "host_queued_start": 1585579476.306866, "device_queued": -1, "device_end": -1, "host_queued_end": 1585579476.310185}, "device": "gpu", "nd_range": {"device_start": 1585579411.1124573, "device_end": 1585579411.1157904}, "cmdq": 1, "read": {"device_start": -1, "device_end": -1}}, "FFC_sans_bias38": {"write": {"device_start": -1, "host_queued_start": 1585579476.379084, "device_queued": -1, "device_end": -1, "host_queued_end": 1585579476.430816}, "device": "cpu", "nd_range": {"device_start": 2247251.1073471303, "device_end": 2247251.1756596}, "cmdq": 1, "read": {"device_start": -1, "device_end": -1}}, "coalesced_transpose57": {"write": {"device_start": -1, "host_queued_start": 1585579476.401172, "device_queued": -1, "device_end": -1, "host_queued_end": 1585579476.430816}, "device": "cpu", "nd_range": {"device_start": 2247251.386075675, "device_end": 2247251.387157474}, "cmdq": 0, "read": {"device_start": -1, "device_end": -1}}, "empty26": {"write": {"device_start": -1, "host_queued_start": 1585579476.319468, "device_queued": -1, "device_end": -1, "host_queued_end": 1585579476.430816}, "device": "cpu", "nd_range": {"device_start": 2247250.620475377, "device_end": 2247250.6204763222}, "cmdq": 0, "read": {"device_start": -1, "device_end": -1}}, "coalesced_transpose12": {"write": {"device_start": -1, "host_queued_start": 1585579476.399493, "device_queued": -1, "device_end": -1, "host_queued_end": 1585579476.430816}, "device": "cpu", "nd_range": {"device_start": 2247251.3578350293, "device_end": 2247251.358927093}, "cmdq": 1, "read": {"device_start": -1, "device_end": -1}}, "empty44": {"write": {"device_start": -1, "host_queued_start": 1585579476.324633, "device_queued": -1, "device_end": -1, "host_queued_end": 1585579476.430816}, "device": "cpu", "nd_range": {"device_start": 2247250.620482535, "device_end": 2247250.62048312}, "cmdq": 0, "read": {"device_start": -1, "device_end": -1}}, "coalesced_transpose21": {"write": {"device_start": -1, "host_queued_start": 1585579476.399824, "device_queued": -1, "device_end": -1, "host_queued_end": 1585579476.430816}, "device": "cpu", "nd_range": {"device_start": 2247251.371169737, "device_end": 2247251.384966019}, "cmdq": 0, "read": {"device_start": -1, "device_end": -1}}, "FFC_sans_bias36": {"write": {"device_start": -1, "host_queued_start": 1585579476.372468, "device_queued": -1, "device_end": -1, "host_queued_end": 1585579476.430816}, "device": "cpu", "nd_range": {"device_start": 2247251.043616537, "device_end": 2247251.107334408}, "cmdq": 1, "read": {"device_start": -1, "device_end": -1}}, "softmax14": {"write": {"device_start": -1, "host_queued_start": 1585579476.404274, "device_queued": -1, "device_end": -1, "host_queued_end": 1585579476.430816}, "device": "cpu", "nd_range": {"device_start": 2247251.6549472823, "device_end": 2247251.655892821}, "cmdq": 1, "read": {"device_start": -1, "device_end": -1}}, "FFC_sans_bias13": {"write": {"device_start": -1, "host_queued_start": 1585579476.401876, "device_queued": -1, "device_end": -1, "host_queued_end": 1585579476.430816}, "device": "cpu", "nd_range": {"device_start": 2247251.3871650193, "device_end": 2247251.469833447}, "cmdq": 0, "read": {"device_start": -1, "device_end": -1}}, "empty8": {"write": {"device_start": -1, "host_queued_start": 1585579476.313828, "device_queued": -1, "device_end": -1, "host_queued_end": 1585579476.430816}, "device": "cpu", "nd_range": {"device_start": 2247250.620435025, "device_end": 2247250.620447317}, "cmdq": 0, "read": {"device_start": -1, "device_end": -1}}, "FFC_sans_bias42": {"write": {"device_start": -1, "host_queued_start": 1585579476.407427, "device_queued": -1, "device_end": -1, "host_queued_end": 1585579476.430816}, "device": "cpu", "nd_range": {"device_start": 2247251.8531416883, "device_end": 2247251.934542654}, "cmdq": 1, "read": {"device_start": -1, "device_end": -1}}, "FFC_sans_bias43": {"write": {"device_start": -1, "host_queued_start": 1585579476.424321, "device_queued": -1, "device_end": -1, "host_queued_end": 1585579476.430816}, "device": "cpu", "nd_range": {"device_start": 2247252.015666623, "device_end": 2247252.105418542}, "cmdq": 0, "read": {"device_start": -1, "device_end": -1}}, "FFC_sans_bias40": {"write": {"device_start": -1, "host_queued_start": 1585579476.403016, "device_queued": -1, "device_end": -1, "host_queued_end": 1585579476.430816}, "device": "cpu", "nd_range": {"device_start": 2247251.505411107, "device_end": 2247251.589354266}, "cmdq": 1, "read": {"device_start": -1, "device_end": -1}}, "softmax32": {"write": {"device_start": -1, "host_queued_start": 1585579476.404826, "device_queued": -1, "device_end": -1, "host_queued_end": 1585579476.430816}, "device": "cpu", "nd_range": {"device_start": 2247251.6560550123, "device_end": 2247251.656979095}, "cmdq": 1, "read": {"device_start": -1, "device_end": -1}}, "FFC_sans_bias47": {"write": {"device_start": -1, "host_queued_start": 1585579476.388913, "device_queued": -1, "device_end": -1, "host_queued_end": 1585579476.430816}, "device": "cpu", "nd_range": {"device_start": 2247251.2059851903, "device_end": 2247251.3044414953}, "cmdq": 0, "read": {"device_start": -1, "device_end": -1}}, "FFC_sans_bias45": {"write": {"device_start": -1, "host_queued_start": 1585579476.382366, "device_queued": -1, "device_end": -1, "host_queued_end": 1585579476.430816}, "device": "cpu", "nd_range": {"device_start": 2247251.124107073, "device_end": 2247251.205962893}, "cmdq": 0, "read": {"device_start": -1, "device_end": -1}}, "softmax50": {"write": {"device_start": -1, "host_queued_start": 1585579476.405381, "device_queued": -1, "device_end": -1, "host_queued_end": 1585579476.430816}, "device": "cpu", "nd_range": {"device_start": 2247251.6586487703, "device_end": 2247251.659348893}, "cmdq": 1, "read": {"device_start": -1, "device_end": -1}}, "FFC_sans_bias33": {"write": {"device_start": -1, "host_queued_start": 1585579476.407085, "device_queued": -1, "device_end": -1, "host_queued_end": 1585579476.430816}, "device": "cpu", "nd_range": {"device_start": 2247251.7413071264, "device_end": 2247251.814023254}, "cmdq": 0, "read": {"device_start": -1, "device_end": -1}}, "FFC_sans_bias63": {"write": {"device_start": 1585579411.10246, "host_queued_start": 1585579476.305582, "device_queued": 1585579411.0988793, "device_end": 1585579411.1025608, "host_queued_end": 1585579476.310185}, "device": "gpu", "nd_range": {"device_start": 1585579411.1025631, "device_end": 1585579411.108633}, "cmdq": 1, "read": {"device_start": -1, "device_end": -1}}, "FFC_sans_bias49": {"write": {"device_start": -1, "host_queued_start": 1585579476.403363, "device_queued": -1, "device_end": -1, "host_queued_end": 1585579476.430816}, "device": "cpu", "nd_range": {"device_start": 2247251.552697855, "device_end": 2247251.658633151}, "cmdq": 0, "read": {"device_start": -1, "device_end": -1}}, "FFC_sans_bias64": {"write": {"device_start": 1585579411.0984387, "host_queued_start": 1585579476.298947, "device_queued": 1585579411.097958, "device_end": 1585579411.0987227, "host_queued_end": 1585579476.310185}, "device": "gpu", "nd_range": {"device_start": 1585579411.0987334, "device_end": 1585579411.1021135}, "cmdq": 1, "read": {"device_start": -1, "device_end": -1}}, "FFC_sans_bias65": {"write": {"device_start": 1585579411.0987732, "host_queued_start": 1585579476.302283, "device_queued": 1585579411.0983455, "device_end": 1585579411.0988696, "host_queued_end": 1585579476.310185}, "device": "gpu", "nd_range": {"device_start": 1585579411.0988722, "device_end": 1585579411.1054661}, "cmdq": 0, "read": {"device_start": -1, "device_end": -1}}, "FFC_sans_bias67": {"write": {"device_start": -1, "host_queued_start": 1585579476.306255, "device_queued": -1, "device_end": -1, "host_queued_end": 1585579476.310185}, "device": "gpu", "nd_range": {"device_start": 1585579411.1086347, "device_end": 1585579411.112007}, "cmdq": 1, "read": {"device_start": -1, "device_end": -1}}, "FFC_sans_bias24": {"write": {"device_start": -1, "host_queued_start": 1585579476.40674, "device_queued": -1, "device_end": -1, "host_queued_end": 1585579476.430816}, "device": "cpu", "nd_range": {"device_start": 2247251.752024116, "device_end": 2247251.853124694}, "cmdq": 1, "read": {"device_start": -1, "device_end": -1}}, "FFC_sans_bias25": {"write": {"device_start": -1, "host_queued_start": 1585579476.41785, "device_queued": -1, "device_end": -1, "host_queued_end": 1585579476.430816}, "device": "cpu", "nd_range": {"device_start": 2247251.944321806, "device_end": 2247252.0156524363}, "cmdq": 0, "read": {"device_start": -1, "device_end": -1}}, "FFC_sans_bias27": {"write": {"device_start": -1, "host_queued_start": 1585579476.362594, "device_queued": -1, "device_end": -1, "host_queued_end": 1585579476.430816}, "device": "cpu", "nd_range": {"device_start": 2247250.917158496, "device_end": 2247250.986218022}, "cmdq": 0, "read": {"device_start": -1, "device_end": -1}}, "FFC_sans_bias20": {"write": {"device_start": -1, "host_queued_start": 1585579476.359298, "device_queued": -1, "device_end": -1, "host_queued_end": 1585579476.430816}, "device": "cpu", "nd_range": {"device_start": 2247250.881784851, "device_end": 2247250.955194672}, "cmdq": 1, "read": {"device_start": -1, "device_end": -1}}, "FFC_sans_bias22": {"write": {"device_start": -1, "host_queued_start": 1585579476.402311, "device_queued": -1, "device_end": -1, "host_queued_end": 1585579476.430816}, "device": "cpu", "nd_range": {"device_start": 2247251.4478466134, "device_end": 2247251.5052046683}, "cmdq": 1, "read": {"device_start": -1, "device_end": -1}}, "softmax68": {"write": {"device_start": -1, "host_queued_start": 1585579476.306518, "device_queued": -1, "device_end": -1, "host_queued_end": 1585579476.310185}, "device": "gpu", "nd_range": {"device_start": 1585579411.1120105, "device_end": 1585579411.1124547}, "cmdq": 0, "read": {"device_start": -1, "device_end": -1}}, "softmax5": {"write": {"device_start": -1, "host_queued_start": 1585579476.403998, "device_queued": -1, "device_end": -1, "host_queued_end": 1585579476.430816}, "device": "cpu", "nd_range": {"device_start": 2247251.6586487573, "device_end": 2247251.6594959823}, "cmdq": 0, "read": {"device_start": -1, "device_end": -1}}, "FFC_sans_bias28": {"write": {"device_start": -1, "host_queued_start": 1585579476.365879, "device_queued": -1, "device_end": -1, "host_queued_end": 1585579476.430816}, "device": "cpu", "nd_range": {"device_start": 2247250.9552115053, "device_end": 2247251.0435993513}, "cmdq": 1, "read": {"device_start": -1, "device_end": -1}}, "FFC_sans_bias29": {"write": {"device_start": -1, "host_queued_start": 1585579476.369187, "device_queued": -1, "device_end": -1, "host_queued_end": 1585579476.430816}, "device": "cpu", "nd_range": {"device_start": 2247250.9864179143, "device_end": 2247251.044724467}, "cmdq": 0, "read": {"device_start": -1, "device_end": -1}}, "empty17": {"write": {"device_start": -1, "host_queued_start": 1585579476.316811, "device_queued": -1, "device_end": -1, "host_queued_end": 1585579476.430816}, "device": "cpu", "nd_range": {"device_start": 2247250.620434965, "device_end": 2247250.620447367}, "cmdq": 1, "read": {"device_start": -1, "device_end": -1}}, "softmax59": {"write": {"device_start": -1, "host_queued_start": 1585579476.405656, "device_queued": -1, "device_end": -1, "host_queued_end": 1585579476.430816}, "device": "cpu", "nd_range": {"device_start": 2247251.6616650294, "device_end": 2247251.66259724}, "cmdq": 0, "read": {"device_start": -1, "device_end": -1}}, "empty71": {"write": {"device_start": 1585579411.0980866, "host_queued_start": 1585579476.295407, "device_queued": 1585579411.09775, "device_end": 1585579411.0983334, "host_queued_end": 1585579476.310185}, "device": "gpu", "nd_range": {"device_start": 1585579411.0983393, "device_end": 1585579411.0983455}, "cmdq": 0, "read": {"device_start": -1, "device_end": -1}}, "empty35": {"write": {"device_start": -1, "host_queued_start": 1585579476.322034, "device_queued": -1, "device_end": -1, "host_queued_end": 1585579476.430816}, "device": "cpu", "nd_range": {"device_start": 2247250.6204748573, "device_end": 2247250.62047602}, "cmdq": 1, "read": {"device_start": -1, "device_end": -1}}, "empty53": {"write": {"device_start": -1, "host_queued_start": 1585579476.327297, "device_queued": -1, "device_end": -1, "host_queued_end": 1585579476.430816}, "device": "cpu", "nd_range": {"device_start": 2247250.620482259, "device_end": 2247250.6204829123}, "cmdq": 1, "read": {"device_start": -1, "device_end": -1}}, "FFC_sans_bias46": {"write": {"device_start": -1, "host_queued_start": 1585579476.385628, "device_queued": -1, "device_end": -1, "host_queued_end": 1585579476.430816}, "device": "cpu", "nd_range": {"device_start": 2247251.175673203, "device_end": 2247251.2490468943}, "cmdq": 1, "read": {"device_start": -1, "device_end": -1}}, "coalesced_transpose66": {"write": {"device_start": -1, "host_queued_start": 1585579476.305934, "device_queued": -1, "device_end": -1, "host_queued_end": 1585579476.310185}, "device": "gpu", "nd_range": {"device_start": 1585579411.1054676, "device_end": 1585579411.1084993}, "cmdq": 0, "read": {"device_start": -1, "device_end": -1}}, "coalesced_transpose48": {"write": {"device_start": -1, "host_queued_start": 1585579476.400828, "device_queued": -1, "device_end": -1, "host_queued_end": 1585579476.430816}, "device": "cpu", "nd_range": {"device_start": 2247251.360324616, "device_end": 2247251.3614292913}, "cmdq": 1, "read": {"device_start": -1, "device_end": -1}}}