{"FFC_sans_bias60": {"write": {"device_start": -1, "host_queued_start": 1585579518.625421, "device_queued": -1, "device_end": -1, "host_queued_end": 1585579518.65195}, "device": "gpu", "nd_range": {"device_start": 1585579453.5672436, "device_end": 1585579453.573742}, "cmdq": 0, "read": {"device_start": -1, "device_end": -1}}, "FFC_sans_bias4": {"write": {"device_start": -1, "host_queued_start": 1585579518.618943, "device_queued": -1, "device_end": -1, "host_queued_end": 1585579518.65195}, "device": "gpu", "nd_range": {"device_start": 1585579453.5196643, "device_end": 1585579453.522993}, "cmdq": 0, "read": {"device_start": -1, "device_end": -1}}, "FFC_sans_bias7": {"write": {"device_start": 1585579453.5740228, "host_queued_start": 1585579518.628933, "device_queued": 1585579453.4506493, "device_end": 1585579453.5741224, "host_queued_end": 1585579518.65195}, "device": "gpu", "nd_range": {"device_start": 1585579453.574125, "device_end": 1585579453.580243}, "cmdq": 0, "read": {"device_start": 1585579453.5802476, "device_end": 1585579453.5803423}}, "FFC_sans_bias6": {"write": {"device_start": -1, "host_queued_start": 1585579518.623454, "device_queued": -1, "device_end": -1, "host_queued_end": 1585579518.65195}, "device": "gpu", "nd_range": {"device_start": 1585579453.5478134, "device_end": 1585579453.5542386}, "cmdq": 0, "read": {"device_start": -1, "device_end": -1}}, "FFC_sans_bias1": {"write": {"device_start": 1585579453.4415748, "host_queued_start": 1585579518.544268, "device_queued": 1585579453.44134, "device_end": 1585579453.441668, "host_queued_end": 1585579518.65195}, "device": "gpu", "nd_range": {"device_start": 1585579453.4416716, "device_end": 1585579453.4480202}, "cmdq": 1, "read": {"device_start": -1, "device_end": -1}}, "FFC_sans_bias0": {"write": {"device_start": 1585579453.4412358, "host_queued_start": 1585579518.540994, "device_queued": 1585579453.4409268, "device_end": 1585579453.4413285, "host_queued_end": 1585579518.65195}, "device": "gpu", "nd_range": {"device_start": 1585579453.4413307, "device_end": 1585579453.4446938}, "cmdq": 0, "read": {"device_start": -1, "device_end": -1}}, "FFC_sans_bias2": {"write": {"device_start": 1585579453.4450061, "host_queued_start": 1585579518.547503, "device_queued": 1585579453.4416773, "device_end": 1585579453.4451022, "host_queued_end": 1585579518.65195}, "device": "gpu", "nd_range": {"device_start": 1585579453.4451056, "device_end": 1585579453.4513135}, "cmdq": 0, "read": {"device_start": -1, "device_end": -1}}, "FFC_sans_bias61": {"write": {"device_start": 1585579453.5937877, "host_queued_start": 1585579518.648543, "device_queued": 1585579453.4525123, "device_end": 1585579453.5938873, "host_queued_end": 1585579518.65195}, "device": "gpu", "nd_range": {"device_start": 1585579453.5938911, "device_end": 1585579453.599714}, "cmdq": 0, "read": {"device_start": 1585579453.5997176, "device_end": 1585579453.5998032}}, "FFC_sans_bias52": {"write": {"device_start": 1585579453.5841238, "host_queued_start": 1585579518.645255, "device_queued": 1585579453.452173, "device_end": 1585579453.5842218, "host_queued_end": 1585579518.65195}, "device": "gpu", "nd_range": {"device_start": 1585579453.5842266, "device_end": 1585579453.5900176}, "cmdq": 1, "read": {"device_start": 1585579453.5900261, "device_end": 1585579453.5901158}}, "FFC_sans_bias9": {"write": {"device_start": 1585579453.4485471, "host_queued_start": 1585579518.550752, "device_queued": 1585579453.4419024, "device_end": 1585579453.4486442, "host_queued_end": 1585579518.65195}, "device": "gpu", "nd_range": {"device_start": 1585579453.4486494, "device_end": 1585579453.4544528}, "cmdq": 1, "read": {"device_start": -1, "device_end": -1}}, "coalesced_transpose39": {"write": {"device_start": -1, "host_queued_start": 1585579518.617726, "device_queued": -1, "device_end": -1, "host_queued_end": 1585579518.65195}, "device": "gpu", "nd_range": {"device_start": 1585579453.5196116, "device_end": 1585579453.5196362}, "cmdq": 0, "read": {"device_start": -1, "device_end": -1}}, "FFC_sans_bias55": {"write": {"device_start": 1585579453.5037508, "host_queued_start": 1585579518.606393, "device_queued": 1585579453.4459774, "device_end": 1585579453.5038528, "host_queued_end": 1585579518.65195}, "device": "gpu", "nd_range": {"device_start": 1585579453.5038593, "device_end": 1585579453.509989}, "cmdq": 0, "read": {"device_start": -1, "device_end": -1}}, "FFC_sans_bias54": {"write": {"device_start": 1585579453.5004945, "host_queued_start": 1585579518.603163, "device_queued": 1585579453.4457486, "device_end": 1585579453.5005982, "host_queued_end": 1585579518.65195}, "device": "gpu", "nd_range": {"device_start": 1585579453.500602, "device_end": 1585579453.5066988}, "cmdq": 1, "read": {"device_start": -1, "device_end": -1}}, "FFC_sans_bias56": {"write": {"device_start": 1585579453.4972115, "host_queued_start": 1585579518.599868, "device_queued": 1585579453.445517, "device_end": 1585579453.4973137, "host_queued_end": 1585579518.65195}, "device": "gpu", "nd_range": {"device_start": 1585579453.497318, "device_end": 1585579453.5034435}, "cmdq": 0, "read": {"device_start": -1, "device_end": -1}}, "FFC_sans_bias51": {"write": {"device_start": -1, "host_queued_start": 1585579518.625104, "device_queued": -1, "device_end": -1, "host_queued_end": 1585579518.65195}, "device": "gpu", "nd_range": {"device_start": 1585579453.5575204, "device_end": 1585579453.5639575}, "cmdq": 1, "read": {"device_start": -1, "device_end": -1}}, "softmax23": {"write": {"device_start": -1, "host_queued_start": 1585579518.621889, "device_queued": -1, "device_end": -1, "host_queued_end": 1585579518.65195}, "device": "gpu", "nd_range": {"device_start": 1585579453.5464427, "device_end": 1585579453.5468605}, "cmdq": 0, "read": {"device_start": -1, "device_end": -1}}, "FFC_sans_bias37": {"write": {"device_start": 1585579453.4809153, "host_queued_start": 1585579518.583626, "device_queued": 1585579453.4441473, "device_end": 1585579453.4810162, "host_queued_end": 1585579518.65195}, "device": "gpu", "nd_range": {"device_start": 1585579453.4810221, "device_end": 1585579453.4871352}, "cmdq": 1, "read": {"device_start": -1, "device_end": -1}}, "empty62": {"write": {"device_start": 1585579453.440639, "host_queued_start": 1585579518.535625, "device_queued": 1585579453.4402673, "device_end": 1585579453.440914, "host_queued_end": 1585579518.65195}, "device": "gpu", "nd_range": {"device_start": 1585579453.4409266, "device_end": 1585579453.4409413}, "cmdq": 0, "read": {"device_start": -1, "device_end": -1}}, "FFC_sans_bias70": {"write": {"device_start": 1585579453.590588, "host_queued_start": 1585579518.651829, "device_queued": 1585579453.4527633, "device_end": 1585579453.5906847, "host_queued_end": 1585579518.65195}, "device": "gpu", "nd_range": {"device_start": 1585579453.5906885, "device_end": 1585579453.596502}, "cmdq": 1, "read": {"device_start": 1585579453.5965042, "device_end": 1585579453.596589}}, "FFC_sans_bias58": {"write": {"device_start": -1, "host_queued_start": 1585579518.620812, "device_queued": -1, "device_end": -1, "host_queued_end": 1585579518.65195}, "device": "gpu", "nd_range": {"device_start": 1585579453.5361106, "device_end": 1585579453.5426857}, "cmdq": 0, "read": {"device_start": -1, "device_end": -1}}, "softmax41": {"write": {"device_start": -1, "host_queued_start": 1585579518.622421, "device_queued": -1, "device_end": -1, "host_queued_end": 1585579518.65195}, "device": "gpu", "nd_range": {"device_start": 1585579453.5468616, "device_end": 1585579453.5472782}, "cmdq": 0, "read": {"device_start": -1, "device_end": -1}}, "FFC_sans_bias11": {"write": {"device_start": 1585579453.4547603, "host_queued_start": 1585579518.557476, "device_queued": 1585579453.4423609, "device_end": 1585579453.4548619, "host_queued_end": 1585579518.65195}, "device": "gpu", "nd_range": {"device_start": 1585579453.4548688, "device_end": 1585579453.4610372}, "cmdq": 1, "read": {"device_start": -1, "device_end": -1}}, "FFC_sans_bias10": {"write": {"device_start": 1585579453.451634, "host_queued_start": 1585579518.55418, "device_queued": 1585579453.4421282, "device_end": 1585579453.4517343, "host_queued_end": 1585579518.65195}, "device": "gpu", "nd_range": {"device_start": 1585579453.4517376, "device_end": 1585579453.457751}, "cmdq": 0, "read": {"device_start": -1, "device_end": -1}}, "coalesced_transpose3": {"write": {"device_start": -1, "host_queued_start": 1585579518.616502, "device_queued": -1, "device_end": -1, "host_queued_end": 1585579518.65195}, "device": "gpu", "nd_range": {"device_start": 1585579453.5165093, "device_end": 1585579453.519568}, "cmdq": 0, "read": {"device_start": -1, "device_end": -1}}, "FFC_sans_bias34": {"write": {"device_start": 1585579453.5775888, "host_queued_start": 1585579518.638695, "device_queued": 1585579453.451496, "device_end": 1585579453.5776892, "host_queued_end": 1585579518.65195}, "device": "gpu", "nd_range": {"device_start": 1585579453.5776932, "device_end": 1585579453.5835414}, "cmdq": 1, "read": {"device_start": 1585579453.5835462, "device_end": 1585579453.583638}}, "FFC_sans_bias15": {"write": {"device_start": -1, "host_queued_start": 1585579518.623844, "device_queued": -1, "device_end": -1, "host_queued_end": 1585579518.65195}, "device": "gpu", "nd_range": {"device_start": 1585579453.5475605, "device_end": 1585579453.5509222}, "cmdq": 1, "read": {"device_start": -1, "device_end": -1}}, "FFC_sans_bias31": {"write": {"device_start": -1, "host_queued_start": 1585579518.619881, "device_queued": -1, "device_end": -1, "host_queued_end": 1585579518.65195}, "device": "gpu", "nd_range": {"device_start": 1585579453.526349, "device_end": 1585579453.5330014}, "cmdq": 1, "read": {"device_start": -1, "device_end": -1}}, "FFC_sans_bias16": {"write": {"device_start": 1585579453.5707853, "host_queued_start": 1585579518.632208, "device_queued": 1585579453.4508896, "device_end": 1585579453.5708852, "host_queued_end": 1585579518.65195}, "device": "gpu", "nd_range": {"device_start": 1585579453.5708892, "device_end": 1585579453.5769897}, "cmdq": 1, "read": {"device_start": 1585579453.576997, "device_end": 1585579453.5770907}}, "FFC_sans_bias19": {"write": {"device_start": 1585579453.4613504, "host_queued_start": 1585579518.564018, "device_queued": 1585579453.4428003, "device_end": 1585579453.4614494, "host_queued_end": 1585579518.65195}, "device": "gpu", "nd_range": {"device_start": 1585579453.4614553, "device_end": 1585579453.4675653}, "cmdq": 1, "read": {"device_start": -1, "device_end": -1}}, "FFC_sans_bias18": {"write": {"device_start": 1585579453.4580572, "host_queued_start": 1585579518.560727, "device_queued": 1585579453.442581, "device_end": 1585579453.4581587, "host_queued_end": 1585579518.65195}, "device": "gpu", "nd_range": {"device_start": 1585579453.458163, "device_end": 1585579453.4642718}, "cmdq": 0, "read": {"device_start": -1, "device_end": -1}}, "coalesced_transpose30": {"write": {"device_start": -1, "host_queued_start": 1585579518.617423, "device_queued": -1, "device_end": -1, "host_queued_end": 1585579518.65195}, "device": "gpu", "nd_range": {"device_start": 1585579453.5228589, "device_end": 1585579453.5228999}, "cmdq": 1, "read": {"device_start": -1, "device_end": -1}}, "FFC_sans_bias69": {"write": {"device_start": -1, "host_queued_start": 1585579518.625733, "device_queued": -1, "device_end": -1, "host_queued_end": 1585579518.65195}, "device": "gpu", "nd_range": {"device_start": 1585579453.5639586, "device_end": 1585579453.5705025}, "cmdq": 1, "read": {"device_start": -1, "device_end": -1}}, "FFC_sans_bias38": {"write": {"device_start": 1585579453.4841545, "host_queued_start": 1585579518.586895, "device_queued": 1585579453.444411, "device_end": 1585579453.4842572, "host_queued_end": 1585579518.65195}, "device": "gpu", "nd_range": {"device_start": 1585579453.4842625, "device_end": 1585579453.4903893}, "cmdq": 0, "read": {"device_start": -1, "device_end": -1}}, "coalesced_transpose57": {"write": {"device_start": -1, "host_queued_start": 1585579518.618325, "device_queued": -1, "device_end": -1, "host_queued_end": 1585579518.65195}, "device": "gpu", "nd_range": {"device_start": 1585579453.519638, "device_end": 1585579453.5196624}, "cmdq": 0, "read": {"device_start": -1, "device_end": -1}}, "empty26": {"write": {"device_start": 1585579453.439392, "host_queued_start": 1585579518.525231, "device_queued": 1585579453.4390008, "device_end": 1585579453.4396825, "host_queued_end": 1585579518.65195}, "device": "gpu", "nd_range": {"device_start": 1585579453.4396927, "device_end": 1585579453.439696}, "cmdq": 0, "read": {"device_start": -1, "device_end": -1}}, "coalesced_transpose12": {"write": {"device_start": -1, "host_queued_start": 1585579518.616815, "device_queued": -1, "device_end": -1, "host_queued_end": 1585579518.65195}, "device": "gpu", "nd_range": {"device_start": 1585579453.5196717, "device_end": 1585579453.5228508}, "cmdq": 1, "read": {"device_start": -1, "device_end": -1}}, "empty44": {"write": {"device_start": 1585579453.4400036, "host_queued_start": 1585579518.530416, "device_queued": 1585579453.4396975, "device_end": 1585579453.44025, "host_queued_end": 1585579518.65195}, "device": "gpu", "nd_range": {"device_start": 1585579453.4402542, "device_end": 1585579453.4402583}, "cmdq": 0, "read": {"device_start": -1, "device_end": -1}}, "coalesced_transpose21": {"write": {"device_start": -1, "host_queued_start": 1585579518.617123, "device_queued": -1, "device_end": -1, "host_queued_end": 1585579518.65195}, "device": "gpu", "nd_range": {"device_start": 1585579453.519574, "device_end": 1585579453.5196018}, "cmdq": 0, "read": {"device_start": -1, "device_end": -1}}, "FFC_sans_bias36": {"write": {"device_start": 1585579453.477673, "host_queued_start": 1585579518.580304, "device_queued": 1585579453.443917, "device_end": 1585579453.477773, "host_queued_end": 1585579518.65195}, "device": "gpu", "nd_range": {"device_start": 1585579453.4777772, "device_end": 1585579453.4838412}, "cmdq": 0, "read": {"device_start": -1, "device_end": -1}}, "softmax14": {"write": {"device_start": -1, "host_queued_start": 1585579518.621641, "device_queued": -1, "device_end": -1, "host_queued_end": 1585579518.65195}, "device": "gpu", "nd_range": {"device_start": 1585579453.545884, "device_end": 1585579453.546302}, "cmdq": 1, "read": {"device_start": -1, "device_end": -1}}, "FFC_sans_bias13": {"write": {"device_start": -1, "host_queued_start": 1585579518.619262, "device_queued": -1, "device_end": -1, "host_queued_end": 1585579518.65195}, "device": "gpu", "nd_range": {"device_start": 1585579453.5229902, "device_end": 1585579453.526347}, "cmdq": 1, "read": {"device_start": -1, "device_end": -1}}, "empty8": {"write": {"device_start": 1585579453.438718, "host_queued_start": 1585579518.5192, "device_queued": 1585579453.4384072, "device_end": 1585579453.4388247, "host_queued_end": 1585579518.65195}, "device": "gpu", "nd_range": {"device_start": 1585579453.4388304, "device_end": 1585579453.4388363}, "cmdq": 0, "read": {"device_start": -1, "device_end": -1}}, "FFC_sans_bias42": {"write": {"device_start": -1, "host_queued_start": 1585579518.624793, "device_queued": -1, "device_end": -1, "host_queued_end": 1585579518.65195}, "device": "gpu", "nd_range": {"device_start": 1585579453.56071, "device_end": 1585579453.5672426}, "cmdq": 0, "read": {"device_start": -1, "device_end": -1}}, "FFC_sans_bias43": {"write": {"device_start": 1585579453.587371, "host_queued_start": 1585579518.64197, "device_queued": 1585579453.4519203, "device_end": 1585579453.5874748, "host_queued_end": 1585579518.65195}, "device": "gpu", "nd_range": {"device_start": 1585579453.5874786, "device_end": 1585579453.5932443}, "cmdq": 0, "read": {"device_start": 1585579453.5932472, "device_end": 1585579453.5933428}}, "FFC_sans_bias40": {"write": {"device_start": -1, "host_queued_start": 1585579518.620193, "device_queued": -1, "device_end": -1, "host_queued_end": 1585579518.65195}, "device": "gpu", "nd_range": {"device_start": 1585579453.5296848, "device_end": 1585579453.5361092}, "cmdq": 0, "read": {"device_start": -1, "device_end": -1}}, "softmax32": {"write": {"device_start": -1, "host_queued_start": 1585579518.622142, "device_queued": -1, "device_end": -1, "host_queued_end": 1585579518.65195}, "device": "gpu", "nd_range": {"device_start": 1585579453.5463035, "device_end": 1585579453.546719}, "cmdq": 1, "read": {"device_start": -1, "device_end": -1}}, "FFC_sans_bias47": {"write": {"device_start": 1585579453.493974, "host_queued_start": 1585579518.596619, "device_queued": 1585579453.4452808, "device_end": 1585579453.4940753, "host_queued_end": 1585579518.65195}, "device": "gpu", "nd_range": {"device_start": 1585579453.494079, "device_end": 1585579453.5001771}, "cmdq": 1, "read": {"device_start": -1, "device_end": -1}}, "FFC_sans_bias45": {"write": {"device_start": 1585579453.4874628, "host_queued_start": 1585579518.590136, "device_queued": 1585579453.4446583, "device_end": 1585579453.487564, "host_queued_end": 1585579518.65195}, "device": "gpu", "nd_range": {"device_start": 1585579453.4875696, "device_end": 1585579453.4936616}, "cmdq": 1, "read": {"device_start": -1, "device_end": -1}}, "softmax50": {"write": {"device_start": -1, "host_queued_start": 1585579518.622666, "device_queued": -1, "device_end": -1, "host_queued_end": 1585579518.65195}, "device": "gpu", "nd_range": {"device_start": 1585579453.546721, "device_end": 1585579453.5471392}, "cmdq": 1, "read": {"device_start": -1, "device_end": -1}}, "FFC_sans_bias33": {"write": {"device_start": -1, "host_queued_start": 1585579518.62448, "device_queued": -1, "device_end": -1, "host_queued_end": 1585579518.65195}, "device": "gpu", "nd_range": {"device_start": 1585579453.5509233, "device_end": 1585579453.5575194}, "cmdq": 1, "read": {"device_start": -1, "device_end": -1}}, "FFC_sans_bias63": {"write": {"device_start": 1585579453.513553, "host_queued_start": 1585579518.616162, "device_queued": 1585579453.4466846, "device_end": 1585579453.5136545, "host_queued_end": 1585579518.65195}, "device": "gpu", "nd_range": {"device_start": 1585579453.5136588, "device_end": 1585579453.5196674}, "cmdq": 1, "read": {"device_start": -1, "device_end": -1}}, "FFC_sans_bias49": {"write": {"device_start": -1, "host_queued_start": 1585579518.620502, "device_queued": -1, "device_end": -1, "host_queued_end": 1585579518.65195}, "device": "gpu", "nd_range": {"device_start": 1585579453.5330033, "device_end": 1585579453.53942}, "cmdq": 1, "read": {"device_start": -1, "device_end": -1}}, "FFC_sans_bias64": {"write": {"device_start": 1585579453.5070071, "host_queued_start": 1585579518.609682, "device_queued": 1585579453.446213, "device_end": 1585579453.5071084, "host_queued_end": 1585579518.65195}, "device": "gpu", "nd_range": {"device_start": 1585579453.5071127, "device_end": 1585579453.5132453}, "cmdq": 1, "read": {"device_start": -1, "device_end": -1}}, "FFC_sans_bias65": {"write": {"device_start": 1585579453.5103045, "host_queued_start": 1585579518.612933, "device_queued": 1585579453.44645, "device_end": 1585579453.5104058, "host_queued_end": 1585579518.65195}, "device": "gpu", "nd_range": {"device_start": 1585579453.510412, "device_end": 1585579453.516507}, "cmdq": 0, "read": {"device_start": -1, "device_end": -1}}, "FFC_sans_bias67": {"write": {"device_start": -1, "host_queued_start": 1585579518.621139, "device_queued": -1, "device_end": -1, "host_queued_end": 1585579518.65195}, "device": "gpu", "nd_range": {"device_start": 1585579453.5394223, "device_end": 1585579453.5458825}, "cmdq": 1, "read": {"device_start": -1, "device_end": -1}}, "FFC_sans_bias24": {"write": {"device_start": -1, "host_queued_start": 1585579518.624161, "device_queued": -1, "device_end": -1, "host_queued_end": 1585579518.65195}, "device": "gpu", "nd_range": {"device_start": 1585579453.5542397, "device_end": 1585579453.5607083}, "cmdq": 0, "read": {"device_start": -1, "device_end": -1}}, "FFC_sans_bias25": {"write": {"device_start": 1585579453.5808573, "host_queued_start": 1585579518.63545, "device_queued": 1585579453.451187, "device_end": 1585579453.5809548, "host_queued_end": 1585579518.65195}, "device": "gpu", "nd_range": {"device_start": 1585579453.5809586, "device_end": 1585579453.5867817}, "cmdq": 0, "read": {"device_start": 1585579453.5867856, "device_end": 1585579453.5868778}}, "FFC_sans_bias27": {"write": {"device_start": 1585579453.4678812, "host_queued_start": 1585579518.570534, "device_queued": 1585579453.443261, "device_end": 1585579453.4679759, "host_queued_end": 1585579518.65195}, "device": "gpu", "nd_range": {"device_start": 1585579453.4679804, "device_end": 1585579453.4741085}, "cmdq": 1, "read": {"device_start": -1, "device_end": -1}}, "FFC_sans_bias20": {"write": {"device_start": 1585579453.4645975, "host_queued_start": 1585579518.567298, "device_queued": 1585579453.443028, "device_end": 1585579453.4646986, "host_queued_end": 1585579518.65195}, "device": "gpu", "nd_range": {"device_start": 1585579453.4647062, "device_end": 1585579453.4708214}, "cmdq": 0, "read": {"device_start": -1, "device_end": -1}}, "FFC_sans_bias22": {"write": {"device_start": -1, "host_queued_start": 1585579518.619573, "device_queued": -1, "device_end": -1, "host_queued_end": 1585579518.65195}, "device": "gpu", "nd_range": {"device_start": 1585579453.5229948, "device_end": 1585579453.529682}, "cmdq": 0, "read": {"device_start": -1, "device_end": -1}}, "softmax68": {"write": {"device_start": -1, "host_queued_start": 1585579518.623145, "device_queued": -1, "device_end": -1, "host_queued_end": 1585579518.65195}, "device": "gpu", "nd_range": {"device_start": 1585579453.5471406, "device_end": 1585579453.5475593}, "cmdq": 1, "read": {"device_start": -1, "device_end": -1}}, "softmax5": {"write": {"device_start": -1, "host_queued_start": 1585579518.621396, "device_queued": -1, "device_end": -1, "host_queued_end": 1585579518.65195}, "device": "gpu", "nd_range": {"device_start": 1585579453.5426877, "device_end": 1585579453.5464413}, "cmdq": 0, "read": {"device_start": -1, "device_end": -1}}, "FFC_sans_bias28": {"write": {"device_start": 1585579453.4711406, "host_queued_start": 1585579518.573819, "device_queued": 1585579453.4434843, "device_end": 1585579453.4712389, "host_queued_end": 1585579518.65195}, "device": "gpu", "nd_range": {"device_start": 1585579453.4712448, "device_end": 1585579453.477356}, "cmdq": 0, "read": {"device_start": -1, "device_end": -1}}, "FFC_sans_bias29": {"write": {"device_start": 1585579453.4744244, "host_queued_start": 1585579518.577061, "device_queued": 1585579453.4436955, "device_end": 1585579453.4745235, "host_queued_end": 1585579518.65195}, "device": "gpu", "nd_range": {"device_start": 1585579453.4745293, "device_end": 1585579453.4805975}, "cmdq": 1, "read": {"device_start": -1, "device_end": -1}}, "empty17": {"write": {"device_start": 1585579453.4390662, "host_queued_start": 1585579518.522619, "device_queued": 1585579453.4387543, "device_end": 1585579453.4392977, "host_queued_end": 1585579518.65195}, "device": "gpu", "nd_range": {"device_start": 1585579453.4393086, "device_end": 1585579453.4393137}, "cmdq": 1, "read": {"device_start": -1, "device_end": -1}}, "softmax59": {"write": {"device_start": -1, "host_queued_start": 1585579518.622907, "device_queued": -1, "device_end": -1, "host_queued_end": 1585579518.65195}, "device": "gpu", "nd_range": {"device_start": 1585579453.5472794, "device_end": 1585579453.547812}, "cmdq": 0, "read": {"device_start": -1, "device_end": -1}}, "empty71": {"write": {"device_start": 1585579453.4409244, "host_queued_start": 1585579518.538177, "device_queued": 1585579453.4405096, "device_end": 1585579453.441132, "host_queued_end": 1585579518.65195}, "device": "gpu", "nd_range": {"device_start": 1585579453.4411383, "device_end": 1585579453.4411418}, "cmdq": 1, "read": {"device_start": -1, "device_end": -1}}, "empty35": {"write": {"device_start": 1585579453.4396987, "host_queued_start": 1585579518.527853, "device_queued": 1585579453.4393182, "device_end": 1585579453.439944, "host_queued_end": 1585579518.65195}, "device": "gpu", "nd_range": {"device_start": 1585579453.4399488, "device_end": 1585579453.4399555}, "cmdq": 1, "read": {"device_start": -1, "device_end": -1}}, "empty53": {"write": {"device_start": 1585579453.440305, "host_queued_start": 1585579518.533044, "device_queued": 1585579453.4399643, "device_end": 1585579453.4404886, "host_queued_end": 1585579518.65195}, "device": "gpu", "nd_range": {"device_start": 1585579453.4404929, "device_end": 1585579453.4404964}, "cmdq": 1, "read": {"device_start": -1, "device_end": -1}}, "FFC_sans_bias46": {"write": {"device_start": 1585579453.4907053, "host_queued_start": 1585579518.593379, "device_queued": 1585579453.444993, "device_end": 1585579453.4908075, "host_queued_end": 1585579518.65195}, "device": "gpu", "nd_range": {"device_start": 1585579453.490813, "device_end": 1585579453.4968946}, "cmdq": 0, "read": {"device_start": -1, "device_end": -1}}, "coalesced_transpose66": {"write": {"device_start": -1, "host_queued_start": 1585579518.618628, "device_queued": -1, "device_end": -1, "host_queued_end": 1585579518.65195}, "device": "gpu", "nd_range": {"device_start": 1585579453.5229557, "device_end": 1585579453.5229878}, "cmdq": 1, "read": {"device_start": -1, "device_end": -1}}, "coalesced_transpose48": {"write": {"device_start": -1, "host_queued_start": 1585579518.618022, "device_queued": -1, "device_end": -1, "host_queued_end": 1585579518.65195}, "device": "gpu", "nd_range": {"device_start": 1585579453.5229108, "device_end": 1585579453.5229537}, "cmdq": 1, "read": {"device_start": -1, "device_end": -1}}}