{"FFC_sans_bias60": {"write": {"device_start": -1, "host_queued_start": 1585579588.264439, "device_queued": -1, "device_end": -1, "host_queued_end": 1585579588.287739}, "device": "gpu", "nd_range": {"device_start": 1585579523.1933713, "device_end": 1585579523.2039545}, "cmdq": 0, "read": {"device_start": -1, "device_end": -1}}, "FFC_sans_bias4": {"write": {"device_start": -1, "host_queued_start": 1585579588.30396, "device_queued": -1, "device_end": -1, "host_queued_end": 1585579588.308019}, "device": "cpu", "nd_range": {"device_start": 2247362.6093068253, "device_end": 2247362.6448942563}, "cmdq": 0, "read": {"device_start": -1, "device_end": -1}}, "FFC_sans_bias7": {"write": {"device_start": -1, "host_queued_start": 1585579588.307966, "device_queued": -1, "device_end": -1, "host_queued_end": 1585579588.308019}, "device": "cpu", "nd_range": {"device_start": 2247362.6850417904, "device_end": 2247362.720711045}, "cmdq": 0, "read": {"device_start": -1, "device_end": -1}}, "FFC_sans_bias6": {"write": {"device_start": -1, "host_queued_start": 1585579588.304572, "device_queued": -1, "device_end": -1, "host_queued_end": 1585579588.308019}, "device": "cpu", "nd_range": {"device_start": 2247362.645551475, "device_end": 2247362.685022997}, "cmdq": 0, "read": {"device_start": -1, "device_end": -1}}, "FFC_sans_bias1": {"write": {"device_start": -1, "host_queued_start": 1585579588.299496, "device_queued": -1, "device_end": -1, "host_queued_end": 1585579588.308019}, "device": "cpu", "nd_range": {"device_start": 2247362.5372521724, "device_end": 2247362.572643996}, "cmdq": 0, "read": {"device_start": -1, "device_end": -1}}, "FFC_sans_bias0": {"write": {"device_start": -1, "host_queued_start": 1585579588.295667, "device_queued": -1, "device_end": -1, "host_queued_end": 1585579588.308019}, "device": "cpu", "nd_range": {"device_start": 2247362.4976354702, "device_end": 2247362.537165514}, "cmdq": 0, "read": {"device_start": -1, "device_end": -1}}, "FFC_sans_bias2": {"write": {"device_start": -1, "host_queued_start": 1585579588.303253, "device_queued": -1, "device_end": -1, "host_queued_end": 1585579588.308019}, "device": "cpu", "nd_range": {"device_start": 2247362.572671782, "device_end": 2247362.608845243}, "cmdq": 0, "read": {"device_start": -1, "device_end": -1}}, "FFC_sans_bias61": {"write": {"device_start": 1585579523.2186668, "host_queued_start": 1585579588.284367, "device_queued": 1585579523.0852513, "device_end": 1585579523.2189157, "host_queued_end": 1585579588.287739}, "device": "gpu", "nd_range": {"device_start": 1585579523.2189355, "device_end": 1585579523.2250226}, "cmdq": 1, "read": {"device_start": 1585579523.225031, "device_end": 1585579523.2251167}}, "FFC_sans_bias52": {"write": {"device_start": 1585579523.215053, "host_queued_start": 1585579588.281132, "device_queued": 1585579523.0850997, "device_end": 1585579523.215147, "host_queued_end": 1585579588.287739}, "device": "gpu", "nd_range": {"device_start": 1585579523.2151606, "device_end": 1585579523.2215533}, "cmdq": 0, "read": {"device_start": 1585579523.2215564, "device_end": 1585579523.2216434}}, "FFC_sans_bias9": {"write": {"device_start": 1585579523.0749674, "host_queued_start": 1585579588.190704, "device_queued": 1585579523.074574, "device_end": 1585579523.0752444, "host_queued_end": 1585579588.287739}, "device": "gpu", "nd_range": {"device_start": 1585579523.0752792, "device_end": 1585579523.078928}, "cmdq": 1, "read": {"device_start": -1, "device_end": -1}}, "coalesced_transpose39": {"write": {"device_start": -1, "host_queued_start": 1585579588.257593, "device_queued": -1, "device_end": -1, "host_queued_end": 1585579588.287739}, "device": "gpu", "nd_range": {"device_start": 1585579523.1525464, "device_end": 1585579523.1525953}, "cmdq": 1, "read": {"device_start": -1, "device_end": -1}}, "FFC_sans_bias55": {"write": {"device_start": 1585579523.1319761, "host_queued_start": 1585579588.246518, "device_queued": 1585579523.0795393, "device_end": 1585579523.1320908, "host_queued_end": 1585579588.287739}, "device": "gpu", "nd_range": {"device_start": 1585579523.1320968, "device_end": 1585579523.14222}, "cmdq": 0, "read": {"device_start": -1, "device_end": -1}}, "FFC_sans_bias54": {"write": {"device_start": 1585579523.1283348, "host_queued_start": 1585579588.243267, "device_queued": 1585579523.0790188, "device_end": 1585579523.1284354, "host_queued_end": 1585579588.287739}, "device": "gpu", "nd_range": {"device_start": 1585579523.1284401, "device_end": 1585579523.1386359}, "cmdq": 2, "read": {"device_start": -1, "device_end": -1}}, "FFC_sans_bias56": {"write": {"device_start": 1585579523.1247966, "host_queued_start": 1585579588.240036, "device_queued": 1585579523.0788417, "device_end": 1585579523.1248913, "host_queued_end": 1585579588.287739}, "device": "gpu", "nd_range": {"device_start": 1585579523.1248977, "device_end": 1585579523.1351345}, "cmdq": 1, "read": {"device_start": -1, "device_end": -1}}, "FFC_sans_bias51": {"write": {"device_start": -1, "host_queued_start": 1585579588.264118, "device_queued": -1, "device_end": -1, "host_queued_end": 1585579588.287739}, "device": "gpu", "nd_range": {"device_start": 1585579523.182739, "device_end": 1585579523.189897}, "cmdq": 2, "read": {"device_start": -1, "device_end": -1}}, "softmax23": {"write": {"device_start": -1, "host_queued_start": 1585579588.26126, "device_queued": -1, "device_end": -1, "host_queued_end": 1585579588.287739}, "device": "gpu", "nd_range": {"device_start": 1585579523.1705477, "device_end": 1585579523.179045}, "cmdq": 1, "read": {"device_start": -1, "device_end": -1}}, "FFC_sans_bias37": {"write": {"device_start": 1585579523.1071546, "host_queued_start": 1585579588.223631, "device_queued": 1585579523.0775144, "device_end": 1585579523.1072495, "host_queued_end": 1585579588.287739}, "device": "gpu", "nd_range": {"device_start": 1585579523.1072571, "device_end": 1585579523.117453}, "cmdq": 2, "read": {"device_start": -1, "device_end": -1}}, "empty62": {"write": {"device_start": 1585579523.0743315, "host_queued_start": 1585579588.185333, "device_queued": 1585579523.0739248, "device_end": 1585579523.074513, "host_queued_end": 1585579588.287739}, "device": "gpu", "nd_range": {"device_start": 1585579523.074522, "device_end": 1585579523.074526}, "cmdq": 2, "read": {"device_start": -1, "device_end": -1}}, "FFC_sans_bias70": {"write": {"device_start": 1585579523.2191432, "host_queued_start": 1585579588.28762, "device_queued": 1585579523.0856326, "device_end": 1585579523.219235, "host_queued_end": 1585579588.287739}, "device": "gpu", "nd_range": {"device_start": 1585579523.2192497, "device_end": 1585579523.228524}, "cmdq": 2, "read": {"device_start": 1585579523.228531, "device_end": 1585579523.228617}}, "FFC_sans_bias58": {"write": {"device_start": -1, "host_queued_start": 1585579588.260437, "device_queued": -1, "device_end": -1, "host_queued_end": 1585579588.287739}, "device": "gpu", "nd_range": {"device_start": 1585579523.1599991, "device_end": 1585579523.1705353}, "cmdq": 1, "read": {"device_start": -1, "device_end": -1}}, "softmax41": {"write": {"device_start": -1, "host_queued_start": 1585579588.261769, "device_queued": -1, "device_end": -1, "host_queued_end": 1585579588.287739}, "device": "gpu", "nd_range": {"device_start": 1585579523.1790423, "device_end": 1585579523.1798186}, "cmdq": 0, "read": {"device_start": -1, "device_end": -1}}, "FFC_sans_bias11": {"write": {"device_start": 1585579523.0758379, "host_queued_start": 1585579588.197421, "device_queued": 1585579523.0755517, "device_end": 1585579523.0759425, "host_queued_end": 1585579588.287739}, "device": "gpu", "nd_range": {"device_start": 1585579523.075946, "device_end": 1585579523.086042}, "cmdq": 0, "read": {"device_start": -1, "device_end": -1}}, "FFC_sans_bias10": {"write": {"device_start": 1585579523.0752735, "host_queued_start": 1585579588.194057, "device_queued": 1585579523.0749607, "device_end": 1585579523.0753987, "host_queued_end": 1585579588.287739}, "device": "gpu", "nd_range": {"device_start": 1585579523.0754507, "device_end": 1585579523.0825171}, "cmdq": 2, "read": {"device_start": -1, "device_end": -1}}, "coalesced_transpose3": {"write": {"device_start": -1, "host_queued_start": 1585579588.303615, "device_queued": -1, "device_end": -1, "host_queued_end": 1585579588.308019}, "device": "cpu", "nd_range": {"device_start": 2247362.6088574054, "device_end": 2247362.609298706}, "cmdq": 0, "read": {"device_start": -1, "device_end": -1}}, "FFC_sans_bias34": {"write": {"device_start": 1585579523.2077231, "host_queued_start": 1585579588.274548, "device_queued": 1585579523.0844333, "device_end": 1585579523.2078152, "host_queued_end": 1585579588.287739}, "device": "gpu", "nd_range": {"device_start": 1585579523.2078314, "device_end": 1585579523.2180445}, "cmdq": 1, "read": {"device_start": 1585579523.2180502, "device_end": 1585579523.2181406}}, "FFC_sans_bias15": {"write": {"device_start": -1, "host_queued_start": 1585579588.262861, "device_queued": -1, "device_end": -1, "host_queued_end": 1585579588.287739}, "device": "gpu", "nd_range": {"device_start": 1585579523.1798458, "device_end": 1585579523.1863189}, "cmdq": 1, "read": {"device_start": -1, "device_end": -1}}, "FFC_sans_bias31": {"write": {"device_start": -1, "host_queued_start": 1585579588.259482, "device_queued": -1, "device_end": -1, "host_queued_end": 1585579588.287739}, "device": "gpu", "nd_range": {"device_start": 1585579523.1527586, "device_end": 1585579523.1599865}, "cmdq": 1, "read": {"device_start": -1, "device_end": -1}}, "FFC_sans_bias16": {"write": {"device_start": 1585579523.1901646, "host_queued_start": 1585579588.268024, "device_queued": 1585579523.0839114, "device_end": 1585579523.1902597, "host_queued_end": 1585579588.287739}, "device": "gpu", "nd_range": {"device_start": 1585579523.190273, "device_end": 1585579523.2004101}, "cmdq": 2, "read": {"device_start": 1585579523.200412, "device_end": 1585579523.200509}}, "FFC_sans_bias19": {"write": {"device_start": 1585579523.082934, "host_queued_start": 1585579588.204101, "device_queued": 1585579523.0760808, "device_end": 1585579523.083041, "host_queued_end": 1585579588.287739}, "device": "gpu", "nd_range": {"device_start": 1585579523.0830457, "device_end": 1585579523.0930426}, "cmdq": 2, "read": {"device_start": -1, "device_end": -1}}, "FFC_sans_bias18": {"write": {"device_start": 1585579523.0792859, "host_queued_start": 1585579588.20086, "device_queued": 1585579523.0759528, "device_end": 1585579523.0793872, "host_queued_end": 1585579588.287739}, "device": "gpu", "nd_range": {"device_start": 1585579523.0793924, "device_end": 1585579523.0895073}, "cmdq": 1, "read": {"device_start": -1, "device_end": -1}}, "coalesced_transpose30": {"write": {"device_start": -1, "host_queued_start": 1585579588.257293, "device_queued": -1, "device_end": -1, "host_queued_end": 1585579588.287739}, "device": "gpu", "nd_range": {"device_start": 1585579523.1527188, "device_end": 1585579523.1527412}, "cmdq": 0, "read": {"device_start": -1, "device_end": -1}}, "FFC_sans_bias69": {"write": {"device_start": -1, "host_queued_start": 1585579588.264834, "device_queued": -1, "device_end": -1, "host_queued_end": 1585579588.287739}, "device": "gpu", "nd_range": {"device_start": 1585579523.196921, "device_end": 1585579523.207485}, "cmdq": 1, "read": {"device_start": -1, "device_end": -1}}, "FFC_sans_bias38": {"write": {"device_start": 1585579523.1107547, "host_queued_start": 1585579588.226881, "device_queued": 1585579523.0778618, "device_end": 1585579523.1108494, "host_queued_end": 1585579588.287739}, "device": "gpu", "nd_range": {"device_start": 1585579523.1108563, "device_end": 1585579523.1210668}, "cmdq": 0, "read": {"device_start": -1, "device_end": -1}}, "coalesced_transpose57": {"write": {"device_start": -1, "host_queued_start": 1585579588.258201, "device_queued": -1, "device_end": -1, "host_queued_end": 1585579588.287739}, "device": "gpu", "nd_range": {"device_start": 1585579523.1527421, "device_end": 1585579523.1561954}, "cmdq": 0, "read": {"device_start": -1, "device_end": -1}}, "empty26": {"write": {"device_start": 1585579523.0730393, "host_queued_start": 1585579588.174518, "device_queued": 1585579523.0726771, "device_end": 1585579523.0732877, "host_queued_end": 1585579588.287739}, "device": "gpu", "nd_range": {"device_start": 1585579523.0732918, "device_end": 1585579523.073298}, "cmdq": 1, "read": {"device_start": -1, "device_end": -1}}, "coalesced_transpose12": {"write": {"device_start": -1, "host_queued_start": 1585579588.256674, "device_queued": -1, "device_end": -1, "host_queued_end": 1585579588.287739}, "device": "gpu", "nd_range": {"device_start": 1585579523.1457624, "device_end": 1585579523.1525376}, "cmdq": 1, "read": {"device_start": -1, "device_end": -1}}, "empty44": {"write": {"device_start": 1585579523.0736969, "host_queued_start": 1585579588.180103, "device_queued": 1585579523.07331, "device_end": 1585579523.0738857, "host_queued_end": 1585579588.287739}, "device": "gpu", "nd_range": {"device_start": 1585579523.073895, "device_end": 1585579523.0738988}, "cmdq": 0, "read": {"device_start": -1, "device_end": -1}}, "coalesced_transpose21": {"write": {"device_start": -1, "host_queued_start": 1585579588.256982, "device_queued": -1, "device_end": -1, "host_queued_end": 1585579588.287739}, "device": "gpu", "nd_range": {"device_start": 1585579523.1492112, "device_end": 1585579523.1525726}, "cmdq": 2, "read": {"device_start": -1, "device_end": -1}}, "FFC_sans_bias36": {"write": {"device_start": 1585579523.1035783, "host_queued_start": 1585579588.220399, "device_queued": 1585579523.07739, "device_end": 1585579523.1036735, "host_queued_end": 1585579588.287739}, "device": "gpu", "nd_range": {"device_start": 1585579523.103681, "device_end": 1585579523.1140313}, "cmdq": 1, "read": {"device_start": -1, "device_end": -1}}, "softmax14": {"write": {"device_start": -1, "host_queued_start": 1585579588.261009, "device_queued": -1, "device_end": -1, "host_queued_end": 1585579588.287739}, "device": "gpu", "nd_range": {"device_start": 1585579523.174068, "device_end": 1585579523.1790297}, "cmdq": 0, "read": {"device_start": -1, "device_end": -1}}, "FFC_sans_bias13": {"write": {"device_start": -1, "host_queued_start": 1585579588.258838, "device_queued": -1, "device_end": -1, "host_queued_end": 1585579588.287739}, "device": "gpu", "nd_range": {"device_start": 1585579523.152737, "device_end": 1585579523.1563892}, "cmdq": 2, "read": {"device_start": -1, "device_end": -1}}, "empty8": {"write": {"device_start": -1, "host_queued_start": 1585579588.292144, "device_queued": -1, "device_end": -1, "host_queued_end": 1585579588.308019}, "device": "cpu", "nd_range": {"device_start": 2247362.497599792, "device_end": 2247362.49761389}, "cmdq": 0, "read": {"device_start": -1, "device_end": -1}}, "FFC_sans_bias42": {"write": {"device_start": -1, "host_queued_start": 1585579588.263803, "device_queued": -1, "device_end": -1, "host_queued_end": 1585579588.287739}, "device": "gpu", "nd_range": {"device_start": 1585579523.1863306, "device_end": 1585579523.1969097}, "cmdq": 1, "read": {"device_start": -1, "device_end": -1}}, "FFC_sans_bias43": {"write": {"device_start": 1585579523.2009728, "host_queued_start": 1585579588.277867, "device_queued": 1585579523.0847957, "device_end": 1585579523.2010648, "host_queued_end": 1585579588.287739}, "device": "gpu", "nd_range": {"device_start": 1585579523.201077, "device_end": 1585579523.2109706}, "cmdq": 2, "read": {"device_start": 1585579523.2183704, "device_end": 1585579523.218621}}, "FFC_sans_bias40": {"write": {"device_start": -1, "host_queued_start": 1585579588.259804, "device_queued": -1, "device_end": -1, "host_queued_end": 1585579588.287739}, "device": "gpu", "nd_range": {"device_start": 1585579523.1564019, "device_end": 1585579523.1670845}, "cmdq": 2, "read": {"device_start": -1, "device_end": -1}}, "softmax32": {"write": {"device_start": -1, "host_queued_start": 1585579588.261517, "device_queued": -1, "device_end": -1, "host_queued_end": 1585579588.287739}, "device": "gpu", "nd_range": {"device_start": 1585579523.1775377, "device_end": 1585579523.1779819}, "cmdq": 2, "read": {"device_start": -1, "device_end": -1}}, "FFC_sans_bias47": {"write": {"device_start": 1585579523.1213295, "host_queued_start": 1585579588.236719, "device_queued": 1585579523.0785804, "device_end": 1585579523.1214254, "host_queued_end": 1585579588.287739}, "device": "gpu", "nd_range": {"device_start": 1585579523.1214333, "device_end": 1585579523.131651}, "cmdq": 0, "read": {"device_start": -1, "device_end": -1}}, "FFC_sans_bias45": {"write": {"device_start": 1585579523.1142902, "host_queued_start": 1585579588.230171, "device_queued": 1585579523.0780962, "device_end": 1585579523.114385, "host_queued_end": 1585579588.287739}, "device": "gpu", "nd_range": {"device_start": 1585579523.1143923, "device_end": 1585579523.1245325}, "cmdq": 1, "read": {"device_start": -1, "device_end": -1}}, "softmax50": {"write": {"device_start": -1, "host_queued_start": 1585579588.262028, "device_queued": -1, "device_end": -1, "host_queued_end": 1585579588.287739}, "device": "gpu", "nd_range": {"device_start": 1585579523.179058, "device_end": 1585579523.1798346}, "cmdq": 1, "read": {"device_start": -1, "device_end": -1}}, "FFC_sans_bias33": {"write": {"device_start": -1, "host_queued_start": 1585579588.263489, "device_queued": -1, "device_end": -1, "host_queued_end": 1585579588.287739}, "device": "gpu", "nd_range": {"device_start": 1585579523.1835613, "device_end": 1585579523.1933594}, "cmdq": 0, "read": {"device_start": -1, "device_end": -1}}, "FFC_sans_bias63": {"write": {"device_start": 1585579523.1424727, "host_queued_start": 1585579588.256319, "device_queued": 1585579523.0802867, "device_end": 1585579523.1425707, "host_queued_end": 1585579588.287739}, "device": "gpu", "nd_range": {"device_start": 1585579523.1425772, "device_end": 1585579523.1527119}, "cmdq": 0, "read": {"device_start": -1, "device_end": -1}}, "FFC_sans_bias49": {"write": {"device_start": -1, "host_queued_start": 1585579588.260119, "device_queued": -1, "device_end": -1, "host_queued_end": 1585579588.287739}, "device": "gpu", "nd_range": {"device_start": 1585579523.1635365, "device_end": 1585579523.1740553}, "cmdq": 0, "read": {"device_start": -1, "device_end": -1}}, "FFC_sans_bias64": {"write": {"device_start": 1585579523.1353989, "host_queued_start": 1585579588.249789, "device_queued": 1585579523.0797946, "device_end": 1585579523.1354952, "host_queued_end": 1585579588.287739}, "device": "gpu", "nd_range": {"device_start": 1585579523.1355004, "device_end": 1585579523.1457603}, "cmdq": 1, "read": {"device_start": -1, "device_end": -1}}, "FFC_sans_bias65": {"write": {"device_start": 1585579523.1388848, "host_queued_start": 1585579588.253047, "device_queued": 1585579523.0799253, "device_end": 1585579523.138979, "host_queued_end": 1585579588.287739}, "device": "gpu", "nd_range": {"device_start": 1585579523.1389863, "device_end": 1585579523.1492095}, "cmdq": 2, "read": {"device_start": -1, "device_end": -1}}, "FFC_sans_bias67": {"write": {"device_start": -1, "host_queued_start": 1585579588.260753, "device_queued": -1, "device_end": -1, "host_queued_end": 1585579588.287739}, "device": "gpu", "nd_range": {"device_start": 1585579523.1670978, "device_end": 1585579523.1775248}, "cmdq": 2, "read": {"device_start": -1, "device_end": -1}}, "FFC_sans_bias24": {"write": {"device_start": -1, "host_queued_start": 1585579588.263175, "device_queued": -1, "device_end": -1, "host_queued_end": 1585579588.287739}, "device": "gpu", "nd_range": {"device_start": 1585579523.1790724, "device_end": 1585579523.1827276}, "cmdq": 2, "read": {"device_start": -1, "device_end": -1}}, "FFC_sans_bias25": {"write": {"device_start": 1585579523.2042952, "host_queued_start": 1585579588.271286, "device_queued": 1585579523.084282, "device_end": 1585579523.2043924, "host_queued_end": 1585579588.287739}, "device": "gpu", "nd_range": {"device_start": 1585579523.204409, "device_end": 1585579523.2144966}, "cmdq": 0, "read": {"device_start": 1585579523.214502, "device_end": 1585579523.2145972}}, "FFC_sans_bias27": {"write": {"device_start": 1585579523.0898693, "host_queued_start": 1585579588.210602, "device_queued": 1585579523.0766788, "device_end": 1585579523.0899718, "host_queued_end": 1585579588.287739}, "device": "gpu", "nd_range": {"device_start": 1585579523.0899787, "device_end": 1585579523.100104}, "cmdq": 1, "read": {"device_start": -1, "device_end": -1}}, "FFC_sans_bias20": {"write": {"device_start": 1585579523.0863903, "host_queued_start": 1585579588.20735, "device_queued": 1585579523.0764441, "device_end": 1585579523.0864925, "host_queued_end": 1585579588.287739}, "device": "gpu", "nd_range": {"device_start": 1585579523.086497, "device_end": 1585579523.0965931}, "cmdq": 0, "read": {"device_start": -1, "device_end": -1}}, "FFC_sans_bias22": {"write": {"device_start": -1, "host_queued_start": 1585579588.259161, "device_queued": -1, "device_end": -1, "host_queued_end": 1585579588.287739}, "device": "gpu", "nd_range": {"device_start": 1585579523.1562092, "device_end": 1585579523.163524}, "cmdq": 0, "read": {"device_start": -1, "device_end": -1}}, "softmax68": {"write": {"device_start": -1, "host_queued_start": 1585579588.262541, "device_queued": -1, "device_end": -1, "host_queued_end": 1585579588.287739}, "device": "gpu", "nd_range": {"device_start": 1585579523.179831, "device_end": 1585579523.1835496}, "cmdq": 0, "read": {"device_start": -1, "device_end": -1}}, "softmax5": {"write": {"device_start": -1, "host_queued_start": 1585579588.304236, "device_queued": -1, "device_end": -1, "host_queued_end": 1585579588.308019}, "device": "cpu", "nd_range": {"device_start": 2247362.644918796, "device_end": 2247362.645542493}, "cmdq": 0, "read": {"device_start": -1, "device_end": -1}}, "FFC_sans_bias28": {"write": {"device_start": 1585579523.102905, "host_queued_start": 1585579588.213874, "device_queued": 1585579523.0768073, "device_end": 1585579523.1032147, "host_queued_end": 1585579588.287739}, "device": "gpu", "nd_range": {"device_start": 1585579523.1032295, "device_end": 1585579523.106877}, "cmdq": 2, "read": {"device_start": -1, "device_end": -1}}, "FFC_sans_bias29": {"write": {"device_start": 1585579523.1032238, "host_queued_start": 1585579588.217168, "device_queued": 1585579523.077152, "device_end": 1585579523.10335, "host_queued_end": 1585579588.287739}, "device": "gpu", "nd_range": {"device_start": 1585579523.1033611, "device_end": 1585579523.1104891}, "cmdq": 0, "read": {"device_start": -1, "device_end": -1}}, "empty17": {"write": {"device_start": 1585579523.072686, "host_queued_start": 1585579588.171198, "device_queued": 1585579523.0723248, "device_end": 1585579523.0728943, "host_queued_end": 1585579588.287739}, "device": "gpu", "nd_range": {"device_start": 1585579523.0728974, "device_end": 1585579523.0729024}, "cmdq": 0, "read": {"device_start": -1, "device_end": -1}}, "softmax59": {"write": {"device_start": -1, "host_queued_start": 1585579588.262276, "device_queued": -1, "device_end": -1, "host_queued_end": 1585579588.287739}, "device": "gpu", "nd_range": {"device_start": 1585579523.1779945, "device_end": 1585579523.1784368}, "cmdq": 2, "read": {"device_start": -1, "device_end": -1}}, "empty71": {"write": {"device_start": 1585579523.0746732, "host_queued_start": 1585579588.187923, "device_queued": 1585579523.0743449, "device_end": 1585579523.074941, "host_queued_end": 1585579588.287739}, "device": "gpu", "nd_range": {"device_start": 1585579523.0749514, "device_end": 1585579523.074956}, "cmdq": 0, "read": {"device_start": -1, "device_end": -1}}, "empty35": {"write": {"device_start": 1585579523.0733821, "host_queued_start": 1585579588.177464, "device_queued": 1585579523.0729218, "device_end": 1585579523.0736923, "host_queued_end": 1585579588.287739}, "device": "gpu", "nd_range": {"device_start": 1585579523.073704, "device_end": 1585579523.0737152}, "cmdq": 2, "read": {"device_start": -1, "device_end": -1}}, "empty53": {"write": {"device_start": 1585579523.0740287, "host_queued_start": 1585579588.182691, "device_queued": 1585579523.0737133, "device_end": 1585579523.074323, "host_queued_end": 1585579588.287739}, "device": "gpu", "nd_range": {"device_start": 1585579523.0743334, "device_end": 1585579523.0743432}, "cmdq": 1, "read": {"device_start": -1, "device_end": -1}}, "FFC_sans_bias46": {"write": {"device_start": 1585579523.117705, "host_queued_start": 1585579588.233443, "device_queued": 1585579523.0782237, "device_end": 1585579523.1178007, "host_queued_end": 1585579588.287739}, "device": "gpu", "nd_range": {"device_start": 1585579523.1178067, "device_end": 1585579523.128057}, "cmdq": 2, "read": {"device_start": -1, "device_end": -1}}, "coalesced_transpose66": {"write": {"device_start": -1, "host_queued_start": 1585579588.258511, "device_queued": -1, "device_end": -1, "host_queued_end": 1585579588.287739}, "device": "gpu", "nd_range": {"device_start": 1585579523.1525962, "device_end": 1585579523.1526356}, "cmdq": 1, "read": {"device_start": -1, "device_end": -1}}, "coalesced_transpose48": {"write": {"device_start": -1, "host_queued_start": 1585579588.257898, "device_queued": -1, "device_end": -1, "host_queued_end": 1585579588.287739}, "device": "gpu", "nd_range": {"device_start": 1585579523.1525736, "device_end": 1585579523.1526158}, "cmdq": 2, "read": {"device_start": -1, "device_end": -1}}}