{"FFC_sans_bias60": {"write": {"device_start": -1, "host_queued_start": 1585579594.485012, "device_queued": -1, "device_end": -1, "host_queued_end": 1585579594.501772}, "device": "gpu", "nd_range": {"device_start": 1585579529.3617418, "device_end": 1585579529.3681529}, "cmdq": 2, "read": {"device_start": -1, "device_end": -1}}, "FFC_sans_bias4": {"write": {"device_start": -1, "host_queued_start": 1585579594.544576, "device_queued": -1, "device_end": -1, "host_queued_end": 1585579594.556922}, "device": "cpu", "nd_range": {"device_start": 2247369.070741394, "device_end": 2247369.112738877}, "cmdq": 0, "read": {"device_start": -1, "device_end": -1}}, "FFC_sans_bias7": {"write": {"device_start": -1, "host_queued_start": 1585579594.550367, "device_queued": -1, "device_end": -1, "host_queued_end": 1585579594.556922}, "device": "cpu", "nd_range": {"device_start": 2247369.302772866, "device_end": 2247369.338586421}, "cmdq": 0, "read": {"device_start": -1, "device_end": -1}}, "FFC_sans_bias6": {"write": {"device_start": -1, "host_queued_start": 1585579594.546446, "device_queued": -1, "device_end": -1, "host_queued_end": 1585579594.556922}, "device": "cpu", "nd_range": {"device_start": 2247369.183230771, "device_end": 2247369.2322556484}, "cmdq": 0, "read": {"device_start": -1, "device_end": -1}}, "FFC_sans_bias1": {"write": {"device_start": -1, "host_queued_start": 1585579594.518645, "device_queued": -1, "device_end": -1, "host_queued_end": 1585579594.556922}, "device": "cpu", "nd_range": {"device_start": 2247368.7802055143, "device_end": 2247368.8159280433}, "cmdq": 0, "read": {"device_start": -1, "device_end": -1}}, "FFC_sans_bias0": {"write": {"device_start": -1, "host_queued_start": 1585579594.514853, "device_queued": -1, "device_end": -1, "host_queued_end": 1585579594.556922}, "device": "cpu", "nd_range": {"device_start": 2247368.746559962, "device_end": 2247368.780176655}, "cmdq": 0, "read": {"device_start": -1, "device_end": -1}}, "FFC_sans_bias2": {"write": {"device_start": -1, "host_queued_start": 1585579594.52213, "device_queued": -1, "device_end": -1, "host_queued_end": 1585579594.556922}, "device": "cpu", "nd_range": {"device_start": 2247368.8159494232, "device_end": 2247368.851676958}, "cmdq": 0, "read": {"device_start": -1, "device_end": -1}}, "FFC_sans_bias61": {"write": {"device_start": 1585579529.378805, "host_queued_start": 1585579594.498397, "device_queued": 1585579529.2953215, "device_end": 1585579529.3788967, "host_queued_end": 1585579594.501772}, "device": "gpu", "nd_range": {"device_start": 1585579529.3789048, "device_end": 1585579529.3876452}, "cmdq": 1, "read": {"device_start": 1585579529.3876543, "device_end": 1585579529.387739}}, "FFC_sans_bias52": {"write": {"device_start": 1585579529.374953, "host_queued_start": 1585579594.495112, "device_queued": 1585579529.2948296, "device_end": 1585579529.3750637, "host_queued_end": 1585579594.501772}, "device": "gpu", "nd_range": {"device_start": 1585579529.3750744, "device_end": 1585579529.3811495}, "cmdq": 0, "read": {"device_start": 1585579529.3811529, "device_end": 1585579529.381242}}, "FFC_sans_bias9": {"write": {"device_start": -1, "host_queued_start": 1585579594.525597, "device_queued": -1, "device_end": -1, "host_queued_end": 1585579594.556922}, "device": "cpu", "nd_range": {"device_start": 2247368.851687318, "device_end": 2247368.8870880813}, "cmdq": 0, "read": {"device_start": -1, "device_end": -1}}, "coalesced_transpose39": {"write": {"device_start": -1, "host_queued_start": 1585579594.480067, "device_queued": -1, "device_end": -1, "host_queued_end": 1585579594.501772}, "device": "gpu", "nd_range": {"device_start": 1585579529.3340976, "device_end": 1585579529.3371396}, "cmdq": 0, "read": {"device_start": -1, "device_end": -1}}, "FFC_sans_bias55": {"write": {"device_start": 1585579529.318205, "host_queued_start": 1585579594.469608, "device_queued": 1585579529.2909133, "device_end": 1585579529.3183055, "host_queued_end": 1585579594.501772}, "device": "gpu", "nd_range": {"device_start": 1585579529.3183107, "device_end": 1585579529.3275714}, "cmdq": 1, "read": {"device_start": -1, "device_end": -1}}, "FFC_sans_bias54": {"write": {"device_start": 1585579529.3149438, "host_queued_start": 1585579594.466314, "device_queued": 1585579529.2906764, "device_end": 1585579529.3150465, "host_queued_end": 1585579594.501772}, "device": "gpu", "nd_range": {"device_start": 1585579529.3150527, "device_end": 1585579529.3243253}, "cmdq": 0, "read": {"device_start": -1, "device_end": -1}}, "FFC_sans_bias56": {"write": {"device_start": 1585579529.3116932, "host_queued_start": 1585579594.463075, "device_queued": 1585579529.2903173, "device_end": 1585579529.3117967, "host_queued_end": 1585579594.501772}, "device": "gpu", "nd_range": {"device_start": 1585579529.311802, "device_end": 1585579529.321074}, "cmdq": 2, "read": {"device_start": -1, "device_end": -1}}, "FFC_sans_bias51": {"write": {"device_start": -1, "host_queued_start": 1585579594.484697, "device_queued": -1, "device_end": -1, "host_queued_end": 1585579594.501772}, "device": "gpu", "nd_range": {"device_start": 1585579529.355047, "device_end": 1585579529.35842}, "cmdq": 1, "read": {"device_start": -1, "device_end": -1}}, "softmax23": {"write": {"device_start": -1, "host_queued_start": 1585579594.546113, "device_queued": -1, "device_end": -1, "host_queued_end": 1585579594.556922}, "device": "cpu", "nd_range": {"device_start": 2247369.182888749, "device_end": 2247369.183224061}, "cmdq": 0, "read": {"device_start": -1, "device_end": -1}}, "FFC_sans_bias37": {"write": {"device_start": 1585579529.295494, "host_queued_start": 1585579594.446515, "device_queued": 1585579529.2892427, "device_end": 1585579529.2955968, "host_queued_end": 1585579594.501772}, "device": "gpu", "nd_range": {"device_start": 1585579529.2956033, "device_end": 1585579529.3047452}, "cmdq": 0, "read": {"device_start": -1, "device_end": -1}}, "empty62": {"write": {"device_start": 1585579529.287617, "host_queued_start": 1585579594.427977, "device_queued": 1585579529.2872894, "device_end": 1585579529.2878835, "host_queued_end": 1585579594.501772}, "device": "gpu", "nd_range": {"device_start": 1585579529.2878885, "device_end": 1585579529.2878933}, "cmdq": 0, "read": {"device_start": -1, "device_end": -1}}, "FFC_sans_bias70": {"write": {"device_start": 1585579529.3784819, "host_queued_start": 1585579594.501654, "device_queued": 1585579529.2951376, "device_end": 1585579529.3785784, "host_queued_end": 1585579594.501772}, "device": "gpu", "nd_range": {"device_start": 1585579529.3785887, "device_end": 1585579529.384436}, "cmdq": 2, "read": {"device_start": 1585579529.3844395, "device_end": 1585579529.3845253}}, "FFC_sans_bias58": {"write": {"device_start": -1, "host_queued_start": 1585579594.482222, "device_queued": -1, "device_end": -1, "host_queued_end": 1585579594.501772}, "device": "gpu", "nd_range": {"device_start": 1585579529.3440056, "device_end": 1585579529.3536808}, "cmdq": 1, "read": {"device_start": -1, "device_end": -1}}, "softmax41": {"write": {"device_start": -1, "host_queued_start": 1585579594.483035, "device_queued": -1, "device_end": -1, "host_queued_end": 1585579594.501772}, "device": "gpu", "nd_range": {"device_start": 1585579529.3536892, "device_end": 1585579529.354098}, "cmdq": 1, "read": {"device_start": -1, "device_end": -1}}, "FFC_sans_bias11": {"write": {"device_start": -1, "host_queued_start": 1585579594.532534, "device_queued": -1, "device_end": -1, "host_queued_end": 1585579594.556922}, "device": "cpu", "nd_range": {"device_start": 2247368.923339798, "device_end": 2247368.9594324753}, "cmdq": 0, "read": {"device_start": -1, "device_end": -1}}, "FFC_sans_bias10": {"write": {"device_start": -1, "host_queued_start": 1585579594.529069, "device_queued": -1, "device_end": -1, "host_queued_end": 1585579594.556922}, "device": "cpu", "nd_range": {"device_start": 2247368.8870990584, "device_end": 2247368.923320476}, "cmdq": 0, "read": {"device_start": -1, "device_end": -1}}, "coalesced_transpose3": {"write": {"device_start": -1, "host_queued_start": 1585579594.543392, "device_queued": -1, "device_end": -1, "host_queued_end": 1585579594.556922}, "device": "cpu", "nd_range": {"device_start": 2247369.069484035, "device_end": 2247369.069936873}, "cmdq": 0, "read": {"device_start": -1, "device_end": -1}}, "FFC_sans_bias34": {"write": {"device_start": 1585579529.3587098, "host_queued_start": 1585579594.488574, "device_queued": 1585579529.294481, "device_end": 1585579529.358804, "host_queued_end": 1585579594.501772}, "device": "gpu", "nd_range": {"device_start": 1585579529.3617516, "device_end": 1585579529.3714373}, "cmdq": 1, "read": {"device_start": 1585579529.3714414, "device_end": 1585579529.3715324}}, "FFC_sans_bias15": {"write": {"device_start": -1, "host_queued_start": 1585579594.546794, "device_queued": -1, "device_end": -1, "host_queued_end": 1585579594.556922}, "device": "cpu", "nd_range": {"device_start": 2247369.232280054, "device_end": 2247369.267338068}, "cmdq": 0, "read": {"device_start": -1, "device_end": -1}}, "FFC_sans_bias31": {"write": {"device_start": -1, "host_queued_start": 1585579594.481279, "device_queued": -1, "device_end": -1, "host_queued_end": 1585579594.501772}, "device": "gpu", "nd_range": {"device_start": 1585579529.3373303, "device_end": 1585579529.3439944}, "cmdq": 1, "read": {"device_start": -1, "device_end": -1}}, "FFC_sans_bias16": {"write": {"device_start": -1, "host_queued_start": 1585579594.55362, "device_queued": -1, "device_end": -1, "host_queued_end": 1585579594.556922}, "device": "cpu", "nd_range": {"device_start": 2247369.338593223, "device_end": 2247369.3728686334}, "cmdq": 0, "read": {"device_start": -1, "device_end": -1}}, "FFC_sans_bias19": {"write": {"device_start": -1, "host_queued_start": 1585579594.539504, "device_queued": -1, "device_end": -1, "host_queued_end": 1585579594.556922}, "device": "cpu", "nd_range": {"device_start": 2247368.9950444843, "device_end": 2247369.034059732}, "cmdq": 0, "read": {"device_start": -1, "device_end": -1}}, "FFC_sans_bias18": {"write": {"device_start": -1, "host_queued_start": 1585579594.536023, "device_queued": -1, "device_end": -1, "host_queued_end": 1585579594.556922}, "device": "cpu", "nd_range": {"device_start": 2247368.959452222, "device_end": 2247368.995033732}, "cmdq": 0, "read": {"device_start": -1, "device_end": -1}}, "coalesced_transpose30": {"write": {"device_start": -1, "host_queued_start": 1585579594.479761, "device_queued": -1, "device_end": -1, "host_queued_end": 1585579594.501772}, "device": "gpu", "nd_range": {"device_start": 1585579529.3308618, "device_end": 1585579529.337105}, "cmdq": 2, "read": {"device_start": -1, "device_end": -1}}, "FFC_sans_bias69": {"write": {"device_start": -1, "host_queued_start": 1585579594.485323, "device_queued": -1, "device_end": -1, "host_queued_end": 1585579594.501772}, "device": "gpu", "nd_range": {"device_start": 1585579529.365035, "device_end": 1585579529.3746653}, "cmdq": 0, "read": {"device_start": -1, "device_end": -1}}, "FFC_sans_bias38": {"write": {"device_start": 1585579529.298735, "host_queued_start": 1585579594.449988, "device_queued": 1585579529.2894735, "device_end": 1585579529.298838, "host_queued_end": 1585579594.501772}, "device": "gpu", "nd_range": {"device_start": 1585579529.2988415, "device_end": 1585579529.3080392}, "cmdq": 1, "read": {"device_start": -1, "device_end": -1}}, "coalesced_transpose57": {"write": {"device_start": -1, "host_queued_start": 1585579594.480666, "device_queued": -1, "device_end": -1, "host_queued_end": 1585579594.501772}, "device": "gpu", "nd_range": {"device_start": 1585579529.337113, "device_end": 1585579529.3371644}, "cmdq": 2, "read": {"device_start": -1, "device_end": -1}}, "empty26": {"write": {"device_start": -1, "host_queued_start": 1585579594.511916, "device_queued": -1, "device_end": -1, "host_queued_end": 1585579594.556922}, "device": "cpu", "nd_range": {"device_start": 2247368.7465532823, "device_end": 2247368.746554113}, "cmdq": 0, "read": {"device_start": -1, "device_end": -1}}, "coalesced_transpose12": {"write": {"device_start": -1, "host_queued_start": 1585579594.543723, "device_queued": -1, "device_end": -1, "host_queued_end": 1585579594.556922}, "device": "cpu", "nd_range": {"device_start": 2247369.069945671, "device_end": 2247369.0703466902}, "cmdq": 0, "read": {"device_start": -1, "device_end": -1}}, "empty44": {"write": {"device_start": 1585579529.2869592, "host_queued_start": 1585579594.422745, "device_queued": 1585579529.2865171, "device_end": 1585579529.287267, "host_queued_end": 1585579594.501772}, "device": "gpu", "nd_range": {"device_start": 1585579529.287271, "device_end": 1585579529.2872756}, "cmdq": 1, "read": {"device_start": -1, "device_end": -1}}, "coalesced_transpose21": {"write": {"device_start": -1, "host_queued_start": 1585579594.544213, "device_queued": -1, "device_end": -1, "host_queued_end": 1585579594.556922}, "device": "cpu", "nd_range": {"device_start": 2247369.070353234, "device_end": 2247369.0707348273}, "cmdq": 0, "read": {"device_start": -1, "device_end": -1}}, "FFC_sans_bias36": {"write": {"device_start": 1585579529.2920547, "host_queued_start": 1585579594.443263, "device_queued": 1585579529.2888474, "device_end": 1585579529.292153, "host_queued_end": 1585579594.501772}, "device": "gpu", "nd_range": {"device_start": 1585579529.2921567, "device_end": 1585579529.3014288}, "cmdq": 2, "read": {"device_start": -1, "device_end": -1}}, "softmax14": {"write": {"device_start": -1, "host_queued_start": 1585579594.545841, "device_queued": -1, "device_end": -1, "host_queued_end": 1585579594.556922}, "device": "cpu", "nd_range": {"device_start": 2247369.1825281833, "device_end": 2247369.182882723}, "cmdq": 0, "read": {"device_start": -1, "device_end": -1}}, "FFC_sans_bias13": {"write": {"device_start": -1, "host_queued_start": 1585579594.544946, "device_queued": -1, "device_end": -1, "host_queued_end": 1585579594.556922}, "device": "cpu", "nd_range": {"device_start": 2247369.112756661, "device_end": 2247369.1481519802}, "cmdq": 0, "read": {"device_start": -1, "device_end": -1}}, "empty8": {"write": {"device_start": -1, "host_queued_start": 1585579594.505854, "device_queued": -1, "device_end": -1, "host_queued_end": 1585579594.556922}, "device": "cpu", "nd_range": {"device_start": 2247368.746507828, "device_end": 2247368.746523181}, "cmdq": 0, "read": {"device_start": -1, "device_end": -1}}, "FFC_sans_bias42": {"write": {"device_start": -1, "host_queued_start": 1585579594.484384, "device_queued": -1, "device_end": -1, "host_queued_end": 1585579594.501772}, "device": "gpu", "nd_range": {"device_start": 1585579529.3557763, "device_end": 1585579529.365027}, "cmdq": 0, "read": {"device_start": -1, "device_end": -1}}, "FFC_sans_bias43": {"write": {"device_start": 1585579529.3684156, "host_queued_start": 1585579594.491846, "device_queued": 1585579529.294322, "device_end": 1585579529.368508, "host_queued_end": 1585579594.501772}, "device": "gpu", "nd_range": {"device_start": 1585579529.3685203, "device_end": 1585579529.3779116}, "cmdq": 2, "read": {"device_start": 1585579529.3779151, "device_end": 1585579529.3780055}}, "FFC_sans_bias40": {"write": {"device_start": -1, "host_queued_start": 1585579594.481594, "device_queued": -1, "device_end": -1, "host_queued_end": 1585579594.501772}, "device": "gpu", "nd_range": {"device_start": 1585579529.3373067, "device_end": 1585579529.3406606}, "cmdq": 2, "read": {"device_start": -1, "device_end": -1}}, "softmax32": {"write": {"device_start": -1, "host_queued_start": 1585579594.482788, "device_queued": -1, "device_end": -1, "host_queued_end": 1585579594.501772}, "device": "gpu", "nd_range": {"device_start": 1585579529.3472621, "device_end": 1585579529.3550284}, "cmdq": 0, "read": {"device_start": -1, "device_end": -1}}, "FFC_sans_bias47": {"write": {"device_start": 1585579529.3084486, "host_queued_start": 1585579594.459825, "device_queued": 1585579529.2901924, "device_end": 1585579529.3085546, "host_queued_end": 1585579594.501772}, "device": "gpu", "nd_range": {"device_start": 1585579529.308562, "device_end": 1585579529.3178022}, "cmdq": 1, "read": {"device_start": -1, "device_end": -1}}, "FFC_sans_bias45": {"write": {"device_start": 1585579529.3018398, "host_queued_start": 1585579594.453242, "device_queued": 1585579529.2895973, "device_end": 1585579529.3019512, "host_queued_end": 1585579594.501772}, "device": "gpu", "nd_range": {"device_start": 1585579529.3019586, "device_end": 1585579529.311281}, "cmdq": 2, "read": {"device_start": -1, "device_end": -1}}, "softmax50": {"write": {"device_start": -1, "host_queued_start": 1585579594.483276, "device_queued": -1, "device_end": -1, "host_queued_end": 1585579594.501772}, "device": "gpu", "nd_range": {"device_start": 1585579529.3504329, "device_end": 1585579529.3550258}, "cmdq": 2, "read": {"device_start": -1, "device_end": -1}}, "FFC_sans_bias33": {"write": {"device_start": -1, "host_queued_start": 1585579594.484075, "device_queued": -1, "device_end": -1, "host_queued_end": 1585579594.501772}, "device": "gpu", "nd_range": {"device_start": 1585579529.3550572, "device_end": 1585579529.361733}, "cmdq": 2, "read": {"device_start": -1, "device_end": -1}}, "FFC_sans_bias63": {"write": {"device_start": 1585579529.3279843, "host_queued_start": 1585579594.479405, "device_queued": 1585579529.2916098, "device_end": 1585579529.3280861, "host_queued_end": 1585579594.501772}, "device": "gpu", "nd_range": {"device_start": 1585579529.328092, "device_end": 1585579529.3372893}, "cmdq": 1, "read": {"device_start": -1, "device_end": -1}}, "FFC_sans_bias49": {"write": {"device_start": -1, "host_queued_start": 1585579594.481908, "device_queued": -1, "device_end": -1, "host_queued_end": 1585579594.501772}, "device": "gpu", "nd_range": {"device_start": 1585579529.337343, "device_end": 1585579529.3472536}, "cmdq": 0, "read": {"device_start": -1, "device_end": -1}}, "FFC_sans_bias64": {"write": {"device_start": 1585579529.321521, "host_queued_start": 1585579594.472863, "device_queued": 1585579529.2910376, "device_end": 1585579529.3216221, "host_queued_end": 1585579594.501772}, "device": "gpu", "nd_range": {"device_start": 1585579529.3216295, "device_end": 1585579529.3308604}, "cmdq": 2, "read": {"device_start": -1, "device_end": -1}}, "FFC_sans_bias65": {"write": {"device_start": 1585579529.3247125, "host_queued_start": 1585579594.47611, "device_queued": 1585579529.291378, "device_end": 1585579529.3248131, "host_queued_end": 1585579594.501772}, "device": "gpu", "nd_range": {"device_start": 1585579529.3248174, "device_end": 1585579529.3340955}, "cmdq": 0, "read": {"device_start": -1, "device_end": -1}}, "FFC_sans_bias67": {"write": {"device_start": -1, "host_queued_start": 1585579594.482531, "device_queued": -1, "device_end": -1, "host_queued_end": 1585579594.501772}, "device": "gpu", "nd_range": {"device_start": 1585579529.3406687, "device_end": 1585579529.3504245}, "cmdq": 2, "read": {"device_start": -1, "device_end": -1}}, "FFC_sans_bias24": {"write": {"device_start": -1, "host_queued_start": 1585579594.547136, "device_queued": -1, "device_end": -1, "host_queued_end": 1585579594.556922}, "device": "cpu", "nd_range": {"device_start": 2247369.2673575343, "device_end": 2247369.302752533}, "cmdq": 0, "read": {"device_start": -1, "device_end": -1}}, "FFC_sans_bias25": {"write": {"device_start": -1, "host_queued_start": 1585579594.556867, "device_queued": -1, "device_end": -1, "host_queued_end": 1585579594.556922}, "device": "cpu", "nd_range": {"device_start": 2247369.3728748313, "device_end": 2247369.407159234}, "cmdq": 0, "read": {"device_start": -1, "device_end": -1}}, "FFC_sans_bias27": {"write": {"device_start": 1585579529.2882297, "host_queued_start": 1585579594.43335, "device_queued": 1585579529.287905, "device_end": 1585579529.288327, "host_queued_end": 1585579594.501772}, "device": "gpu", "nd_range": {"device_start": 1585579529.2883358, "device_end": 1585579529.291692}, "cmdq": 2, "read": {"device_start": -1, "device_end": -1}}, "FFC_sans_bias20": {"write": {"device_start": -1, "host_queued_start": 1585579594.542927, "device_queued": -1, "device_end": -1, "host_queued_end": 1585579594.556922}, "device": "cpu", "nd_range": {"device_start": 2247369.034070141, "device_end": 2247369.069474987}, "cmdq": 0, "read": {"device_start": -1, "device_end": -1}}, "FFC_sans_bias22": {"write": {"device_start": -1, "host_queued_start": 1585579594.545293, "device_queued": -1, "device_end": -1, "host_queued_end": 1585579594.556922}, "device": "cpu", "nd_range": {"device_start": 2247369.148173892, "device_end": 2247369.1821192163}, "cmdq": 0, "read": {"device_start": -1, "device_end": -1}}, "softmax68": {"write": {"device_start": -1, "host_queued_start": 1585579594.483762, "device_queued": -1, "device_end": -1, "host_queued_end": 1585579594.501772}, "device": "gpu", "nd_range": {"device_start": 1585579529.354106, "device_end": 1585579529.3545148}, "cmdq": 1, "read": {"device_start": -1, "device_end": -1}}, "softmax5": {"write": {"device_start": -1, "host_queued_start": 1585579594.545571, "device_queued": -1, "device_end": -1, "host_queued_end": 1585579594.556922}, "device": "cpu", "nd_range": {"device_start": 2247369.182127837, "device_end": 2247369.1825198443}, "cmdq": 0, "read": {"device_start": -1, "device_end": -1}}, "FFC_sans_bias28": {"write": {"device_start": 1585579529.2886243, "host_queued_start": 1585579594.436636, "device_queued": 1585579529.2883785, "device_end": 1585579529.2888348, "host_queued_end": 1585579594.501772}, "device": "gpu", "nd_range": {"device_start": 1585579529.2888384, "device_end": 1585579529.2950313}, "cmdq": 0, "read": {"device_start": -1, "device_end": -1}}, "FFC_sans_bias29": {"write": {"device_start": 1585579529.2889173, "host_queued_start": 1585579594.439957, "device_queued": 1585579529.2886295, "device_end": 1585579529.2890148, "host_queued_end": 1585579594.501772}, "device": "gpu", "nd_range": {"device_start": 1585579529.2890346, "device_end": 1585579529.2983587}, "cmdq": 1, "read": {"device_start": -1, "device_end": -1}}, "empty17": {"write": {"device_start": -1, "host_queued_start": 1585579594.508857, "device_queued": -1, "device_end": -1, "host_queued_end": 1585579594.556922}, "device": "cpu", "nd_range": {"device_start": 2247368.7465464883, "device_end": 2247368.7465481563}, "cmdq": 0, "read": {"device_start": -1, "device_end": -1}}, "softmax59": {"write": {"device_start": -1, "host_queued_start": 1585579594.483515, "device_queued": -1, "device_end": -1, "host_queued_end": 1585579594.501772}, "device": "gpu", "nd_range": {"device_start": 1585579529.3550367, "device_end": 1585579529.355768}, "cmdq": 0, "read": {"device_start": -1, "device_end": -1}}, "empty71": {"write": {"device_start": 1585579529.2879224, "host_queued_start": 1585579594.430528, "device_queued": 1585579529.2875967, "device_end": 1585579529.28822, "host_queued_end": 1585579594.501772}, "device": "gpu", "nd_range": {"device_start": 1585579529.2882307, "device_end": 1585579529.288241}, "cmdq": 1, "read": {"device_start": -1, "device_end": -1}}, "empty35": {"write": {"device_start": 1585579529.2865794, "host_queued_start": 1585579594.419315, "device_queued": 1585579529.2861803, "device_end": 1585579529.2868154, "host_queued_end": 1585579594.501772}, "device": "gpu", "nd_range": {"device_start": 1585579529.2868257, "device_end": 1585579529.2868307}, "cmdq": 0, "read": {"device_start": -1, "device_end": -1}}, "empty53": {"write": {"device_start": 1585579529.2872887, "host_queued_start": 1585579594.425353, "device_queued": 1585579529.2868392, "device_end": 1585579529.2875724, "host_queued_end": 1585579594.501772}, "device": "gpu", "nd_range": {"device_start": 1585579529.2875757, "device_end": 1585579529.2875824}, "cmdq": 2, "read": {"device_start": -1, "device_end": -1}}, "FFC_sans_bias46": {"write": {"device_start": 1585579529.3051012, "host_queued_start": 1585579594.456541, "device_queued": 1585579529.289957, "device_end": 1585579529.3052135, "host_queued_end": 1585579594.501772}, "device": "gpu", "nd_range": {"device_start": 1585579529.3052197, "device_end": 1585579529.3145287}, "cmdq": 0, "read": {"device_start": -1, "device_end": -1}}, "coalesced_transpose66": {"write": {"device_start": -1, "host_queued_start": 1585579594.480967, "device_queued": -1, "device_end": -1, "host_queued_end": 1585579594.501772}, "device": "gpu", "nd_range": {"device_start": 1585579529.3371472, "device_end": 1585579529.3371866}, "cmdq": 0, "read": {"device_start": -1, "device_end": -1}}, "coalesced_transpose48": {"write": {"device_start": -1, "host_queued_start": 1585579594.480363, "device_queued": -1, "device_end": -1, "host_queued_end": 1585579594.501772}, "device": "gpu", "nd_range": {"device_start": 1585579529.3372955, "device_end": 1585579529.3373208}, "cmdq": 1, "read": {"device_start": -1, "device_end": -1}}}