{"FFC_sans_bias60": {"write": {"device_start": -1, "host_queued_start": 1585579527.712966, "device_queued": -1, "device_end": -1, "host_queued_end": 1585579527.729694}, "device": "gpu", "nd_range": {"device_start": 1585579462.5911455, "device_end": 1585579462.597617}, "cmdq": 0, "read": {"device_start": -1, "device_end": -1}}, "FFC_sans_bias4": {"write": {"device_start": -1, "host_queued_start": 1585579527.772605, "device_queued": -1, "device_end": -1, "host_queued_end": 1585579527.78521}, "device": "cpu", "nd_range": {"device_start": 2247302.3046292313, "device_end": 2247302.3657666342}, "cmdq": 3, "read": {"device_start": -1, "device_end": -1}}, "FFC_sans_bias7": {"write": {"device_start": -1, "host_queued_start": 1585579527.778651, "device_queued": -1, "device_end": -1, "host_queued_end": 1585579527.78521}, "device": "cpu", "nd_range": {"device_start": 2247302.4919352513, "device_end": 2247302.597542187}, "cmdq": 0, "read": {"device_start": -1, "device_end": -1}}, "FFC_sans_bias6": {"write": {"device_start": -1, "host_queued_start": 1585579527.774502, "device_queued": -1, "device_end": -1, "host_queued_end": 1585579527.78521}, "device": "cpu", "nd_range": {"device_start": 2247302.403761697, "device_end": 2247302.4916766123}, "cmdq": 1, "read": {"device_start": -1, "device_end": -1}}, "FFC_sans_bias1": {"write": {"device_start": -1, "host_queued_start": 1585579527.746723, "device_queued": -1, "device_end": -1, "host_queued_end": 1585579527.78521}, "device": "cpu", "nd_range": {"device_start": 2247301.974848239, "device_end": 2247302.105776686}, "cmdq": 0, "read": {"device_start": -1, "device_end": -1}}, "FFC_sans_bias0": {"write": {"device_start": -1, "host_queued_start": 1585579527.74304, "device_queued": -1, "device_end": -1, "host_queued_end": 1585579527.78521}, "device": "cpu", "nd_range": {"device_start": 2247301.974889485, "device_end": 2247302.099349623}, "cmdq": 3, "read": {"device_start": -1, "device_end": -1}}, "FFC_sans_bias2": {"write": {"device_start": -1, "host_queued_start": 1585579527.750177, "device_queued": -1, "device_end": -1, "host_queued_end": 1585579527.78521}, "device": "cpu", "nd_range": {"device_start": 2247301.974845877, "device_end": 2247302.2038389}, "cmdq": 1, "read": {"device_start": -1, "device_end": -1}}, "FFC_sans_bias61": {"write": {"device_start": 1585579462.6079679, "host_queued_start": 1585579527.726314, "device_queued": 1585579462.524694, "device_end": 1585579462.608064, "host_queued_end": 1585579527.729694}, "device": "gpu", "nd_range": {"device_start": 1585579462.608075, "device_end": 1585579462.6138594}, "cmdq": 1, "read": {"device_start": 1585579462.6138682, "device_end": 1585579462.6139588}}, "FFC_sans_bias52": {"write": {"device_start": 1585579462.604764, "host_queued_start": 1585579527.723008, "device_queued": 1585579462.5244493, "device_end": 1585579462.604873, "host_queued_end": 1585579527.729694}, "device": "gpu", "nd_range": {"device_start": 1585579462.6048832, "device_end": 1585579462.6106758}, "cmdq": 0, "read": {"device_start": 1585579462.6106799, "device_end": 1585579462.6107757}}, "FFC_sans_bias9": {"write": {"device_start": -1, "host_queued_start": 1585579527.753624, "device_queued": -1, "device_end": -1, "host_queued_end": 1585579527.78521}, "device": "cpu", "nd_range": {"device_start": 2247301.9753440283, "device_end": 2247302.1012162473}, "cmdq": 2, "read": {"device_start": -1, "device_end": -1}}, "coalesced_transpose39": {"write": {"device_start": -1, "host_queued_start": 1585579527.707884, "device_queued": -1, "device_end": -1, "host_queued_end": 1585579527.729694}, "device": "gpu", "nd_range": {"device_start": 1585579462.5671036, "device_end": 1585579462.5671248}, "cmdq": 1, "read": {"device_start": -1, "device_end": -1}}, "FFC_sans_bias55": {"write": {"device_start": 1585579462.55117, "host_queued_start": 1585579527.697389, "device_queued": 1585579462.5205536, "device_end": 1585579462.5512743, "host_queued_end": 1585579527.729694}, "device": "gpu", "nd_range": {"device_start": 1585579462.5512788, "device_end": 1585579462.55732}, "cmdq": 0, "read": {"device_start": -1, "device_end": -1}}, "FFC_sans_bias54": {"write": {"device_start": 1585579462.5479572, "host_queued_start": 1585579527.694142, "device_queued": 1585579462.5203319, "device_end": 1585579462.5480614, "host_queued_end": 1585579527.729694}, "device": "gpu", "nd_range": {"device_start": 1585579462.5480676, "device_end": 1585579462.5540595}, "cmdq": 1, "read": {"device_start": -1, "device_end": -1}}, "FFC_sans_bias56": {"write": {"device_start": 1585579462.5446732, "host_queued_start": 1585579527.690913, "device_queued": 1585579462.5200887, "device_end": 1585579462.5447752, "host_queued_end": 1585579527.729694}, "device": "gpu", "nd_range": {"device_start": 1585579462.5447798, "device_end": 1585579462.5507894}, "cmdq": 0, "read": {"device_start": -1, "device_end": -1}}, "FFC_sans_bias51": {"write": {"device_start": -1, "host_queued_start": 1585579527.712644, "device_queued": -1, "device_end": -1, "host_queued_end": 1585579527.729694}, "device": "gpu", "nd_range": {"device_start": 1585579462.5878227, "device_end": 1585579462.5944266}, "cmdq": 1, "read": {"device_start": -1, "device_end": -1}}, "softmax23": {"write": {"device_start": -1, "host_queued_start": 1585579527.774162, "device_queued": -1, "device_end": -1, "host_queued_end": 1585579527.78521}, "device": "cpu", "nd_range": {"device_start": 2247302.426702524, "device_end": 2247302.4276803574}, "cmdq": 0, "read": {"device_start": -1, "device_end": -1}}, "FFC_sans_bias37": {"write": {"device_start": 1585579462.528355, "host_queued_start": 1585579527.674355, "device_queued": 1585579462.5189142, "device_end": 1585579462.5284598, "host_queued_end": 1585579527.729694}, "device": "gpu", "nd_range": {"device_start": 1585579462.5284653, "device_end": 1585579462.5344958}, "cmdq": 1, "read": {"device_start": -1, "device_end": -1}}, "empty62": {"write": {"device_start": 1585579462.5172954, "host_queued_start": 1585579527.65587, "device_queued": 1585579462.5169065, "device_end": 1585579462.5175536, "host_queued_end": 1585579527.729694}, "device": "gpu", "nd_range": {"device_start": 1585579462.5175598, "device_end": 1585579462.5175638}, "cmdq": 1, "read": {"device_start": -1, "device_end": -1}}, "FFC_sans_bias70": {"write": {"device_start": 1585579462.6112356, "host_queued_start": 1585579527.72958, "device_queued": 1585579462.5251994, "device_end": 1585579462.611332, "host_queued_end": 1585579527.729694}, "device": "gpu", "nd_range": {"device_start": 1585579462.6113415, "device_end": 1585579462.617101}, "cmdq": 0, "read": {"device_start": 1585579462.6171043, "device_end": 1585579462.6171947}}, "FFC_sans_bias58": {"write": {"device_start": -1, "host_queued_start": 1585579527.710083, "device_queued": -1, "device_end": -1, "host_queued_end": 1585579527.729694}, "device": "gpu", "nd_range": {"device_start": 1585579462.5705135, "device_end": 1585579462.5770907}, "cmdq": 0, "read": {"device_start": -1, "device_end": -1}}, "softmax41": {"write": {"device_start": -1, "host_queued_start": 1585579527.710939, "device_queued": -1, "device_end": -1, "host_queued_end": 1585579527.729694}, "device": "gpu", "nd_range": {"device_start": 1585579462.5836146, "device_end": 1585579462.5840282}, "cmdq": 1, "read": {"device_start": -1, "device_end": -1}}, "FFC_sans_bias11": {"write": {"device_start": -1, "host_queued_start": 1585579527.760515, "device_queued": -1, "device_end": -1, "host_queued_end": 1585579527.78521}, "device": "cpu", "nd_range": {"device_start": 2247302.105978282, "device_end": 2247302.236227347}, "cmdq": 0, "read": {"device_start": -1, "device_end": -1}}, "FFC_sans_bias10": {"write": {"device_start": -1, "host_queued_start": 1585579527.757075, "device_queued": -1, "device_end": -1, "host_queued_end": 1585579527.78521}, "device": "cpu", "nd_range": {"device_start": 2247302.099595283, "device_end": 2247302.224414532}, "cmdq": 3, "read": {"device_start": -1, "device_end": -1}}, "coalesced_transpose3": {"write": {"device_start": -1, "host_queued_start": 1585579527.771346, "device_queued": -1, "device_end": -1, "host_queued_end": 1585579527.78521}, "device": "cpu", "nd_range": {"device_start": 2247302.236529443, "device_end": 2247302.237607655}, "cmdq": 0, "read": {"device_start": -1, "device_end": -1}}, "FFC_sans_bias34": {"write": {"device_start": 1585579462.5979307, "host_queued_start": 1585579527.716492, "device_queued": 1585579462.5238924, "device_end": 1585579462.5980346, "host_queued_end": 1585579527.729694}, "device": "gpu", "nd_range": {"device_start": 1585579462.598045, "device_end": 1585579462.6041343}, "cmdq": 0, "read": {"device_start": 1585579462.6041422, "device_end": 1585579462.604256}}, "FFC_sans_bias15": {"write": {"device_start": -1, "host_queued_start": 1585579527.774853, "device_queued": -1, "device_end": -1, "host_queued_end": 1585579527.78521}, "device": "cpu", "nd_range": {"device_start": 2247302.487972366, "device_end": 2247302.574628159}, "cmdq": 2, "read": {"device_start": -1, "device_end": -1}}, "FFC_sans_bias31": {"write": {"device_start": -1, "host_queued_start": 1585579527.709124, "device_queued": -1, "device_end": -1, "host_queued_end": 1585579527.729694}, "device": "gpu", "nd_range": {"device_start": 1585579462.5671642, "device_end": 1585579462.5738487}, "cmdq": 1, "read": {"device_start": -1, "device_end": -1}}, "FFC_sans_bias16": {"write": {"device_start": -1, "host_queued_start": 1585579527.781876, "device_queued": -1, "device_end": -1, "host_queued_end": 1585579527.78521}, "device": "cpu", "nd_range": {"device_start": 2247302.584203428, "device_end": 2247302.67175687}, "cmdq": 1, "read": {"device_start": -1, "device_end": -1}}, "FFC_sans_bias19": {"write": {"device_start": -1, "host_queued_start": 1585579527.767418, "device_queued": -1, "device_end": -1, "host_queued_end": 1585579527.78521}, "device": "cpu", "nd_range": {"device_start": 2247302.101234233, "device_end": 2247302.252674682}, "cmdq": 2, "read": {"device_start": -1, "device_end": -1}}, "FFC_sans_bias18": {"write": {"device_start": -1, "host_queued_start": 1585579527.763969, "device_queued": -1, "device_end": -1, "host_queued_end": 1585579527.78521}, "device": "cpu", "nd_range": {"device_start": 2247302.203875604, "device_end": 2247302.310884553}, "cmdq": 1, "read": {"device_start": -1, "device_end": -1}}, "coalesced_transpose30": {"write": {"device_start": -1, "host_queued_start": 1585579527.707575, "device_queued": -1, "device_end": -1, "host_queued_end": 1585579527.729694}, "device": "gpu", "nd_range": {"device_start": 1585579462.5638618, "device_end": 1585579462.566893}, "cmdq": 0, "read": {"device_start": -1, "device_end": -1}}, "FFC_sans_bias69": {"write": {"device_start": -1, "host_queued_start": 1585579527.713285, "device_queued": -1, "device_end": -1, "host_queued_end": 1585579527.729694}, "device": "gpu", "nd_range": {"device_start": 1585579462.5944352, "device_end": 1585579462.600848}, "cmdq": 1, "read": {"device_start": -1, "device_end": -1}}, "FFC_sans_bias38": {"write": {"device_start": 1585579462.5315835, "host_queued_start": 1585579527.67784, "device_queued": 1585579462.519149, "device_end": 1585579462.5316987, "host_queued_end": 1585579527.729694}, "device": "gpu", "nd_range": {"device_start": 1585579462.5317054, "device_end": 1585579462.5377736}, "cmdq": 0, "read": {"device_start": -1, "device_end": -1}}, "coalesced_transpose57": {"write": {"device_start": -1, "host_queued_start": 1585579527.7085, "device_queued": -1, "device_end": -1, "host_queued_end": 1585579527.729694}, "device": "gpu", "nd_range": {"device_start": 1585579462.5671318, "device_end": 1585579462.5671554}, "cmdq": 1, "read": {"device_start": -1, "device_end": -1}}, "empty26": {"write": {"device_start": -1, "host_queued_start": 1585579527.739846, "device_queued": -1, "device_end": -1, "host_queued_end": 1585579527.78521}, "device": "cpu", "nd_range": {"device_start": 2247301.9750375343, "device_end": 2247301.975041267}, "cmdq": 2, "read": {"device_start": -1, "device_end": -1}}, "coalesced_transpose12": {"write": {"device_start": -1, "host_queued_start": 1585579527.771684, "device_queued": -1, "device_end": -1, "host_queued_end": 1585579527.78521}, "device": "cpu", "nd_range": {"device_start": 2247302.3108958392, "device_end": 2247302.3137966353}, "cmdq": 1, "read": {"device_start": -1, "device_end": -1}}, "empty44": {"write": {"device_start": 1585579462.516635, "host_queued_start": 1585579527.650649, "device_queued": 1585579462.5162616, "device_end": 1585579462.5168812, "host_queued_end": 1585579527.729694}, "device": "gpu", "nd_range": {"device_start": 1585579462.516885, "device_end": 1585579462.5168922}, "cmdq": 1, "read": {"device_start": -1, "device_end": -1}}, "coalesced_transpose21": {"write": {"device_start": -1, "host_queued_start": 1585579527.772243, "device_queued": -1, "device_end": -1, "host_queued_end": 1585579527.78521}, "device": "cpu", "nd_range": {"device_start": 2247302.252697323, "device_end": 2247302.2537904433}, "cmdq": 2, "read": {"device_start": -1, "device_end": -1}}, "FFC_sans_bias36": {"write": {"device_start": 1585579462.5250702, "host_queued_start": 1585579527.671111, "device_queued": 1585579462.5186787, "device_end": 1585579462.5251803, "host_queued_end": 1585579527.729694}, "device": "gpu", "nd_range": {"device_start": 1585579462.5251863, "device_end": 1585579462.5311944}, "cmdq": 0, "read": {"device_start": -1, "device_end": -1}}, "softmax14": {"write": {"device_start": -1, "host_queued_start": 1585579527.773885, "device_queued": -1, "device_end": -1, "host_queued_end": 1585579527.78521}, "device": "cpu", "nd_range": {"device_start": 2247302.427691482, "device_end": 2247302.428643914}, "cmdq": 3, "read": {"device_start": -1, "device_end": -1}}, "FFC_sans_bias13": {"write": {"device_start": -1, "host_queued_start": 1585579527.772978, "device_queued": -1, "device_end": -1, "host_queued_end": 1585579527.78521}, "device": "cpu", "nd_range": {"device_start": 2247302.336971252, "device_end": 2247302.426677703}, "cmdq": 0, "read": {"device_start": -1, "device_end": -1}}, "empty8": {"write": {"device_start": -1, "host_queued_start": 1585579527.733671, "device_queued": -1, "device_end": -1, "host_queued_end": 1585579527.78521}, "device": "cpu", "nd_range": {"device_start": 2247301.974809032, "device_end": 2247301.974822082}, "cmdq": 0, "read": {"device_start": -1, "device_end": -1}}, "FFC_sans_bias42": {"write": {"device_start": -1, "host_queued_start": 1585579527.712321, "device_queued": -1, "device_end": -1, "host_queued_end": 1585579527.729694}, "device": "gpu", "nd_range": {"device_start": 1585579462.584687, "device_end": 1585579462.5911367}, "cmdq": 0, "read": {"device_start": -1, "device_end": -1}}, "FFC_sans_bias43": {"write": {"device_start": 1585579462.6011226, "host_queued_start": 1585579527.719739, "device_queued": 1585579462.5241325, "device_end": 1585579462.6012247, "host_queued_end": 1585579527.729694}, "device": "gpu", "nd_range": {"device_start": 1585579462.601236, "device_end": 1585579462.6073945}, "cmdq": 1, "read": {"device_start": 1585579462.6073978, "device_end": 1585579462.607495}}, "FFC_sans_bias40": {"write": {"device_start": -1, "host_queued_start": 1585579527.709446, "device_queued": -1, "device_end": -1, "host_queued_end": 1585579527.729694}, "device": "gpu", "nd_range": {"device_start": 1585579462.5671437, "device_end": 1585579462.5705047}, "cmdq": 0, "read": {"device_start": -1, "device_end": -1}}, "softmax32": {"write": {"device_start": -1, "host_queued_start": 1585579527.710691, "device_queued": -1, "device_end": -1, "host_queued_end": 1585579527.729694}, "device": "gpu", "nd_range": {"device_start": 1585579462.5770993, "device_end": 1585579462.5809603}, "cmdq": 0, "read": {"device_start": -1, "device_end": -1}}, "FFC_sans_bias47": {"write": {"device_start": 1585579462.5413978, "host_queued_start": 1585579527.687645, "device_queued": 1585579462.519864, "device_end": 1585579462.5415025, "host_queued_end": 1585579527.729694}, "device": "gpu", "nd_range": {"device_start": 1585579462.541509, "device_end": 1585579462.5475738}, "cmdq": 1, "read": {"device_start": -1, "device_end": -1}}, "FFC_sans_bias45": {"write": {"device_start": 1585579462.5348632, "host_queued_start": 1585579527.68109, "device_queued": 1585579462.519381, "device_end": 1585579462.5349665, "host_queued_end": 1585579527.729694}, "device": "gpu", "nd_range": {"device_start": 1585579462.534971, "device_end": 1585579462.5410163}, "cmdq": 1, "read": {"device_start": -1, "device_end": -1}}, "softmax50": {"write": {"device_start": -1, "host_queued_start": 1585579527.71119, "device_queued": -1, "device_end": -1, "host_queued_end": 1585579527.729694}, "device": "gpu", "nd_range": {"device_start": 1585579462.580969, "device_end": 1585579462.5841532}, "cmdq": 0, "read": {"device_start": -1, "device_end": -1}}, "FFC_sans_bias33": {"write": {"device_start": -1, "host_queued_start": 1585579527.711995, "device_queued": -1, "device_end": -1, "host_queued_end": 1585579527.729694}, "device": "gpu", "nd_range": {"device_start": 1585579462.5844579, "device_end": 1585579462.5878136}, "cmdq": 1, "read": {"device_start": -1, "device_end": -1}}, "FFC_sans_bias63": {"write": {"device_start": 1585579462.5609345, "host_queued_start": 1585579527.707213, "device_queued": 1585579462.5212462, "device_end": 1585579462.5610368, "host_queued_end": 1585579527.729694}, "device": "gpu", "nd_range": {"device_start": 1585579462.5610476, "device_end": 1585579462.5671017}, "cmdq": 1, "read": {"device_start": -1, "device_end": -1}}, "FFC_sans_bias49": {"write": {"device_start": -1, "host_queued_start": 1585579527.709763, "device_queued": -1, "device_end": -1, "host_queued_end": 1585579527.729694}, "device": "gpu", "nd_range": {"device_start": 1585579462.5738578, "device_end": 1585579462.5802624}, "cmdq": 1, "read": {"device_start": -1, "device_end": -1}}, "FFC_sans_bias64": {"write": {"device_start": 1585579462.5544322, "host_queued_start": 1585579527.700645, "device_queued": 1585579462.5207834, "device_end": 1585579462.5545356, "host_queued_end": 1585579527.729694}, "device": "gpu", "nd_range": {"device_start": 1585579462.5545409, "device_end": 1585579462.5605783}, "cmdq": 1, "read": {"device_start": -1, "device_end": -1}}, "FFC_sans_bias65": {"write": {"device_start": 1585579462.5577242, "host_queued_start": 1585579527.70393, "device_queued": 1585579462.5210152, "device_end": 1585579462.5578258, "host_queued_end": 1585579527.729694}, "device": "gpu", "nd_range": {"device_start": 1585579462.5578308, "device_end": 1585579462.5638597}, "cmdq": 0, "read": {"device_start": -1, "device_end": -1}}, "FFC_sans_bias67": {"write": {"device_start": -1, "host_queued_start": 1585579527.710406, "device_queued": -1, "device_end": -1, "host_queued_end": 1585579527.729694}, "device": "gpu", "nd_range": {"device_start": 1585579462.5802703, "device_end": 1585579462.5836065}, "cmdq": 1, "read": {"device_start": -1, "device_end": -1}}, "FFC_sans_bias24": {"write": {"device_start": -1, "host_queued_start": 1585579527.775339, "device_queued": -1, "device_end": -1, "host_queued_end": 1585579527.78521}, "device": "cpu", "nd_range": {"device_start": 2247302.428658491, "device_end": 2247302.526165989}, "cmdq": 3, "read": {"device_start": -1, "device_end": -1}}, "FFC_sans_bias25": {"write": {"device_start": -1, "host_queued_start": 1585579527.785154, "device_queued": -1, "device_end": -1, "host_queued_end": 1585579527.78521}, "device": "cpu", "nd_range": {"device_start": 2247302.5840199334, "device_end": 2247302.666752846}, "cmdq": 2, "read": {"device_start": -1, "device_end": -1}}, "FFC_sans_bias27": {"write": {"device_start": 1585579462.517925, "host_queued_start": 1585579527.661238, "device_queued": 1585579462.5175745, "device_end": 1585579462.518022, "host_queued_end": 1585579527.729694}, "device": "gpu", "nd_range": {"device_start": 1585579462.5180295, "device_end": 1585579462.521385}, "cmdq": 1, "read": {"device_start": -1, "device_end": -1}}, "FFC_sans_bias20": {"write": {"device_start": -1, "host_queued_start": 1585579527.770874, "device_queued": -1, "device_end": -1, "host_queued_end": 1585579527.78521}, "device": "cpu", "nd_range": {"device_start": 2247302.224439157, "device_end": 2247302.304430278}, "cmdq": 3, "read": {"device_start": -1, "device_end": -1}}, "FFC_sans_bias22": {"write": {"device_start": -1, "host_queued_start": 1585579527.773327, "device_queued": -1, "device_end": -1, "host_queued_end": 1585579527.78521}, "device": "cpu", "nd_range": {"device_start": 2247302.313811631, "device_end": 2247302.4037489602}, "cmdq": 1, "read": {"device_start": -1, "device_end": -1}}, "softmax68": {"write": {"device_start": -1, "host_queued_start": 1585579527.711681, "device_queued": -1, "device_end": -1, "host_queued_end": 1585579527.729694}, "device": "gpu", "nd_range": {"device_start": 1585579462.5841615, "device_end": 1585579462.5846784}, "cmdq": 0, "read": {"device_start": -1, "device_end": -1}}, "softmax5": {"write": {"device_start": -1, "host_queued_start": 1585579527.773609, "device_queued": -1, "device_end": -1, "host_queued_end": 1585579527.78521}, "device": "cpu", "nd_range": {"device_start": 2247302.3818050493, "device_end": 2247302.382753733}, "cmdq": 2, "read": {"device_start": -1, "device_end": -1}}, "FFC_sans_bias28": {"write": {"device_start": 1585579462.5183353, "host_queued_start": 1585579527.664569, "device_queued": 1585579462.5180817, "device_end": 1585579462.51843, "host_queued_end": 1585579527.729694}, "device": "gpu", "nd_range": {"device_start": 1585579462.518433, "device_end": 1585579462.5246997}, "cmdq": 0, "read": {"device_start": -1, "device_end": -1}}, "FFC_sans_bias29": {"write": {"device_start": 1585579462.5217164, "host_queued_start": 1585579527.667845, "device_queued": 1585579462.5184402, "device_end": 1585579462.5218155, "host_queued_end": 1585579527.729694}, "device": "gpu", "nd_range": {"device_start": 1585579462.5218184, "device_end": 1585579462.5279706}, "cmdq": 1, "read": {"device_start": -1, "device_end": -1}}, "empty17": {"write": {"device_start": -1, "host_queued_start": 1585579527.736731, "device_queued": -1, "device_end": -1, "host_queued_end": 1585579527.78521}, "device": "cpu", "nd_range": {"device_start": 2247301.974808678, "device_end": 2247301.974822091}, "cmdq": 1, "read": {"device_start": -1, "device_end": -1}}, "softmax59": {"write": {"device_start": -1, "host_queued_start": 1585579527.711437, "device_queued": -1, "device_end": -1, "host_queued_end": 1585579527.729694}, "device": "gpu", "nd_range": {"device_start": 1585579462.584037, "device_end": 1585579462.5844486}, "cmdq": 1, "read": {"device_start": -1, "device_end": -1}}, "empty71": {"write": {"device_start": 1585579462.5176198, "host_queued_start": 1585579527.658456, "device_queued": 1585579462.5172887, "device_end": 1585579462.5178938, "host_queued_end": 1585579527.729694}, "device": "gpu", "nd_range": {"device_start": 1585579462.517904, "device_end": 1585579462.517908}, "cmdq": 0, "read": {"device_start": -1, "device_end": -1}}, "empty35": {"write": {"device_start": 1585579462.5162733, "host_queued_start": 1585579527.647321, "device_queued": 1585579462.5159032, "device_end": 1585579462.5164738, "host_queued_end": 1585579527.729694}, "device": "gpu", "nd_range": {"device_start": 1585579462.516484, "device_end": 1585579462.5164902}, "cmdq": 0, "read": {"device_start": -1, "device_end": -1}}, "empty53": {"write": {"device_start": 1585579462.5169778, "host_queued_start": 1585579527.653252, "device_queued": 1585579462.5165524, "device_end": 1585579462.5172641, "host_queued_end": 1585579527.729694}, "device": "gpu", "nd_range": {"device_start": 1585579462.5172687, "device_end": 1585579462.5172734}, "cmdq": 0, "read": {"device_start": -1, "device_end": -1}}, "FFC_sans_bias46": {"write": {"device_start": 1585579462.5381503, "host_queued_start": 1585579527.684365, "device_queued": 1585579462.5196326, "device_end": 1585579462.5382528, "host_queued_end": 1585579527.729694}, "device": "gpu", "nd_range": {"device_start": 1585579462.5382576, "device_end": 1585579462.5442812}, "cmdq": 0, "read": {"device_start": -1, "device_end": -1}}, "coalesced_transpose66": {"write": {"device_start": -1, "host_queued_start": 1585579527.708806, "device_queued": -1, "device_end": -1, "host_queued_end": 1585579527.729694}, "device": "gpu", "nd_range": {"device_start": 1585579462.5669487, "device_end": 1585579462.5669796}, "cmdq": 0, "read": {"device_start": -1, "device_end": -1}}, "coalesced_transpose48": {"write": {"device_start": -1, "host_queued_start": 1585579527.708194, "device_queued": -1, "device_end": -1, "host_queued_end": 1585579527.729694}, "device": "gpu", "nd_range": {"device_start": 1585579462.5668948, "device_end": 1585579462.56694}, "cmdq": 0, "read": {"device_start": -1, "device_end": -1}}}