{"FFC_sans_bias60": {"write": {"device_start": -1, "host_queued_start": 1585579815.155284, "device_queued": -1, "device_end": -1, "host_queued_end": 1585579815.181682}, "device": "cpu", "nd_range": {"device_start": 2247590.759832328, "device_end": 2247590.83090615}, "cmdq": 0, "read": {"device_start": -1, "device_end": -1}}, "FFC_sans_bias4": {"write": {"device_start": -1, "host_queued_start": 1585579815.147827, "device_queued": -1, "device_end": -1, "host_queued_end": 1585579815.181682}, "device": "cpu", "nd_range": {"device_start": 2247590.254600447, "device_end": 2247590.3307492533}, "cmdq": 0, "read": {"device_start": -1, "device_end": -1}}, "FFC_sans_bias7": {"write": {"device_start": -1, "host_queued_start": 1585579815.158893, "device_queued": -1, "device_end": -1, "host_queued_end": 1585579815.181682}, "device": "cpu", "nd_range": {"device_start": 2247590.830923444, "device_end": 2247590.9032747434}, "cmdq": 0, "read": {"device_start": -1, "device_end": -1}}, "FFC_sans_bias6": {"write": {"device_start": -1, "host_queued_start": 1585579815.153031, "device_queued": -1, "device_end": -1, "host_queued_end": 1585579815.181682}, "device": "cpu", "nd_range": {"device_start": 2247590.53559475, "device_end": 2247590.6187074063}, "cmdq": 0, "read": {"device_start": -1, "device_end": -1}}, "FFC_sans_bias1": {"write": {"device_start": -1, "host_queued_start": 1585579815.071739, "device_queued": -1, "device_end": -1, "host_queued_end": 1585579815.181682}, "device": "cpu", "nd_range": {"device_start": 2247589.3713838863, "device_end": 2247589.45769531}, "cmdq": 1, "read": {"device_start": -1, "device_end": -1}}, "FFC_sans_bias0": {"write": {"device_start": -1, "host_queued_start": 1585579815.068444, "device_queued": -1, "device_end": -1, "host_queued_end": 1585579815.181682}, "device": "cpu", "nd_range": {"device_start": 2247589.371384873, "device_end": 2247589.435551194}, "cmdq": 0, "read": {"device_start": -1, "device_end": -1}}, "FFC_sans_bias2": {"write": {"device_start": -1, "host_queued_start": 1585579815.075084, "device_queued": -1, "device_end": -1, "host_queued_end": 1585579815.181682}, "device": "cpu", "nd_range": {"device_start": 2247589.435754029, "device_end": 2247589.479560454}, "cmdq": 0, "read": {"device_start": -1, "device_end": -1}}, "FFC_sans_bias61": {"write": {"device_start": -1, "host_queued_start": 1585579815.178311, "device_queued": -1, "device_end": -1, "host_queued_end": 1585579815.181682}, "device": "cpu", "nd_range": {"device_start": 2247591.062866026, "device_end": 2247591.1415095013}, "cmdq": 0, "read": {"device_start": -1, "device_end": -1}}, "FFC_sans_bias52": {"write": {"device_start": -1, "host_queued_start": 1585579815.175071, "device_queued": -1, "device_end": -1, "host_queued_end": 1585579815.181682}, "device": "cpu", "nd_range": {"device_start": 2247591.0387073644, "device_end": 2247591.103248551}, "cmdq": 1, "read": {"device_start": -1, "device_end": -1}}, "FFC_sans_bias9": {"write": {"device_start": -1, "host_queued_start": 1585579815.078549, "device_queued": -1, "device_end": -1, "host_queued_end": 1585579815.181682}, "device": "cpu", "nd_range": {"device_start": 2247589.457714197, "device_end": 2247589.526620495}, "cmdq": 1, "read": {"device_start": -1, "device_end": -1}}, "coalesced_transpose39": {"write": {"device_start": -1, "host_queued_start": 1585579815.146411, "device_queued": -1, "device_end": -1, "host_queued_end": 1585579815.181682}, "device": "cpu", "nd_range": {"device_start": 2247590.252254301, "device_end": 2247590.253426439}, "cmdq": 0, "read": {"device_start": -1, "device_end": -1}}, "FFC_sans_bias55": {"write": {"device_start": -1, "host_queued_start": 1585579815.134795, "device_queued": -1, "device_end": -1, "host_queued_end": 1585579815.181682}, "device": "cpu", "nd_range": {"device_start": 2247590.076928861, "device_end": 2247590.168333787}, "cmdq": 0, "read": {"device_start": -1, "device_end": -1}}, "FFC_sans_bias54": {"write": {"device_start": -1, "host_queued_start": 1585579815.131487, "device_queued": -1, "device_end": -1, "host_queued_end": 1585579815.181682}, "device": "cpu", "nd_range": {"device_start": 2247590.061778711, "device_end": 2247590.128294786}, "cmdq": 1, "read": {"device_start": -1, "device_end": -1}}, "FFC_sans_bias56": {"write": {"device_start": -1, "host_queued_start": 1585579815.128195, "device_queued": -1, "device_end": -1, "host_queued_end": 1585579815.181682}, "device": "cpu", "nd_range": {"device_start": 2247590.009813345, "device_end": 2247590.0767434463}, "cmdq": 0, "read": {"device_start": -1, "device_end": -1}}, "FFC_sans_bias51": {"write": {"device_start": -1, "host_queued_start": 1585579815.154912, "device_queued": -1, "device_end": -1, "host_queued_end": 1585579815.181682}, "device": "cpu", "nd_range": {"device_start": 2247590.719021306, "device_end": 2247590.793457801}, "cmdq": 1, "read": {"device_start": -1, "device_end": -1}}, "softmax23": {"write": {"device_start": -1, "host_queued_start": 1585579815.151276, "device_queued": -1, "device_end": -1, "host_queued_end": 1585579815.181682}, "device": "cpu", "nd_range": {"device_start": 2247590.532771943, "device_end": 2247590.533700066}, "cmdq": 0, "read": {"device_start": -1, "device_end": -1}}, "FFC_sans_bias37": {"write": {"device_start": -1, "host_queued_start": 1585579815.111599, "device_queued": -1, "device_end": -1, "host_queued_end": 1585579815.181682}, "device": "cpu", "nd_range": {"device_start": 2247589.805725803, "device_end": 2247589.878832538}, "cmdq": 1, "read": {"device_start": -1, "device_end": -1}}, "empty62": {"write": {"device_start": -1, "host_queued_start": 1585579815.062806, "device_queued": -1, "device_end": -1, "host_queued_end": 1585579815.181682}, "device": "cpu", "nd_range": {"device_start": 2247589.3713797913, "device_end": 2247589.371380431}, "cmdq": 0, "read": {"device_start": -1, "device_end": -1}}, "FFC_sans_bias70": {"write": {"device_start": -1, "host_queued_start": 1585579815.181626, "device_queued": -1, "device_end": -1, "host_queued_end": 1585579815.181682}, "device": "cpu", "nd_range": {"device_start": 2247591.1032614433, "device_end": 2247591.166325231}, "cmdq": 1, "read": {"device_start": -1, "device_end": -1}}, "FFC_sans_bias58": {"write": {"device_start": -1, "host_queued_start": 1585579815.150052, "device_queued": -1, "device_end": -1, "host_queued_end": 1585579815.181682}, "device": "cpu", "nd_range": {"device_start": 2247590.466752626, "device_end": 2247590.531787989}, "cmdq": 0, "read": {"device_start": -1, "device_end": -1}}, "softmax41": {"write": {"device_start": -1, "host_queued_start": 1585579815.151835, "device_queued": -1, "device_end": -1, "host_queued_end": 1585579815.181682}, "device": "cpu", "nd_range": {"device_start": 2247590.5337075964, "device_end": 2247590.5346355103}, "cmdq": 0, "read": {"device_start": -1, "device_end": -1}}, "FFC_sans_bias11": {"write": {"device_start": -1, "host_queued_start": 1585579815.085162, "device_queued": -1, "device_end": -1, "host_queued_end": 1585579815.181682}, "device": "cpu", "nd_range": {"device_start": 2247589.526823381, "device_end": 2247589.596867667}, "cmdq": 1, "read": {"device_start": -1, "device_end": -1}}, "FFC_sans_bias10": {"write": {"device_start": -1, "host_queued_start": 1585579815.08187, "device_queued": -1, "device_end": -1, "host_queued_end": 1585579815.181682}, "device": "cpu", "nd_range": {"device_start": 2247589.47977053, "device_end": 2247589.5591668533}, "cmdq": 0, "read": {"device_start": -1, "device_end": -1}}, "coalesced_transpose3": {"write": {"device_start": -1, "host_queued_start": 1585579815.145036, "device_queued": -1, "device_end": -1, "host_queued_end": 1585579815.181682}, "device": "cpu", "nd_range": {"device_start": 2247590.242553928, "device_end": 2247590.243808195}, "cmdq": 0, "read": {"device_start": -1, "device_end": -1}}, "FFC_sans_bias34": {"write": {"device_start": -1, "host_queued_start": 1585579815.168575, "device_queued": -1, "device_end": -1, "host_queued_end": 1585579815.181682}, "device": "cpu", "nd_range": {"device_start": 2247590.934256953, "device_end": 2247591.038698181}, "cmdq": 1, "read": {"device_start": -1, "device_end": -1}}, "FFC_sans_bias15": {"write": {"device_start": -1, "host_queued_start": 1585579815.153387, "device_queued": -1, "device_end": -1, "host_queued_end": 1585579815.181682}, "device": "cpu", "nd_range": {"device_start": 2247590.588020006, "device_end": 2247590.6489687143}, "cmdq": 1, "read": {"device_start": -1, "device_end": -1}}, "FFC_sans_bias31": {"write": {"device_start": -1, "host_queued_start": 1585579815.148895, "device_queued": -1, "device_end": -1, "host_queued_end": 1585579815.181682}, "device": "cpu", "nd_range": {"device_start": 2247590.359743826, "device_end": 2247590.449882028}, "cmdq": 1, "read": {"device_start": -1, "device_end": -1}}, "FFC_sans_bias16": {"write": {"device_start": -1, "host_queued_start": 1585579815.162092, "device_queued": -1, "device_end": -1, "host_queued_end": 1585579815.181682}, "device": "cpu", "nd_range": {"device_start": 2247590.865470677, "device_end": 2247590.934249918}, "cmdq": 1, "read": {"device_start": -1, "device_end": -1}}, "FFC_sans_bias19": {"write": {"device_start": -1, "host_queued_start": 1585579815.09181, "device_queued": -1, "device_end": -1, "host_queued_end": 1585579815.181682}, "device": "cpu", "nd_range": {"device_start": 2247589.596892477, "device_end": 2247589.65191564}, "cmdq": 1, "read": {"device_start": -1, "device_end": -1}}, "FFC_sans_bias18": {"write": {"device_start": -1, "host_queued_start": 1585579815.088448, "device_queued": -1, "device_end": -1, "host_queued_end": 1585579815.181682}, "device": "cpu", "nd_range": {"device_start": 2247589.559192744, "device_end": 2247589.651267446}, "cmdq": 0, "read": {"device_start": -1, "device_end": -1}}, "coalesced_transpose30": {"write": {"device_start": -1, "host_queued_start": 1585579815.14607, "device_queued": -1, "device_end": -1, "host_queued_end": 1585579815.181682}, "device": "cpu", "nd_range": {"device_start": 2247590.3008037223, "device_end": 2247590.301956647}, "cmdq": 1, "read": {"device_start": -1, "device_end": -1}}, "FFC_sans_bias69": {"write": {"device_start": -1, "host_queued_start": 1585579815.155644, "device_queued": -1, "device_end": -1, "host_queued_end": 1585579815.181682}, "device": "cpu", "nd_range": {"device_start": 2247590.79347277, "device_end": 2247590.865457109}, "cmdq": 1, "read": {"device_start": -1, "device_end": -1}}, "FFC_sans_bias38": {"write": {"device_start": -1, "host_queued_start": 1585579815.115001, "device_queued": -1, "device_end": -1, "host_queued_end": 1585579815.181682}, "device": "cpu", "nd_range": {"device_start": 2247589.840890265, "device_end": 2247589.9376873183}, "cmdq": 0, "read": {"device_start": -1, "device_end": -1}}, "coalesced_transpose57": {"write": {"device_start": -1, "host_queued_start": 1585579815.147114, "device_queued": -1, "device_end": -1, "host_queued_end": 1585579815.181682}, "device": "cpu", "nd_range": {"device_start": 2247590.2534344243, "device_end": 2247590.254592617}, "cmdq": 0, "read": {"device_start": -1, "device_end": -1}}, "empty26": {"write": {"device_start": -1, "host_queued_start": 1585579815.052448, "device_queued": -1, "device_end": -1, "host_queued_end": 1585579815.181682}, "device": "cpu", "nd_range": {"device_start": 2247589.371366858, "device_end": 2247589.371367794}, "cmdq": 0, "read": {"device_start": -1, "device_end": -1}}, "coalesced_transpose12": {"write": {"device_start": -1, "host_queued_start": 1585579815.145384, "device_queued": -1, "device_end": -1, "host_queued_end": 1585579815.181682}, "device": "cpu", "nd_range": {"device_start": 2247590.2996087223, "device_end": 2247590.300794078}, "cmdq": 1, "read": {"device_start": -1, "device_end": -1}}, "empty44": {"write": {"device_start": -1, "host_queued_start": 1585579815.057635, "device_queued": -1, "device_end": -1, "host_queued_end": 1585579815.181682}, "device": "cpu", "nd_range": {"device_start": 2247589.371374031, "device_end": 2247589.37137483}, "cmdq": 0, "read": {"device_start": -1, "device_end": -1}}, "coalesced_transpose21": {"write": {"device_start": -1, "host_queued_start": 1585579815.145729, "device_queued": -1, "device_end": -1, "host_queued_end": 1585579815.181682}, "device": "cpu", "nd_range": {"device_start": 2247590.24381772, "device_end": 2247590.252245796}, "cmdq": 0, "read": {"device_start": -1, "device_end": -1}}, "FFC_sans_bias36": {"write": {"device_start": -1, "host_queued_start": 1585579815.108303, "device_queued": -1, "device_end": -1, "host_queued_end": 1585579815.181682}, "device": "cpu", "nd_range": {"device_start": 2247589.77921353, "device_end": 2247589.840873035}, "cmdq": 0, "read": {"device_start": -1, "device_end": -1}}, "softmax14": {"write": {"device_start": -1, "host_queued_start": 1585579815.150992, "device_queued": -1, "device_end": -1, "host_queued_end": 1585579815.181682}, "device": "cpu", "nd_range": {"device_start": 2247590.584221555, "device_end": 2247590.5851772963}, "cmdq": 1, "read": {"device_start": -1, "device_end": -1}}, "FFC_sans_bias13": {"write": {"device_start": -1, "host_queued_start": 1585579815.148185, "device_queued": -1, "device_end": -1, "host_queued_end": 1585579815.181682}, "device": "cpu", "nd_range": {"device_start": 2247590.304691667, "device_end": 2247590.359728992}, "cmdq": 1, "read": {"device_start": -1, "device_end": -1}}, "empty8": {"write": {"device_start": -1, "host_queued_start": 1585579815.04645, "device_queued": -1, "device_end": -1, "host_queued_end": 1585579815.181682}, "device": "cpu", "nd_range": {"device_start": 2247589.3713282403, "device_end": 2247589.371340589}, "cmdq": 0, "read": {"device_start": -1, "device_end": -1}}, "FFC_sans_bias42": {"write": {"device_start": -1, "host_queued_start": 1585579815.154514, "device_queued": -1, "device_end": -1, "host_queued_end": 1585579815.181682}, "device": "cpu", "nd_range": {"device_start": 2247590.700652171, "device_end": 2247590.7598119993}, "cmdq": 0, "read": {"device_start": -1, "device_end": -1}}, "FFC_sans_bias43": {"write": {"device_start": -1, "host_queued_start": 1585579815.171802, "device_queued": -1, "device_end": -1, "host_queued_end": 1585579815.181682}, "device": "cpu", "nd_range": {"device_start": 2247590.972622734, "device_end": 2247591.062857528}, "cmdq": 0, "read": {"device_start": -1, "device_end": -1}}, "FFC_sans_bias40": {"write": {"device_start": -1, "host_queued_start": 1585579815.14925, "device_queued": -1, "device_end": -1, "host_queued_end": 1585579815.181682}, "device": "cpu", "nd_range": {"device_start": 2247590.401618979, "device_end": 2247590.466734692}, "cmdq": 0, "read": {"device_start": -1, "device_end": -1}}, "softmax32": {"write": {"device_start": -1, "host_queued_start": 1585579815.151556, "device_queued": -1, "device_end": -1, "host_queued_end": 1585579815.181682}, "device": "cpu", "nd_range": {"device_start": 2247590.5851865853, "device_end": 2247590.5861278623}, "cmdq": 1, "read": {"device_start": -1, "device_end": -1}}, "FFC_sans_bias47": {"write": {"device_start": -1, "host_queued_start": 1585579815.124848, "device_queued": -1, "device_end": -1, "host_queued_end": 1585579815.181682}, "device": "cpu", "nd_range": {"device_start": 2247589.95887342, "device_end": 2247590.061762391}, "cmdq": 1, "read": {"device_start": -1, "device_end": -1}}, "FFC_sans_bias45": {"write": {"device_start": -1, "host_queued_start": 1585579815.118275, "device_queued": -1, "device_end": -1, "host_queued_end": 1585579815.181682}, "device": "cpu", "nd_range": {"device_start": 2247589.8788477783, "device_end": 2247589.958862372}, "cmdq": 1, "read": {"device_start": -1, "device_end": -1}}, "softmax50": {"write": {"device_start": -1, "host_queued_start": 1585579815.152114, "device_queued": -1, "device_end": -1, "host_queued_end": 1585579815.181682}, "device": "cpu", "nd_range": {"device_start": 2247590.586135736, "device_end": 2247590.5870666383}, "cmdq": 1, "read": {"device_start": -1, "device_end": -1}}, "FFC_sans_bias33": {"write": {"device_start": -1, "host_queued_start": 1585579815.154103, "device_queued": -1, "device_end": -1, "host_queued_end": 1585579815.181682}, "device": "cpu", "nd_range": {"device_start": 2247590.648987375, "device_end": 2247590.719008718}, "cmdq": 1, "read": {"device_start": -1, "device_end": -1}}, "FFC_sans_bias63": {"write": {"device_start": -1, "host_queued_start": 1585579815.144668, "device_queued": -1, "device_end": -1, "host_queued_end": 1585579815.181682}, "device": "cpu", "nd_range": {"device_start": 2247590.243821335, "device_end": 2247590.2995950324}, "cmdq": 1, "read": {"device_start": -1, "device_end": -1}}, "FFC_sans_bias49": {"write": {"device_start": -1, "host_queued_start": 1585579815.14969, "device_queued": -1, "device_end": -1, "host_queued_end": 1585579815.181682}, "device": "cpu", "nd_range": {"device_start": 2247590.4498998723, "device_end": 2247590.527802132}, "cmdq": 1, "read": {"device_start": -1, "device_end": -1}}, "FFC_sans_bias64": {"write": {"device_start": -1, "host_queued_start": 1585579815.138079, "device_queued": -1, "device_end": -1, "host_queued_end": 1585579815.181682}, "device": "cpu", "nd_range": {"device_start": 2247590.1283078482, "device_end": 2247590.243808368}, "cmdq": 1, "read": {"device_start": -1, "device_end": -1}}, "FFC_sans_bias65": {"write": {"device_start": -1, "host_queued_start": 1585579815.141376, "device_queued": -1, "device_end": -1, "host_queued_end": 1585579815.181682}, "device": "cpu", "nd_range": {"device_start": 2247590.168354867, "device_end": 2247590.242525742}, "cmdq": 0, "read": {"device_start": -1, "device_end": -1}}, "FFC_sans_bias67": {"write": {"device_start": -1, "host_queued_start": 1585579815.150406, "device_queued": -1, "device_end": -1, "host_queued_end": 1585579815.181682}, "device": "cpu", "nd_range": {"device_start": 2247590.5278148013, "device_end": 2247590.584210655}, "cmdq": 1, "read": {"device_start": -1, "device_end": -1}}, "FFC_sans_bias24": {"write": {"device_start": -1, "host_queued_start": 1585579815.153747, "device_queued": -1, "device_end": -1, "host_queued_end": 1585579815.181682}, "device": "cpu", "nd_range": {"device_start": 2247590.618721579, "device_end": 2247590.7006375194}, "cmdq": 0, "read": {"device_start": -1, "device_end": -1}}, "FFC_sans_bias25": {"write": {"device_start": -1, "host_queued_start": 1585579815.165327, "device_queued": -1, "device_end": -1, "host_queued_end": 1585579815.181682}, "device": "cpu", "nd_range": {"device_start": 2247590.903283221, "device_end": 2247590.972610516}, "cmdq": 0, "read": {"device_start": -1, "device_end": -1}}, "FFC_sans_bias27": {"write": {"device_start": -1, "host_queued_start": 1585579815.09844, "device_queued": -1, "device_end": -1, "host_queued_end": 1585579815.181682}, "device": "cpu", "nd_range": {"device_start": 2247589.651926972, "device_end": 2247589.729638189}, "cmdq": 1, "read": {"device_start": -1, "device_end": -1}}, "FFC_sans_bias20": {"write": {"device_start": -1, "host_queued_start": 1585579815.095164, "device_queued": -1, "device_end": -1, "host_queued_end": 1585579815.181682}, "device": "cpu", "nd_range": {"device_start": 2247589.651285776, "device_end": 2247589.7201876803}, "cmdq": 0, "read": {"device_start": -1, "device_end": -1}}, "FFC_sans_bias22": {"write": {"device_start": -1, "host_queued_start": 1585579815.14854, "device_queued": -1, "device_end": -1, "host_queued_end": 1585579815.181682}, "device": "cpu", "nd_range": {"device_start": 2247590.330949692, "device_end": 2247590.401595335}, "cmdq": 0, "read": {"device_start": -1, "device_end": -1}}, "softmax68": {"write": {"device_start": -1, "host_queued_start": 1585579815.152674, "device_queued": -1, "device_end": -1, "host_queued_end": 1585579815.181682}, "device": "cpu", "nd_range": {"device_start": 2247590.587073162, "device_end": 2247590.588011751}, "cmdq": 1, "read": {"device_start": -1, "device_end": -1}}, "softmax5": {"write": {"device_start": -1, "host_queued_start": 1585579815.150706, "device_queued": -1, "device_end": -1, "host_queued_end": 1585579815.181682}, "device": "cpu", "nd_range": {"device_start": 2247590.531798568, "device_end": 2247590.532762534}, "cmdq": 0, "read": {"device_start": -1, "device_end": -1}}, "FFC_sans_bias28": {"write": {"device_start": -1, "host_queued_start": 1585579815.101716, "device_queued": -1, "device_end": -1, "host_queued_end": 1585579815.181682}, "device": "cpu", "nd_range": {"device_start": 2247589.720406597, "device_end": 2247589.779195441}, "cmdq": 0, "read": {"device_start": -1, "device_end": -1}}, "FFC_sans_bias29": {"write": {"device_start": -1, "host_queued_start": 1585579815.105013, "device_queued": -1, "device_end": -1, "host_queued_end": 1585579815.181682}, "device": "cpu", "nd_range": {"device_start": 2247589.729647514, "device_end": 2247589.805711356}, "cmdq": 1, "read": {"device_start": -1, "device_end": -1}}, "empty17": {"write": {"device_start": -1, "host_queued_start": 1585579815.04978, "device_queued": -1, "device_end": -1, "host_queued_end": 1585579815.181682}, "device": "cpu", "nd_range": {"device_start": 2247589.371328161, "device_end": 2247589.371340562}, "cmdq": 1, "read": {"device_start": -1, "device_end": -1}}, "softmax59": {"write": {"device_start": -1, "host_queued_start": 1585579815.152395, "device_queued": -1, "device_end": -1, "host_queued_end": 1585579815.181682}, "device": "cpu", "nd_range": {"device_start": 2247590.534642875, "device_end": 2247590.535583822}, "cmdq": 0, "read": {"device_start": -1, "device_end": -1}}, "empty71": {"write": {"device_start": -1, "host_queued_start": 1585579815.065652, "device_queued": -1, "device_end": -1, "host_queued_end": 1585579815.181682}, "device": "cpu", "nd_range": {"device_start": 2247589.371378643, "device_end": 2247589.371379401}, "cmdq": 1, "read": {"device_start": -1, "device_end": -1}}, "empty35": {"write": {"device_start": -1, "host_queued_start": 1585579815.055081, "device_queued": -1, "device_end": -1, "host_queued_end": 1585579815.181682}, "device": "cpu", "nd_range": {"device_start": 2247589.3713656343, "device_end": 2247589.37136692}, "cmdq": 1, "read": {"device_start": -1, "device_end": -1}}, "empty53": {"write": {"device_start": -1, "host_queued_start": 1585579815.060228, "device_queued": -1, "device_end": -1, "host_queued_end": 1585579815.181682}, "device": "cpu", "nd_range": {"device_start": 2247589.371373206, "device_end": 2247589.3713739864}, "cmdq": 1, "read": {"device_start": -1, "device_end": -1}}, "FFC_sans_bias46": {"write": {"device_start": -1, "host_queued_start": 1585579815.121555, "device_queued": -1, "device_end": -1, "host_queued_end": 1585579815.181682}, "device": "cpu", "nd_range": {"device_start": 2247589.937706197, "device_end": 2247590.0097959903}, "cmdq": 0, "read": {"device_start": -1, "device_end": -1}}, "coalesced_transpose66": {"write": {"device_start": -1, "host_queued_start": 1585579815.14747, "device_queued": -1, "device_end": -1, "host_queued_end": 1585579815.181682}, "device": "cpu", "nd_range": {"device_start": 2247590.303129318, "device_end": 2247590.3046828853}, "cmdq": 1, "read": {"device_start": -1, "device_end": -1}}, "coalesced_transpose48": {"write": {"device_start": -1, "host_queued_start": 1585579815.146759, "device_queued": -1, "device_end": -1, "host_queued_end": 1585579815.181682}, "device": "cpu", "nd_range": {"device_start": 2247590.301965001, "device_end": 2247590.303119734}, "cmdq": 1, "read": {"device_start": -1, "device_end": -1}}}