{"FFC_sans_bias60": {"write": {"device_start": -1, "host_queued_start": 1585579254.564509, "device_queued": -1, "device_end": -1, "host_queued_end": 1585579254.587903}, "device": "gpu", "nd_range": {"device_start": 1585579189.5241783, "device_end": 1585579189.527803}, "cmdq": 0, "read": {"device_start": -1, "device_end": -1}}, "FFC_sans_bias4": {"write": {"device_start": -1, "host_queued_start": 1585579254.603313, "device_queued": -1, "device_end": -1, "host_queued_end": 1585579254.607399}, "device": "cpu", "nd_range": {"device_start": 2247028.908105386, "device_end": 2247028.94388845}, "cmdq": 0, "read": {"device_start": -1, "device_end": -1}}, "FFC_sans_bias7": {"write": {"device_start": -1, "host_queued_start": 1585579254.607345, "device_queued": -1, "device_end": -1, "host_queued_end": 1585579254.607399}, "device": "cpu", "nd_range": {"device_start": 2247028.980348147, "device_end": 2247029.0162043893}, "cmdq": 0, "read": {"device_start": -1, "device_end": -1}}, "FFC_sans_bias6": {"write": {"device_start": -1, "host_queued_start": 1585579254.603935, "device_queued": -1, "device_end": -1, "host_queued_end": 1585579254.607399}, "device": "cpu", "nd_range": {"device_start": 2247028.9443796673, "device_end": 2247028.98033253}, "cmdq": 0, "read": {"device_start": -1, "device_end": -1}}, "FFC_sans_bias1": {"write": {"device_start": -1, "host_queued_start": 1585579254.598931, "device_queued": -1, "device_end": -1, "host_queued_end": 1585579254.607399}, "device": "cpu", "nd_range": {"device_start": 2247028.833042464, "device_end": 2247028.868787115}, "cmdq": 0, "read": {"device_start": -1, "device_end": -1}}, "FFC_sans_bias0": {"write": {"device_start": -1, "host_queued_start": 1585579254.59537, "device_queued": -1, "device_end": -1, "host_queued_end": 1585579254.607399}, "device": "cpu", "nd_range": {"device_start": 2247028.797009062, "device_end": 2247028.83301095}, "cmdq": 0, "read": {"device_start": -1, "device_end": -1}}, "FFC_sans_bias2": {"write": {"device_start": -1, "host_queued_start": 1585579254.602613, "device_queued": -1, "device_end": -1, "host_queued_end": 1585579254.607399}, "device": "cpu", "nd_range": {"device_start": 2247028.868816881, "device_end": 2247028.907579358}, "cmdq": 0, "read": {"device_start": -1, "device_end": -1}}, "FFC_sans_bias61": {"write": {"device_start": 1585579189.5536854, "host_queued_start": 1585579254.584506, "device_queued": 1585579189.393388, "device_end": 1585579189.5537736, "host_queued_end": 1585579254.587903}, "device": "gpu", "nd_range": {"device_start": 1585579189.5537822, "device_end": 1585579189.5573802}, "cmdq": 0, "read": {"device_start": 1585579189.5573866, "device_end": 1585579189.5574718}}, "FFC_sans_bias52": {"write": {"device_start": 1585579189.549464, "host_queued_start": 1585579254.581238, "device_queued": 1585579189.3930013, "device_end": 1585579189.5495527, "host_queued_end": 1585579254.587903}, "device": "gpu", "nd_range": {"device_start": 1585579189.549555, "device_end": 1585579189.553161}, "cmdq": 0, "read": {"device_start": 1585579189.5531657, "device_end": 1585579189.5532513}}, "FFC_sans_bias9": {"write": {"device_start": 1585579189.3845086, "host_queued_start": 1585579254.490827, "device_queued": 1585579189.3831496, "device_end": 1585579189.3846376, "host_queued_end": 1585579254.587903}, "device": "gpu", "nd_range": {"device_start": 1585579189.3846483, "device_end": 1585579189.3886106}, "cmdq": 0, "read": {"device_start": -1, "device_end": -1}}, "coalesced_transpose39": {"write": {"device_start": -1, "host_queued_start": 1585579254.557716, "device_queued": -1, "device_end": -1, "host_queued_end": 1585579254.587903}, "device": "gpu", "nd_range": {"device_start": 1585579189.4753504, "device_end": 1585579189.4753704}, "cmdq": 0, "read": {"device_start": -1, "device_end": -1}}, "FFC_sans_bias55": {"write": {"device_start": 1585579189.458354, "host_queued_start": 1585579254.54664, "device_queued": 1585579189.3875186, "device_end": 1585579189.4584424, "host_queued_end": 1585579254.587903}, "device": "gpu", "nd_range": {"device_start": 1585579189.458449, "device_end": 1585579189.4623854}, "cmdq": 0, "read": {"device_start": -1, "device_end": -1}}, "FFC_sans_bias54": {"write": {"device_start": 1585579189.4540994, "host_queued_start": 1585579254.543382, "device_queued": 1585579189.3872817, "device_end": 1585579189.4541883, "host_queued_end": 1585579254.587903}, "device": "gpu", "nd_range": {"device_start": 1585579189.4541953, "device_end": 1585579189.4581468}, "cmdq": 0, "read": {"device_start": -1, "device_end": -1}}, "FFC_sans_bias56": {"write": {"device_start": 1585579189.4498303, "host_queued_start": 1585579254.540115, "device_queued": 1585579189.3870535, "device_end": 1585579189.449919, "host_queued_end": 1585579254.587903}, "device": "gpu", "nd_range": {"device_start": 1585579189.4499252, "device_end": 1585579189.4538825}, "cmdq": 0, "read": {"device_start": -1, "device_end": -1}}, "FFC_sans_bias51": {"write": {"device_start": -1, "host_queued_start": 1585579254.564188, "device_queued": -1, "device_end": -1, "host_queued_end": 1585579254.587903}, "device": "gpu", "nd_range": {"device_start": 1585579189.5205438, "device_end": 1585579189.5241773}, "cmdq": 0, "read": {"device_start": -1, "device_end": -1}}, "softmax23": {"write": {"device_start": -1, "host_queued_start": 1585579254.561361, "device_queued": -1, "device_end": -1, "host_queued_end": 1585579254.587903}, "device": "gpu", "nd_range": {"device_start": 1585579189.5032365, "device_end": 1585579189.5036979}, "cmdq": 0, "read": {"device_start": -1, "device_end": -1}}, "FFC_sans_bias37": {"write": {"device_start": 1585579189.4284482, "host_queued_start": 1585579254.523678, "device_queued": 1585579189.3859348, "device_end": 1585579189.4285371, "host_queued_end": 1585579254.587903}, "device": "gpu", "nd_range": {"device_start": 1585579189.428544, "device_end": 1585579189.4324882}, "cmdq": 0, "read": {"device_start": -1, "device_end": -1}}, "empty62": {"write": {"device_start": 1585579189.3837564, "host_queued_start": 1585579254.485398, "device_queued": 1585579189.382725, "device_end": 1585579189.3838491, "host_queued_end": 1585579254.587903}, "device": "gpu", "nd_range": {"device_start": 1585579189.3838522, "device_end": 1585579189.3838565}, "cmdq": 0, "read": {"device_start": -1, "device_end": -1}}, "FFC_sans_bias70": {"write": {"device_start": 1585579189.5578904, "host_queued_start": 1585579254.587794, "device_queued": 1585579189.393679, "device_end": 1585579189.5579774, "host_queued_end": 1585579254.587903}, "device": "gpu", "nd_range": {"device_start": 1585579189.55798, "device_end": 1585579189.5615842}, "cmdq": 0, "read": {"device_start": 1585579189.5615911, "device_end": 1585579189.5616758}}, "FFC_sans_bias58": {"write": {"device_start": -1, "host_queued_start": 1585579254.560536, "device_queued": -1, "device_end": -1, "host_queued_end": 1585579254.587903}, "device": "gpu", "nd_range": {"device_start": 1585579189.4955246, "device_end": 1585579189.4991434}, "cmdq": 0, "read": {"device_start": -1, "device_end": -1}}, "softmax41": {"write": {"device_start": -1, "host_queued_start": 1585579254.561849, "device_queued": -1, "device_end": -1, "host_queued_end": 1585579254.587903}, "device": "gpu", "nd_range": {"device_start": 1585579189.504158, "device_end": 1585579189.5046148}, "cmdq": 0, "read": {"device_start": -1, "device_end": -1}}, "FFC_sans_bias11": {"write": {"device_start": 1585579189.3932788, "host_queued_start": 1585579254.49742, "device_queued": 1585579189.383888, "device_end": 1585579189.3933766, "host_queued_end": 1585579254.587903}, "device": "gpu", "nd_range": {"device_start": 1585579189.3933797, "device_end": 1585579189.3973427}, "cmdq": 0, "read": {"device_start": -1, "device_end": -1}}, "FFC_sans_bias10": {"write": {"device_start": 1585579189.3889248, "host_queued_start": 1585579254.494115, "device_queued": 1585579189.3834794, "device_end": 1585579189.3890154, "host_queued_end": 1585579254.587903}, "device": "gpu", "nd_range": {"device_start": 1585579189.3890216, "device_end": 1585579189.3929703}, "cmdq": 0, "read": {"device_start": -1, "device_end": -1}}, "coalesced_transpose3": {"write": {"device_start": -1, "host_queued_start": 1585579254.602967, "device_queued": -1, "device_end": -1, "host_queued_end": 1585579254.607399}, "device": "cpu", "nd_range": {"device_start": 2247028.907597767, "device_end": 2247028.908097525}, "cmdq": 0, "read": {"device_start": -1, "device_end": -1}}, "FFC_sans_bias34": {"write": {"device_start": 1585579189.5409882, "host_queued_start": 1585579254.574721, "device_queued": 1585579189.392459, "device_end": 1585579189.541077, "host_queued_end": 1585579254.587903}, "device": "gpu", "nd_range": {"device_start": 1585579189.5410836, "device_end": 1585579189.5446787}, "cmdq": 0, "read": {"device_start": 1585579189.544688, "device_end": 1585579189.5447736}}, "FFC_sans_bias15": {"write": {"device_start": -1, "host_queued_start": 1585579254.562925, "device_queued": -1, "device_end": -1, "host_queued_end": 1585579254.587903}, "device": "gpu", "nd_range": {"device_start": 1585579189.5059984, "device_end": 1585579189.509648}, "cmdq": 0, "read": {"device_start": -1, "device_end": -1}}, "FFC_sans_bias31": {"write": {"device_start": -1, "host_queued_start": 1585579254.55959, "device_queued": -1, "device_end": -1, "host_queued_end": 1585579254.587903}, "device": "gpu", "nd_range": {"device_start": 1585579189.4833655, "device_end": 1585579189.4873111}, "cmdq": 0, "read": {"device_start": -1, "device_end": -1}}, "FFC_sans_bias16": {"write": {"device_start": 1585579189.5325458, "host_queued_start": 1585579254.568107, "device_queued": 1585579189.3918629, "device_end": 1585579189.532637, "host_queued_end": 1585579254.587903}, "device": "gpu", "nd_range": {"device_start": 1585579189.5326426, "device_end": 1585579189.5362546}, "cmdq": 0, "read": {"device_start": 1585579189.536263, "device_end": 1585579189.5363486}}, "FFC_sans_bias19": {"write": {"device_start": 1585579189.4027877, "host_queued_start": 1585579254.504108, "device_queued": 1585579189.3845203, "device_end": 1585579189.4028766, "host_queued_end": 1585579254.587903}, "device": "gpu", "nd_range": {"device_start": 1585579189.4028838, "device_end": 1585579189.4068632}, "cmdq": 0, "read": {"device_start": -1, "device_end": -1}}, "FFC_sans_bias18": {"write": {"device_start": 1585579189.3976994, "host_queued_start": 1585579254.500668, "device_queued": 1585579189.3842452, "device_end": 1585579189.3977976, "host_queued_end": 1585579254.587903}, "device": "gpu", "nd_range": {"device_start": 1585579189.3978, "device_end": 1585579189.4017642}, "cmdq": 0, "read": {"device_start": -1, "device_end": -1}}, "coalesced_transpose30": {"write": {"device_start": -1, "host_queued_start": 1585579254.557415, "device_queued": -1, "device_end": -1, "host_queued_end": 1585579254.587903}, "device": "gpu", "nd_range": {"device_start": 1585579189.4753299, "device_end": 1585579189.4753494}, "cmdq": 0, "read": {"device_start": -1, "device_end": -1}}, "FFC_sans_bias69": {"write": {"device_start": -1, "host_queued_start": 1585579254.564825, "device_queued": -1, "device_end": -1, "host_queued_end": 1585579254.587903}, "device": "gpu", "nd_range": {"device_start": 1585579189.527804, "device_end": 1585579189.5314248}, "cmdq": 0, "read": {"device_start": -1, "device_end": -1}}, "FFC_sans_bias38": {"write": {"device_start": 1585579189.4327009, "host_queued_start": 1585579254.526936, "device_queued": 1585579189.3861623, "device_end": 1585579189.4327896, "host_queued_end": 1585579254.587903}, "device": "gpu", "nd_range": {"device_start": 1585579189.4327967, "device_end": 1585579189.4367507}, "cmdq": 0, "read": {"device_start": -1, "device_end": -1}}, "coalesced_transpose57": {"write": {"device_start": -1, "host_queued_start": 1585579254.558316, "device_queued": -1, "device_end": -1, "host_queued_end": 1585579254.587903}, "device": "gpu", "nd_range": {"device_start": 1585579189.4753919, "device_end": 1585579189.4754114}, "cmdq": 0, "read": {"device_start": -1, "device_end": -1}}, "empty26": {"write": {"device_start": 1585579189.3821888, "host_queued_start": 1585579254.474772, "device_queued": 1585579189.3817577, "device_end": 1585579189.3822813, "host_queued_end": 1585579254.587903}, "device": "gpu", "nd_range": {"device_start": 1585579189.382284, "device_end": 1585579189.3822882}, "cmdq": 0, "read": {"device_start": -1, "device_end": -1}}, "coalesced_transpose12": {"write": {"device_start": -1, "host_queued_start": 1585579254.5568, "device_queued": -1, "device_end": -1, "host_queued_end": 1585579254.587903}, "device": "gpu", "nd_range": {"device_start": 1585579189.4752882, "device_end": 1585579189.475308}, "cmdq": 0, "read": {"device_start": -1, "device_end": -1}}, "empty44": {"write": {"device_start": 1585579189.3830152, "host_queued_start": 1585579254.480243, "device_queued": 1585579189.3823256, "device_end": 1585579189.3831096, "host_queued_end": 1585579254.587903}, "device": "gpu", "nd_range": {"device_start": 1585579189.383113, "device_end": 1585579189.383117}, "cmdq": 0, "read": {"device_start": -1, "device_end": -1}}, "coalesced_transpose21": {"write": {"device_start": -1, "host_queued_start": 1585579254.557101, "device_queued": -1, "device_end": -1, "host_queued_end": 1585579254.587903}, "device": "gpu", "nd_range": {"device_start": 1585579189.4753091, "device_end": 1585579189.4753287}, "cmdq": 0, "read": {"device_start": -1, "device_end": -1}}, "FFC_sans_bias36": {"write": {"device_start": 1585579189.4241853, "host_queued_start": 1585579254.520438, "device_queued": 1585579189.385709, "device_end": 1585579189.424274, "host_queued_end": 1585579254.587903}, "device": "gpu", "nd_range": {"device_start": 1585579189.4242811, "device_end": 1585579189.428238}, "cmdq": 0, "read": {"device_start": -1, "device_end": -1}}, "softmax14": {"write": {"device_start": -1, "host_queued_start": 1585579254.561113, "device_queued": -1, "device_end": -1, "host_queued_end": 1585579254.587903}, "device": "gpu", "nd_range": {"device_start": 1585579189.5027752, "device_end": 1585579189.5032353}, "cmdq": 0, "read": {"device_start": -1, "device_end": -1}}, "FFC_sans_bias13": {"write": {"device_start": -1, "host_queued_start": 1585579254.558952, "device_queued": -1, "device_end": -1, "host_queued_end": 1585579254.587903}, "device": "gpu", "nd_range": {"device_start": 1585579189.4754324, "device_end": 1585579189.4794028}, "cmdq": 0, "read": {"device_start": -1, "device_end": -1}}, "empty8": {"write": {"device_start": -1, "host_queued_start": 1585579254.592241, "device_queued": -1, "device_end": -1, "host_queued_end": 1585579254.607399}, "device": "cpu", "nd_range": {"device_start": 2247028.796979168, "device_end": 2247028.7969882633}, "cmdq": 0, "read": {"device_start": -1, "device_end": -1}}, "FFC_sans_bias42": {"write": {"device_start": -1, "host_queued_start": 1585579254.563872, "device_queued": -1, "device_end": -1, "host_queued_end": 1585579254.587903}, "device": "gpu", "nd_range": {"device_start": 1585579189.516915, "device_end": 1585579189.5205429}, "cmdq": 0, "read": {"device_start": -1, "device_end": -1}}, "FFC_sans_bias43": {"write": {"device_start": 1585579189.5451825, "host_queued_start": 1585579254.577973, "device_queued": 1585579189.3927445, "device_end": 1585579189.5452719, "host_queued_end": 1585579254.587903}, "device": "gpu", "nd_range": {"device_start": 1585579189.5452769, "device_end": 1585579189.5488784}, "cmdq": 0, "read": {"device_start": 1585579189.5488877, "device_end": 1585579189.5489786}}, "FFC_sans_bias40": {"write": {"device_start": -1, "host_queued_start": 1585579254.559903, "device_queued": -1, "device_end": -1, "host_queued_end": 1585579254.587903}, "device": "gpu", "nd_range": {"device_start": 1585579189.4873128, "device_end": 1585579189.4912806}, "cmdq": 0, "read": {"device_start": -1, "device_end": -1}}, "softmax32": {"write": {"device_start": -1, "host_queued_start": 1585579254.561602, "device_queued": -1, "device_end": -1, "host_queued_end": 1585579254.587903}, "device": "gpu", "nd_range": {"device_start": 1585579189.5036988, "device_end": 1585579189.504157}, "cmdq": 0, "read": {"device_start": -1, "device_end": -1}}, "FFC_sans_bias47": {"write": {"device_start": 1585579189.445558, "host_queued_start": 1585579254.536836, "device_queued": 1585579189.3868232, "device_end": 1585579189.4456468, "host_queued_end": 1585579254.587903}, "device": "gpu", "nd_range": {"device_start": 1585579189.4456532, "device_end": 1585579189.4496226}, "cmdq": 0, "read": {"device_start": -1, "device_end": -1}}, "FFC_sans_bias45": {"write": {"device_start": 1585579189.4370139, "host_queued_start": 1585579254.530219, "device_queued": 1585579189.3863833, "device_end": 1585579189.437117, "host_queued_end": 1585579254.587903}, "device": "gpu", "nd_range": {"device_start": 1585579189.437122, "device_end": 1585579189.441066}, "cmdq": 0, "read": {"device_start": -1, "device_end": -1}}, "softmax50": {"write": {"device_start": -1, "host_queued_start": 1585579254.562095, "device_queued": -1, "device_end": -1, "host_queued_end": 1585579254.587903}, "device": "gpu", "nd_range": {"device_start": 1585579189.5046158, "device_end": 1585579189.5050764}, "cmdq": 0, "read": {"device_start": -1, "device_end": -1}}, "FFC_sans_bias33": {"write": {"device_start": -1, "host_queued_start": 1585579254.563557, "device_queued": -1, "device_end": -1, "host_queued_end": 1585579254.587903}, "device": "gpu", "nd_range": {"device_start": 1585579189.5132778, "device_end": 1585579189.5169141}, "cmdq": 0, "read": {"device_start": -1, "device_end": -1}}, "FFC_sans_bias63": {"write": {"device_start": 1585579189.471232, "host_queued_start": 1585579254.556462, "device_queued": 1585579189.3882284, "device_end": 1585579189.47132, "host_queued_end": 1585579254.587903}, "device": "gpu", "nd_range": {"device_start": 1585579189.4713268, "device_end": 1585579189.4752872}, "cmdq": 0, "read": {"device_start": -1, "device_end": -1}}, "FFC_sans_bias49": {"write": {"device_start": -1, "host_queued_start": 1585579254.56022, "device_queued": -1, "device_end": -1, "host_queued_end": 1585579254.587903}, "device": "gpu", "nd_range": {"device_start": 1585579189.4912817, "device_end": 1585579189.4955237}, "cmdq": 0, "read": {"device_start": -1, "device_end": -1}}, "FFC_sans_bias64": {"write": {"device_start": 1585579189.4627173, "host_queued_start": 1585579254.549948, "device_queued": 1585579189.3877616, "device_end": 1585579189.4628057, "host_queued_end": 1585579254.587903}, "device": "gpu", "nd_range": {"device_start": 1585579189.4628134, "device_end": 1585579189.4667633}, "cmdq": 0, "read": {"device_start": -1, "device_end": -1}}, "FFC_sans_bias65": {"write": {"device_start": 1585579189.466971, "host_queued_start": 1585579254.553214, "device_queued": 1585579189.3879967, "device_end": 1585579189.4670606, "host_queued_end": 1585579254.587903}, "device": "gpu", "nd_range": {"device_start": 1585579189.467068, "device_end": 1585579189.4710243}, "cmdq": 0, "read": {"device_start": -1, "device_end": -1}}, "FFC_sans_bias67": {"write": {"device_start": -1, "host_queued_start": 1585579254.560853, "device_queued": -1, "device_end": -1, "host_queued_end": 1585579254.587903}, "device": "gpu", "nd_range": {"device_start": 1585579189.4991443, "device_end": 1585579189.502774}, "cmdq": 0, "read": {"device_start": -1, "device_end": -1}}, "FFC_sans_bias24": {"write": {"device_start": -1, "host_queued_start": 1585579254.563241, "device_queued": -1, "device_end": -1, "host_queued_end": 1585579254.587903}, "device": "gpu", "nd_range": {"device_start": 1585579189.509649, "device_end": 1585579189.5132768}, "cmdq": 0, "read": {"device_start": -1, "device_end": -1}}, "FFC_sans_bias25": {"write": {"device_start": 1585579189.5367775, "host_queued_start": 1585579254.571415, "device_queued": 1585579189.3921764, "device_end": 1585579189.536867, "host_queued_end": 1585579254.587903}, "device": "gpu", "nd_range": {"device_start": 1585579189.5368729, "device_end": 1585579189.5404909}, "cmdq": 0, "read": {"device_start": 1585579189.5404937, "device_end": 1585579189.5405788}}, "FFC_sans_bias27": {"write": {"device_start": 1585579189.4113708, "host_queued_start": 1585579254.510676, "device_queued": 1585579189.385013, "device_end": 1585579189.411459, "host_queued_end": 1585579254.587903}, "device": "gpu", "nd_range": {"device_start": 1585579189.411466, "device_end": 1585579189.415411}, "cmdq": 0, "read": {"device_start": -1, "device_end": -1}}, "FFC_sans_bias20": {"write": {"device_start": 1585579189.4071004, "host_queued_start": 1585579254.507391, "device_queued": 1585579189.3847885, "device_end": 1585579189.4071898, "host_queued_end": 1585579254.587903}, "device": "gpu", "nd_range": {"device_start": 1585579189.4071958, "device_end": 1585579189.4111452}, "cmdq": 0, "read": {"device_start": -1, "device_end": -1}}, "FFC_sans_bias22": {"write": {"device_start": -1, "host_queued_start": 1585579254.559274, "device_queued": -1, "device_end": -1, "host_queued_end": 1585579254.587903}, "device": "gpu", "nd_range": {"device_start": 1585579189.479404, "device_end": 1585579189.4833643}, "cmdq": 0, "read": {"device_start": -1, "device_end": -1}}, "softmax68": {"write": {"device_start": -1, "host_queued_start": 1585579254.562613, "device_queued": -1, "device_end": -1, "host_queued_end": 1585579254.587903}, "device": "gpu", "nd_range": {"device_start": 1585579189.5055382, "device_end": 1585579189.5059967}, "cmdq": 0, "read": {"device_start": -1, "device_end": -1}}, "softmax5": {"write": {"device_start": -1, "host_queued_start": 1585579254.603596, "device_queued": -1, "device_end": -1, "host_queued_end": 1585579254.607399}, "device": "cpu", "nd_range": {"device_start": 2247028.943908459, "device_end": 2247028.9443711713}, "cmdq": 0, "read": {"device_start": -1, "device_end": -1}}, "FFC_sans_bias28": {"write": {"device_start": 1585579189.415639, "host_queued_start": 1585579254.513915, "device_queued": 1585579189.3852408, "device_end": 1585579189.415727, "host_queued_end": 1585579254.587903}, "device": "gpu", "nd_range": {"device_start": 1585579189.4157338, "device_end": 1585579189.4197097}, "cmdq": 0, "read": {"device_start": -1, "device_end": -1}}, "FFC_sans_bias29": {"write": {"device_start": 1585579189.4199233, "host_queued_start": 1585579254.517166, "device_queued": 1585579189.3854852, "device_end": 1585579189.4200122, "host_queued_end": 1585579254.587903}, "device": "gpu", "nd_range": {"device_start": 1585579189.4200194, "device_end": 1585579189.4239728}, "cmdq": 0, "read": {"device_start": -1, "device_end": -1}}, "empty17": {"write": {"device_start": 1585579189.3817565, "host_queued_start": 1585579254.471361, "device_queued": 1585579189.3813987, "device_end": 1585579189.3818612, "host_queued_end": 1585579254.587903}, "device": "gpu", "nd_range": {"device_start": 1585579189.381867, "device_end": 1585579189.3818717}, "cmdq": 0, "read": {"device_start": -1, "device_end": -1}}, "softmax59": {"write": {"device_start": -1, "host_queued_start": 1585579254.562342, "device_queued": -1, "device_end": -1, "host_queued_end": 1585579254.587903}, "device": "gpu", "nd_range": {"device_start": 1585579189.5050774, "device_end": 1585579189.505537}, "cmdq": 0, "read": {"device_start": -1, "device_end": -1}}, "empty71": {"write": {"device_start": 1585579189.384115, "host_queued_start": 1585579254.487993, "device_queued": 1585579189.3829336, "device_end": 1585579189.3842092, "host_queued_end": 1585579254.587903}, "device": "gpu", "nd_range": {"device_start": 1585579189.384212, "device_end": 1585579189.3842163}, "cmdq": 0, "read": {"device_start": -1, "device_end": -1}}, "empty35": {"write": {"device_start": 1585579189.3825996, "host_queued_start": 1585579254.477625, "device_queued": 1585579189.3820453, "device_end": 1585579189.3827124, "host_queued_end": 1585579254.587903}, "device": "gpu", "nd_range": {"device_start": 1585579189.3827221, "device_end": 1585579189.3827257}, "cmdq": 0, "read": {"device_start": -1, "device_end": -1}}, "empty53": {"write": {"device_start": 1585579189.3833756, "host_queued_start": 1585579254.482843, "device_queued": 1585579189.382518, "device_end": 1585579189.383469, "host_queued_end": 1585579254.587903}, "device": "gpu", "nd_range": {"device_start": 1585579189.3834755, "device_end": 1585579189.3834794}, "cmdq": 0, "read": {"device_start": -1, "device_end": -1}}, "FFC_sans_bias46": {"write": {"device_start": 1585579189.4412818, "host_queued_start": 1585579254.533516, "device_queued": 1585579189.3865952, "device_end": 1585579189.4413702, "host_queued_end": 1585579254.587903}, "device": "gpu", "nd_range": {"device_start": 1585579189.441377, "device_end": 1585579189.4453418}, "cmdq": 0, "read": {"device_start": -1, "device_end": -1}}, "coalesced_transpose66": {"write": {"device_start": -1, "host_queued_start": 1585579254.55863, "device_queued": -1, "device_end": -1, "host_queued_end": 1585579254.587903}, "device": "gpu", "nd_range": {"device_start": 1585579189.4754124, "device_end": 1585579189.4754312}, "cmdq": 0, "read": {"device_start": -1, "device_end": -1}}, "coalesced_transpose48": {"write": {"device_start": -1, "host_queued_start": 1585579254.558019, "device_queued": -1, "device_end": -1, "host_queued_end": 1585579254.587903}, "device": "gpu", "nd_range": {"device_start": 1585579189.4753716, "device_end": 1585579189.4753907}, "cmdq": 0, "read": {"device_start": -1, "device_end": -1}}}