{"FFC_sans_bias60": {"write": {"device_start": -1, "host_queued_start": 1585579992.726681, "device_queued": -1, "device_end": -1, "host_queued_end": 1585579992.7468}, "device": "gpu", "nd_range": {"device_start": 1585579927.6175787, "device_end": 1585579927.6348886}, "cmdq": 1, "read": {"device_start": -1, "device_end": -1}}, "FFC_sans_bias4": {"write": {"device_start": -1, "host_queued_start": 1585579992.776043, "device_queued": -1, "device_end": -1, "host_queued_end": 1585579992.78436}, "device": "cpu", "nd_range": {"device_start": 2247767.211299946, "device_end": 2247767.287651095}, "cmdq": 1, "read": {"device_start": -1, "device_end": -1}}, "FFC_sans_bias7": {"write": {"device_start": -1, "host_queued_start": 1585579992.78095, "device_queued": -1, "device_end": -1, "host_queued_end": 1585579992.78436}, "device": "cpu", "nd_range": {"device_start": 2247767.350898336, "device_end": 2247767.423510948}, "cmdq": 1, "read": {"device_start": -1, "device_end": -1}}, "FFC_sans_bias6": {"write": {"device_start": -1, "host_queued_start": 1585579992.777276, "device_queued": -1, "device_end": -1, "host_queued_end": 1585579992.78436}, "device": "cpu", "nd_range": {"device_start": 2247767.2881737673, "device_end": 2247767.331243927}, "cmdq": 2, "read": {"device_start": -1, "device_end": -1}}, "FFC_sans_bias1": {"write": {"device_start": -1, "host_queued_start": 1585579992.760977, "device_queued": -1, "device_end": -1, "host_queued_end": 1585579992.78436}, "device": "cpu", "nd_range": {"device_start": 2247766.9739957233, "device_end": 2247767.096546247}, "cmdq": 0, "read": {"device_start": -1, "device_end": -1}}, "FFC_sans_bias0": {"write": {"device_start": -1, "host_queued_start": 1585579992.757341, "device_queued": -1, "device_end": -1, "host_queued_end": 1585579992.78436}, "device": "cpu", "nd_range": {"device_start": 2247766.9740120224, "device_end": 2247767.036711376}, "cmdq": 2, "read": {"device_start": -1, "device_end": -1}}, "FFC_sans_bias2": {"write": {"device_start": -1, "host_queued_start": 1585579992.764461, "device_queued": -1, "device_end": -1, "host_queued_end": 1585579992.78436}, "device": "cpu", "nd_range": {"device_start": 2247766.973997163, "device_end": 2247767.1144783814}, "cmdq": 1, "read": {"device_start": -1, "device_end": -1}}, "FFC_sans_bias61": {"write": {"device_start": 1585579927.6422684, "host_queued_start": 1585579992.74335, "device_queued": 1585579927.5315955, "device_end": 1585579927.6423666, "host_queued_end": 1585579992.7468}, "device": "gpu", "nd_range": {"device_start": 1585579927.642382, "device_end": 1585579927.6563904}, "cmdq": 2, "read": {"device_start": 1585579927.6563983, "device_end": 1585579927.6564867}}, "FFC_sans_bias52": {"write": {"device_start": 1585579927.6351242, "host_queued_start": 1585579992.740104, "device_queued": 1585579927.5314581, "device_end": 1585579927.6352193, "host_queued_end": 1585579992.7468}, "device": "gpu", "nd_range": {"device_start": 1585579927.6352324, "device_end": 1585579927.6528027}, "cmdq": 1, "read": {"device_start": 1585579927.6528065, "device_end": 1585579927.652895}}, "FFC_sans_bias9": {"write": {"device_start": -1, "host_queued_start": 1585579992.767937, "device_queued": -1, "device_end": -1, "host_queued_end": 1585579992.78436}, "device": "cpu", "nd_range": {"device_start": 2247767.036781026, "device_end": 2247767.1530626183}, "cmdq": 2, "read": {"device_start": -1, "device_end": -1}}, "coalesced_transpose39": {"write": {"device_start": -1, "host_queued_start": 1585579992.720834, "device_queued": -1, "device_end": -1, "host_queued_end": 1585579992.7468}, "device": "gpu", "nd_range": {"device_start": 1585579927.5855942, "device_end": 1585579927.5931144}, "cmdq": 1, "read": {"device_start": -1, "device_end": -1}}, "FFC_sans_bias55": {"write": {"device_start": 1585579927.5627513, "host_queued_start": 1585579992.710121, "device_queued": 1585579927.5265923, "device_end": 1585579927.5628548, "host_queued_end": 1585579992.7468}, "device": "gpu", "nd_range": {"device_start": 1585579927.5628643, "device_end": 1585579927.5817635}, "cmdq": 0, "read": {"device_start": -1, "device_end": -1}}, "FFC_sans_bias54": {"write": {"device_start": 1585579927.5600882, "host_queued_start": 1585579992.70684, "device_queued": 1585579927.5260248, "device_end": 1585579927.5601878, "host_queued_end": 1585579992.7468}, "device": "gpu", "nd_range": {"device_start": 1585579927.5602002, "device_end": 1585579927.5779052}, "cmdq": 4, "read": {"device_start": -1, "device_end": -1}}, "FFC_sans_bias56": {"write": {"device_start": 1585579927.5551157, "host_queued_start": 1585579992.703582, "device_queued": 1585579927.5258975, "device_end": 1585579927.5552197, "host_queued_end": 1585579992.7468}, "device": "gpu", "nd_range": {"device_start": 1585579927.5552247, "device_end": 1585579927.574009}, "cmdq": 3, "read": {"device_start": -1, "device_end": -1}}, "FFC_sans_bias51": {"write": {"device_start": -1, "host_queued_start": 1585579992.726364, "device_queued": -1, "device_end": -1, "host_queued_end": 1585579992.7468}, "device": "gpu", "nd_range": {"device_start": 1585579927.6168146, "device_end": 1585579927.624193}, "cmdq": 0, "read": {"device_start": -1, "device_end": -1}}, "softmax23": {"write": {"device_start": -1, "host_queued_start": 1585579992.723901, "device_queued": -1, "device_end": -1, "host_queued_end": 1585579992.7468}, "device": "gpu", "nd_range": {"device_start": 1585579927.6009383, "device_end": 1585579927.6167696}, "cmdq": 1, "read": {"device_start": -1, "device_end": -1}}, "FFC_sans_bias37": {"write": {"device_start": 1585579927.535958, "host_queued_start": 1585579992.687221, "device_queued": 1585579927.524688, "device_end": 1585579927.5360625, "host_queued_end": 1585579992.7468}, "device": "gpu", "nd_range": {"device_start": 1585579927.5360787, "device_end": 1585579927.5547519}, "cmdq": 3, "read": {"device_start": -1, "device_end": -1}}, "empty62": {"write": {"device_start": 1585579927.5222034, "host_queued_start": 1585579992.658739, "device_queued": 1585579927.521884, "device_end": 1585579927.5224543, "host_queued_end": 1585579992.7468}, "device": "gpu", "nd_range": {"device_start": 1585579927.5224578, "device_end": 1585579927.5224643}, "cmdq": 4, "read": {"device_start": -1, "device_end": -1}}, "FFC_sans_bias70": {"write": {"device_start": 1585579927.6497684, "host_queued_start": 1585579992.746687, "device_queued": 1585579927.532184, "device_end": 1585579927.6498685, "host_queued_end": 1585579992.7468}, "device": "gpu", "nd_range": {"device_start": 1585579927.6498814, "device_end": 1585579927.659961}, "cmdq": 3, "read": {"device_start": 1585579927.6599674, "device_end": 1585579927.6600556}}, "FFC_sans_bias58": {"write": {"device_start": -1, "host_queued_start": 1585579992.723337, "device_queued": -1, "device_end": -1, "host_queued_end": 1585579992.7468}, "device": "gpu", "nd_range": {"device_start": 1585579927.5970705, "device_end": 1585579927.6117039}, "cmdq": 4, "read": {"device_start": -1, "device_end": -1}}, "softmax41": {"write": {"device_start": -1, "host_queued_start": 1585579992.72439, "device_queued": -1, "device_end": -1, "host_queued_end": 1585579992.7468}, "device": "gpu", "nd_range": {"device_start": 1585579927.6117392, "device_end": 1585579927.6167886}, "cmdq": 3, "read": {"device_start": -1, "device_end": -1}}, "FFC_sans_bias11": {"write": {"device_start": -1, "host_queued_start": 1585579992.774999, "device_queued": -1, "device_end": -1, "host_queued_end": 1585579992.78436}, "device": "cpu", "nd_range": {"device_start": 2247767.114678917, "device_end": 2247767.2112765503}, "cmdq": 1, "read": {"device_start": -1, "device_end": -1}}, "FFC_sans_bias10": {"write": {"device_start": -1, "host_queued_start": 1585579992.771427, "device_queued": -1, "device_end": -1, "host_queued_end": 1585579992.78436}, "device": "cpu", "nd_range": {"device_start": 2247767.096570609, "device_end": 2247767.1853206353}, "cmdq": 0, "read": {"device_start": -1, "device_end": -1}}, "coalesced_transpose3": {"write": {"device_start": -1, "host_queued_start": 1585579992.77536, "device_queued": -1, "device_end": -1, "host_queued_end": 1585579992.78436}, "device": "cpu", "nd_range": {"device_start": 2247767.153283257, "device_end": 2247767.154394119}, "cmdq": 2, "read": {"device_start": -1, "device_end": -1}}, "FFC_sans_bias34": {"write": {"device_start": 1585579927.6209762, "host_queued_start": 1585579992.733553, "device_queued": 1585579927.5304089, "device_end": 1585579927.6210783, "host_queued_end": 1585579992.7468}, "device": "gpu", "nd_range": {"device_start": 1585579927.631252, "device_end": 1585579927.6456125}, "cmdq": 4, "read": {"device_start": 1585579927.6456158, "device_end": 1585579927.6457112}}, "FFC_sans_bias15": {"write": {"device_start": -1, "host_queued_start": 1585579992.777617, "device_queued": -1, "device_end": -1, "host_queued_end": 1585579992.78436}, "device": "cpu", "nd_range": {"device_start": 2247767.3191504343, "device_end": 2247767.3823177223}, "cmdq": 0, "read": {"device_start": -1, "device_end": -1}}, "FFC_sans_bias31": {"write": {"device_start": -1, "host_queued_start": 1585579992.722358, "device_queued": -1, "device_end": -1, "host_queued_end": 1585579992.7468}, "device": "gpu", "nd_range": {"device_start": 1585579927.5933473, "device_end": 1585579927.6009278}, "cmdq": 1, "read": {"device_start": -1, "device_end": -1}}, "FFC_sans_bias16": {"write": {"device_start": -1, "host_queued_start": 1585579992.784304, "device_queued": -1, "device_end": -1, "host_queued_end": 1585579992.78436}, "device": "cpu", "nd_range": {"device_start": 2247767.3827165123, "device_end": 2247767.428321275}, "cmdq": 2, "read": {"device_start": -1, "device_end": -1}}, "FFC_sans_bias19": {"write": {"device_start": 1585579927.523103, "host_queued_start": 1585579992.66744, "device_queued": 1585579927.5228138, "device_end": 1585579927.523379, "host_queued_end": 1585579992.7468}, "device": "gpu", "nd_range": {"device_start": 1585579927.5238712, "device_end": 1585579927.5316474}, "cmdq": 2, "read": {"device_start": -1, "device_end": -1}}, "FFC_sans_bias18": {"write": {"device_start": 1585579927.522808, "host_queued_start": 1585579992.664139, "device_queued": 1585579927.5224676, "device_end": 1585579927.5230577, "host_queued_end": 1585579992.7468}, "device": "gpu", "nd_range": {"device_start": 1585579927.5236804, "device_end": 1585579927.527679}, "cmdq": 1, "read": {"device_start": -1, "device_end": -1}}, "coalesced_transpose30": {"write": {"device_start": -1, "host_queued_start": 1585579992.720531, "device_queued": -1, "device_end": -1, "host_queued_end": 1585579992.7468}, "device": "gpu", "nd_range": {"device_start": 1585579927.5817647, "device_end": 1585579927.593081}, "cmdq": 0, "read": {"device_start": -1, "device_end": -1}}, "FFC_sans_bias69": {"write": {"device_start": -1, "host_queued_start": 1585579992.726995, "device_queued": -1, "device_end": -1, "host_queued_end": 1585579992.7468}, "device": "gpu", "nd_range": {"device_start": 1585579927.6277902, "device_end": 1585579927.6420343}, "cmdq": 2, "read": {"device_start": -1, "device_end": -1}}, "FFC_sans_bias38": {"write": {"device_start": 1585579927.5396488, "host_queued_start": 1585579992.690516, "device_queued": 1585579927.5248306, "device_end": 1585579927.5397542, "host_queued_end": 1585579992.7468}, "device": "gpu", "nd_range": {"device_start": 1585579927.5397696, "device_end": 1585579927.558579}, "cmdq": 4, "read": {"device_start": -1, "device_end": -1}}, "coalesced_transpose57": {"write": {"device_start": -1, "host_queued_start": 1585579992.721429, "device_queued": -1, "device_end": -1, "host_queued_end": 1585579992.7468}, "device": "gpu", "nd_range": {"device_start": 1585579927.5933316, "device_end": 1585579927.5970469}, "cmdq": 3, "read": {"device_start": -1, "device_end": -1}}, "empty26": {"write": {"device_start": 1585579927.5208719, "host_queued_start": 1585579992.64736, "device_queued": 1585579927.5205226, "device_end": 1585579927.5211089, "host_queued_end": 1585579992.7468}, "device": "gpu", "nd_range": {"device_start": 1585579927.521119, "device_end": 1585579927.5211246}, "cmdq": 0, "read": {"device_start": -1, "device_end": -1}}, "coalesced_transpose12": {"write": {"device_start": -1, "host_queued_start": 1585579992.775694, "device_queued": -1, "device_end": -1, "host_queued_end": 1585579992.78436}, "device": "cpu", "nd_range": {"device_start": 2247767.1853352403, "device_end": 2247767.186433521}, "cmdq": 0, "read": {"device_start": -1, "device_end": -1}}, "empty44": {"write": {"device_start": 1585579927.5215878, "host_queued_start": 1585579992.653424, "device_queued": 1585579927.5211205, "device_end": 1585579927.5218692, "host_queued_end": 1585579992.7468}, "device": "gpu", "nd_range": {"device_start": 1585579927.5219853, "device_end": 1585579927.5220523}, "cmdq": 2, "read": {"device_start": -1, "device_end": -1}}, "coalesced_transpose21": {"write": {"device_start": -1, "host_queued_start": 1585579992.720227, "device_queued": -1, "device_end": -1, "host_queued_end": 1585579992.7468}, "device": "gpu", "nd_range": {"device_start": 1585579927.5779076, "device_end": 1585579927.5930383}, "cmdq": 4, "read": {"device_start": -1, "device_end": -1}}, "FFC_sans_bias36": {"write": {"device_start": 1585579927.532055, "host_queued_start": 1585579992.683982, "device_queued": 1585579927.5245636, "device_end": 1585579927.5321574, "host_queued_end": 1585579992.7468}, "device": "gpu", "nd_range": {"device_start": 1585579927.532175, "device_end": 1585579927.5508823}, "cmdq": 2, "read": {"device_start": -1, "device_end": -1}}, "softmax14": {"write": {"device_start": -1, "host_queued_start": 1585579992.77694, "device_queued": -1, "device_end": -1, "host_queued_end": 1585579992.78436}, "device": "cpu", "nd_range": {"device_start": 2247767.287675694, "device_end": 2247767.296198627}, "cmdq": 1, "read": {"device_start": -1, "device_end": -1}}, "FFC_sans_bias13": {"write": {"device_start": -1, "host_queued_start": 1585579992.776384, "device_queued": -1, "device_end": -1, "host_queued_end": 1585579992.78436}, "device": "cpu", "nd_range": {"device_start": 2247767.1864483063, "device_end": 2247767.262171361}, "cmdq": 2, "read": {"device_start": -1, "device_end": -1}}, "empty8": {"write": {"device_start": -1, "host_queued_start": 1585579992.751409, "device_queued": -1, "device_end": -1, "host_queued_end": 1585579992.78436}, "device": "cpu", "nd_range": {"device_start": 2247766.973958299, "device_end": 2247766.973970173}, "cmdq": 0, "read": {"device_start": -1, "device_end": -1}}, "FFC_sans_bias42": {"write": {"device_start": -1, "host_queued_start": 1585579992.726052, "device_queued": -1, "device_end": -1, "host_queued_end": 1585579992.7468}, "device": "gpu", "nd_range": {"device_start": 1585579927.6168036, "device_end": 1585579927.6205094}, "cmdq": 4, "read": {"device_start": -1, "device_end": -1}}, "FFC_sans_bias43": {"write": {"device_start": 1585579927.6244478, "host_queued_start": 1585579992.736805, "device_queued": 1585579927.5311654, "device_end": 1585579927.6245477, "host_queued_end": 1585579992.7468}, "device": "gpu", "nd_range": {"device_start": 1585579927.6245575, "device_end": 1585579927.6384578}, "cmdq": 0, "read": {"device_start": 1585579927.6459498, "device_end": 1585579927.6460497}}, "FFC_sans_bias40": {"write": {"device_start": -1, "host_queued_start": 1585579992.722705, "device_queued": -1, "device_end": -1, "host_queued_end": 1585579992.7468}, "device": "gpu", "nd_range": {"device_start": 1585579927.5933616, "device_end": 1585579927.6045463}, "cmdq": 2, "read": {"device_start": -1, "device_end": -1}}, "softmax32": {"write": {"device_start": -1, "host_queued_start": 1585579992.724143, "device_queued": -1, "device_end": -1, "host_queued_end": 1585579992.7468}, "device": "gpu", "nd_range": {"device_start": 1585579927.611729, "device_end": 1585579927.6167846}, "cmdq": 2, "read": {"device_start": -1, "device_end": -1}}, "FFC_sans_bias47": {"write": {"device_start": 1585579927.5512261, "host_queued_start": 1585579992.700345, "device_queued": 1585579927.5257695, "device_end": 1585579927.5513313, "host_queued_end": 1585579992.7468}, "device": "gpu", "nd_range": {"device_start": 1585579927.5513358, "device_end": 1585579927.5701663}, "cmdq": 2, "read": {"device_start": -1, "device_end": -1}}, "FFC_sans_bias45": {"write": {"device_start": 1585579927.5435243, "host_queued_start": 1585579992.693793, "device_queued": 1585579927.5253975, "device_end": 1585579927.5436313, "host_queued_end": 1585579992.7468}, "device": "gpu", "nd_range": {"device_start": 1585579927.5436478, "device_end": 1585579927.5624585}, "cmdq": 0, "read": {"device_start": -1, "device_end": -1}}, "softmax50": {"write": {"device_start": -1, "host_queued_start": 1585579992.724631, "device_queued": -1, "device_end": -1, "host_queued_end": 1585579992.7468}, "device": "gpu", "nd_range": {"device_start": 1585579927.6117148, "device_end": 1585579927.616793}, "cmdq": 4, "read": {"device_start": -1, "device_end": -1}}, "FFC_sans_bias33": {"write": {"device_start": -1, "host_queued_start": 1585579992.725738, "device_queued": -1, "device_end": -1, "host_queued_end": 1585579992.7468}, "device": "gpu", "nd_range": {"device_start": 1585579927.6168368, "device_end": 1585579927.631238}, "cmdq": 3, "read": {"device_start": -1, "device_end": -1}}, "FFC_sans_bias63": {"write": {"device_start": 1585579927.5742521, "host_queued_start": 1585579992.719884, "device_queued": 1585579927.5271132, "device_end": 1585579927.5743523, "host_queued_end": 1585579992.7468}, "device": "gpu", "nd_range": {"device_start": 1585579927.5743597, "device_end": 1585579927.593321}, "cmdq": 3, "read": {"device_start": -1, "device_end": -1}}, "FFC_sans_bias49": {"write": {"device_start": -1, "host_queued_start": 1585579992.723021, "device_queued": -1, "device_end": -1, "host_queued_end": 1585579992.7468}, "device": "gpu", "nd_range": {"device_start": 1585579927.5970602, "device_end": 1585579927.6081252}, "cmdq": 3, "read": {"device_start": -1, "device_end": -1}}, "FFC_sans_bias64": {"write": {"device_start": 1585579927.5665655, "host_queued_start": 1585579992.713375, "device_queued": 1585579927.5268524, "device_end": 1585579927.566663, "host_queued_end": 1585579992.7468}, "device": "gpu", "nd_range": {"device_start": 1585579927.566672, "device_end": 1585579927.5855887}, "cmdq": 1, "read": {"device_start": -1, "device_end": -1}}, "FFC_sans_bias65": {"write": {"device_start": 1585579927.5704117, "host_queued_start": 1585579992.716642, "device_queued": 1585579927.5269825, "device_end": 1585579927.57051, "host_queued_end": 1585579992.7468}, "device": "gpu", "nd_range": {"device_start": 1585579927.5705209, "device_end": 1585579927.5894396}, "cmdq": 2, "read": {"device_start": -1, "device_end": -1}}, "FFC_sans_bias67": {"write": {"device_start": -1, "host_queued_start": 1585579992.723647, "device_queued": -1, "device_end": -1, "host_queued_end": 1585579992.7468}, "device": "gpu", "nd_range": {"device_start": 1585579927.5972905, "device_end": 1585579927.6152885}, "cmdq": 0, "read": {"device_start": -1, "device_end": -1}}, "FFC_sans_bias24": {"write": {"device_start": -1, "host_queued_start": 1585579992.725424, "device_queued": -1, "device_end": -1, "host_queued_end": 1585579992.7468}, "device": "gpu", "nd_range": {"device_start": 1585579927.6168265, "device_end": 1585579927.6277792}, "cmdq": 2, "read": {"device_start": -1, "device_end": -1}}, "FFC_sans_bias25": {"write": {"device_start": 1585579927.6314802, "host_queued_start": 1585579992.730239, "device_queued": 1585579927.5305498, "device_end": 1585579927.6315775, "host_queued_end": 1585579992.7468}, "device": "gpu", "nd_range": {"device_start": 1585579927.6315925, "device_end": 1585579927.649239}, "cmdq": 3, "read": {"device_start": 1585579927.6492424, "device_end": 1585579927.6493344}}, "FFC_sans_bias27": {"write": {"device_start": 1585579927.5237207, "host_queued_start": 1585579992.6742, "device_queued": 1585579927.5233917, "device_end": 1585579927.523844, "host_queued_end": 1585579992.7468}, "device": "gpu", "nd_range": {"device_start": 1585579927.5240836, "device_end": 1585579927.539246}, "cmdq": 4, "read": {"device_start": -1, "device_end": -1}}, "FFC_sans_bias20": {"write": {"device_start": 1585579927.5233846, "host_queued_start": 1585579992.670767, "device_queued": 1585579927.5230718, "device_end": 1585579927.523654, "host_queued_end": 1585579992.7468}, "device": "gpu", "nd_range": {"device_start": 1585579927.5239792, "device_end": 1585579927.5355399}, "cmdq": 3, "read": {"device_start": -1, "device_end": -1}}, "FFC_sans_bias22": {"write": {"device_start": -1, "host_queued_start": 1585579992.722044, "device_queued": -1, "device_end": -1, "host_queued_end": 1585579992.7468}, "device": "gpu", "nd_range": {"device_start": 1585579927.5930943, "device_end": 1585579927.5972798}, "cmdq": 0, "read": {"device_start": -1, "device_end": -1}}, "softmax68": {"write": {"device_start": -1, "host_queued_start": 1585579992.725115, "device_queued": -1, "device_end": -1, "host_queued_end": 1585579992.7468}, "device": "gpu", "nd_range": {"device_start": 1585579927.6167815, "device_end": 1585579927.6175675}, "cmdq": 1, "read": {"device_start": -1, "device_end": -1}}, "softmax5": {"write": {"device_start": -1, "host_queued_start": 1585579992.776665, "device_queued": -1, "device_end": -1, "host_queued_end": 1585579992.78436}, "device": "cpu", "nd_range": {"device_start": 2247767.287671659, "device_end": 2247767.28816008}, "cmdq": 0, "read": {"device_start": -1, "device_end": -1}}, "FFC_sans_bias28": {"write": {"device_start": 1585579927.524432, "host_queued_start": 1585579992.677452, "device_queued": 1585579927.5241737, "device_end": 1585579927.5245311, "host_queued_end": 1585579992.7468}, "device": "gpu", "nd_range": {"device_start": 1585579927.5245342, "device_end": 1585579927.5431287}, "cmdq": 0, "read": {"device_start": -1, "device_end": -1}}, "FFC_sans_bias29": {"write": {"device_start": 1585579927.5280561, "host_queued_start": 1585579992.680732, "device_queued": 1585579927.5244372, "device_end": 1585579927.5281565, "host_queued_end": 1585579992.7468}, "device": "gpu", "nd_range": {"device_start": 1585579927.5281613, "device_end": 1585579927.5470197}, "cmdq": 1, "read": {"device_start": -1, "device_end": -1}}, "empty17": {"write": {"device_start": -1, "host_queued_start": 1585579992.754339, "device_queued": -1, "device_end": -1, "host_queued_end": 1585579992.78436}, "device": "cpu", "nd_range": {"device_start": 2247766.9739583763, "device_end": 2247766.97397018}, "cmdq": 1, "read": {"device_start": -1, "device_end": -1}}, "softmax59": {"write": {"device_start": -1, "host_queued_start": 1585579992.724871, "device_queued": -1, "device_end": -1, "host_queued_end": 1585579992.7468}, "device": "gpu", "nd_range": {"device_start": 1585579927.6152985, "device_end": 1585579927.615754}, "cmdq": 0, "read": {"device_start": -1, "device_end": -1}}, "empty71": {"write": {"device_start": 1585579927.5225127, "host_queued_start": 1585579992.661319, "device_queued": 1585579927.5222, "device_end": 1585579927.5228033, "host_queued_end": 1585579992.7468}, "device": "gpu", "nd_range": {"device_start": 1585579927.5228174, "device_end": 1585579927.5228367}, "cmdq": 0, "read": {"device_start": -1, "device_end": -1}}, "empty35": {"write": {"device_start": 1585579927.521228, "host_queued_start": 1585579992.650788, "device_queued": 1585579927.5208077, "device_end": 1585579927.5215158, "host_queued_end": 1585579992.7468}, "device": "gpu", "nd_range": {"device_start": 1585579927.5219402, "device_end": 1585579927.5220127}, "cmdq": 1, "read": {"device_start": -1, "device_end": -1}}, "empty53": {"write": {"device_start": 1585579927.5218923, "host_queued_start": 1585579992.656108, "device_queued": 1585579927.5215268, "device_end": 1585579927.5221853, "host_queued_end": 1585579992.7468}, "device": "gpu", "nd_range": {"device_start": 1585579927.5221982, "device_end": 1585579927.5222037}, "cmdq": 3, "read": {"device_start": -1, "device_end": -1}}, "FFC_sans_bias46": {"write": {"device_start": 1585579927.547434, "host_queued_start": 1585579992.69705, "device_queued": 1585579927.5256426, "device_end": 1585579927.5475497, "host_queued_end": 1585579992.7468}, "device": "gpu", "nd_range": {"device_start": 1585579927.547558, "device_end": 1585579927.566323}, "cmdq": 1, "read": {"device_start": -1, "device_end": -1}}, "coalesced_transpose66": {"write": {"device_start": -1, "host_queued_start": 1585579992.721727, "device_queued": -1, "device_end": -1, "host_queued_end": 1585579992.7468}, "device": "gpu", "nd_range": {"device_start": 1585579927.5930526, "device_end": 1585579927.5931706}, "cmdq": 4, "read": {"device_start": -1, "device_end": -1}}, "coalesced_transpose48": {"write": {"device_start": -1, "host_queued_start": 1585579992.721131, "device_queued": -1, "device_end": -1, "host_queued_end": 1585579992.7468}, "device": "gpu", "nd_range": {"device_start": 1585579927.58945, "device_end": 1585579927.5931435}, "cmdq": 2, "read": {"device_start": -1, "device_end": -1}}}