{"FFC_sans_bias60": {"write": {"device_start": -1, "host_queued_start": 1585579601.56983, "device_queued": -1, "device_end": -1, "host_queued_end": 1585579601.580039}, "device": "gpu", "nd_range": {"device_start": 1585579536.4058464, "device_end": 1585579536.411594}, "cmdq": 1, "read": {"device_start": -1, "device_end": -1}}, "FFC_sans_bias4": {"write": {"device_start": -1, "host_queued_start": 1585579601.647702, "device_queued": -1, "device_end": -1, "host_queued_end": 1585579601.668413}, "device": "cpu", "nd_range": {"device_start": 2247376.447006647, "device_end": 2247376.488969928}, "cmdq": 0, "read": {"device_start": -1, "device_end": -1}}, "FFC_sans_bias7": {"write": {"device_start": -1, "host_queued_start": 1585579601.655488, "device_queued": -1, "device_end": -1, "host_queued_end": 1585579601.668413}, "device": "cpu", "nd_range": {"device_start": 2247376.8688961, "device_end": 2247376.910740346}, "cmdq": 0, "read": {"device_start": -1, "device_end": -1}}, "FFC_sans_bias6": {"write": {"device_start": -1, "host_queued_start": 1585579601.650851, "device_queued": -1, "device_end": -1, "host_queued_end": 1585579601.668413}, "device": "cpu", "nd_range": {"device_start": 2247376.6583460853, "device_end": 2247376.7000103514}, "cmdq": 0, "read": {"device_start": -1, "device_end": -1}}, "FFC_sans_bias1": {"write": {"device_start": -1, "host_queued_start": 1585579601.601457, "device_queued": -1, "device_end": -1, "host_queued_end": 1585579601.668413}, "device": "cpu", "nd_range": {"device_start": 2247375.895008109, "device_end": 2247375.930421904}, "cmdq": 0, "read": {"device_start": -1, "device_end": -1}}, "FFC_sans_bias0": {"write": {"device_start": -1, "host_queued_start": 1585579601.597999, "device_queued": -1, "device_end": -1, "host_queued_end": 1585579601.668413}, "device": "cpu", "nd_range": {"device_start": 2247375.858079824, "device_end": 2247375.894984091}, "cmdq": 0, "read": {"device_start": -1, "device_end": -1}}, "FFC_sans_bias2": {"write": {"device_start": -1, "host_queued_start": 1585579601.604913, "device_queued": -1, "device_end": -1, "host_queued_end": 1585579601.668413}, "device": "cpu", "nd_range": {"device_start": 2247375.930608237, "device_end": 2247375.968227908}, "cmdq": 0, "read": {"device_start": -1, "device_end": -1}}, "FFC_sans_bias61": {"write": {"device_start": 1585579536.4119534, "host_queued_start": 1585579601.576611, "device_queued": 1585579536.3696094, "device_end": 1585579536.412053, "host_queued_end": 1585579601.580039}, "device": "gpu", "nd_range": {"device_start": 1585579536.4120572, "device_end": 1585579536.4213364}, "cmdq": 1, "read": {"device_start": 1585579536.4213412, "device_end": 1585579536.4214313}}, "FFC_sans_bias52": {"write": {"device_start": 1585579536.4087098, "host_queued_start": 1585579601.573327, "device_queued": 1585579536.369278, "device_end": 1585579536.4088104, "host_queued_end": 1585579601.580039}, "device": "gpu", "nd_range": {"device_start": 1585579536.4088154, "device_end": 1585579536.4148297}, "cmdq": 0, "read": {"device_start": 1585579536.414834, "device_end": 1585579536.4149418}}, "FFC_sans_bias9": {"write": {"device_start": -1, "host_queued_start": 1585579601.608212, "device_queued": -1, "device_end": -1, "host_queued_end": 1585579601.668413}, "device": "cpu", "nd_range": {"device_start": 2247375.9682382774, "device_end": 2247376.0082815983}, "cmdq": 0, "read": {"device_start": -1, "device_end": -1}}, "coalesced_transpose39": {"write": {"device_start": -1, "host_queued_start": 1585579601.647356, "device_queued": -1, "device_end": -1, "host_queued_end": 1585579601.668413}, "device": "cpu", "nd_range": {"device_start": 2247376.4464291893, "device_end": 2247376.4468733734}, "cmdq": 0, "read": {"device_start": -1, "device_end": -1}}, "FFC_sans_bias55": {"write": {"device_start": 1585579536.3761163, "host_queued_start": 1585579601.556537, "device_queued": 1585579536.366908, "device_end": 1585579536.3762193, "host_queued_end": 1585579601.580039}, "device": "gpu", "nd_range": {"device_start": 1585579536.3762255, "device_end": 1585579536.385463}, "cmdq": 2, "read": {"device_start": -1, "device_end": -1}}, "FFC_sans_bias54": {"write": {"device_start": 1585579536.3728085, "host_queued_start": 1585579601.553242, "device_queued": 1585579536.366784, "device_end": 1585579536.3729148, "host_queued_end": 1585579601.580039}, "device": "gpu", "nd_range": {"device_start": 1585579536.3729186, "device_end": 1585579536.3821964}, "cmdq": 1, "read": {"device_start": -1, "device_end": -1}}, "FFC_sans_bias56": {"write": {"device_start": 1585579536.3694687, "host_queued_start": 1585579601.54998, "device_queued": 1585579536.36655, "device_end": 1585579536.3695693, "host_queued_end": 1585579601.580039}, "device": "gpu", "nd_range": {"device_start": 1585579536.369574, "device_end": 1585579536.3788958}, "cmdq": 0, "read": {"device_start": -1, "device_end": -1}}, "FFC_sans_bias51": {"write": {"device_start": -1, "host_queued_start": 1585579601.569504, "device_queued": -1, "device_end": -1, "host_queued_end": 1585579601.580039}, "device": "gpu", "nd_range": {"device_start": 1585579536.4026563, "device_end": 1585579536.4083028}, "cmdq": 0, "read": {"device_start": -1, "device_end": -1}}, "softmax23": {"write": {"device_start": -1, "host_queued_start": 1585579601.649926, "device_queued": -1, "device_end": -1, "host_queued_end": 1585579601.668413}, "device": "cpu", "nd_range": {"device_start": 2247376.656880882, "device_end": 2247376.6572419764}, "cmdq": 0, "read": {"device_start": -1, "device_end": -1}}, "FFC_sans_bias37": {"write": {"device_start": -1, "host_queued_start": 1585579601.642307, "device_queued": -1, "device_end": -1, "host_queued_end": 1585579601.668413}, "device": "cpu", "nd_range": {"device_start": 2247376.359516968, "device_end": 2247376.4010961712}, "cmdq": 0, "read": {"device_start": -1, "device_end": -1}}, "empty62": {"write": {"device_start": 1585579536.3649693, "host_queued_start": 1585579601.534658, "device_queued": 1585579536.3645976, "device_end": 1585579536.3652947, "host_queued_end": 1585579601.580039}, "device": "gpu", "nd_range": {"device_start": 1585579536.365311, "device_end": 1585579536.3653202}, "cmdq": 1, "read": {"device_start": -1, "device_end": -1}}, "FFC_sans_bias70": {"write": {"device_start": 1585579536.4184985, "host_queued_start": 1585579601.579922, "device_queued": 1585579536.3697448, "device_end": 1585579536.4186141, "host_queued_end": 1585579601.580039}, "device": "gpu", "nd_range": {"device_start": 1585579536.4186172, "device_end": 1585579536.4245539}, "cmdq": 2, "read": {"device_start": 1585579536.4245584, "device_end": 1585579536.4246483}}, "FFC_sans_bias58": {"write": {"device_start": -1, "host_queued_start": 1585579601.568148, "device_queued": -1, "device_end": -1, "host_queued_end": 1585579601.580039}, "device": "gpu", "nd_range": {"device_start": 1585579536.3950782, "device_end": 1585579536.4017875}, "cmdq": 1, "read": {"device_start": -1, "device_end": -1}}, "softmax41": {"write": {"device_start": -1, "host_queued_start": 1585579601.65048, "device_queued": -1, "device_end": -1, "host_queued_end": 1585579601.668413}, "device": "cpu", "nd_range": {"device_start": 2247376.657859263, "device_end": 2247376.6582234553}, "cmdq": 0, "read": {"device_start": -1, "device_end": -1}}, "FFC_sans_bias11": {"write": {"device_start": -1, "host_queued_start": 1585579601.614771, "device_queued": -1, "device_end": -1, "host_queued_end": 1585579601.668413}, "device": "cpu", "nd_range": {"device_start": 2247376.044830685, "device_end": 2247376.07983918}, "cmdq": 0, "read": {"device_start": -1, "device_end": -1}}, "FFC_sans_bias10": {"write": {"device_start": -1, "host_queued_start": 1585579601.611489, "device_queued": -1, "device_end": -1, "host_queued_end": 1585579601.668413}, "device": "cpu", "nd_range": {"device_start": 2247376.008293778, "device_end": 2247376.044819844}, "cmdq": 0, "read": {"device_start": -1, "device_end": -1}}, "coalesced_transpose3": {"write": {"device_start": -1, "host_queued_start": 1585579601.645935, "device_queued": -1, "device_end": -1, "host_queued_end": 1585579601.668413}, "device": "cpu", "nd_range": {"device_start": 2247376.443937141, "device_end": 2247376.444489467}, "cmdq": 0, "read": {"device_start": -1, "device_end": -1}}, "FFC_sans_bias34": {"write": {"device_start": -1, "host_queued_start": 1585579601.665157, "device_queued": -1, "device_end": -1, "host_queued_end": 1585579601.668413}, "device": "cpu", "nd_range": {"device_start": 2247376.995436678, "device_end": 2247377.0368863693}, "cmdq": 0, "read": {"device_start": -1, "device_end": -1}}, "FFC_sans_bias15": {"write": {"device_start": -1, "host_queued_start": 1585579601.651211, "device_queued": -1, "device_end": -1, "host_queued_end": 1585579601.668413}, "device": "cpu", "nd_range": {"device_start": 2247376.700189801, "device_end": 2247376.742320366}, "cmdq": 0, "read": {"device_start": -1, "device_end": -1}}, "FFC_sans_bias31": {"write": {"device_start": -1, "host_queued_start": 1585579601.648717, "device_queued": -1, "device_end": -1, "host_queued_end": 1585579601.668413}, "device": "cpu", "nd_range": {"device_start": 2247376.571893025, "device_end": 2247376.614417068}, "cmdq": 0, "read": {"device_start": -1, "device_end": -1}}, "FFC_sans_bias16": {"write": {"device_start": -1, "host_queued_start": 1585579601.658747, "device_queued": -1, "device_end": -1, "host_queued_end": 1585579601.668413}, "device": "cpu", "nd_range": {"device_start": 2247376.910747861, "device_end": 2247376.952498475}, "cmdq": 0, "read": {"device_start": -1, "device_end": -1}}, "FFC_sans_bias19": {"write": {"device_start": -1, "host_queued_start": 1585579601.621369, "device_queued": -1, "device_end": -1, "host_queued_end": 1585579601.668413}, "device": "cpu", "nd_range": {"device_start": 2247376.1154467403, "device_end": 2247376.1505437223}, "cmdq": 0, "read": {"device_start": -1, "device_end": -1}}, "FFC_sans_bias18": {"write": {"device_start": -1, "host_queued_start": 1585579601.618045, "device_queued": -1, "device_end": -1, "host_queued_end": 1585579601.668413}, "device": "cpu", "nd_range": {"device_start": 2247376.079863329, "device_end": 2247376.115427207}, "cmdq": 0, "read": {"device_start": -1, "device_end": -1}}, "coalesced_transpose30": {"write": {"device_start": -1, "host_queued_start": 1585579601.646935, "device_queued": -1, "device_end": -1, "host_queued_end": 1585579601.668413}, "device": "cpu", "nd_range": {"device_start": 2247376.445846655, "device_end": 2247376.446310541}, "cmdq": 0, "read": {"device_start": -1, "device_end": -1}}, "FFC_sans_bias69": {"write": {"device_start": -1, "host_queued_start": 1585579601.570141, "device_queued": -1, "device_end": -1, "host_queued_end": 1585579601.580039}, "device": "gpu", "nd_range": {"device_start": 1585579536.4091122, "device_end": 1585579536.4180808}, "cmdq": 2, "read": {"device_start": -1, "device_end": -1}}, "FFC_sans_bias38": {"write": {"device_start": -1, "host_queued_start": 1585579601.645583, "device_queued": -1, "device_end": -1, "host_queued_end": 1585579601.668413}, "device": "cpu", "nd_range": {"device_start": 2247376.401108534, "device_end": 2247376.4439164153}, "cmdq": 0, "read": {"device_start": -1, "device_end": -1}}, "coalesced_transpose57": {"write": {"device_start": -1, "host_queued_start": 1585579601.567229, "device_queued": -1, "device_end": -1, "host_queued_end": 1585579601.580039}, "device": "gpu", "nd_range": {"device_start": 1585579536.3919942, "device_end": 1585579536.3950772}, "cmdq": 1, "read": {"device_start": -1, "device_end": -1}}, "empty26": {"write": {"device_start": -1, "host_queued_start": 1585579601.589657, "device_queued": -1, "device_end": -1, "host_queued_end": 1585579601.668413}, "device": "cpu", "nd_range": {"device_start": 2247375.8580613653, "device_end": 2247375.85806214}, "cmdq": 0, "read": {"device_start": -1, "device_end": -1}}, "coalesced_transpose12": {"write": {"device_start": -1, "host_queued_start": 1585579601.646267, "device_queued": -1, "device_end": -1, "host_queued_end": 1585579601.668413}, "device": "cpu", "nd_range": {"device_start": 2247376.444643246, "device_end": 2247376.445121664}, "cmdq": 0, "read": {"device_start": -1, "device_end": -1}}, "empty44": {"write": {"device_start": -1, "host_queued_start": 1585579601.595136, "device_queued": -1, "device_end": -1, "host_queued_end": 1585579601.668413}, "device": "cpu", "nd_range": {"device_start": 2247375.8580734152, "device_end": 2247375.858074041}, "cmdq": 0, "read": {"device_start": -1, "device_end": -1}}, "coalesced_transpose21": {"write": {"device_start": -1, "host_queued_start": 1585579601.646602, "device_queued": -1, "device_end": -1, "host_queued_end": 1585579601.668413}, "device": "cpu", "nd_range": {"device_start": 2247376.4452623413, "device_end": 2247376.445716116}, "cmdq": 0, "read": {"device_start": -1, "device_end": -1}}, "FFC_sans_bias36": {"write": {"device_start": -1, "host_queued_start": 1585579601.63879, "device_queued": -1, "device_end": -1, "host_queued_end": 1585579601.668413}, "device": "cpu", "nd_range": {"device_start": 2247376.317667263, "device_end": 2247376.3594983323}, "cmdq": 0, "read": {"device_start": -1, "device_end": -1}}, "softmax14": {"write": {"device_start": -1, "host_queued_start": 1585579601.649643, "device_queued": -1, "device_end": -1, "host_queued_end": 1585579601.668413}, "device": "cpu", "nd_range": {"device_start": 2247376.656327335, "device_end": 2247376.656749158}, "cmdq": 0, "read": {"device_start": -1, "device_end": -1}}, "FFC_sans_bias13": {"write": {"device_start": -1, "host_queued_start": 1585579601.648043, "device_queued": -1, "device_end": -1, "host_queued_end": 1585579601.668413}, "device": "cpu", "nd_range": {"device_start": 2247376.488988236, "device_end": 2247376.530420105}, "cmdq": 0, "read": {"device_start": -1, "device_end": -1}}, "empty8": {"write": {"device_start": -1, "host_queued_start": 1585579601.583992, "device_queued": -1, "device_end": -1, "host_queued_end": 1585579601.668413}, "device": "cpu", "nd_range": {"device_start": 2247375.858019698, "device_end": 2247375.858031887}, "cmdq": 0, "read": {"device_start": -1, "device_end": -1}}, "FFC_sans_bias42": {"write": {"device_start": -1, "host_queued_start": 1585579601.652287, "device_queued": -1, "device_end": -1, "host_queued_end": 1585579601.668413}, "device": "cpu", "nd_range": {"device_start": 2247376.8268022793, "device_end": 2247376.8688799404}, "cmdq": 0, "read": {"device_start": -1, "device_end": -1}}, "FFC_sans_bias43": {"write": {"device_start": -1, "host_queued_start": 1585579601.668359, "device_queued": -1, "device_end": -1, "host_queued_end": 1585579601.668413}, "device": "cpu", "nd_range": {"device_start": 2247377.0368939703, "device_end": 2247377.07861264}, "cmdq": 0, "read": {"device_start": -1, "device_end": -1}}, "FFC_sans_bias40": {"write": {"device_start": -1, "host_queued_start": 1585579601.649079, "device_queued": -1, "device_end": -1, "host_queued_end": 1585579601.668413}, "device": "cpu", "nd_range": {"device_start": 2247376.614437058, "device_end": 2247376.65582699}, "cmdq": 0, "read": {"device_start": -1, "device_end": -1}}, "softmax32": {"write": {"device_start": -1, "host_queued_start": 1585579601.650196, "device_queued": -1, "device_end": -1, "host_queued_end": 1585579601.668413}, "device": "cpu", "nd_range": {"device_start": 2247376.657369369, "device_end": 2247376.657735942}, "cmdq": 0, "read": {"device_start": -1, "device_end": -1}}, "FFC_sans_bias47": {"write": {"device_start": 1585579536.3663402, "host_queued_start": 1585579601.546699, "device_queued": 1585579536.3658938, "device_end": 1585579536.366436, "host_queued_end": 1585579601.580039}, "device": "gpu", "nd_range": {"device_start": 1585579536.366454, "device_end": 1585579536.3757374}, "cmdq": 2, "read": {"device_start": -1, "device_end": -1}}, "FFC_sans_bias45": {"write": {"device_start": 1585579536.36566, "host_queued_start": 1585579601.540116, "device_queued": 1585579536.3653212, "device_end": 1585579536.3657532, "host_queued_end": 1585579601.580039}, "device": "gpu", "nd_range": {"device_start": 1585579536.365756, "device_end": 1585579536.3691103}, "cmdq": 0, "read": {"device_start": -1, "device_end": -1}}, "softmax50": {"write": {"device_start": -1, "host_queued_start": 1585579601.568706, "device_queued": -1, "device_end": -1, "host_queued_end": 1585579601.580039}, "device": "gpu", "nd_range": {"device_start": 1585579536.3984637, "device_end": 1585579536.4026544}, "cmdq": 0, "read": {"device_start": -1, "device_end": -1}}, "FFC_sans_bias33": {"write": {"device_start": -1, "host_queued_start": 1585579601.651935, "device_queued": -1, "device_end": -1, "host_queued_end": 1585579601.668413}, "device": "cpu", "nd_range": {"device_start": 2247376.7844879683, "device_end": 2247376.8267898574}, "cmdq": 0, "read": {"device_start": -1, "device_end": -1}}, "FFC_sans_bias63": {"write": {"device_start": 1585579536.3858476, "host_queued_start": 1585579601.566567, "device_queued": 1585579536.3676095, "device_end": 1585579536.3859496, "host_queued_end": 1585579601.580039}, "device": "gpu", "nd_range": {"device_start": 1585579536.3859541, "device_end": 1585579536.3952196}, "cmdq": 2, "read": {"device_start": -1, "device_end": -1}}, "FFC_sans_bias49": {"write": {"device_start": -1, "host_queued_start": 1585579601.567835, "device_queued": -1, "device_end": -1, "host_queued_end": 1585579601.580039}, "device": "gpu", "nd_range": {"device_start": 1585579536.395039, "device_end": 1585579536.3984628}, "cmdq": 0, "read": {"device_start": -1, "device_end": -1}}, "FFC_sans_bias64": {"write": {"device_start": 1585579536.3792665, "host_queued_start": 1585579601.559859, "device_queued": 1585579536.367248, "device_end": 1585579536.3793683, "host_queued_end": 1585579601.580039}, "device": "gpu", "nd_range": {"device_start": 1585579536.379376, "device_end": 1585579536.3886952}, "cmdq": 0, "read": {"device_start": -1, "device_end": -1}}, "FFC_sans_bias65": {"write": {"device_start": 1585579536.3825834, "host_queued_start": 1585579601.56334, "device_queued": 1585579536.3674839, "device_end": 1585579536.3827026, "host_queued_end": 1585579601.580039}, "device": "gpu", "nd_range": {"device_start": 1585579536.3827074, "device_end": 1585579536.3919888}, "cmdq": 1, "read": {"device_start": -1, "device_end": -1}}, "FFC_sans_bias67": {"write": {"device_start": -1, "host_queued_start": 1585579601.568463, "device_queued": -1, "device_end": -1, "host_queued_end": 1585579601.580039}, "device": "gpu", "nd_range": {"device_start": 1585579536.4015539, "device_end": 1585579536.4050632}, "cmdq": 2, "read": {"device_start": -1, "device_end": -1}}, "FFC_sans_bias24": {"write": {"device_start": -1, "host_queued_start": 1585579601.651571, "device_queued": -1, "device_end": -1, "host_queued_end": 1585579601.668413}, "device": "cpu", "nd_range": {"device_start": 2247376.742499249, "device_end": 2247376.784464153}, "cmdq": 0, "read": {"device_start": -1, "device_end": -1}}, "FFC_sans_bias25": {"write": {"device_start": -1, "host_queued_start": 1585579601.661964, "device_queued": -1, "device_end": -1, "host_queued_end": 1585579601.668413}, "device": "cpu", "nd_range": {"device_start": 2247376.9525097553, "device_end": 2247376.9954289193}, "cmdq": 0, "read": {"device_start": -1, "device_end": -1}}, "FFC_sans_bias27": {"write": {"device_start": -1, "host_queued_start": 1585579601.628295, "device_queued": -1, "device_end": -1, "host_queued_end": 1585579601.668413}, "device": "cpu", "nd_range": {"device_start": 2247376.186209413, "device_end": 2247376.234203443}, "cmdq": 0, "read": {"device_start": -1, "device_end": -1}}, "FFC_sans_bias20": {"write": {"device_start": -1, "host_queued_start": 1585579601.624689, "device_queued": -1, "device_end": -1, "host_queued_end": 1585579601.668413}, "device": "cpu", "nd_range": {"device_start": 2247376.150562372, "device_end": 2247376.186191093}, "cmdq": 0, "read": {"device_start": -1, "device_end": -1}}, "FFC_sans_bias22": {"write": {"device_start": -1, "host_queued_start": 1585579601.64838, "device_queued": -1, "device_end": -1, "host_queued_end": 1585579601.668413}, "device": "cpu", "nd_range": {"device_start": 2247376.530443261, "device_end": 2247376.571874087}, "cmdq": 0, "read": {"device_start": -1, "device_end": -1}}, "softmax68": {"write": {"device_start": -1, "host_queued_start": 1585579601.569195, "device_queued": -1, "device_end": -1, "host_queued_end": 1585579601.580039}, "device": "gpu", "nd_range": {"device_start": 1585579536.4050643, "device_end": 1585579536.4091108}, "cmdq": 2, "read": {"device_start": -1, "device_end": -1}}, "softmax5": {"write": {"device_start": -1, "host_queued_start": 1585579601.649362, "device_queued": -1, "device_end": -1, "host_queued_end": 1585579601.668413}, "device": "cpu", "nd_range": {"device_start": 2247376.6558520473, "device_end": 2247376.656312744}, "cmdq": 0, "read": {"device_start": -1, "device_end": -1}}, "FFC_sans_bias28": {"write": {"device_start": -1, "host_queued_start": 1585579601.63188, "device_queued": -1, "device_end": -1, "host_queued_end": 1585579601.668413}, "device": "cpu", "nd_range": {"device_start": 2247376.234225843, "device_end": 2247376.2759623253}, "cmdq": 0, "read": {"device_start": -1, "device_end": -1}}, "FFC_sans_bias29": {"write": {"device_start": -1, "host_queued_start": 1585579601.635435, "device_queued": -1, "device_end": -1, "host_queued_end": 1585579601.668413}, "device": "cpu", "nd_range": {"device_start": 2247376.2759791063, "device_end": 2247376.317640052}, "cmdq": 0, "read": {"device_start": -1, "device_end": -1}}, "empty17": {"write": {"device_start": -1, "host_queued_start": 1585579601.586883, "device_queued": -1, "device_end": -1, "host_queued_end": 1585579601.668413}, "device": "cpu", "nd_range": {"device_start": 2247375.858054813, "device_end": 2247375.858055898}, "cmdq": 0, "read": {"device_start": -1, "device_end": -1}}, "softmax59": {"write": {"device_start": -1, "host_queued_start": 1585579601.568951, "device_queued": -1, "device_end": -1, "host_queued_end": 1585579601.580039}, "device": "gpu", "nd_range": {"device_start": 1585579536.4017892, "device_end": 1585579536.4058454}, "cmdq": 1, "read": {"device_start": -1, "device_end": -1}}, "empty71": {"write": {"device_start": 1585579536.3652995, "host_queued_start": 1585579601.537257, "device_queued": 1585579536.3648386, "device_end": 1585579536.3654704, "host_queued_end": 1585579601.580039}, "device": "gpu", "nd_range": {"device_start": 1585579536.365485, "device_end": 1585579536.3654878}, "cmdq": 2, "read": {"device_start": -1, "device_end": -1}}, "empty35": {"write": {"device_start": -1, "host_queued_start": 1585579601.592425, "device_queued": -1, "device_end": -1, "host_queued_end": 1585579601.668413}, "device": "cpu", "nd_range": {"device_start": 2247375.858068049, "device_end": 2247375.858068771}, "cmdq": 0, "read": {"device_start": -1, "device_end": -1}}, "empty53": {"write": {"device_start": 1585579536.3645847, "host_queued_start": 1585579601.531307, "device_queued": 1585579536.3642325, "device_end": 1585579536.3648143, "host_queued_end": 1585579601.580039}, "device": "gpu", "nd_range": {"device_start": 1585579536.3648193, "device_end": 1585579536.3648245}, "cmdq": 0, "read": {"device_start": -1, "device_end": -1}}, "FFC_sans_bias46": {"write": {"device_start": 1585579536.3660135, "host_queued_start": 1585579601.543421, "device_queued": 1585579536.3657632, "device_end": 1585579536.3662655, "host_queued_end": 1585579601.580039}, "device": "gpu", "nd_range": {"device_start": 1585579536.3662906, "device_end": 1585579536.3724492}, "cmdq": 1, "read": {"device_start": -1, "device_end": -1}}, "coalesced_transpose66": {"write": {"device_start": -1, "host_queued_start": 1585579601.567527, "device_queued": -1, "device_end": -1, "host_queued_end": 1585579601.580039}, "device": "gpu", "nd_range": {"device_start": 1585579536.3952255, "device_end": 1585579536.4015527}, "cmdq": 2, "read": {"device_start": -1, "device_end": -1}}, "coalesced_transpose48": {"write": {"device_start": -1, "host_queued_start": 1585579601.566922, "device_queued": -1, "device_end": -1, "host_queued_end": 1585579601.580039}, "device": "gpu", "nd_range": {"device_start": 1585579536.3886967, "device_end": 1585579536.3950381}, "cmdq": 0, "read": {"device_start": -1, "device_end": -1}}}