{"FFC_sans_bias60": {"write": {"device_start": -1, "host_queued_start": 1585579710.093955, "device_queued": -1, "device_end": -1, "host_queued_end": 1585579710.116523}, "device": "cpu", "nd_range": {"device_start": 2247485.672746158, "device_end": 2247485.803775182}, "cmdq": 3, "read": {"device_start": -1, "device_end": -1}}, "FFC_sans_bias4": {"write": {"device_start": -1, "host_queued_start": 1585579710.087328, "device_queued": -1, "device_end": -1, "host_queued_end": 1585579710.116523}, "device": "cpu", "nd_range": {"device_start": 2247485.2587592783, "device_end": 2247485.411934725}, "cmdq": 3, "read": {"device_start": -1, "device_end": -1}}, "FFC_sans_bias7": {"write": {"device_start": -1, "host_queued_start": 1585579710.097237, "device_queued": -1, "device_end": -1, "host_queued_end": 1585579710.116523}, "device": "cpu", "nd_range": {"device_start": 2247485.672990762, "device_end": 2247485.807791938}, "cmdq": 0, "read": {"device_start": -1, "device_end": -1}}, "FFC_sans_bias6": {"write": {"device_start": -1, "host_queued_start": 1585579710.091851, "device_queued": -1, "device_end": -1, "host_queued_end": 1585579710.116523}, "device": "cpu", "nd_range": {"device_start": 2247485.416021522, "device_end": 2247485.583585781}, "cmdq": 1, "read": {"device_start": -1, "device_end": -1}}, "FFC_sans_bias1": {"write": {"device_start": -1, "host_queued_start": 1585579710.018927, "device_queued": -1, "device_end": -1, "host_queued_end": 1585579710.116523}, "device": "cpu", "nd_range": {"device_start": 2247484.306149408, "device_end": 2247484.4285743022}, "cmdq": 0, "read": {"device_start": -1, "device_end": -1}}, "FFC_sans_bias0": {"write": {"device_start": -1, "host_queued_start": 1585579710.015059, "device_queued": -1, "device_end": -1, "host_queued_end": 1585579710.116523}, "device": "cpu", "nd_range": {"device_start": 2247484.5508566373, "device_end": 2247484.672756593}, "cmdq": 3, "read": {"device_start": -1, "device_end": -1}}, "FFC_sans_bias2": {"write": {"device_start": -1, "host_queued_start": 1585579710.022716, "device_queued": -1, "device_end": -1, "host_queued_end": 1585579710.116523}, "device": "cpu", "nd_range": {"device_start": 2247484.306188743, "device_end": 2247484.4286246942}, "cmdq": 1, "read": {"device_start": -1, "device_end": -1}}, "FFC_sans_bias61": {"write": {"device_start": -1, "host_queued_start": 1585579710.116467, "device_queued": -1, "device_end": -1, "host_queued_end": 1585579710.116523}, "device": "cpu", "nd_range": {"device_start": 2247486.013514893, "device_end": 2247486.07378057}, "cmdq": 2, "read": {"device_start": -1, "device_end": -1}}, "FFC_sans_bias52": {"write": {"device_start": -1, "host_queued_start": 1585579710.113245, "device_queued": -1, "device_end": -1, "host_queued_end": 1585579710.116523}, "device": "cpu", "nd_range": {"device_start": 2247485.9541777223, "device_end": 2247486.048065865}, "cmdq": 1, "read": {"device_start": -1, "device_end": -1}}, "FFC_sans_bias9": {"write": {"device_start": -1, "host_queued_start": 1585579710.026729, "device_queued": -1, "device_end": -1, "host_queued_end": 1585579710.116523}, "device": "cpu", "nd_range": {"device_start": 2247484.306440183, "device_end": 2247484.437433381}, "cmdq": 2, "read": {"device_start": -1, "device_end": -1}}, "coalesced_transpose39": {"write": {"device_start": -1, "host_queued_start": 1585579710.086213, "device_queued": -1, "device_end": -1, "host_queued_end": 1585579710.116523}, "device": "cpu", "nd_range": {"device_start": 2247485.258714753, "device_end": 2247485.2598911813}, "cmdq": 0, "read": {"device_start": -1, "device_end": -1}}, "FFC_sans_bias55": {"write": {"device_start": -1, "host_queued_start": 1585579710.084502, "device_queued": -1, "device_end": -1, "host_queued_end": 1585579710.116523}, "device": "cpu", "nd_range": {"device_start": 2247485.088850126, "device_end": 2247485.21101512}, "cmdq": 3, "read": {"device_start": -1, "device_end": -1}}, "FFC_sans_bias54": {"write": {"device_start": -1, "host_queued_start": 1585579710.081228, "device_queued": -1, "device_end": -1, "host_queued_end": 1585579710.116523}, "device": "cpu", "nd_range": {"device_start": 2247484.8274367163, "device_end": 2247484.9567540144}, "cmdq": 2, "read": {"device_start": -1, "device_end": -1}}, "FFC_sans_bias56": {"write": {"device_start": -1, "host_queued_start": 1585579710.077957, "device_queued": -1, "device_end": -1, "host_queued_end": 1585579710.116523}, "device": "cpu", "nd_range": {"device_start": 2247484.796124514, "device_end": 2247484.918204705}, "cmdq": 1, "read": {"device_start": -1, "device_end": -1}}, "FFC_sans_bias51": {"write": {"device_start": -1, "host_queued_start": 1585579710.093604, "device_queued": -1, "device_end": -1, "host_queued_end": 1585579710.116523}, "device": "cpu", "nd_range": {"device_start": 2247485.669586909, "device_end": 2247485.868917811}, "cmdq": 2, "read": {"device_start": -1, "device_end": -1}}, "softmax23": {"write": {"device_start": -1, "host_queued_start": 1585579710.090315, "device_queued": -1, "device_end": -1, "host_queued_end": 1585579710.116523}, "device": "cpu", "nd_range": {"device_start": 2247485.480875531, "device_end": 2247485.4818178643}, "cmdq": 0, "read": {"device_start": -1, "device_end": -1}}, "FFC_sans_bias37": {"write": {"device_start": -1, "host_queued_start": 1585579710.061296, "device_queued": -1, "device_end": -1, "host_queued_end": 1585579710.116523}, "device": "cpu", "nd_range": {"device_start": 2247485.0196081353, "device_end": 2247485.105083321}, "cmdq": 0, "read": {"device_start": -1, "device_end": -1}}, "empty62": {"write": {"device_start": -1, "host_queued_start": 1585579710.01191, "device_queued": -1, "device_end": -1, "host_queued_end": 1585579710.116523}, "device": "cpu", "nd_range": {"device_start": 2247484.306433511, "device_end": 2247484.306434542}, "cmdq": 2, "read": {"device_start": -1, "device_end": -1}}, "FFC_sans_bias70": {"write": {"device_start": 1585579644.786481, "host_queued_start": 1585579709.989995, "device_queued": 1585579644.7732553, "device_end": 1585579644.7865984, "host_queued_end": 1585579709.990123}, "device": "gpu", "nd_range": {"device_start": 1585579644.7901125, "device_end": 1585579644.7936847}, "cmdq": 2, "read": {"device_start": 1585579644.7936873, "device_end": 1585579644.7937982}}, "FFC_sans_bias58": {"write": {"device_start": -1, "host_queued_start": 1585579710.089466, "device_queued": -1, "device_end": -1, "host_queued_end": 1585579710.116523}, "device": "cpu", "nd_range": {"device_start": 2247485.230480409, "device_end": 2247485.411718137}, "cmdq": 1, "read": {"device_start": -1, "device_end": -1}}, "softmax41": {"write": {"device_start": -1, "host_queued_start": 1585579710.090886, "device_queued": -1, "device_end": -1, "host_queued_end": 1585579710.116523}, "device": "cpu", "nd_range": {"device_start": 2247485.5684522483, "device_end": 2247485.569409177}, "cmdq": 2, "read": {"device_start": -1, "device_end": -1}}, "FFC_sans_bias11": {"write": {"device_start": -1, "host_queued_start": 1585579710.034274, "device_queued": -1, "device_end": -1, "host_queued_end": 1585579710.116523}, "device": "cpu", "nd_range": {"device_start": 2247484.428588514, "device_end": 2247484.5508265253}, "cmdq": 0, "read": {"device_start": -1, "device_end": -1}}, "FFC_sans_bias10": {"write": {"device_start": -1, "host_queued_start": 1585579710.030634, "device_queued": -1, "device_end": -1, "host_queued_end": 1585579710.116523}, "device": "cpu", "nd_range": {"device_start": 2247484.6727759903, "device_end": 2247484.7949807732}, "cmdq": 3, "read": {"device_start": -1, "device_end": -1}}, "coalesced_transpose3": {"write": {"device_start": -1, "host_queued_start": 1585579710.084867, "device_queued": -1, "device_end": -1, "host_queued_end": 1585579710.116523}, "device": "cpu", "nd_range": {"device_start": 2247485.257360135, "device_end": 2247485.258541875}, "cmdq": 0, "read": {"device_start": -1, "device_end": -1}}, "FFC_sans_bias34": {"write": {"device_start": -1, "host_queued_start": 1585579710.106861, "device_queued": -1, "device_end": -1, "host_queued_end": 1585579710.116523}, "device": "cpu", "nd_range": {"device_start": 2247485.803800126, "device_end": 2247485.946888354}, "cmdq": 3, "read": {"device_start": -1, "device_end": -1}}, "FFC_sans_bias15": {"write": {"device_start": -1, "host_queued_start": 1585579710.092215, "device_queued": -1, "device_end": -1, "host_queued_end": 1585579710.116523}, "device": "cpu", "nd_range": {"device_start": 2247485.569652203, "device_end": 2247485.669346643}, "cmdq": 2, "read": {"device_start": -1, "device_end": -1}}, "FFC_sans_bias31": {"write": {"device_start": -1, "host_queued_start": 1585579710.088392, "device_queued": -1, "device_end": -1, "host_queued_end": 1585579710.116523}, "device": "cpu", "nd_range": {"device_start": 2247485.213747728, "device_end": 2247485.337028469}, "cmdq": 2, "read": {"device_start": -1, "device_end": -1}}, "FFC_sans_bias16": {"write": {"device_start": -1, "host_queued_start": 1585579710.100435, "device_queued": -1, "device_end": -1, "host_queued_end": 1585579710.116523}, "device": "cpu", "nd_range": {"device_start": 2247485.833149697, "device_end": 2247485.954169684}, "cmdq": 1, "read": {"device_start": -1, "device_end": -1}}, "FFC_sans_bias19": {"write": {"device_start": -1, "host_queued_start": 1585579710.041065, "device_queued": -1, "device_end": -1, "host_queued_end": 1585579710.116523}, "device": "cpu", "nd_range": {"device_start": 2247484.4375995393, "device_end": 2247484.568069177}, "cmdq": 2, "read": {"device_start": -1, "device_end": -1}}, "FFC_sans_bias18": {"write": {"device_start": -1, "host_queued_start": 1585579710.037709, "device_queued": -1, "device_end": -1, "host_queued_end": 1585579710.116523}, "device": "cpu", "nd_range": {"device_start": 2247484.4286393924, "device_end": 2247484.551262598}, "cmdq": 1, "read": {"device_start": -1, "device_end": -1}}, "coalesced_transpose30": {"write": {"device_start": -1, "host_queued_start": 1585579710.085877, "device_queued": -1, "device_end": -1, "host_queued_end": 1585579710.116523}, "device": "cpu", "nd_range": {"device_start": 2247485.211035896, "device_end": 2247485.212439231}, "cmdq": 3, "read": {"device_start": -1, "device_end": -1}}, "FFC_sans_bias69": {"write": {"device_start": -1, "host_queued_start": 1585579709.986763, "device_queued": -1, "device_end": -1, "host_queued_end": 1585579709.990123}, "device": "gpu", "nd_range": {"device_start": 1585579644.7866154, "device_end": 1585579644.7901096}, "cmdq": 1, "read": {"device_start": -1, "device_end": -1}}, "FFC_sans_bias38": {"write": {"device_start": -1, "host_queued_start": 1585579710.064669, "device_queued": -1, "device_end": -1, "host_queued_end": 1585579710.116523}, "device": "cpu", "nd_range": {"device_start": 2247484.673768146, "device_end": 2247484.7961151414}, "cmdq": 1, "read": {"device_start": -1, "device_end": -1}}, "coalesced_transpose57": {"write": {"device_start": -1, "host_queued_start": 1585579710.086883, "device_queued": -1, "device_end": -1, "host_queued_end": 1585579710.116523}, "device": "cpu", "nd_range": {"device_start": 2247485.212451506, "device_end": 2247485.213728725}, "cmdq": 2, "read": {"device_start": -1, "device_end": -1}}, "empty26": {"write": {"device_start": -1, "host_queued_start": 1585579709.999268, "device_queued": -1, "device_end": -1, "host_queued_end": 1585579710.116523}, "device": "cpu", "nd_range": {"device_start": 2247484.3064093823, "device_end": 2247484.306413385}, "cmdq": 2, "read": {"device_start": -1, "device_end": -1}}, "coalesced_transpose12": {"write": {"device_start": -1, "host_queued_start": 1585579710.085203, "device_queued": -1, "device_end": -1, "host_queued_end": 1585579710.116523}, "device": "cpu", "nd_range": {"device_start": 2247484.9183918703, "device_end": 2247484.919604265}, "cmdq": 1, "read": {"device_start": -1, "device_end": -1}}, "empty44": {"write": {"device_start": -1, "host_queued_start": 1585579710.006554, "device_queued": -1, "device_end": -1, "host_queued_end": 1585579710.116523}, "device": "cpu", "nd_range": {"device_start": 2247484.3061422003, "device_end": 2247484.3061439213}, "cmdq": 0, "read": {"device_start": -1, "device_end": -1}}, "coalesced_transpose21": {"write": {"device_start": -1, "host_queued_start": 1585579710.085537, "device_queued": -1, "device_end": -1, "host_queued_end": 1585579710.116523}, "device": "cpu", "nd_range": {"device_start": 2247484.9567863173, "device_end": 2247484.9579812633}, "cmdq": 2, "read": {"device_start": -1, "device_end": -1}}, "FFC_sans_bias36": {"write": {"device_start": -1, "host_queued_start": 1585579710.057934, "device_queued": -1, "device_end": -1, "host_queued_end": 1585579710.116523}, "device": "cpu", "nd_range": {"device_start": 2247484.9172946373, "device_end": 2247485.005183016}, "cmdq": 3, "read": {"device_start": -1, "device_end": -1}}, "softmax14": {"write": {"device_start": -1, "host_queued_start": 1585579710.090038, "device_queued": -1, "device_end": -1, "host_queued_end": 1585579710.116523}, "device": "cpu", "nd_range": {"device_start": 2247485.5079614543, "device_end": 2247485.50891565}, "cmdq": 3, "read": {"device_start": -1, "device_end": -1}}, "FFC_sans_bias13": {"write": {"device_start": -1, "host_queued_start": 1585579710.087677, "device_queued": -1, "device_end": -1, "host_queued_end": 1585579710.116523}, "device": "cpu", "nd_range": {"device_start": 2247485.260061623, "device_end": 2247485.383315696}, "cmdq": 0, "read": {"device_start": -1, "device_end": -1}}, "empty8": {"write": {"device_start": -1, "host_queued_start": 1585579709.993924, "device_queued": -1, "device_end": -1, "host_queued_end": 1585579710.116523}, "device": "cpu", "nd_range": {"device_start": 2247484.306108546, "device_end": 2247484.306120738}, "cmdq": 0, "read": {"device_start": -1, "device_end": -1}}, "FFC_sans_bias42": {"write": {"device_start": -1, "host_queued_start": 1585579710.093256, "device_queued": -1, "device_end": -1, "host_queued_end": 1585579710.116523}, "device": "cpu", "nd_range": {"device_start": 2247485.596023565, "device_end": 2247485.8331262833}, "cmdq": 1, "read": {"device_start": -1, "device_end": -1}}, "FFC_sans_bias43": {"write": {"device_start": -1, "host_queued_start": 1585579710.110052, "device_queued": -1, "device_end": -1, "host_queued_end": 1585579710.116523}, "device": "cpu", "nd_range": {"device_start": 2247485.8843026953, "device_end": 2247485.99777894}, "cmdq": 0, "read": {"device_start": -1, "device_end": -1}}, "FFC_sans_bias40": {"write": {"device_start": -1, "host_queued_start": 1585579710.088746, "device_queued": -1, "device_end": -1, "host_queued_end": 1585579710.116523}, "device": "cpu", "nd_range": {"device_start": 2247485.412886504, "device_end": 2247485.507732926}, "cmdq": 3, "read": {"device_start": -1, "device_end": -1}}, "softmax32": {"write": {"device_start": -1, "host_queued_start": 1585579710.090596, "device_queued": -1, "device_end": -1, "host_queued_end": 1585579710.116523}, "device": "cpu", "nd_range": {"device_start": 2247485.411739205, "device_end": 2247485.412876881}, "cmdq": 1, "read": {"device_start": -1, "device_end": -1}}, "FFC_sans_bias47": {"write": {"device_start": -1, "host_queued_start": 1585579710.074647, "device_queued": -1, "device_end": -1, "host_queued_end": 1585579710.116523}, "device": "cpu", "nd_range": {"device_start": 2247485.1050986904, "device_end": 2247485.257136816}, "cmdq": 0, "read": {"device_start": -1, "device_end": -1}}, "FFC_sans_bias45": {"write": {"device_start": -1, "host_queued_start": 1585579710.068049, "device_queued": -1, "device_end": -1, "host_queued_end": 1585579710.116523}, "device": "cpu", "nd_range": {"device_start": 2247484.697182334, "device_end": 2247484.827415625}, "cmdq": 2, "read": {"device_start": -1, "device_end": -1}}, "softmax50": {"write": {"device_start": -1, "host_queued_start": 1585579710.091183, "device_queued": -1, "device_end": -1, "host_queued_end": 1585579710.116523}, "device": "cpu", "nd_range": {"device_start": 2247485.509087764, "device_end": 2247485.5100456784}, "cmdq": 3, "read": {"device_start": -1, "device_end": -1}}, "FFC_sans_bias33": {"write": {"device_start": -1, "host_queued_start": 1585579710.09291, "device_queued": -1, "device_end": -1, "host_queued_end": 1585579710.116523}, "device": "cpu", "nd_range": {"device_start": 2247485.483073573, "device_end": 2247485.672824765}, "cmdq": 0, "read": {"device_start": -1, "device_end": -1}}, "FFC_sans_bias63": {"write": {"device_start": 1585579644.7729356, "host_queued_start": 1585579709.985482, "device_queued": 1585579644.7726722, "device_end": 1585579644.7730315, "host_queued_end": 1585579709.990123}, "device": "gpu", "nd_range": {"device_start": 1585579644.7730358, "device_end": 1585579644.7824876}, "cmdq": 0, "read": {"device_start": -1, "device_end": -1}}, "FFC_sans_bias49": {"write": {"device_start": -1, "host_queued_start": 1585579710.089104, "device_queued": -1, "device_end": -1, "host_queued_end": 1585579710.116523}, "device": "cpu", "nd_range": {"device_start": 2247485.383554529, "device_end": 2247485.480643306}, "cmdq": 0, "read": {"device_start": -1, "device_end": -1}}, "FFC_sans_bias64": {"write": {"device_start": 1585579644.7722323, "host_queued_start": 1585579709.978864, "device_queued": 1585579644.7717817, "device_end": 1585579644.7725308, "host_queued_end": 1585579709.990123}, "device": "gpu", "nd_range": {"device_start": 1585579644.772542, "device_end": 1585579644.7759008}, "cmdq": 1, "read": {"device_start": -1, "device_end": -1}}, "FFC_sans_bias65": {"write": {"device_start": 1585579644.7725494, "host_queued_start": 1585579709.982151, "device_queued": 1585579644.7721002, "device_end": 1585579644.772646, "host_queued_end": 1585579709.990123}, "device": "gpu", "nd_range": {"device_start": 1585579644.772649, "device_end": 1585579644.7792184}, "cmdq": 2, "read": {"device_start": -1, "device_end": -1}}, "FFC_sans_bias67": {"write": {"device_start": -1, "host_queued_start": 1585579709.986155, "device_queued": -1, "device_end": -1, "host_queued_end": 1585579709.990123}, "device": "gpu", "nd_range": {"device_start": 1585579644.782494, "device_end": 1585579644.7860932}, "cmdq": 2, "read": {"device_start": -1, "device_end": -1}}, "FFC_sans_bias24": {"write": {"device_start": -1, "host_queued_start": 1585579710.092564, "device_queued": -1, "device_end": -1, "host_queued_end": 1585579710.116523}, "device": "cpu", "nd_range": {"device_start": 2247485.510199141, "device_end": 2247485.672557853}, "cmdq": 3, "read": {"device_start": -1, "device_end": -1}}, "FFC_sans_bias25": {"write": {"device_start": -1, "host_queued_start": 1585579710.103646, "device_queued": -1, "device_end": -1, "host_queued_end": 1585579710.116523}, "device": "cpu", "nd_range": {"device_start": 2247485.868933067, "device_end": 2247486.013508502}, "cmdq": 2, "read": {"device_start": -1, "device_end": -1}}, "FFC_sans_bias27": {"write": {"device_start": -1, "host_queued_start": 1585579710.047795, "device_queued": -1, "device_end": -1, "host_queued_end": 1585579710.116523}, "device": "cpu", "nd_range": {"device_start": 2247484.9197725384, "device_end": 2247485.0195885873}, "cmdq": 0, "read": {"device_start": -1, "device_end": -1}}, "FFC_sans_bias20": {"write": {"device_start": -1, "host_queued_start": 1585579710.044436, "device_queued": -1, "device_end": -1, "host_queued_end": 1585579710.116523}, "device": "cpu", "nd_range": {"device_start": 2247484.7950089313, "device_end": 2247484.917275641}, "cmdq": 3, "read": {"device_start": -1, "device_end": -1}}, "FFC_sans_bias22": {"write": {"device_start": -1, "host_queued_start": 1585579710.088038, "device_queued": -1, "device_end": -1, "host_queued_end": 1585579710.116523}, "device": "cpu", "nd_range": {"device_start": 2247485.0986065473, "device_end": 2247485.230456145}, "cmdq": 1, "read": {"device_start": -1, "device_end": -1}}, "softmax68": {"write": {"device_start": -1, "host_queued_start": 1585579709.98641, "device_queued": -1, "device_end": -1, "host_queued_end": 1585579709.990123}, "device": "gpu", "nd_range": {"device_start": 1585579644.7860963, "device_end": 1585579644.7865105}, "cmdq": 0, "read": {"device_start": -1, "device_end": -1}}, "softmax5": {"write": {"device_start": -1, "host_queued_start": 1585579710.089755, "device_queued": -1, "device_end": -1, "host_queued_end": 1585579710.116523}, "device": "cpu", "nd_range": {"device_start": 2247485.4119642912, "device_end": 2247485.4138401193}, "cmdq": 2, "read": {"device_start": -1, "device_end": -1}}, "FFC_sans_bias28": {"write": {"device_start": -1, "host_queued_start": 1585579710.05118, "device_queued": -1, "device_end": -1, "host_queued_end": 1585579710.116523}, "device": "cpu", "nd_range": {"device_start": 2247484.551274027, "device_end": 2247484.6737560453}, "cmdq": 1, "read": {"device_start": -1, "device_end": -1}}, "FFC_sans_bias29": {"write": {"device_start": -1, "host_queued_start": 1585579710.054522, "device_queued": -1, "device_end": -1, "host_queued_end": 1585579710.116523}, "device": "cpu", "nd_range": {"device_start": 2247484.568266436, "device_end": 2247484.696964806}, "cmdq": 2, "read": {"device_start": -1, "device_end": -1}}, "empty17": {"write": {"device_start": -1, "host_queued_start": 1585579709.996623, "device_queued": -1, "device_end": -1, "host_queued_end": 1585579710.116523}, "device": "cpu", "nd_range": {"device_start": 2247484.306157816, "device_end": 2247484.306163296}, "cmdq": 1, "read": {"device_start": -1, "device_end": -1}}, "softmax59": {"write": {"device_start": -1, "host_queued_start": 1585579710.091476, "device_queued": -1, "device_end": -1, "host_queued_end": 1585579710.116523}, "device": "cpu", "nd_range": {"device_start": 2247485.481979925, "device_end": 2247485.4829257783}, "cmdq": 0, "read": {"device_start": -1, "device_end": -1}}, "empty71": {"write": {"device_start": 1585579644.7718928, "host_queued_start": 1585579709.975317, "device_queued": 1585579644.7715702, "device_end": 1585579644.772089, "host_queued_end": 1585579709.990123}, "device": "gpu", "nd_range": {"device_start": 1585579644.7720945, "device_end": 1585579644.772099}, "cmdq": 0, "read": {"device_start": -1, "device_end": -1}}, "empty35": {"write": {"device_start": -1, "host_queued_start": 1585579710.002944, "device_queued": -1, "device_end": -1, "host_queued_end": 1585579710.116523}, "device": "cpu", "nd_range": {"device_start": 2247484.5508418563, "device_end": 2247484.550845258}, "cmdq": 3, "read": {"device_start": -1, "device_end": -1}}, "empty53": {"write": {"device_start": -1, "host_queued_start": 1585579710.009249, "device_queued": -1, "device_end": -1, "host_queued_end": 1585579710.116523}, "device": "cpu", "nd_range": {"device_start": 2247484.306181054, "device_end": 2247484.306182017}, "cmdq": 1, "read": {"device_start": -1, "device_end": -1}}, "FFC_sans_bias46": {"write": {"device_start": -1, "host_queued_start": 1585579710.07137, "device_queued": -1, "device_end": -1, "host_queued_end": 1585579710.116523}, "device": "cpu", "nd_range": {"device_start": 2247485.0051969443, "device_end": 2247485.0888343803}, "cmdq": 3, "read": {"device_start": -1, "device_end": -1}}, "coalesced_transpose66": {"write": {"device_start": -1, "host_queued_start": 1585579709.985826, "device_queued": -1, "device_end": -1, "host_queued_end": 1585579709.990123}, "device": "gpu", "nd_range": {"device_start": 1585579644.7759018, "device_end": 1585579644.7823205}, "cmdq": 1, "read": {"device_start": -1, "device_end": -1}}, "coalesced_transpose48": {"write": {"device_start": -1, "host_queued_start": 1585579710.086543, "device_queued": -1, "device_end": -1, "host_queued_end": 1585579710.116523}, "device": "cpu", "nd_range": {"device_start": 2247485.0974959293, "device_end": 2247485.098585965}, "cmdq": 1, "read": {"device_start": -1, "device_end": -1}}}