{"FFC_sans_bias60": {"write": {"device_start": -1, "host_queued_start": 1585579792.318664, "device_queued": -1, "device_end": -1, "host_queued_end": 1585579792.33874}, "device": "gpu", "nd_range": {"device_start": 1585579727.2034614, "device_end": 1585579727.2165017}, "cmdq": 2, "read": {"device_start": -1, "device_end": -1}}, "FFC_sans_bias4": {"write": {"device_start": -1, "host_queued_start": 1585579792.368165, "device_queued": -1, "device_end": -1, "host_queued_end": 1585579792.376749}, "device": "cpu", "nd_range": {"device_start": 2247566.785438234, "device_end": 2247566.8634782443}, "cmdq": 0, "read": {"device_start": -1, "device_end": -1}}, "FFC_sans_bias7": {"write": {"device_start": -1, "host_queued_start": 1585579792.373347, "device_queued": -1, "device_end": -1, "host_queued_end": 1585579792.376749}, "device": "cpu", "nd_range": {"device_start": 2247566.9383486183, "device_end": 2247566.9984536422}, "cmdq": 0, "read": {"device_start": -1, "device_end": -1}}, "FFC_sans_bias6": {"write": {"device_start": -1, "host_queued_start": 1585579792.369577, "device_queued": -1, "device_end": -1, "host_queued_end": 1585579792.376749}, "device": "cpu", "nd_range": {"device_start": 2247566.864450326, "device_end": 2247566.938335513}, "cmdq": 0, "read": {"device_start": -1, "device_end": -1}}, "FFC_sans_bias1": {"write": {"device_start": -1, "host_queued_start": 1585579792.353173, "device_queued": -1, "device_end": -1, "host_queued_end": 1585579792.376749}, "device": "cpu", "nd_range": {"device_start": 2247566.5663749883, "device_end": 2247566.631710913}, "cmdq": 1, "read": {"device_start": -1, "device_end": -1}}, "FFC_sans_bias0": {"write": {"device_start": -1, "host_queued_start": 1585579792.349512, "device_queued": -1, "device_end": -1, "host_queued_end": 1585579792.376749}, "device": "cpu", "nd_range": {"device_start": 2247566.5663753073, "device_end": 2247566.643055992}, "cmdq": 0, "read": {"device_start": -1, "device_end": -1}}, "FFC_sans_bias2": {"write": {"device_start": -1, "host_queued_start": 1585579792.356686, "device_queued": -1, "device_end": -1, "host_queued_end": 1585579792.376749}, "device": "cpu", "nd_range": {"device_start": 2247566.643080517, "device_end": 2247566.7407228593}, "cmdq": 0, "read": {"device_start": -1, "device_end": -1}}, "FFC_sans_bias61": {"write": {"device_start": 1585579727.2236013, "host_queued_start": 1585579792.33529, "device_queued": 1585579727.1288848, "device_end": 1585579727.2236967, "host_queued_end": 1585579792.33874}, "device": "gpu", "nd_range": {"device_start": 1585579727.2237093, "device_end": 1585579727.236019}, "cmdq": 0, "read": {"device_start": 1585579727.2360258, "device_end": 1585579727.2361195}}, "FFC_sans_bias52": {"write": {"device_start": 1585579727.2200139, "host_queued_start": 1585579792.332022, "device_queued": 1585579727.1283274, "device_end": 1585579727.220107, "host_queued_end": 1585579792.33874}, "device": "gpu", "nd_range": {"device_start": 1585579727.2201192, "device_end": 1585579727.2327442}, "cmdq": 3, "read": {"device_start": 1585579727.232752, "device_end": 1585579727.232848}}, "FFC_sans_bias9": {"write": {"device_start": -1, "host_queued_start": 1585579792.360163, "device_queued": -1, "device_end": -1, "host_queued_end": 1585579792.376749}, "device": "cpu", "nd_range": {"device_start": 2247566.6317293853, "device_end": 2247566.692978788}, "cmdq": 1, "read": {"device_start": -1, "device_end": -1}}, "coalesced_transpose39": {"write": {"device_start": -1, "host_queued_start": 1585579792.312797, "device_queued": -1, "device_end": -1, "host_queued_end": 1585579792.33874}, "device": "gpu", "nd_range": {"device_start": 1585579727.1759045, "device_end": 1585579727.179021}, "cmdq": 2, "read": {"device_start": -1, "device_end": -1}}, "FFC_sans_bias55": {"write": {"device_start": 1585579727.1617017, "host_queued_start": 1585579792.302057, "device_queued": 1585579727.1237, "device_end": 1585579727.1619024, "host_queued_end": 1585579792.33874}, "device": "gpu", "nd_range": {"device_start": 1585579727.161921, "device_end": 1585579727.1694381}, "cmdq": 0, "read": {"device_start": -1, "device_end": -1}}, "FFC_sans_bias54": {"write": {"device_start": 1585579727.1534574, "host_queued_start": 1585579792.298779, "device_queued": 1585579727.1232576, "device_end": 1585579727.15356, "host_queued_end": 1585579792.33874}, "device": "gpu", "nd_range": {"device_start": 1585579727.1535754, "device_end": 1585579727.166134}, "cmdq": 3, "read": {"device_start": -1, "device_end": -1}}, "FFC_sans_bias56": {"write": {"device_start": 1585579727.150217, "host_queued_start": 1585579792.295537, "device_queued": 1585579727.123133, "device_end": 1585579727.1503186, "host_queued_end": 1585579792.33874}, "device": "gpu", "nd_range": {"device_start": 1585579727.1503246, "device_end": 1585579727.1628933}, "cmdq": 2, "read": {"device_start": -1, "device_end": -1}}, "FFC_sans_bias51": {"write": {"device_start": -1, "host_queued_start": 1585579792.318338, "device_queued": -1, "device_end": -1, "host_queued_end": 1585579792.33874}, "device": "gpu", "nd_range": {"device_start": 1585579727.2008097, "device_end": 1585579727.2132127}, "cmdq": 1, "read": {"device_start": -1, "device_end": -1}}, "softmax23": {"write": {"device_start": -1, "host_queued_start": 1585579792.315862, "device_queued": -1, "device_end": -1, "host_queued_end": 1585579792.33874}, "device": "gpu", "nd_range": {"device_start": 1585579727.1858203, "device_end": 1585579727.1962526}, "cmdq": 0, "read": {"device_start": -1, "device_end": -1}}, "FFC_sans_bias37": {"write": {"device_start": 1585579727.133901, "host_queued_start": 1585579792.279124, "device_queued": 1585579727.1220715, "device_end": 1585579727.1340027, "host_queued_end": 1585579792.33874}, "device": "gpu", "nd_range": {"device_start": 1585579727.1340184, "device_end": 1585579727.1465824}, "cmdq": 1, "read": {"device_start": -1, "device_end": -1}}, "empty62": {"write": {"device_start": 1585579727.1195016, "host_queued_start": 1585579792.250594, "device_queued": 1585579727.119183, "device_end": 1585579727.1197784, "host_queued_end": 1585579792.33874}, "device": "gpu", "nd_range": {"device_start": 1585579727.1197865, "device_end": 1585579727.1197903}, "cmdq": 0, "read": {"device_start": -1, "device_end": -1}}, "FFC_sans_bias70": {"write": {"device_start": 1585579727.226823, "host_queued_start": 1585579792.338551, "device_queued": 1585579727.129164, "device_end": 1585579727.2269182, "host_queued_end": 1585579792.33874}, "device": "gpu", "nd_range": {"device_start": 1585579727.2269287, "device_end": 1585579727.2392395}, "cmdq": 1, "read": {"device_start": 1585579727.2392435, "device_end": 1585579727.2393296}}, "FFC_sans_bias58": {"write": {"device_start": -1, "host_queued_start": 1585579792.315299, "device_queued": -1, "device_end": -1, "host_queued_end": 1585579792.33874}, "device": "gpu", "nd_range": {"device_start": 1585579727.1858077, "device_end": 1585579727.195491}, "cmdq": 2, "read": {"device_start": -1, "device_end": -1}}, "softmax41": {"write": {"device_start": -1, "host_queued_start": 1585579792.31635, "device_queued": -1, "device_end": -1, "host_queued_end": 1585579792.33874}, "device": "gpu", "nd_range": {"device_start": 1585579727.1955025, "device_end": 1585579727.2000802}, "cmdq": 2, "read": {"device_start": -1, "device_end": -1}}, "FFC_sans_bias11": {"write": {"device_start": -1, "host_queued_start": 1585579792.367098, "device_queued": -1, "device_end": -1, "host_queued_end": 1585579792.376749}, "device": "cpu", "nd_range": {"device_start": 2247566.693208407, "device_end": 2247566.7507929383}, "cmdq": 1, "read": {"device_start": -1, "device_end": -1}}, "FFC_sans_bias10": {"write": {"device_start": -1, "host_queued_start": 1585579792.363637, "device_queued": -1, "device_end": -1, "host_queued_end": 1585579792.376749}, "device": "cpu", "nd_range": {"device_start": 2247566.740738388, "device_end": 2247566.784688896}, "cmdq": 0, "read": {"device_start": -1, "device_end": -1}}, "coalesced_transpose3": {"write": {"device_start": -1, "host_queued_start": 1585579792.367455, "device_queued": -1, "device_end": -1, "host_queued_end": 1585579792.376749}, "device": "cpu", "nd_range": {"device_start": 2247566.7847129824, "device_end": 2247566.785428789}, "cmdq": 0, "read": {"device_start": -1, "device_end": -1}}, "FFC_sans_bias34": {"write": {"device_start": 1585579727.2134478, "host_queued_start": 1585579792.325502, "device_queued": 1585579727.1280644, "device_end": 1585579727.2135406, "host_queued_end": 1585579792.33874}, "device": "gpu", "nd_range": {"device_start": 1585579727.2135508, "device_end": 1585579727.2262619}, "cmdq": 1, "read": {"device_start": 1585579727.2262745, "device_end": 1585579727.2263691}}, "FFC_sans_bias15": {"write": {"device_start": -1, "host_queued_start": 1585579792.369918, "device_queued": -1, "device_end": -1, "host_queued_end": 1585579792.376749}, "device": "cpu", "nd_range": {"device_start": 2247566.8514537583, "device_end": 2247566.908779974}, "cmdq": 1, "read": {"device_start": -1, "device_end": -1}}, "FFC_sans_bias31": {"write": {"device_start": -1, "host_queued_start": 1585579792.31433, "device_queued": -1, "device_end": -1, "host_queued_end": 1585579792.33874}, "device": "gpu", "nd_range": {"device_start": 1585579727.179134, "device_end": 1585579727.1890793}, "cmdq": 3, "read": {"device_start": -1, "device_end": -1}}, "FFC_sans_bias16": {"write": {"device_start": -1, "host_queued_start": 1585579792.376692, "device_queued": -1, "device_end": -1, "host_queued_end": 1585579792.376749}, "device": "cpu", "nd_range": {"device_start": 2247566.9087954783, "device_end": 2247566.9865782633}, "cmdq": 1, "read": {"device_start": -1, "device_end": -1}}, "FFC_sans_bias19": {"write": {"device_start": 1585579727.1203787, "host_queued_start": 1585579792.259283, "device_queued": 1585579727.1200883, "device_end": 1585579727.120472, "host_queued_end": 1585579792.33874}, "device": "gpu", "nd_range": {"device_start": 1585579727.1204875, "device_end": 1585579727.127043}, "cmdq": 3, "read": {"device_start": -1, "device_end": -1}}, "FFC_sans_bias18": {"write": {"device_start": 1585579727.1200833, "host_queued_start": 1585579792.255998, "device_queued": 1585579727.1197891, "device_end": 1585579727.120321, "host_queued_end": 1585579792.33874}, "device": "gpu", "nd_range": {"device_start": 1585579727.1203485, "device_end": 1585579727.123716}, "cmdq": 2, "read": {"device_start": -1, "device_end": -1}}, "coalesced_transpose30": {"write": {"device_start": -1, "host_queued_start": 1585579792.312496, "device_queued": -1, "device_end": -1, "host_queued_end": 1585579792.33874}, "device": "gpu", "nd_range": {"device_start": 1585579727.172664, "device_end": 1585579727.1789958}, "cmdq": 1, "read": {"device_start": -1, "device_end": -1}}, "FFC_sans_bias69": {"write": {"device_start": -1, "host_queued_start": 1585579792.318982, "device_queued": -1, "device_end": -1, "host_queued_end": 1585579792.33874}, "device": "gpu", "nd_range": {"device_start": 1585579727.2067895, "device_end": 1585579727.2197902}, "cmdq": 3, "read": {"device_start": -1, "device_end": -1}}, "FFC_sans_bias38": {"write": {"device_start": 1585579727.1372132, "host_queued_start": 1585579792.282379, "device_queued": 1585579727.122202, "device_end": 1585579727.1373177, "host_queued_end": 1585579792.33874}, "device": "gpu", "nd_range": {"device_start": 1585579727.1373222, "device_end": 1585579727.1498349}, "cmdq": 2, "read": {"device_start": -1, "device_end": -1}}, "coalesced_transpose57": {"write": {"device_start": -1, "host_queued_start": 1585579792.313405, "device_queued": -1, "device_end": -1, "host_queued_end": 1585579792.33874}, "device": "gpu", "nd_range": {"device_start": 1585579727.1789472, "device_end": 1585579727.1790404}, "cmdq": 0, "read": {"device_start": -1, "device_end": -1}}, "empty26": {"write": {"device_start": 1585579727.1181824, "host_queued_start": 1585579792.239304, "device_queued": 1585579727.1178422, "device_end": 1585579727.1184368, "host_queued_end": 1585579792.33874}, "device": "gpu", "nd_range": {"device_start": 1585579727.1184473, "device_end": 1585579727.1184516}, "cmdq": 0, "read": {"device_start": -1, "device_end": -1}}, "coalesced_transpose12": {"write": {"device_start": -1, "host_queued_start": 1585579792.36779, "device_queued": -1, "device_end": -1, "host_queued_end": 1585579792.376749}, "device": "cpu", "nd_range": {"device_start": 2247566.784708449, "device_end": 2247566.785418793}, "cmdq": 1, "read": {"device_start": -1, "device_end": -1}}, "empty44": {"write": {"device_start": 1585579727.1188653, "host_queued_start": 1585579792.245289, "device_queued": 1585579727.1184483, "device_end": 1585579727.1191716, "host_queued_end": 1585579792.33874}, "device": "gpu", "nd_range": {"device_start": 1585579727.1191812, "device_end": 1585579727.1191847}, "cmdq": 2, "read": {"device_start": -1, "device_end": -1}}, "coalesced_transpose21": {"write": {"device_start": -1, "host_queued_start": 1585579792.31219, "device_queued": -1, "device_end": -1, "host_queued_end": 1585579792.33874}, "device": "gpu", "nd_range": {"device_start": 1585579727.1694393, "device_end": 1585579727.1789455}, "cmdq": 0, "read": {"device_start": -1, "device_end": -1}}, "FFC_sans_bias36": {"write": {"device_start": 1585579727.130715, "host_queued_start": 1585579792.275881, "device_queued": 1585579727.1218169, "device_end": 1585579727.130815, "host_queued_end": 1585579792.33874}, "device": "gpu", "nd_range": {"device_start": 1585579727.1308236, "device_end": 1585579727.143321}, "cmdq": 0, "read": {"device_start": -1, "device_end": -1}}, "softmax14": {"write": {"device_start": -1, "host_queued_start": 1585579792.369238, "device_queued": -1, "device_end": -1, "host_queued_end": 1585579792.376749}, "device": "cpu", "nd_range": {"device_start": 2247566.8504837593, "device_end": 2247566.851442831}, "cmdq": 1, "read": {"device_start": -1, "device_end": -1}}, "FFC_sans_bias13": {"write": {"device_start": -1, "host_queued_start": 1585579792.368682, "device_queued": -1, "device_end": -1, "host_queued_end": 1585579792.376749}, "device": "cpu", "nd_range": {"device_start": 2247566.785438797, "device_end": 2247566.85046704}, "cmdq": 1, "read": {"device_start": -1, "device_end": -1}}, "empty8": {"write": {"device_start": -1, "host_queued_start": 1585579792.343255, "device_queued": -1, "device_end": -1, "host_queued_end": 1585579792.376749}, "device": "cpu", "nd_range": {"device_start": 2247566.5663382052, "device_end": 2247566.566351082}, "cmdq": 0, "read": {"device_start": -1, "device_end": -1}}, "FFC_sans_bias42": {"write": {"device_start": -1, "host_queued_start": 1585579792.318021, "device_queued": -1, "device_end": -1, "host_queued_end": 1585579792.33874}, "device": "gpu", "nd_range": {"device_start": 1585579727.2001143, "device_end": 1585579727.2100563}, "cmdq": 0, "read": {"device_start": -1, "device_end": -1}}, "FFC_sans_bias43": {"write": {"device_start": 1585579727.2167354, "host_queued_start": 1585579792.328748, "device_queued": 1585579727.1281981, "device_end": 1585579727.216829, "host_queued_end": 1585579792.33874}, "device": "gpu", "nd_range": {"device_start": 1585579727.2168422, "device_end": 1585579727.2294993}, "cmdq": 2, "read": {"device_start": 1585579727.229504, "device_end": 1585579727.229591}}, "FFC_sans_bias40": {"write": {"device_start": -1, "host_queued_start": 1585579792.31466, "device_queued": -1, "device_end": -1, "host_queued_end": 1585579792.33874}, "device": "gpu", "nd_range": {"device_start": 1585579727.1791012, "device_end": 1585579727.1824672}, "cmdq": 0, "read": {"device_start": -1, "device_end": -1}}, "softmax32": {"write": {"device_start": -1, "host_queued_start": 1585579792.316107, "device_queued": -1, "device_end": -1, "host_queued_end": 1585579792.33874}, "device": "gpu", "nd_range": {"device_start": 1585579727.192213, "device_end": 1585579727.2000678}, "cmdq": 1, "read": {"device_start": -1, "device_end": -1}}, "FFC_sans_bias47": {"write": {"device_start": 1585579727.1469963, "host_queued_start": 1585579792.292257, "device_queued": 1585579727.1230075, "device_end": 1585579727.1470983, "host_queued_end": 1585579792.33874}, "device": "gpu", "nd_range": {"device_start": 1585579727.1471038, "device_end": 1585579727.1596508}, "cmdq": 1, "read": {"device_start": -1, "device_end": -1}}, "FFC_sans_bias45": {"write": {"device_start": 1585579727.1404788, "host_queued_start": 1585579792.285674, "device_queued": 1585579727.122326, "device_end": 1585579727.1405814, "host_queued_end": 1585579792.33874}, "device": "gpu", "nd_range": {"device_start": 1585579727.140585, "device_end": 1585579727.1530988}, "cmdq": 3, "read": {"device_start": -1, "device_end": -1}}, "softmax50": {"write": {"device_start": -1, "host_queued_start": 1585579792.316589, "device_queued": -1, "device_end": -1, "host_queued_end": 1585579792.33874}, "device": "gpu", "nd_range": {"device_start": 1585579727.198778, "device_end": 1585579727.1991935}, "cmdq": 3, "read": {"device_start": -1, "device_end": -1}}, "FFC_sans_bias33": {"write": {"device_start": -1, "host_queued_start": 1585579792.317707, "device_queued": -1, "device_end": -1, "host_queued_end": 1585579792.33874}, "device": "gpu", "nd_range": {"device_start": 1585579727.2001016, "device_end": 1585579727.2067797}, "cmdq": 3, "read": {"device_start": -1, "device_end": -1}}, "FFC_sans_bias63": {"write": {"device_start": 1585579727.1664174, "host_queued_start": 1585579792.311844, "device_queued": 1585579727.1243923, "device_end": 1585579727.1665125, "host_queued_end": 1585579792.33874}, "device": "gpu", "nd_range": {"device_start": 1585579727.1665187, "device_end": 1585579727.179079}, "cmdq": 3, "read": {"device_start": -1, "device_end": -1}}, "FFC_sans_bias49": {"write": {"device_start": -1, "host_queued_start": 1585579792.314983, "device_queued": -1, "device_end": -1, "host_queued_end": 1585579792.33874}, "device": "gpu", "nd_range": {"device_start": 1585579727.1791484, "device_end": 1585579727.192203}, "cmdq": 1, "read": {"device_start": -1, "device_end": -1}}, "FFC_sans_bias64": {"write": {"device_start": 1585579727.1620474, "host_queued_start": 1585579792.305326, "device_queued": 1585579727.1241336, "device_end": 1585579727.1621454, "host_queued_end": 1585579792.33874}, "device": "gpu", "nd_range": {"device_start": 1585579727.1621492, "device_end": 1585579727.1726608}, "cmdq": 1, "read": {"device_start": -1, "device_end": -1}}, "FFC_sans_bias65": {"write": {"device_start": 1585579727.1631653, "host_queued_start": 1585579792.308565, "device_queued": 1585579727.1242702, "device_end": 1585579727.1632607, "host_queued_end": 1585579792.33874}, "device": "gpu", "nd_range": {"device_start": 1585579727.1632698, "device_end": 1585579727.175896}, "cmdq": 2, "read": {"device_start": -1, "device_end": -1}}, "FFC_sans_bias67": {"write": {"device_start": -1, "host_queued_start": 1585579792.315612, "device_queued": -1, "device_end": -1, "host_queued_end": 1585579792.33874}, "device": "gpu", "nd_range": {"device_start": 1585579727.1890907, "device_end": 1585579727.1987672}, "cmdq": 3, "read": {"device_start": -1, "device_end": -1}}, "FFC_sans_bias24": {"write": {"device_start": -1, "host_queued_start": 1585579792.317395, "device_queued": -1, "device_end": -1, "host_queued_end": 1585579792.33874}, "device": "gpu", "nd_range": {"device_start": 1585579727.20009, "device_end": 1585579727.2034514}, "cmdq": 2, "read": {"device_start": -1, "device_end": -1}}, "FFC_sans_bias25": {"write": {"device_start": 1585579727.2103107, "host_queued_start": 1585579792.322226, "device_queued": 1585579727.1278117, "device_end": 1585579727.2104027, "host_queued_end": 1585579792.33874}, "device": "gpu", "nd_range": {"device_start": 1585579727.210418, "device_end": 1585579727.223018}, "cmdq": 0, "read": {"device_start": 1585579727.2230244, "device_end": 1585579727.2231176}}, "FFC_sans_bias27": {"write": {"device_start": 1585579727.121249, "host_queued_start": 1585579792.265893, "device_queued": 1585579727.120852, "device_end": 1585579727.1213663, "host_queued_end": 1585579792.33874}, "device": "gpu", "nd_range": {"device_start": 1585579727.1215153, "device_end": 1585579727.133494}, "cmdq": 1, "read": {"device_start": -1, "device_end": -1}}, "FFC_sans_bias20": {"write": {"device_start": 1585579727.1208644, "host_queued_start": 1585579792.262631, "device_queued": 1585579727.1205816, "device_end": 1585579727.1211388, "host_queued_end": 1585579792.33874}, "device": "gpu", "nd_range": {"device_start": 1585579727.1211429, "device_end": 1585579727.1303148}, "cmdq": 0, "read": {"device_start": -1, "device_end": -1}}, "FFC_sans_bias22": {"write": {"device_start": -1, "host_queued_start": 1585579792.314021, "device_queued": -1, "device_end": -1, "host_queued_end": 1585579792.33874}, "device": "gpu", "nd_range": {"device_start": 1585579727.1791182, "device_end": 1585579727.1857977}, "cmdq": 2, "read": {"device_start": -1, "device_end": -1}}, "softmax68": {"write": {"device_start": -1, "host_queued_start": 1585579792.317084, "device_queued": -1, "device_end": -1, "host_queued_end": 1585579792.33874}, "device": "gpu", "nd_range": {"device_start": 1585579727.2000778, "device_end": 1585579727.2007997}, "cmdq": 1, "read": {"device_start": -1, "device_end": -1}}, "softmax5": {"write": {"device_start": -1, "host_queued_start": 1585579792.368962, "device_queued": -1, "device_end": -1, "host_queued_end": 1585579792.376749}, "device": "cpu", "nd_range": {"device_start": 2247566.863494594, "device_end": 2247566.8644414223}, "cmdq": 0, "read": {"device_start": -1, "device_end": -1}}, "FFC_sans_bias28": {"write": {"device_start": 1585579727.1240127, "host_queued_start": 1585579792.269335, "device_queued": 1585579727.121162, "device_end": 1585579727.1241117, "host_queued_end": 1585579792.33874}, "device": "gpu", "nd_range": {"device_start": 1585579727.1241167, "device_end": 1585579727.136784}, "cmdq": 2, "read": {"device_start": -1, "device_end": -1}}, "FFC_sans_bias29": {"write": {"device_start": 1585579727.1274188, "host_queued_start": 1585579792.272616, "device_queued": 1585579727.1213794, "device_end": 1585579727.1275313, "host_queued_end": 1585579792.33874}, "device": "gpu", "nd_range": {"device_start": 1585579727.1275358, "device_end": 1585579727.1400752}, "cmdq": 3, "read": {"device_start": -1, "device_end": -1}}, "empty17": {"write": {"device_start": -1, "host_queued_start": 1585579792.346259, "device_queued": -1, "device_end": -1, "host_queued_end": 1585579792.376749}, "device": "cpu", "nd_range": {"device_start": 2247566.5663382714, "device_end": 2247566.566351018}, "cmdq": 1, "read": {"device_start": -1, "device_end": -1}}, "softmax59": {"write": {"device_start": -1, "host_queued_start": 1585579792.316837, "device_queued": -1, "device_end": -1, "host_queued_end": 1585579792.33874}, "device": "gpu", "nd_range": {"device_start": 1585579727.1962636, "device_end": 1585579727.1992822}, "cmdq": 0, "read": {"device_start": -1, "device_end": -1}}, "empty71": {"write": {"device_start": 1585579727.1197941, "host_queued_start": 1585579792.253192, "device_queued": 1585579727.1194682, "device_end": 1585579727.1200774, "host_queued_end": 1585579792.33874}, "device": "gpu", "nd_range": {"device_start": 1585579727.1201355, "device_end": 1585579727.1201587}, "cmdq": 1, "read": {"device_start": -1, "device_end": -1}}, "empty35": {"write": {"device_start": 1585579727.118534, "host_queued_start": 1585579792.242677, "device_queued": 1585579727.11809, "device_end": 1585579727.1188247, "host_queued_end": 1585579792.33874}, "device": "gpu", "nd_range": {"device_start": 1585579727.11887, "device_end": 1585579727.1189132}, "cmdq": 1, "read": {"device_start": -1, "device_end": -1}}, "empty53": {"write": {"device_start": 1585579727.1191878, "host_queued_start": 1585579792.247947, "device_queued": 1585579727.1188362, "device_end": 1585579727.1194549, "host_queued_end": 1585579792.33874}, "device": "gpu", "nd_range": {"device_start": 1585579727.119463, "device_end": 1585579727.1194673}, "cmdq": 3, "read": {"device_start": -1, "device_end": -1}}, "FFC_sans_bias46": {"write": {"device_start": 1585579727.1437147, "host_queued_start": 1585579792.288944, "device_queued": 1585579727.1227717, "device_end": 1585579727.1438181, "host_queued_end": 1585579792.33874}, "device": "gpu", "nd_range": {"device_start": 1585579727.1438239, "device_end": 1585579727.1563792}, "cmdq": 0, "read": {"device_start": -1, "device_end": -1}}, "coalesced_transpose66": {"write": {"device_start": -1, "host_queued_start": 1585579792.313704, "device_queued": -1, "device_end": -1, "host_queued_end": 1585579792.33874}, "device": "gpu", "nd_range": {"device_start": 1585579727.1789968, "device_end": 1585579727.179055}, "cmdq": 1, "read": {"device_start": -1, "device_end": -1}}, "coalesced_transpose48": {"write": {"device_start": -1, "host_queued_start": 1585579792.313102, "device_queued": -1, "device_end": -1, "host_queued_end": 1585579792.33874}, "device": "gpu", "nd_range": {"device_start": 1585579727.1790872, "device_end": 1585579727.1791213}, "cmdq": 3, "read": {"device_start": -1, "device_end": -1}}}