{"FFC_sans_bias60": {"write": {"device_start": -1, "host_queued_start": 1585580015.591375, "device_queued": -1, "device_end": -1, "host_queued_end": 1585580015.61757}, "device": "cpu", "nd_range": {"device_start": 2247791.273733188, "device_end": 2247791.396862031}, "cmdq": 2, "read": {"device_start": -1, "device_end": -1}}, "FFC_sans_bias4": {"write": {"device_start": -1, "host_queued_start": 1585580015.584166, "device_queued": -1, "device_end": -1, "host_queued_end": 1585580015.61757}, "device": "cpu", "nd_range": {"device_start": 2247790.6475241543, "device_end": 2247790.700334528}, "cmdq": 1, "read": {"device_start": -1, "device_end": -1}}, "FFC_sans_bias7": {"write": {"device_start": -1, "host_queued_start": 1585580015.594988, "device_queued": -1, "device_end": -1, "host_queued_end": 1585580015.61757}, "device": "cpu", "nd_range": {"device_start": 2247791.228970352, "device_end": 2247791.352755931}, "cmdq": 1, "read": {"device_start": -1, "device_end": -1}}, "FFC_sans_bias6": {"write": {"device_start": -1, "host_queued_start": 1585580015.589208, "device_queued": -1, "device_end": -1, "host_queued_end": 1585580015.61757}, "device": "cpu", "nd_range": {"device_start": 2247790.9758840683, "device_end": 2247791.1214797474}, "cmdq": 2, "read": {"device_start": -1, "device_end": -1}}, "FFC_sans_bias1": {"write": {"device_start": -1, "host_queued_start": 1585580015.508393, "device_queued": -1, "device_end": -1, "host_queued_end": 1585580015.61757}, "device": "cpu", "nd_range": {"device_start": 2247789.807292927, "device_end": 2247789.8717451063}, "cmdq": 0, "read": {"device_start": -1, "device_end": -1}}, "FFC_sans_bias0": {"write": {"device_start": -1, "host_queued_start": 1585580015.505077, "device_queued": -1, "device_end": -1, "host_queued_end": 1585580015.61757}, "device": "cpu", "nd_range": {"device_start": 2247789.807276742, "device_end": 2247789.977731729}, "cmdq": 2, "read": {"device_start": -1, "device_end": -1}}, "FFC_sans_bias2": {"write": {"device_start": -1, "host_queued_start": 1585580015.511706, "device_queued": -1, "device_end": -1, "host_queued_end": 1585580015.61757}, "device": "cpu", "nd_range": {"device_start": 2247789.807285827, "device_end": 2247789.89952021}, "cmdq": 1, "read": {"device_start": -1, "device_end": -1}}, "FFC_sans_bias61": {"write": {"device_start": -1, "host_queued_start": 1585580015.614308, "device_queued": -1, "device_end": -1, "host_queued_end": 1585580015.61757}, "device": "cpu", "nd_range": {"device_start": 2247791.4756349972, "device_end": 2247791.5967758424}, "cmdq": 1, "read": {"device_start": -1, "device_end": -1}}, "FFC_sans_bias52": {"write": {"device_start": -1, "host_queued_start": 1585580015.61107, "device_queued": -1, "device_end": -1, "host_queued_end": 1585580015.61757}, "device": "cpu", "nd_range": {"device_start": 2247791.4287306573, "device_end": 2247791.5497815562}, "cmdq": 0, "read": {"device_start": -1, "device_end": -1}}, "FFC_sans_bias9": {"write": {"device_start": -1, "host_queued_start": 1585580015.51523, "device_queued": -1, "device_end": -1, "host_queued_end": 1585580015.61757}, "device": "cpu", "nd_range": {"device_start": 2247789.9827436893, "device_end": 2247790.074035081}, "cmdq": 2, "read": {"device_start": -1, "device_end": -1}}, "coalesced_transpose39": {"write": {"device_start": -1, "host_queued_start": 1585580015.582833, "device_queued": -1, "device_end": -1, "host_queued_end": 1585580015.61757}, "device": "cpu", "nd_range": {"device_start": 2247790.70137435, "device_end": 2247790.704571615}, "cmdq": 0, "read": {"device_start": -1, "device_end": -1}}, "FFC_sans_bias55": {"write": {"device_start": -1, "host_queued_start": 1585580015.571266, "device_queued": -1, "device_end": -1, "host_queued_end": 1585580015.61757}, "device": "cpu", "nd_range": {"device_start": 2247790.457550484, "device_end": 2247790.5299988603}, "cmdq": 1, "read": {"device_start": -1, "device_end": -1}}, "FFC_sans_bias54": {"write": {"device_start": -1, "host_queued_start": 1585580015.567988, "device_queued": -1, "device_end": -1, "host_queued_end": 1585580015.61757}, "device": "cpu", "nd_range": {"device_start": 2247790.4071423663, "device_end": 2247790.554116797}, "cmdq": 0, "read": {"device_start": -1, "device_end": -1}}, "FFC_sans_bias56": {"write": {"device_start": -1, "host_queued_start": 1585580015.564706, "device_queued": -1, "device_end": -1, "host_queued_end": 1585580015.61757}, "device": "cpu", "nd_range": {"device_start": 2247790.4794142493, "device_end": 2247790.572170506}, "cmdq": 2, "read": {"device_start": -1, "device_end": -1}}, "FFC_sans_bias51": {"write": {"device_start": -1, "host_queued_start": 1585580015.591035, "device_queued": -1, "device_end": -1, "host_queued_end": 1585580015.61757}, "device": "cpu", "nd_range": {"device_start": 2247791.105146596, "device_end": 2247791.22893542}, "cmdq": 1, "read": {"device_start": -1, "device_end": -1}}, "softmax23": {"write": {"device_start": -1, "host_queued_start": 1585580015.587504, "device_queued": -1, "device_end": -1, "host_queued_end": 1585580015.61757}, "device": "cpu", "nd_range": {"device_start": 2247790.973936766, "device_end": 2247790.9749055463}, "cmdq": 2, "read": {"device_start": -1, "device_end": -1}}, "FFC_sans_bias37": {"write": {"device_start": -1, "host_queued_start": 1585580015.548185, "device_queued": -1, "device_end": -1, "host_queued_end": 1585580015.61757}, "device": "cpu", "nd_range": {"device_start": 2247790.2403733823, "device_end": 2247790.3082979564}, "cmdq": 0, "read": {"device_start": -1, "device_end": -1}}, "empty62": {"write": {"device_start": -1, "host_queued_start": 1585580015.499715, "device_queued": -1, "device_end": -1, "host_queued_end": 1585580015.61757}, "device": "cpu", "nd_range": {"device_start": 2247789.807286852, "device_end": 2247789.807287543}, "cmdq": 0, "read": {"device_start": -1, "device_end": -1}}, "FFC_sans_bias70": {"write": {"device_start": -1, "host_queued_start": 1585580015.617516, "device_queued": -1, "device_end": -1, "host_queued_end": 1585580015.61757}, "device": "cpu", "nd_range": {"device_start": 2247791.600411125, "device_end": 2247791.642015499}, "cmdq": 2, "read": {"device_start": -1, "device_end": -1}}, "FFC_sans_bias58": {"write": {"device_start": -1, "host_queued_start": 1585580015.586321, "device_queued": -1, "device_end": -1, "host_queued_end": 1585580015.61757}, "device": "cpu", "nd_range": {"device_start": 2247790.754188519, "device_end": 2247790.8851460703}, "cmdq": 1, "read": {"device_start": -1, "device_end": -1}}, "softmax41": {"write": {"device_start": -1, "host_queued_start": 1585580015.588052, "device_queued": -1, "device_end": -1, "host_queued_end": 1585580015.61757}, "device": "cpu", "nd_range": {"device_start": 2247790.923548195, "device_end": 2247790.924499269}, "cmdq": 1, "read": {"device_start": -1, "device_end": -1}}, "FFC_sans_bias11": {"write": {"device_start": -1, "host_queued_start": 1585580015.521775, "device_queued": -1, "device_end": -1, "host_queued_end": 1585580015.61757}, "device": "cpu", "nd_range": {"device_start": 2247789.8997606114, "device_end": 2247789.999486573}, "cmdq": 1, "read": {"device_start": -1, "device_end": -1}}, "FFC_sans_bias10": {"write": {"device_start": -1, "host_queued_start": 1585580015.518489, "device_queued": -1, "device_end": -1, "host_queued_end": 1585580015.61757}, "device": "cpu", "nd_range": {"device_start": 2247789.871981473, "device_end": 2247789.968022441}, "cmdq": 0, "read": {"device_start": -1, "device_end": -1}}, "coalesced_transpose3": {"write": {"device_start": -1, "host_queued_start": 1585580015.581492, "device_queued": -1, "device_end": -1, "host_queued_end": 1585580015.61757}, "device": "cpu", "nd_range": {"device_start": 2247790.644861782, "device_end": 2247790.645933492}, "cmdq": 2, "read": {"device_start": -1, "device_end": -1}}, "FFC_sans_bias34": {"write": {"device_start": -1, "host_queued_start": 1585580015.60462, "device_queued": -1, "device_end": -1, "host_queued_end": 1585580015.61757}, "device": "cpu", "nd_range": {"device_start": 2247791.352869832, "device_end": 2247791.475623696}, "cmdq": 1, "read": {"device_start": -1, "device_end": -1}}, "FFC_sans_bias15": {"write": {"device_start": -1, "host_queued_start": 1585580015.589577, "device_queued": -1, "device_end": -1, "host_queued_end": 1585580015.61757}, "device": "cpu", "nd_range": {"device_start": 2247790.940054803, "device_end": 2247791.035858814}, "cmdq": 0, "read": {"device_start": -1, "device_end": -1}}, "FFC_sans_bias31": {"write": {"device_start": -1, "host_queued_start": 1585580015.585198, "device_queued": -1, "device_end": -1, "host_queued_end": 1585580015.61757}, "device": "cpu", "nd_range": {"device_start": 2247790.700562378, "device_end": 2247790.7539572883}, "cmdq": 1, "read": {"device_start": -1, "device_end": -1}}, "FFC_sans_bias16": {"write": {"device_start": -1, "host_queued_start": 1585580015.598175, "device_queued": -1, "device_end": -1, "host_queued_end": 1585580015.61757}, "device": "cpu", "nd_range": {"device_start": 2247791.39709217, "device_end": 2247791.5188659993}, "cmdq": 2, "read": {"device_start": -1, "device_end": -1}}, "FFC_sans_bias19": {"write": {"device_start": -1, "host_queued_start": 1585580015.528389, "device_queued": -1, "device_end": -1, "host_queued_end": 1585580015.61757}, "device": "cpu", "nd_range": {"device_start": 2247789.9682455594, "device_end": 2247790.081904}, "cmdq": 0, "read": {"device_start": -1, "device_end": -1}}, "FFC_sans_bias18": {"write": {"device_start": -1, "host_queued_start": 1585580015.525097, "device_queued": -1, "device_end": -1, "host_queued_end": 1585580015.61757}, "device": "cpu", "nd_range": {"device_start": 2247790.0740660504, "device_end": 2247790.146562547}, "cmdq": 2, "read": {"device_start": -1, "device_end": -1}}, "coalesced_transpose30": {"write": {"device_start": -1, "host_queued_start": 1585580015.582495, "device_queued": -1, "device_end": -1, "host_queued_end": 1585580015.61757}, "device": "cpu", "nd_range": {"device_start": 2247790.646090432, "device_end": 2247790.647169068}, "cmdq": 2, "read": {"device_start": -1, "device_end": -1}}, "FFC_sans_bias69": {"write": {"device_start": -1, "host_queued_start": 1585580015.591718, "device_queued": -1, "device_end": -1, "host_queued_end": 1585580015.61757}, "device": "cpu", "nd_range": {"device_start": 2247791.165773572, "device_end": 2247791.2986960863}, "cmdq": 0, "read": {"device_start": -1, "device_end": -1}}, "FFC_sans_bias38": {"write": {"device_start": -1, "host_queued_start": 1585580015.551484, "device_queued": -1, "device_end": -1, "host_queued_end": 1585580015.61757}, "device": "cpu", "nd_range": {"device_start": 2247790.232702441, "device_end": 2247790.330194586}, "cmdq": 1, "read": {"device_start": -1, "device_end": -1}}, "coalesced_transpose57": {"write": {"device_start": -1, "host_queued_start": 1585580015.583492, "device_queued": -1, "device_end": -1, "host_queued_end": 1585580015.61757}, "device": "cpu", "nd_range": {"device_start": 2247790.647311969, "device_end": 2247790.6484338893}, "cmdq": 2, "read": {"device_start": -1, "device_end": -1}}, "empty26": {"write": {"device_start": -1, "host_queued_start": 1585580015.489306, "device_queued": -1, "device_end": -1, "host_queued_end": 1585580015.61757}, "device": "cpu", "nd_range": {"device_start": 2247789.8072270392, "device_end": 2247789.807234966}, "cmdq": 2, "read": {"device_start": -1, "device_end": -1}}, "coalesced_transpose12": {"write": {"device_start": -1, "host_queued_start": 1585580015.581831, "device_queued": -1, "device_end": -1, "host_queued_end": 1585580015.61757}, "device": "cpu", "nd_range": {"device_start": 2247790.69993819, "device_end": 2247790.7005619}, "cmdq": 0, "read": {"device_start": -1, "device_end": -1}}, "empty44": {"write": {"device_start": -1, "host_queued_start": 1585580015.49454, "device_queued": -1, "device_end": -1, "host_queued_end": 1585580015.61757}, "device": "cpu", "nd_range": {"device_start": 2247789.80726329, "device_end": 2247789.807264814}, "cmdq": 1, "read": {"device_start": -1, "device_end": -1}}, "coalesced_transpose21": {"write": {"device_start": -1, "host_queued_start": 1585580015.582162, "device_queued": -1, "device_end": -1, "host_queued_end": 1585580015.61757}, "device": "cpu", "nd_range": {"device_start": 2247790.614632231, "device_end": 2247790.615707357}, "cmdq": 1, "read": {"device_start": -1, "device_end": -1}}, "FFC_sans_bias36": {"write": {"device_start": -1, "host_queued_start": 1585580015.544881, "device_queued": -1, "device_end": -1, "host_queued_end": 1585580015.61757}, "device": "cpu", "nd_range": {"device_start": 2247790.253802657, "device_end": 2247790.391976919}, "cmdq": 2, "read": {"device_start": -1, "device_end": -1}}, "softmax14": {"write": {"device_start": -1, "host_queued_start": 1585580015.587231, "device_queued": -1, "device_end": -1, "host_queued_end": 1585580015.61757}, "device": "cpu", "nd_range": {"device_start": 2247790.885170071, "device_end": 2247790.8861486414}, "cmdq": 1, "read": {"device_start": -1, "device_end": -1}}, "FFC_sans_bias13": {"write": {"device_start": -1, "host_queued_start": 1585580015.584511, "device_queued": -1, "device_end": -1, "host_queued_end": 1585580015.61757}, "device": "cpu", "nd_range": {"device_start": 2247790.731046537, "device_end": 2247790.8229892943}, "cmdq": 2, "read": {"device_start": -1, "device_end": -1}}, "empty8": {"write": {"device_start": -1, "host_queued_start": 1585580015.483296, "device_queued": -1, "device_end": -1, "host_queued_end": 1585580015.61757}, "device": "cpu", "nd_range": {"device_start": 2247789.8072686354, "device_end": 2247789.8072695592}, "cmdq": 0, "read": {"device_start": -1, "device_end": -1}}, "FFC_sans_bias42": {"write": {"device_start": -1, "host_queued_start": 1585580015.590691, "device_queued": -1, "device_end": -1, "host_queued_end": 1585580015.61757}, "device": "cpu", "nd_range": {"device_start": 2247791.0362293073, "device_end": 2247791.165551219}, "cmdq": 0, "read": {"device_start": -1, "device_end": -1}}, "FFC_sans_bias43": {"write": {"device_start": -1, "host_queued_start": 1585580015.607829, "device_queued": -1, "device_end": -1, "host_queued_end": 1585580015.61757}, "device": "cpu", "nd_range": {"device_start": 2247791.5280076424, "device_end": 2247791.600394161}, "cmdq": 2, "read": {"device_start": -1, "device_end": -1}}, "FFC_sans_bias40": {"write": {"device_start": -1, "host_queued_start": 1585580015.585539, "device_queued": -1, "device_end": -1, "host_queued_end": 1585580015.61757}, "device": "cpu", "nd_range": {"device_start": 2247790.8232223233, "device_end": 2247790.902951964}, "cmdq": 2, "read": {"device_start": -1, "device_end": -1}}, "softmax32": {"write": {"device_start": -1, "host_queued_start": 1585580015.587779, "device_queued": -1, "device_end": -1, "host_queued_end": 1585580015.61757}, "device": "cpu", "nd_range": {"device_start": 2247790.9378923103, "device_end": 2247790.938840018}, "cmdq": 0, "read": {"device_start": -1, "device_end": -1}}, "FFC_sans_bias47": {"write": {"device_start": -1, "host_queued_start": 1585580015.561424, "device_queued": -1, "device_end": -1, "host_queued_end": 1585580015.61757}, "device": "cpu", "nd_range": {"device_start": 2247790.330210207, "device_end": 2247790.4575336804}, "cmdq": 1, "read": {"device_start": -1, "device_end": -1}}, "FFC_sans_bias45": {"write": {"device_start": -1, "host_queued_start": 1585580015.554789, "device_queued": -1, "device_end": -1, "host_queued_end": 1585580015.61757}, "device": "cpu", "nd_range": {"device_start": 2247790.4020232353, "device_end": 2247790.479199367}, "cmdq": 2, "read": {"device_start": -1, "device_end": -1}}, "softmax50": {"write": {"device_start": -1, "host_queued_start": 1585580015.588327, "device_queued": -1, "device_end": -1, "host_queued_end": 1585580015.61757}, "device": "cpu", "nd_range": {"device_start": 2247790.9749155813, "device_end": 2247790.975875686}, "cmdq": 2, "read": {"device_start": -1, "device_end": -1}}, "FFC_sans_bias33": {"write": {"device_start": -1, "host_queued_start": 1585580015.59033, "device_queued": -1, "device_end": -1, "host_queued_end": 1585580015.61757}, "device": "cpu", "nd_range": {"device_start": 2247791.121497606, "device_end": 2247791.273707252}, "cmdq": 2, "read": {"device_start": -1, "device_end": -1}}, "FFC_sans_bias63": {"write": {"device_start": -1, "host_queued_start": 1585580015.58113, "device_queued": -1, "device_end": -1, "host_queued_end": 1585580015.61757}, "device": "cpu", "nd_range": {"device_start": 2247790.5302259573, "device_end": 2247790.614415037}, "cmdq": 1, "read": {"device_start": -1, "device_end": -1}}, "FFC_sans_bias49": {"write": {"device_start": -1, "host_queued_start": 1585580015.585971, "device_queued": -1, "device_end": -1, "host_queued_end": 1585580015.61757}, "device": "cpu", "nd_range": {"device_start": 2247790.8445330192, "device_end": 2247790.9366182634}, "cmdq": 0, "read": {"device_start": -1, "device_end": -1}}, "FFC_sans_bias64": {"write": {"device_start": -1, "host_queued_start": 1585580015.574585, "device_queued": -1, "device_end": -1, "host_queued_end": 1585580015.61757}, "device": "cpu", "nd_range": {"device_start": 2247790.5723867463, "device_end": 2247790.644680908}, "cmdq": 2, "read": {"device_start": -1, "device_end": -1}}, "FFC_sans_bias65": {"write": {"device_start": -1, "host_queued_start": 1585580015.577849, "device_queued": -1, "device_end": -1, "host_queued_end": 1585580015.61757}, "device": "cpu", "nd_range": {"device_start": 2247790.555105043, "device_end": 2247790.699141697}, "cmdq": 0, "read": {"device_start": -1, "device_end": -1}}, "FFC_sans_bias67": {"write": {"device_start": -1, "host_queued_start": 1585580015.586672, "device_queued": -1, "device_end": -1, "host_queued_end": 1585580015.61757}, "device": "cpu", "nd_range": {"device_start": 2247790.902968884, "device_end": 2247790.973917453}, "cmdq": 2, "read": {"device_start": -1, "device_end": -1}}, "FFC_sans_bias24": {"write": {"device_start": -1, "host_queued_start": 1585580015.589949, "device_queued": -1, "device_end": -1, "host_queued_end": 1585580015.61757}, "device": "cpu", "nd_range": {"device_start": 2247791.035891126, "device_end": 2247791.105127513}, "cmdq": 1, "read": {"device_start": -1, "device_end": -1}}, "FFC_sans_bias25": {"write": {"device_start": -1, "host_queued_start": 1585580015.601386, "device_queued": -1, "device_end": -1, "host_queued_end": 1585580015.61757}, "device": "cpu", "nd_range": {"device_start": 2247791.298719938, "device_end": 2247791.428719522}, "cmdq": 0, "read": {"device_start": -1, "device_end": -1}}, "FFC_sans_bias27": {"write": {"device_start": -1, "host_queued_start": 1585580015.534987, "device_queued": -1, "device_end": -1, "host_queued_end": 1585580015.61757}, "device": "cpu", "nd_range": {"device_start": 2247790.146576721, "device_end": 2247790.2537894133}, "cmdq": 2, "read": {"device_start": -1, "device_end": -1}}, "FFC_sans_bias20": {"write": {"device_start": -1, "host_queued_start": 1585580015.531678, "device_queued": -1, "device_end": -1, "host_queued_end": 1585580015.61757}, "device": "cpu", "nd_range": {"device_start": 2247789.999503896, "device_end": 2247790.1401979593}, "cmdq": 1, "read": {"device_start": -1, "device_end": -1}}, "FFC_sans_bias22": {"write": {"device_start": -1, "host_queued_start": 1585580015.584856, "device_queued": -1, "device_end": -1, "host_queued_end": 1585580015.61757}, "device": "cpu", "nd_range": {"device_start": 2247790.707191763, "device_end": 2247790.844312039}, "cmdq": 0, "read": {"device_start": -1, "device_end": -1}}, "softmax68": {"write": {"device_start": -1, "host_queued_start": 1585580015.588871, "device_queued": -1, "device_end": -1, "host_queued_end": 1585580015.61757}, "device": "cpu", "nd_range": {"device_start": 2247791.034918414, "device_end": 2247791.035875453}, "cmdq": 1, "read": {"device_start": -1, "device_end": -1}}, "softmax5": {"write": {"device_start": -1, "host_queued_start": 1585580015.586954, "device_queued": -1, "device_end": -1, "host_queued_end": 1585580015.61757}, "device": "cpu", "nd_range": {"device_start": 2247790.936787331, "device_end": 2247790.9377418933}, "cmdq": 0, "read": {"device_start": -1, "device_end": -1}}, "FFC_sans_bias28": {"write": {"device_start": -1, "host_queued_start": 1585580015.53826, "device_queued": -1, "device_end": -1, "host_queued_end": 1585580015.61757}, "device": "cpu", "nd_range": {"device_start": 2247790.082073896, "device_end": 2247790.240194911}, "cmdq": 0, "read": {"device_start": -1, "device_end": -1}}, "FFC_sans_bias29": {"write": {"device_start": -1, "host_queued_start": 1585580015.541536, "device_queued": -1, "device_end": -1, "host_queued_end": 1585580015.61757}, "device": "cpu", "nd_range": {"device_start": 2247790.1402134993, "device_end": 2247790.232678328}, "cmdq": 1, "read": {"device_start": -1, "device_end": -1}}, "empty17": {"write": {"device_start": -1, "host_queued_start": 1585580015.486672, "device_queued": -1, "device_end": -1, "host_queued_end": 1585580015.61757}, "device": "cpu", "nd_range": {"device_start": 2247789.807218764, "device_end": 2247789.8072349792}, "cmdq": 1, "read": {"device_start": -1, "device_end": -1}}, "softmax59": {"write": {"device_start": -1, "host_queued_start": 1585580015.588602, "device_queued": -1, "device_end": -1, "host_queued_end": 1585580015.61757}, "device": "cpu", "nd_range": {"device_start": 2247790.938977381, "device_end": 2247790.939913515}, "cmdq": 0, "read": {"device_start": -1, "device_end": -1}}, "empty71": {"write": {"device_start": -1, "host_queued_start": 1585580015.50228, "device_queued": -1, "device_end": -1, "host_queued_end": 1585580015.61757}, "device": "cpu", "nd_range": {"device_start": 2247789.8072717343, "device_end": 2247789.8072724463}, "cmdq": 1, "read": {"device_start": -1, "device_end": -1}}, "empty35": {"write": {"device_start": -1, "host_queued_start": 1585580015.491959, "device_queued": -1, "device_end": -1, "host_queued_end": 1585580015.61757}, "device": "cpu", "nd_range": {"device_start": 2247789.807280491, "device_end": 2247789.807281747}, "cmdq": 0, "read": {"device_start": -1, "device_end": -1}}, "empty53": {"write": {"device_start": -1, "host_queued_start": 1585580015.497128, "device_queued": -1, "device_end": -1, "host_queued_end": 1585580015.61757}, "device": "cpu", "nd_range": {"device_start": 2247789.807261447, "device_end": 2247789.807262396}, "cmdq": 2, "read": {"device_start": -1, "device_end": -1}}, "FFC_sans_bias46": {"write": {"device_start": -1, "host_queued_start": 1585580015.558112, "device_queued": -1, "device_end": -1, "host_queued_end": 1585580015.61757}, "device": "cpu", "nd_range": {"device_start": 2247790.308531713, "device_end": 2247790.4069509814}, "cmdq": 0, "read": {"device_start": -1, "device_end": -1}}, "coalesced_transpose66": {"write": {"device_start": -1, "host_queued_start": 1585580015.583824, "device_queued": -1, "device_end": -1, "host_queued_end": 1585580015.61757}, "device": "cpu", "nd_range": {"device_start": 2247790.704758598, "device_end": 2247790.705902737}, "cmdq": 0, "read": {"device_start": -1, "device_end": -1}}, "coalesced_transpose48": {"write": {"device_start": -1, "host_queued_start": 1585580015.583162, "device_queued": -1, "device_end": -1, "host_queued_end": 1585580015.61757}, "device": "cpu", "nd_range": {"device_start": 2247790.615858045, "device_end": 2247790.616936828}, "cmdq": 1, "read": {"device_start": -1, "device_end": -1}}}