{"FFC_sans_bias60": {"write": {"device_start": -1, "host_queued_start": 1585579777.320227, "device_queued": -1, "device_end": -1, "host_queued_end": 1585579777.342813}, "device": "cpu", "nd_range": {"device_start": 2247552.864287185, "device_end": 2247552.905943865}, "cmdq": 0, "read": {"device_start": -1, "device_end": -1}}, "FFC_sans_bias4": {"write": {"device_start": -1, "host_queued_start": 1585579777.313689, "device_queued": -1, "device_end": -1, "host_queued_end": 1585579777.342813}, "device": "cpu", "nd_range": {"device_start": 2247552.387440157, "device_end": 2247552.423661809}, "cmdq": 0, "read": {"device_start": -1, "device_end": -1}}, "FFC_sans_bias7": {"write": {"device_start": -1, "host_queued_start": 1585579777.323465, "device_queued": -1, "device_end": -1, "host_queued_end": 1585579777.342813}, "device": "cpu", "nd_range": {"device_start": 2247552.905968762, "device_end": 2247552.947291674}, "cmdq": 0, "read": {"device_start": -1, "device_end": -1}}, "FFC_sans_bias6": {"write": {"device_start": -1, "host_queued_start": 1585579777.318146, "device_queued": -1, "device_end": -1, "host_queued_end": 1585579777.342813}, "device": "cpu", "nd_range": {"device_start": 2247552.643467055, "device_end": 2247552.677893253}, "cmdq": 0, "read": {"device_start": -1, "device_end": -1}}, "FFC_sans_bias1": {"write": {"device_start": -1, "host_queued_start": 1585579777.248465, "device_queued": -1, "device_end": -1, "host_queued_end": 1585579777.342813}, "device": "cpu", "nd_range": {"device_start": 2247551.574523162, "device_end": 2247551.6158361454}, "cmdq": 0, "read": {"device_start": -1, "device_end": -1}}, "FFC_sans_bias0": {"write": {"device_start": -1, "host_queued_start": 1585579777.24518, "device_queued": -1, "device_end": -1, "host_queued_end": 1585579777.342813}, "device": "cpu", "nd_range": {"device_start": 2247551.532512473, "device_end": 2247551.5745068733}, "cmdq": 0, "read": {"device_start": -1, "device_end": -1}}, "FFC_sans_bias2": {"write": {"device_start": -1, "host_queued_start": 1585579777.251795, "device_queued": -1, "device_end": -1, "host_queued_end": 1585579777.342813}, "device": "cpu", "nd_range": {"device_start": 2247551.615852497, "device_end": 2247551.6572923553}, "cmdq": 0, "read": {"device_start": -1, "device_end": -1}}, "FFC_sans_bias61": {"write": {"device_start": -1, "host_queued_start": 1585579777.342759, "device_queued": -1, "device_end": -1, "host_queued_end": 1585579777.342813}, "device": "cpu", "nd_range": {"device_start": 2247553.154745527, "device_end": 2247553.204796641}, "cmdq": 0, "read": {"device_start": -1, "device_end": -1}}, "FFC_sans_bias52": {"write": {"device_start": -1, "host_queued_start": 1585579777.339556, "device_queued": -1, "device_end": -1, "host_queued_end": 1585579777.342813}, "device": "cpu", "nd_range": {"device_start": 2247553.1134670093, "device_end": 2247553.1547387172}, "cmdq": 0, "read": {"device_start": -1, "device_end": -1}}, "FFC_sans_bias9": {"write": {"device_start": -1, "host_queued_start": 1585579777.255074, "device_queued": -1, "device_end": -1, "host_queued_end": 1585579777.342813}, "device": "cpu", "nd_range": {"device_start": 2247551.6573169963, "device_end": 2247551.699271188}, "cmdq": 0, "read": {"device_start": -1, "device_end": -1}}, "coalesced_transpose39": {"write": {"device_start": -1, "host_queued_start": 1585579777.312687, "device_queued": -1, "device_end": -1, "host_queued_end": 1585579777.342813}, "device": "cpu", "nd_range": {"device_start": 2247552.385713681, "device_end": 2247552.386141944}, "cmdq": 0, "read": {"device_start": -1, "device_end": -1}}, "FFC_sans_bias55": {"write": {"device_start": -1, "host_queued_start": 1585579777.310996, "device_queued": -1, "device_end": -1, "host_queued_end": 1585579777.342813}, "device": "cpu", "nd_range": {"device_start": 2247552.3485430633, "device_end": 2247552.383792993}, "cmdq": 0, "read": {"device_start": -1, "device_end": -1}}, "FFC_sans_bias54": {"write": {"device_start": -1, "host_queued_start": 1585579777.307649, "device_queued": -1, "device_end": -1, "host_queued_end": 1585579777.342813}, "device": "cpu", "nd_range": {"device_start": 2247552.3129110243, "device_end": 2247552.348535974}, "cmdq": 0, "read": {"device_start": -1, "device_end": -1}}, "FFC_sans_bias56": {"write": {"device_start": -1, "host_queued_start": 1585579777.304378, "device_queued": -1, "device_end": -1, "host_queued_end": 1585579777.342813}, "device": "cpu", "nd_range": {"device_start": 2247552.277585645, "device_end": 2247552.312886966}, "cmdq": 0, "read": {"device_start": -1, "device_end": -1}}, "FFC_sans_bias51": {"write": {"device_start": -1, "host_queued_start": 1585579777.319885, "device_queued": -1, "device_end": -1, "host_queued_end": 1585579777.342813}, "device": "cpu", "nd_range": {"device_start": 2247552.8226942993, "device_end": 2247552.864266056}, "cmdq": 0, "read": {"device_start": -1, "device_end": -1}}, "softmax23": {"write": {"device_start": -1, "host_queued_start": 1585579777.316697, "device_queued": -1, "device_end": -1, "host_queued_end": 1585579777.342813}, "device": "cpu", "nd_range": {"device_start": 2247552.64189585, "device_end": 2247552.64219383}, "cmdq": 0, "read": {"device_start": -1, "device_end": -1}}, "FFC_sans_bias37": {"write": {"device_start": -1, "host_queued_start": 1585579777.28788, "device_queued": -1, "device_end": -1, "host_queued_end": 1585579777.342813}, "device": "cpu", "nd_range": {"device_start": 2247552.072195298, "device_end": 2247552.113420097}, "cmdq": 0, "read": {"device_start": -1, "device_end": -1}}, "empty62": {"write": {"device_start": -1, "host_queued_start": 1585579777.242223, "device_queued": -1, "device_end": -1, "host_queued_end": 1585579777.342813}, "device": "cpu", "nd_range": {"device_start": 2247551.5325058913, "device_end": 2247551.532506538}, "cmdq": 0, "read": {"device_start": -1, "device_end": -1}}, "FFC_sans_bias70": {"write": {"device_start": 1585579712.0132246, "host_queued_start": 1585579777.222233, "device_queued": 1585579712.003888, "device_end": 1585579712.013334, "host_queued_end": 1585579777.222359}, "device": "gpu", "nd_range": {"device_start": 1585579712.0201359, "device_end": 1585579712.023456}, "cmdq": 0, "read": {"device_start": 1585579712.0234587, "device_end": 1585579712.0235639}}, "FFC_sans_bias58": {"write": {"device_start": -1, "host_queued_start": 1585579777.315859, "device_queued": -1, "device_end": -1, "host_queued_end": 1585579777.342813}, "device": "cpu", "nd_range": {"device_start": 2247552.6058859373, "device_end": 2247552.64117428}, "cmdq": 0, "read": {"device_start": -1, "device_end": -1}}, "softmax41": {"write": {"device_start": -1, "host_queued_start": 1585579777.317258, "device_queued": -1, "device_end": -1, "host_queued_end": 1585579777.342813}, "device": "cpu", "nd_range": {"device_start": 2247552.6425108314, "device_end": 2247552.6428169343}, "cmdq": 0, "read": {"device_start": -1, "device_end": -1}}, "FFC_sans_bias11": {"write": {"device_start": -1, "host_queued_start": 1585579777.261655, "device_queued": -1, "device_end": -1, "host_queued_end": 1585579777.342813}, "device": "cpu", "nd_range": {"device_start": 2247551.741025046, "device_end": 2247551.783721519}, "cmdq": 0, "read": {"device_start": -1, "device_end": -1}}, "FFC_sans_bias10": {"write": {"device_start": -1, "host_queued_start": 1585579777.258334, "device_queued": -1, "device_end": -1, "host_queued_end": 1585579777.342813}, "device": "cpu", "nd_range": {"device_start": 2247551.699292627, "device_end": 2247551.741001198}, "cmdq": 0, "read": {"device_start": -1, "device_end": -1}}, "coalesced_transpose3": {"write": {"device_start": -1, "host_queued_start": 1585579777.311355, "device_queued": -1, "device_end": -1, "host_queued_end": 1585579777.342813}, "device": "cpu", "nd_range": {"device_start": 2247552.383811824, "device_end": 2247552.384344037}, "cmdq": 0, "read": {"device_start": -1, "device_end": -1}}, "FFC_sans_bias34": {"write": {"device_start": -1, "host_queued_start": 1585579777.333136, "device_queued": -1, "device_end": -1, "host_queued_end": 1585579777.342813}, "device": "cpu", "nd_range": {"device_start": 2247553.0300816013, "device_end": 2247553.0719466573}, "cmdq": 0, "read": {"device_start": -1, "device_end": -1}}, "FFC_sans_bias15": {"write": {"device_start": -1, "host_queued_start": 1585579777.318491, "device_queued": -1, "device_end": -1, "host_queued_end": 1585579777.342813}, "device": "cpu", "nd_range": {"device_start": 2247552.677900232, "device_end": 2247552.717375072}, "cmdq": 0, "read": {"device_start": -1, "device_end": -1}}, "FFC_sans_bias31": {"write": {"device_start": -1, "host_queued_start": 1585579777.314826, "device_queued": -1, "device_end": -1, "host_queued_end": 1585579777.342813}, "device": "cpu", "nd_range": {"device_start": 2247552.4933583383, "device_end": 2247552.530085576}, "cmdq": 0, "read": {"device_start": -1, "device_end": -1}}, "FFC_sans_bias16": {"write": {"device_start": -1, "host_queued_start": 1585579777.32667, "device_queued": -1, "device_end": -1, "host_queued_end": 1585579777.342813}, "device": "cpu", "nd_range": {"device_start": 2247552.9472987, "device_end": 2247552.9885049514}, "cmdq": 0, "read": {"device_start": -1, "device_end": -1}}, "FFC_sans_bias19": {"write": {"device_start": -1, "host_queued_start": 1585579777.268202, "device_queued": -1, "device_end": -1, "host_queued_end": 1585579777.342813}, "device": "cpu", "nd_range": {"device_start": 2247551.8258795263, "device_end": 2247551.868558355}, "cmdq": 0, "read": {"device_start": -1, "device_end": -1}}, "FFC_sans_bias18": {"write": {"device_start": -1, "host_queued_start": 1585579777.264925, "device_queued": -1, "device_end": -1, "host_queued_end": 1585579777.342813}, "device": "cpu", "nd_range": {"device_start": 2247551.783746322, "device_end": 2247551.825858058}, "cmdq": 0, "read": {"device_start": -1, "device_end": -1}}, "coalesced_transpose30": {"write": {"device_start": -1, "host_queued_start": 1585579777.312352, "device_queued": -1, "device_end": -1, "host_queued_end": 1585579777.342813}, "device": "cpu", "nd_range": {"device_start": 2247552.385308944, "device_end": 2247552.385706869}, "cmdq": 0, "read": {"device_start": -1, "device_end": -1}}, "FFC_sans_bias69": {"write": {"device_start": -1, "host_queued_start": 1585579777.219024, "device_queued": -1, "device_end": -1, "host_queued_end": 1585579777.222359}, "device": "gpu", "nd_range": {"device_start": 1585579712.016809, "device_end": 1585579712.020133}, "cmdq": 3, "read": {"device_start": -1, "device_end": -1}}, "FFC_sans_bias38": {"write": {"device_start": -1, "host_queued_start": 1585579777.291209, "device_queued": -1, "device_end": -1, "host_queued_end": 1585579777.342813}, "device": "cpu", "nd_range": {"device_start": 2247552.113440127, "device_end": 2247552.150534415}, "cmdq": 0, "read": {"device_start": -1, "device_end": -1}}, "coalesced_transpose57": {"write": {"device_start": -1, "host_queued_start": 1585579777.313346, "device_queued": -1, "device_end": -1, "host_queued_end": 1585579777.342813}, "device": "cpu", "nd_range": {"device_start": 2247552.3865641183, "device_end": 2247552.387433283}, "cmdq": 0, "read": {"device_start": -1, "device_end": -1}}, "empty26": {"write": {"device_start": -1, "host_queued_start": 1585579777.231705, "device_queued": -1, "device_end": -1, "host_queued_end": 1585579777.342813}, "device": "cpu", "nd_range": {"device_start": 2247551.5324868183, "device_end": 2247551.5324874073}, "cmdq": 0, "read": {"device_start": -1, "device_end": -1}}, "coalesced_transpose12": {"write": {"device_start": -1, "host_queued_start": 1585579777.311688, "device_queued": -1, "device_end": -1, "host_queued_end": 1585579777.342813}, "device": "cpu", "nd_range": {"device_start": 2247552.384353671, "device_end": 2247552.384831591}, "cmdq": 0, "read": {"device_start": -1, "device_end": -1}}, "empty44": {"write": {"device_start": -1, "host_queued_start": 1585579777.237081, "device_queued": -1, "device_end": -1, "host_queued_end": 1585579777.342813}, "device": "cpu", "nd_range": {"device_start": 2247551.532497057, "device_end": 2247551.5324975443}, "cmdq": 0, "read": {"device_start": -1, "device_end": -1}}, "coalesced_transpose21": {"write": {"device_start": -1, "host_queued_start": 1585579777.312017, "device_queued": -1, "device_end": -1, "host_queued_end": 1585579777.342813}, "device": "cpu", "nd_range": {"device_start": 2247552.384838105, "device_end": 2247552.3853016393}, "cmdq": 0, "read": {"device_start": -1, "device_end": -1}}, "FFC_sans_bias36": {"write": {"device_start": -1, "host_queued_start": 1585579777.284611, "device_queued": -1, "device_end": -1, "host_queued_end": 1585579777.342813}, "device": "cpu", "nd_range": {"device_start": 2247552.0347535564, "device_end": 2247552.072168221}, "cmdq": 0, "read": {"device_start": -1, "device_end": -1}}, "softmax14": {"write": {"device_start": -1, "host_queued_start": 1585579777.316421, "device_queued": -1, "device_end": -1, "host_queued_end": 1585579777.342813}, "device": "cpu", "nd_range": {"device_start": 2247552.641565292, "device_end": 2247552.641889884}, "cmdq": 0, "read": {"device_start": -1, "device_end": -1}}, "FFC_sans_bias13": {"write": {"device_start": -1, "host_queued_start": 1585579777.314128, "device_queued": -1, "device_end": -1, "host_queued_end": 1585579777.342813}, "device": "cpu", "nd_range": {"device_start": 2247552.423679728, "device_end": 2247552.458914284}, "cmdq": 0, "read": {"device_start": -1, "device_end": -1}}, "empty8": {"write": {"device_start": -1, "host_queued_start": 1585579777.226235, "device_queued": -1, "device_end": -1, "host_queued_end": 1585579777.342813}, "device": "cpu", "nd_range": {"device_start": 2247551.53244215, "device_end": 2247551.532456673}, "cmdq": 0, "read": {"device_start": -1, "device_end": -1}}, "FFC_sans_bias42": {"write": {"device_start": -1, "host_queued_start": 1585579777.319543, "device_queued": -1, "device_end": -1, "host_queued_end": 1585579777.342813}, "device": "cpu", "nd_range": {"device_start": 2247552.787191426, "device_end": 2247552.8226687983}, "cmdq": 0, "read": {"device_start": -1, "device_end": -1}}, "FFC_sans_bias43": {"write": {"device_start": -1, "host_queued_start": 1585579777.336351, "device_queued": -1, "device_end": -1, "host_queued_end": 1585579777.342813}, "device": "cpu", "nd_range": {"device_start": 2247553.071958208, "device_end": 2247553.1134596453}, "cmdq": 0, "read": {"device_start": -1, "device_end": -1}}, "FFC_sans_bias40": {"write": {"device_start": -1, "host_queued_start": 1585579777.315171, "device_queued": -1, "device_end": -1, "host_queued_end": 1585579777.342813}, "device": "cpu", "nd_range": {"device_start": 2247552.5301062753, "device_end": 2247552.564499644}, "cmdq": 0, "read": {"device_start": -1, "device_end": -1}}, "softmax32": {"write": {"device_start": -1, "host_queued_start": 1585579777.316969, "device_queued": -1, "device_end": -1, "host_queued_end": 1585579777.342813}, "device": "cpu", "nd_range": {"device_start": 2247552.64219933, "device_end": 2247552.642504766}, "cmdq": 0, "read": {"device_start": -1, "device_end": -1}}, "FFC_sans_bias47": {"write": {"device_start": -1, "host_queued_start": 1585579777.301075, "device_queued": -1, "device_end": -1, "host_queued_end": 1585579777.342813}, "device": "cpu", "nd_range": {"device_start": 2247552.236607998, "device_end": 2247552.277566925}, "cmdq": 0, "read": {"device_start": -1, "device_end": -1}}, "FFC_sans_bias45": {"write": {"device_start": -1, "host_queued_start": 1585579777.294532, "device_queued": -1, "device_end": -1, "host_queued_end": 1585579777.342813}, "device": "cpu", "nd_range": {"device_start": 2247552.150553319, "device_end": 2247552.1857827003}, "cmdq": 0, "read": {"device_start": -1, "device_end": -1}}, "softmax50": {"write": {"device_start": -1, "host_queued_start": 1585579777.317533, "device_queued": -1, "device_end": -1, "host_queued_end": 1585579777.342813}, "device": "cpu", "nd_range": {"device_start": 2247552.642822671, "device_end": 2247552.6431394983}, "cmdq": 0, "read": {"device_start": -1, "device_end": -1}}, "FFC_sans_bias33": {"write": {"device_start": -1, "host_queued_start": 1585579777.319197, "device_queued": -1, "device_end": -1, "host_queued_end": 1585579777.342813}, "device": "cpu", "nd_range": {"device_start": 2247552.753126269, "device_end": 2247552.7871823483}, "cmdq": 0, "read": {"device_start": -1, "device_end": -1}}, "FFC_sans_bias63": {"write": {"device_start": 1585579712.0033722, "host_queued_start": 1585579777.217734, "device_queued": 1585579712.0026531, "device_end": 1585579712.003468, "host_queued_end": 1585579777.222359}, "device": "gpu", "nd_range": {"device_start": 1585579712.0034902, "device_end": 1585579712.0130272}, "cmdq": 3, "read": {"device_start": -1, "device_end": -1}}, "FFC_sans_bias49": {"write": {"device_start": -1, "host_queued_start": 1585579777.315516, "device_queued": -1, "device_end": -1, "host_queued_end": 1585579777.342813}, "device": "cpu", "nd_range": {"device_start": 2247552.564689257, "device_end": 2247552.605873887}, "cmdq": 0, "read": {"device_start": -1, "device_end": -1}}, "FFC_sans_bias64": {"write": {"device_start": 1585579712.00273, "host_queued_start": 1585579777.2111, "device_queued": 1585579712.002242, "device_end": 1585579712.002997, "host_queued_end": 1585579777.222359}, "device": "gpu", "nd_range": {"device_start": 1585579712.0030398, "device_end": 1585579712.0064278}, "cmdq": 1, "read": {"device_start": -1, "device_end": -1}}, "FFC_sans_bias65": {"write": {"device_start": 1585579712.003062, "host_queued_start": 1585579777.214404, "device_queued": 1585579712.0023687, "device_end": 1585579712.0033495, "host_queued_end": 1585579777.222359}, "device": "gpu", "nd_range": {"device_start": 1585579712.0033715, "device_end": 1585579712.0097713}, "cmdq": 2, "read": {"device_start": -1, "device_end": -1}}, "FFC_sans_bias67": {"write": {"device_start": -1, "host_queued_start": 1585579777.218434, "device_queued": -1, "device_end": -1, "host_queued_end": 1585579777.222359}, "device": "gpu", "nd_range": {"device_start": 1585579712.013032, "device_end": 1585579712.0163922}, "cmdq": 1, "read": {"device_start": -1, "device_end": -1}}, "FFC_sans_bias24": {"write": {"device_start": -1, "host_queued_start": 1585579777.318853, "device_queued": -1, "device_end": -1, "host_queued_end": 1585579777.342813}, "device": "cpu", "nd_range": {"device_start": 2247552.7173955534, "device_end": 2247552.753116932}, "cmdq": 0, "read": {"device_start": -1, "device_end": -1}}, "FFC_sans_bias25": {"write": {"device_start": -1, "host_queued_start": 1585579777.329925, "device_queued": -1, "device_end": -1, "host_queued_end": 1585579777.342813}, "device": "cpu", "nd_range": {"device_start": 2247552.988513478, "device_end": 2247553.030069976}, "cmdq": 0, "read": {"device_start": -1, "device_end": -1}}, "FFC_sans_bias27": {"write": {"device_start": -1, "host_queued_start": 1585579777.274792, "device_queued": -1, "device_end": -1, "host_queued_end": 1585579777.342813}, "device": "cpu", "nd_range": {"device_start": 2247551.909992657, "device_end": 2247551.951443959}, "cmdq": 0, "read": {"device_start": -1, "device_end": -1}}, "FFC_sans_bias20": {"write": {"device_start": -1, "host_queued_start": 1585579777.271519, "device_queued": -1, "device_end": -1, "host_queued_end": 1585579777.342813}, "device": "cpu", "nd_range": {"device_start": 2247551.868581924, "device_end": 2247551.90997092}, "cmdq": 0, "read": {"device_start": -1, "device_end": -1}}, "FFC_sans_bias22": {"write": {"device_start": -1, "host_queued_start": 1585579777.314474, "device_queued": -1, "device_end": -1, "host_queued_end": 1585579777.342813}, "device": "cpu", "nd_range": {"device_start": 2247552.4589353623, "device_end": 2247552.4933409933}, "cmdq": 0, "read": {"device_start": -1, "device_end": -1}}, "softmax68": {"write": {"device_start": -1, "host_queued_start": 1585579777.218715, "device_queued": -1, "device_end": -1, "host_queued_end": 1585579777.222359}, "device": "gpu", "nd_range": {"device_start": 1585579712.0163982, "device_end": 1585579712.0168052}, "cmdq": 2, "read": {"device_start": -1, "device_end": -1}}, "softmax5": {"write": {"device_start": -1, "host_queued_start": 1585579777.316146, "device_queued": -1, "device_end": -1, "host_queued_end": 1585579777.342813}, "device": "cpu", "nd_range": {"device_start": 2247552.641184505, "device_end": 2247552.64155732}, "cmdq": 0, "read": {"device_start": -1, "device_end": -1}}, "FFC_sans_bias28": {"write": {"device_start": -1, "host_queued_start": 1585579777.278057, "device_queued": -1, "device_end": -1, "host_queued_end": 1585579777.342813}, "device": "cpu", "nd_range": {"device_start": 2247551.9514677273, "device_end": 2247551.9932459584}, "cmdq": 0, "read": {"device_start": -1, "device_end": -1}}, "FFC_sans_bias29": {"write": {"device_start": -1, "host_queued_start": 1585579777.281337, "device_queued": -1, "device_end": -1, "host_queued_end": 1585579777.342813}, "device": "cpu", "nd_range": {"device_start": 2247551.993266292, "device_end": 2247552.0347282733}, "cmdq": 0, "read": {"device_start": -1, "device_end": -1}}, "empty17": {"write": {"device_start": -1, "host_queued_start": 1585579777.229044, "device_queued": -1, "device_end": -1, "host_queued_end": 1585579777.342813}, "device": "cpu", "nd_range": {"device_start": 2247551.5324806543, "device_end": 2247551.532481896}, "cmdq": 0, "read": {"device_start": -1, "device_end": -1}}, "softmax59": {"write": {"device_start": -1, "host_queued_start": 1585579777.317805, "device_queued": -1, "device_end": -1, "host_queued_end": 1585579777.342813}, "device": "cpu", "nd_range": {"device_start": 2247552.6431457773, "device_end": 2247552.643461186}, "cmdq": 0, "read": {"device_start": -1, "device_end": -1}}, "empty71": {"write": {"device_start": 1585579712.0023727, "host_queued_start": 1585579777.207556, "device_queued": 1585579712.0020387, "device_end": 1585579712.0025997, "host_queued_end": 1585579777.222359}, "device": "gpu", "nd_range": {"device_start": 1585579712.0026112, "device_end": 1585579712.0026155}, "cmdq": 0, "read": {"device_start": -1, "device_end": -1}}, "empty35": {"write": {"device_start": -1, "host_queued_start": 1585579777.234482, "device_queued": -1, "device_end": -1, "host_queued_end": 1585579777.342813}, "device": "cpu", "nd_range": {"device_start": 2247551.532492094, "device_end": 2247551.532492796}, "cmdq": 0, "read": {"device_start": -1, "device_end": -1}}, "empty53": {"write": {"device_start": -1, "host_queued_start": 1585579777.239666, "device_queued": -1, "device_end": -1, "host_queued_end": 1585579777.342813}, "device": "cpu", "nd_range": {"device_start": 2247551.5325012254, "device_end": 2247551.532501859}, "cmdq": 0, "read": {"device_start": -1, "device_end": -1}}, "FFC_sans_bias46": {"write": {"device_start": -1, "host_queued_start": 1585579777.297798, "device_queued": -1, "device_end": -1, "host_queued_end": 1585579777.342813}, "device": "cpu", "nd_range": {"device_start": 2247552.1858009933, "device_end": 2247552.236595787}, "cmdq": 0, "read": {"device_start": -1, "device_end": -1}}, "coalesced_transpose66": {"write": {"device_start": -1, "host_queued_start": 1585579777.218116, "device_queued": -1, "device_end": -1, "host_queued_end": 1585579777.222359}, "device": "gpu", "nd_range": {"device_start": 1585579712.006432, "device_end": 1585579712.0128665}, "cmdq": 0, "read": {"device_start": -1, "device_end": -1}}, "coalesced_transpose48": {"write": {"device_start": -1, "host_queued_start": 1585579777.313014, "device_queued": -1, "device_end": -1, "host_queued_end": 1585579777.342813}, "device": "cpu", "nd_range": {"device_start": 2247552.3861483024, "device_end": 2247552.386557553}, "cmdq": 0, "read": {"device_start": -1, "device_end": -1}}}