{"FFC_sans_bias60": {"write": {"device_start": -1, "host_queued_start": 1585579494.463328, "device_queued": -1, "device_end": -1, "host_queued_end": 1585579494.480011}, "device": "gpu", "nd_range": {"device_start": 1585579429.3423595, "device_end": 1585579429.3488038}, "cmdq": 0, "read": {"device_start": -1, "device_end": -1}}, "FFC_sans_bias4": {"write": {"device_start": -1, "host_queued_start": 1585579494.523053, "device_queued": -1, "device_end": -1, "host_queued_end": 1585579494.535563}, "device": "cpu", "nd_range": {"device_start": 2247269.0127880233, "device_end": 2247269.098910119}, "cmdq": 0, "read": {"device_start": -1, "device_end": -1}}, "FFC_sans_bias7": {"write": {"device_start": -1, "host_queued_start": 1585579494.528983, "device_queued": -1, "device_end": -1, "host_queued_end": 1585579494.535563}, "device": "cpu", "nd_range": {"device_start": 2247269.228444694, "device_end": 2247269.3542641}, "cmdq": 0, "read": {"device_start": -1, "device_end": -1}}, "FFC_sans_bias6": {"write": {"device_start": -1, "host_queued_start": 1585579494.52493, "device_queued": -1, "device_end": -1, "host_queued_end": 1585579494.535563}, "device": "cpu", "nd_range": {"device_start": 2247269.099916038, "device_end": 2247269.2284125183}, "cmdq": 0, "read": {"device_start": -1, "device_end": -1}}, "FFC_sans_bias1": {"write": {"device_start": -1, "host_queued_start": 1585579494.497046, "device_queued": -1, "device_end": -1, "host_queued_end": 1585579494.535563}, "device": "cpu", "nd_range": {"device_start": 2247268.725202675, "device_end": 2247268.8367923493}, "cmdq": 1, "read": {"device_start": -1, "device_end": -1}}, "FFC_sans_bias0": {"write": {"device_start": -1, "host_queued_start": 1585579494.493437, "device_queued": -1, "device_end": -1, "host_queued_end": 1585579494.535563}, "device": "cpu", "nd_range": {"device_start": 2247268.725202455, "device_end": 2247268.8167695133}, "cmdq": 0, "read": {"device_start": -1, "device_end": -1}}, "FFC_sans_bias2": {"write": {"device_start": -1, "host_queued_start": 1585579494.500547, "device_queued": -1, "device_end": -1, "host_queued_end": 1585579494.535563}, "device": "cpu", "nd_range": {"device_start": 2247268.7252556193, "device_end": 2247268.8296667812}, "cmdq": 2, "read": {"device_start": -1, "device_end": -1}}, "FFC_sans_bias61": {"write": {"device_start": 1585579429.3591435, "host_queued_start": 1585579494.476607, "device_queued": 1585579429.275712, "device_end": 1585579429.3592389, "host_queued_end": 1585579494.480011}, "device": "gpu", "nd_range": {"device_start": 1585579429.359248, "device_end": 1585579429.3650568}, "cmdq": 1, "read": {"device_start": 1585579429.3650622, "device_end": 1585579429.365158}}, "FFC_sans_bias52": {"write": {"device_start": 1585579429.3559542, "host_queued_start": 1585579494.473319, "device_queued": 1585579429.275467, "device_end": 1585579429.3560503, "host_queued_end": 1585579494.480011}, "device": "gpu", "nd_range": {"device_start": 1585579429.3560615, "device_end": 1585579429.3618162}, "cmdq": 0, "read": {"device_start": 1585579429.3618207, "device_end": 1585579429.361913}}, "FFC_sans_bias9": {"write": {"device_start": -1, "host_queued_start": 1585579494.504006, "device_queued": -1, "device_end": -1, "host_queued_end": 1585579494.535563}, "device": "cpu", "nd_range": {"device_start": 2247268.825464793, "device_end": 2247268.927909076}, "cmdq": 0, "read": {"device_start": -1, "device_end": -1}}, "coalesced_transpose39": {"write": {"device_start": -1, "host_queued_start": 1585579494.458363, "device_queued": -1, "device_end": -1, "host_queued_end": 1585579494.480011}, "device": "gpu", "nd_range": {"device_start": 1585579429.3183072, "device_end": 1585579429.318328}, "cmdq": 1, "read": {"device_start": -1, "device_end": -1}}, "FFC_sans_bias55": {"write": {"device_start": 1585579429.302413, "host_queued_start": 1585579494.447964, "device_queued": 1585579429.2716143, "device_end": 1585579429.3025193, "host_queued_end": 1585579494.480011}, "device": "gpu", "nd_range": {"device_start": 1585579429.3025243, "device_end": 1585579429.3085623}, "cmdq": 0, "read": {"device_start": -1, "device_end": -1}}, "FFC_sans_bias54": {"write": {"device_start": 1585579429.2992287, "host_queued_start": 1585579494.444718, "device_queued": 1585579429.2714024, "device_end": 1585579429.299335, "host_queued_end": 1585579494.480011}, "device": "gpu", "nd_range": {"device_start": 1585579429.2993398, "device_end": 1585579429.3052685}, "cmdq": 1, "read": {"device_start": -1, "device_end": -1}}, "FFC_sans_bias56": {"write": {"device_start": 1585579429.2958899, "host_queued_start": 1585579494.441454, "device_queued": 1585579429.2711878, "device_end": 1585579429.2959945, "host_queued_end": 1585579494.480011}, "device": "gpu", "nd_range": {"device_start": 1585579429.2960012, "device_end": 1585579429.3020175}, "cmdq": 0, "read": {"device_start": -1, "device_end": -1}}, "FFC_sans_bias51": {"write": {"device_start": -1, "host_queued_start": 1585579494.463012, "device_queued": -1, "device_end": -1, "host_queued_end": 1585579494.480011}, "device": "gpu", "nd_range": {"device_start": 1585579429.3390322, "device_end": 1585579429.3456159}, "cmdq": 1, "read": {"device_start": -1, "device_end": -1}}, "softmax23": {"write": {"device_start": -1, "host_queued_start": 1585579494.52459, "device_queued": -1, "device_end": -1, "host_queued_end": 1585579494.535563}, "device": "cpu", "nd_range": {"device_start": 2247269.2079068003, "device_end": 2247269.208883382}, "cmdq": 2, "read": {"device_start": -1, "device_end": -1}}, "FFC_sans_bias37": {"write": {"device_start": 1585579429.279612, "host_queued_start": 1585579494.424893, "device_queued": 1585579429.27003, "device_end": 1585579429.279715, "host_queued_end": 1585579494.480011}, "device": "gpu", "nd_range": {"device_start": 1585579429.279719, "device_end": 1585579429.2856786}, "cmdq": 1, "read": {"device_start": -1, "device_end": -1}}, "empty62": {"write": {"device_start": 1585579429.268488, "host_queued_start": 1585579494.406328, "device_queued": 1585579429.2680864, "device_end": 1585579429.2687342, "host_queued_end": 1585579494.480011}, "device": "gpu", "nd_range": {"device_start": 1585579429.268737, "device_end": 1585579429.268743}, "cmdq": 1, "read": {"device_start": -1, "device_end": -1}}, "FFC_sans_bias70": {"write": {"device_start": 1585579429.3623679, "host_queued_start": 1585579494.479896, "device_queued": 1585579429.2760322, "device_end": 1585579429.3624654, "host_queued_end": 1585579494.480011}, "device": "gpu", "nd_range": {"device_start": 1585579429.3624759, "device_end": 1585579429.3682551}, "cmdq": 0, "read": {"device_start": 1585579429.3682597, "device_end": 1585579429.3683476}}, "FFC_sans_bias58": {"write": {"device_start": -1, "host_queued_start": 1585579494.460534, "device_queued": -1, "device_end": -1, "host_queued_end": 1585579494.480011}, "device": "gpu", "nd_range": {"device_start": 1585579429.321722, "device_end": 1585579429.3283453}, "cmdq": 0, "read": {"device_start": -1, "device_end": -1}}, "softmax41": {"write": {"device_start": -1, "host_queued_start": 1585579494.461335, "device_queued": -1, "device_end": -1, "host_queued_end": 1585579494.480011}, "device": "gpu", "nd_range": {"device_start": 1585579429.3348143, "device_end": 1585579429.3352275}, "cmdq": 1, "read": {"device_start": -1, "device_end": -1}}, "FFC_sans_bias11": {"write": {"device_start": -1, "host_queued_start": 1585579494.510975, "device_queued": -1, "device_end": -1, "host_queued_end": 1585579494.535563}, "device": "cpu", "nd_range": {"device_start": 2247268.82987269, "device_end": 2247268.938030873}, "cmdq": 2, "read": {"device_start": -1, "device_end": -1}}, "FFC_sans_bias10": {"write": {"device_start": -1, "host_queued_start": 1585579494.507515, "device_queued": -1, "device_end": -1, "host_queued_end": 1585579494.535563}, "device": "cpu", "nd_range": {"device_start": 2247268.8368089222, "device_end": 2247268.9730757982}, "cmdq": 1, "read": {"device_start": -1, "device_end": -1}}, "coalesced_transpose3": {"write": {"device_start": -1, "host_queued_start": 1585579494.521838, "device_queued": -1, "device_end": -1, "host_queued_end": 1585579494.535563}, "device": "cpu", "nd_range": {"device_start": 2247269.011577016, "device_end": 2247269.012776512}, "cmdq": 0, "read": {"device_start": -1, "device_end": -1}}, "FFC_sans_bias34": {"write": {"device_start": 1585579429.349101, "host_queued_start": 1585579494.466833, "device_queued": 1585579429.27494, "device_end": 1585579429.3491964, "host_queued_end": 1585579494.480011}, "device": "gpu", "nd_range": {"device_start": 1585579429.3492064, "device_end": 1585579429.3553615}, "cmdq": 0, "read": {"device_start": 1585579429.355369, "device_end": 1585579429.3554678}}, "FFC_sans_bias15": {"write": {"device_start": -1, "host_queued_start": 1585579494.525272, "device_queued": -1, "device_end": -1, "host_queued_end": 1585579494.535563}, "device": "cpu", "nd_range": {"device_start": 2247269.155276788, "device_end": 2247269.273335168}, "cmdq": 1, "read": {"device_start": -1, "device_end": -1}}, "FFC_sans_bias31": {"write": {"device_start": -1, "host_queued_start": 1585579494.459599, "device_queued": -1, "device_end": -1, "host_queued_end": 1585579494.480011}, "device": "gpu", "nd_range": {"device_start": 1585579429.318367, "device_end": 1585579429.3250542}, "cmdq": 1, "read": {"device_start": -1, "device_end": -1}}, "FFC_sans_bias16": {"write": {"device_start": -1, "host_queued_start": 1585579494.532239, "device_queued": -1, "device_end": -1, "host_queued_end": 1585579494.535563}, "device": "cpu", "nd_range": {"device_start": 2247269.273564718, "device_end": 2247269.371592368}, "cmdq": 1, "read": {"device_start": -1, "device_end": -1}}, "FFC_sans_bias19": {"write": {"device_start": -1, "host_queued_start": 1585579494.517904, "device_queued": -1, "device_end": -1, "host_queued_end": 1585579494.535563}, "device": "cpu", "nd_range": {"device_start": 2247268.97328535, "device_end": 2247269.065091249}, "cmdq": 1, "read": {"device_start": -1, "device_end": -1}}, "FFC_sans_bias18": {"write": {"device_start": -1, "host_queued_start": 1585579494.514438, "device_queued": -1, "device_end": -1, "host_queued_end": 1585579494.535563}, "device": "cpu", "nd_range": {"device_start": 2247268.927936133, "device_end": 2247269.0115603083}, "cmdq": 0, "read": {"device_start": -1, "device_end": -1}}, "coalesced_transpose30": {"write": {"device_start": -1, "host_queued_start": 1585579494.458053, "device_queued": -1, "device_end": -1, "host_queued_end": 1585579494.480011}, "device": "gpu", "nd_range": {"device_start": 1585579429.315107, "device_end": 1585579429.3181434}, "cmdq": 0, "read": {"device_start": -1, "device_end": -1}}, "FFC_sans_bias69": {"write": {"device_start": -1, "host_queued_start": 1585579494.46364, "device_queued": -1, "device_end": -1, "host_queued_end": 1585579494.480011}, "device": "gpu", "nd_range": {"device_start": 1585579429.345624, "device_end": 1585579429.3520508}, "cmdq": 1, "read": {"device_start": -1, "device_end": -1}}, "FFC_sans_bias38": {"write": {"device_start": 1585579429.2828133, "host_queued_start": 1585579494.428375, "device_queued": 1585579429.270266, "device_end": 1585579429.2829363, "host_queued_end": 1585579494.480011}, "device": "gpu", "nd_range": {"device_start": 1585579429.2829416, "device_end": 1585579429.2889645}, "cmdq": 0, "read": {"device_start": -1, "device_end": -1}}, "coalesced_transpose57": {"write": {"device_start": -1, "host_queued_start": 1585579494.458977, "device_queued": -1, "device_end": -1, "host_queued_end": 1585579494.480011}, "device": "gpu", "nd_range": {"device_start": 1585579429.3183348, "device_end": 1585579429.318358}, "cmdq": 1, "read": {"device_start": -1, "device_end": -1}}, "empty26": {"write": {"device_start": -1, "host_queued_start": 1585579494.490253, "device_queued": -1, "device_end": -1, "host_queued_end": 1585579494.535563}, "device": "cpu", "nd_range": {"device_start": 2247268.725232886, "device_end": 2247268.7252381262}, "cmdq": 2, "read": {"device_start": -1, "device_end": -1}}, "coalesced_transpose12": {"write": {"device_start": -1, "host_queued_start": 1585579494.522223, "device_queued": -1, "device_end": -1, "host_queued_end": 1585579494.535563}, "device": "cpu", "nd_range": {"device_start": 2247269.0653021843, "device_end": 2247269.066459075}, "cmdq": 1, "read": {"device_start": -1, "device_end": -1}}, "empty44": {"write": {"device_start": 1585579429.2678065, "host_queued_start": 1585579494.401125, "device_queued": 1585579429.2673414, "device_end": 1585579429.268075, "host_queued_end": 1585579494.480011}, "device": "gpu", "nd_range": {"device_start": 1585579429.2680845, "device_end": 1585579429.2680905}, "cmdq": 1, "read": {"device_start": -1, "device_end": -1}}, "coalesced_transpose21": {"write": {"device_start": -1, "host_queued_start": 1585579494.52271, "device_queued": -1, "device_end": -1, "host_queued_end": 1585579494.535563}, "device": "cpu", "nd_range": {"device_start": 2247269.075783682, "device_end": 2247269.076873787}, "cmdq": 2, "read": {"device_start": -1, "device_end": -1}}, "FFC_sans_bias36": {"write": {"device_start": 1585579429.2764184, "host_queued_start": 1585579494.4216, "device_queued": 1585579429.2698016, "device_end": 1585579429.27653, "host_queued_end": 1585579494.480011}, "device": "gpu", "nd_range": {"device_start": 1585579429.2765346, "device_end": 1585579429.2823932}, "cmdq": 0, "read": {"device_start": -1, "device_end": -1}}, "softmax14": {"write": {"device_start": -1, "host_queued_start": 1585579494.524315, "device_queued": -1, "device_end": -1, "host_queued_end": 1585579494.535563}, "device": "cpu", "nd_range": {"device_start": 2247269.154149379, "device_end": 2247269.155113939}, "cmdq": 1, "read": {"device_start": -1, "device_end": -1}}, "FFC_sans_bias13": {"write": {"device_start": -1, "host_queued_start": 1585579494.523421, "device_queued": -1, "device_end": -1, "host_queued_end": 1585579494.535563}, "device": "cpu", "nd_range": {"device_start": 2247269.066619156, "device_end": 2247269.153923383}, "cmdq": 1, "read": {"device_start": -1, "device_end": -1}}, "empty8": {"write": {"device_start": -1, "host_queued_start": 1585579494.484078, "device_queued": -1, "device_end": -1, "host_queued_end": 1585579494.535563}, "device": "cpu", "nd_range": {"device_start": 2247268.725160275, "device_end": 2247268.725177267}, "cmdq": 0, "read": {"device_start": -1, "device_end": -1}}, "FFC_sans_bias42": {"write": {"device_start": -1, "host_queued_start": 1585579494.462695, "device_queued": -1, "device_end": -1, "host_queued_end": 1585579494.480011}, "device": "gpu", "nd_range": {"device_start": 1585579429.3358781, "device_end": 1585579429.3423514}, "cmdq": 0, "read": {"device_start": -1, "device_end": -1}}, "FFC_sans_bias43": {"write": {"device_start": 1585579429.3522973, "host_queued_start": 1585579494.470073, "device_queued": 1585579429.2751813, "device_end": 1585579429.3523917, "host_queued_end": 1585579494.480011}, "device": "gpu", "nd_range": {"device_start": 1585579429.3524034, "device_end": 1585579429.35859}, "cmdq": 1, "read": {"device_start": 1585579429.3585992, "device_end": 1585579429.3586931}}, "FFC_sans_bias40": {"write": {"device_start": -1, "host_queued_start": 1585579494.459911, "device_queued": -1, "device_end": -1, "host_queued_end": 1585579494.480011}, "device": "gpu", "nd_range": {"device_start": 1585579429.3183463, "device_end": 1585579429.321713}, "cmdq": 0, "read": {"device_start": -1, "device_end": -1}}, "softmax32": {"write": {"device_start": -1, "host_queued_start": 1585579494.461093, "device_queued": -1, "device_end": -1, "host_queued_end": 1585579494.480011}, "device": "gpu", "nd_range": {"device_start": 1585579429.3283553, "device_end": 1585579429.332203}, "cmdq": 0, "read": {"device_start": -1, "device_end": -1}}, "FFC_sans_bias47": {"write": {"device_start": 1585579429.2926319, "host_queued_start": 1585579494.438175, "device_queued": 1585579429.2709653, "device_end": 1585579429.2927368, "host_queued_end": 1585579494.480011}, "device": "gpu", "nd_range": {"device_start": 1585579429.2927418, "device_end": 1585579429.298806}, "cmdq": 1, "read": {"device_start": -1, "device_end": -1}}, "FFC_sans_bias45": {"write": {"device_start": 1585579429.2861042, "host_queued_start": 1585579494.431654, "device_queued": 1585579429.2704926, "device_end": 1585579429.286208, "host_queued_end": 1585579494.480011}, "device": "gpu", "nd_range": {"device_start": 1585579429.286213, "device_end": 1585579429.2922049}, "cmdq": 1, "read": {"device_start": -1, "device_end": -1}}, "softmax50": {"write": {"device_start": -1, "host_queued_start": 1585579494.461583, "device_queued": -1, "device_end": -1, "host_queued_end": 1585579494.480011}, "device": "gpu", "nd_range": {"device_start": 1585579429.3322113, "device_end": 1585579429.3353503}, "cmdq": 0, "read": {"device_start": -1, "device_end": -1}}, "FFC_sans_bias33": {"write": {"device_start": -1, "host_queued_start": 1585579494.46238, "device_queued": -1, "device_end": -1, "host_queued_end": 1585579494.480011}, "device": "gpu", "nd_range": {"device_start": 1585579429.3356557, "device_end": 1585579429.3390234}, "cmdq": 1, "read": {"device_start": -1, "device_end": -1}}, "FFC_sans_bias63": {"write": {"device_start": 1585579429.312223, "host_queued_start": 1585579494.457702, "device_queued": 1585579429.2722924, "device_end": 1585579429.3123324, "host_queued_end": 1585579494.480011}, "device": "gpu", "nd_range": {"device_start": 1585579429.3123364, "device_end": 1585579429.3183045}, "cmdq": 1, "read": {"device_start": -1, "device_end": -1}}, "FFC_sans_bias49": {"write": {"device_start": -1, "host_queued_start": 1585579494.460225, "device_queued": -1, "device_end": -1, "host_queued_end": 1585579494.480011}, "device": "gpu", "nd_range": {"device_start": 1585579429.325063, "device_end": 1585579429.3314633}, "cmdq": 1, "read": {"device_start": -1, "device_end": -1}}, "FFC_sans_bias64": {"write": {"device_start": 1585579429.305692, "host_queued_start": 1585579494.451217, "device_queued": 1585579429.271833, "device_end": 1585579429.3057988, "host_queued_end": 1585579494.480011}, "device": "gpu", "nd_range": {"device_start": 1585579429.3058033, "device_end": 1585579429.311834}, "cmdq": 1, "read": {"device_start": -1, "device_end": -1}}, "FFC_sans_bias65": {"write": {"device_start": 1585579429.3089724, "host_queued_start": 1585579494.454432, "device_queued": 1585579429.272063, "device_end": 1585579429.3090723, "host_queued_end": 1585579494.480011}, "device": "gpu", "nd_range": {"device_start": 1585579429.3090773, "device_end": 1585579429.3151054}, "cmdq": 0, "read": {"device_start": -1, "device_end": -1}}, "FFC_sans_bias67": {"write": {"device_start": -1, "host_queued_start": 1585579494.460847, "device_queued": -1, "device_end": -1, "host_queued_end": 1585579494.480011}, "device": "gpu", "nd_range": {"device_start": 1585579429.331472, "device_end": 1585579429.334806}, "cmdq": 1, "read": {"device_start": -1, "device_end": -1}}, "FFC_sans_bias24": {"write": {"device_start": -1, "host_queued_start": 1585579494.525719, "device_queued": -1, "device_end": -1, "host_queued_end": 1585579494.535563}, "device": "cpu", "nd_range": {"device_start": 2247269.208896711, "device_end": 2247269.276471211}, "cmdq": 2, "read": {"device_start": -1, "device_end": -1}}, "FFC_sans_bias25": {"write": {"device_start": -1, "host_queued_start": 1585579494.535508, "device_queued": -1, "device_end": -1, "host_queued_end": 1585579494.535563}, "device": "cpu", "nd_range": {"device_start": 2247269.276492144, "device_end": 2247269.374829589}, "cmdq": 2, "read": {"device_start": -1, "device_end": -1}}, "FFC_sans_bias27": {"write": {"device_start": 1585579429.2691228, "host_queued_start": 1585579494.411717, "device_queued": 1585579429.2687461, "device_end": 1585579429.2692225, "host_queued_end": 1585579494.480011}, "device": "gpu", "nd_range": {"device_start": 1585579429.2692254, "device_end": 1585579429.272585}, "cmdq": 1, "read": {"device_start": -1, "device_end": -1}}, "FFC_sans_bias20": {"write": {"device_start": -1, "host_queued_start": 1585579494.521374, "device_queued": -1, "device_end": -1, "host_queued_end": 1585579494.535563}, "device": "cpu", "nd_range": {"device_start": 2247268.9380486263, "device_end": 2247269.0408911323}, "cmdq": 2, "read": {"device_start": -1, "device_end": -1}}, "FFC_sans_bias22": {"write": {"device_start": -1, "host_queued_start": 1585579494.523768, "device_queued": -1, "device_end": -1, "host_queued_end": 1585579494.535563}, "device": "cpu", "nd_range": {"device_start": 2247269.07689105, "device_end": 2247269.2078825273}, "cmdq": 2, "read": {"device_start": -1, "device_end": -1}}, "softmax68": {"write": {"device_start": -1, "host_queued_start": 1585579494.462074, "device_queued": -1, "device_end": -1, "host_queued_end": 1585579494.480011}, "device": "gpu", "nd_range": {"device_start": 1585579429.3353586, "device_end": 1585579429.3358698}, "cmdq": 0, "read": {"device_start": -1, "device_end": -1}}, "softmax5": {"write": {"device_start": -1, "host_queued_start": 1585579494.524044, "device_queued": -1, "device_end": -1, "host_queued_end": 1585579494.535563}, "device": "cpu", "nd_range": {"device_start": 2247269.098927398, "device_end": 2247269.0999043323}, "cmdq": 0, "read": {"device_start": -1, "device_end": -1}}, "FFC_sans_bias28": {"write": {"device_start": 1585579429.2694726, "host_queued_start": 1585579494.415006, "device_queued": 1585579429.269234, "device_end": 1585579429.2695677, "host_queued_end": 1585579494.480011}, "device": "gpu", "nd_range": {"device_start": 1585579429.26957, "device_end": 1585579429.2759256}, "cmdq": 0, "read": {"device_start": -1, "device_end": -1}}, "FFC_sans_bias29": {"write": {"device_start": 1585579429.272994, "host_queued_start": 1585579494.418339, "device_queued": 1585579429.2695777, "device_end": 1585579429.2730942, "host_queued_end": 1585579494.480011}, "device": "gpu", "nd_range": {"device_start": 1585579429.2731004, "device_end": 1585579429.2792122}, "cmdq": 1, "read": {"device_start": -1, "device_end": -1}}, "empty17": {"write": {"device_start": -1, "host_queued_start": 1585579494.487114, "device_queued": -1, "device_end": -1, "host_queued_end": 1585579494.535563}, "device": "cpu", "nd_range": {"device_start": 2247268.725169753, "device_end": 2247268.7251771973}, "cmdq": 1, "read": {"device_start": -1, "device_end": -1}}, "softmax59": {"write": {"device_start": -1, "host_queued_start": 1585579494.461825, "device_queued": -1, "device_end": -1, "host_queued_end": 1585579494.480011}, "device": "gpu", "nd_range": {"device_start": 1585579429.3352356, "device_end": 1585579429.3356473}, "cmdq": 1, "read": {"device_start": -1, "device_end": -1}}, "empty71": {"write": {"device_start": 1585579429.2688017, "host_queued_start": 1585579494.40893, "device_queued": 1585579429.2684827, "device_end": 1585579429.2690551, "host_queued_end": 1585579494.480011}, "device": "gpu", "nd_range": {"device_start": 1585579429.2690654, "device_end": 1585579429.2690694}, "cmdq": 0, "read": {"device_start": -1, "device_end": -1}}, "empty35": {"write": {"device_start": 1585579429.267449, "host_queued_start": 1585579494.397792, "device_queued": 1585579429.2670815, "device_end": 1585579429.267693, "host_queued_end": 1585579494.480011}, "device": "gpu", "nd_range": {"device_start": 1585579429.267696, "device_end": 1585579429.267702}, "cmdq": 0, "read": {"device_start": -1, "device_end": -1}}, "empty53": {"write": {"device_start": 1585579429.2681687, "host_queued_start": 1585579494.403765, "device_queued": 1585579429.267706, "device_end": 1585579429.2684686, "host_queued_end": 1585579494.480011}, "device": "gpu", "nd_range": {"device_start": 1585579429.268482, "device_end": 1585579429.268486}, "cmdq": 0, "read": {"device_start": -1, "device_end": -1}}, "FFC_sans_bias46": {"write": {"device_start": 1585579429.2894015, "host_queued_start": 1585579494.4349, "device_queued": 1585579429.270722, "device_end": 1585579429.2895036, "host_queued_end": 1585579494.480011}, "device": "gpu", "nd_range": {"device_start": 1585579429.2895079, "device_end": 1585579429.2954865}, "cmdq": 0, "read": {"device_start": -1, "device_end": -1}}, "coalesced_transpose66": {"write": {"device_start": -1, "host_queued_start": 1585579494.459281, "device_queued": -1, "device_end": -1, "host_queued_end": 1585579494.480011}, "device": "gpu", "nd_range": {"device_start": 1585579429.3182018, "device_end": 1585579429.318232}, "cmdq": 0, "read": {"device_start": -1, "device_end": -1}}, "coalesced_transpose48": {"write": {"device_start": -1, "host_queued_start": 1585579494.45868, "device_queued": -1, "device_end": -1, "host_queued_end": 1585579494.480011}, "device": "gpu", "nd_range": {"device_start": 1585579429.3181458, "device_end": 1585579429.3181927}, "cmdq": 0, "read": {"device_start": -1, "device_end": -1}}}