{"FFC_sans_bias60": {"write": {"device_start": -1, "host_queued_start": 1585579836.065753, "device_queued": -1, "device_end": -1, "host_queued_end": 1585579836.076122}, "device": "gpu", "nd_range": {"device_start": 1585579770.8963141, "device_end": 1585579770.906286}, "cmdq": 2, "read": {"device_start": -1, "device_end": -1}}, "FFC_sans_bias4": {"write": {"device_start": -1, "host_queued_start": 1585579836.142921, "device_queued": -1, "device_end": -1, "host_queued_end": 1585579836.163447}, "device": "cpu", "nd_range": {"device_start": 2247610.9817982484, "device_end": 2247611.1213694233}, "cmdq": 1, "read": {"device_start": -1, "device_end": -1}}, "FFC_sans_bias7": {"write": {"device_start": -1, "host_queued_start": 1585579836.150564, "device_queued": -1, "device_end": -1, "host_queued_end": 1585579836.163447}, "device": "cpu", "nd_range": {"device_start": 2247611.327772959, "device_end": 2247611.5099832243}, "cmdq": 1, "read": {"device_start": -1, "device_end": -1}}, "FFC_sans_bias6": {"write": {"device_start": -1, "host_queued_start": 1585579836.145991, "device_queued": -1, "device_end": -1, "host_queued_end": 1585579836.163447}, "device": "cpu", "nd_range": {"device_start": 2247611.157806119, "device_end": 2247611.288870701}, "cmdq": 2, "read": {"device_start": -1, "device_end": -1}}, "FFC_sans_bias1": {"write": {"device_start": -1, "host_queued_start": 1585579836.097479, "device_queued": -1, "device_end": -1, "host_queued_end": 1585579836.163447}, "device": "cpu", "nd_range": {"device_start": 2247610.353109363, "device_end": 2247610.4751999644}, "cmdq": 0, "read": {"device_start": -1, "device_end": -1}}, "FFC_sans_bias0": {"write": {"device_start": -1, "host_queued_start": 1585579836.094046, "device_queued": -1, "device_end": -1, "host_queued_end": 1585579836.163447}, "device": "cpu", "nd_range": {"device_start": 2247610.353761895, "device_end": 2247610.481395795}, "cmdq": 2, "read": {"device_start": -1, "device_end": -1}}, "FFC_sans_bias2": {"write": {"device_start": -1, "host_queued_start": 1585579836.100812, "device_queued": -1, "device_end": -1, "host_queued_end": 1585579836.163447}, "device": "cpu", "nd_range": {"device_start": 2247610.353105294, "device_end": 2247610.4756382504}, "cmdq": 1, "read": {"device_start": -1, "device_end": -1}}, "FFC_sans_bias61": {"write": {"device_start": 1585579770.9033475, "host_queued_start": 1585579836.072672, "device_queued": 1585579770.8594444, "device_end": 1585579770.903455, "host_queued_end": 1585579836.076122}, "device": "gpu", "nd_range": {"device_start": 1585579770.9062946, "device_end": 1585579770.9126976}, "cmdq": 1, "read": {"device_start": 1585579770.9127076, "device_end": 1585579770.9127982}}, "FFC_sans_bias52": {"write": {"device_start": 1585579770.8956718, "host_queued_start": 1585579836.069336, "device_queued": 1585579770.859031, "device_end": 1585579770.8957772, "host_queued_end": 1585579836.076122}, "device": "gpu", "nd_range": {"device_start": 1585579770.9030073, "device_end": 1585579770.9094248}, "cmdq": 0, "read": {"device_start": 1585579770.9094303, "device_end": 1585579770.9095223}}, "FFC_sans_bias9": {"write": {"device_start": -1, "host_queued_start": 1585579836.104089, "device_queued": -1, "device_end": -1, "host_queued_end": 1585579836.163447}, "device": "cpu", "nd_range": {"device_start": 2247610.481570682, "device_end": 2247610.6088885684}, "cmdq": 2, "read": {"device_start": -1, "device_end": -1}}, "coalesced_transpose39": {"write": {"device_start": -1, "host_queued_start": 1585579836.142579, "device_queued": -1, "device_end": -1, "host_queued_end": 1585579836.163447}, "device": "cpu", "nd_range": {"device_start": 2247610.963421827, "device_end": 2247610.964527906}, "cmdq": 0, "read": {"device_start": -1, "device_end": -1}}, "FFC_sans_bias55": {"write": {"device_start": 1585579770.862609, "host_queued_start": 1585579836.052201, "device_queued": 1585579770.8567398, "device_end": 1585579770.8627145, "host_queued_end": 1585579836.076122}, "device": "gpu", "nd_range": {"device_start": 1585579770.862719, "device_end": 1585579770.8752937}, "cmdq": 0, "read": {"device_start": -1, "device_end": -1}}, "FFC_sans_bias54": {"write": {"device_start": 1585579770.8593082, "host_queued_start": 1585579836.048837, "device_queued": 1585579770.8563056, "device_end": 1585579770.8594093, "host_queued_end": 1585579836.076122}, "device": "gpu", "nd_range": {"device_start": 1585579770.8594131, "device_end": 1585579770.8720498}, "cmdq": 3, "read": {"device_start": -1, "device_end": -1}}, "FFC_sans_bias56": {"write": {"device_start": 1585579770.8563201, "host_queued_start": 1585579836.045486, "device_queued": 1585579770.855891, "device_end": 1585579770.8564103, "host_queued_end": 1585579836.076122}, "device": "gpu", "nd_range": {"device_start": 1585579770.8565433, "device_end": 1585579770.8687668}, "cmdq": 2, "read": {"device_start": -1, "device_end": -1}}, "FFC_sans_bias51": {"write": {"device_start": -1, "host_queued_start": 1585579836.065433, "device_queued": -1, "device_end": -1, "host_queued_end": 1585579836.076122}, "device": "gpu", "nd_range": {"device_start": 1585579770.8963087, "device_end": 1585579770.9029973}, "cmdq": 1, "read": {"device_start": -1, "device_end": -1}}, "softmax23": {"write": {"device_start": -1, "host_queued_start": 1585579836.145096, "device_queued": -1, "device_end": -1, "host_queued_end": 1585579836.163447}, "device": "cpu", "nd_range": {"device_start": 2247611.15298258, "device_end": 2247611.1577938204}, "cmdq": 2, "read": {"device_start": -1, "device_end": -1}}, "FFC_sans_bias37": {"write": {"device_start": -1, "host_queued_start": 1585579836.137384, "device_queued": -1, "device_end": -1, "host_queued_end": 1585579836.163447}, "device": "cpu", "nd_range": {"device_start": 2247610.84021128, "device_end": 2247610.9622741723}, "cmdq": 0, "read": {"device_start": -1, "device_end": -1}}, "empty62": {"write": {"device_start": 1585579770.8547008, "host_queued_start": 1585579836.029774, "device_queued": 1585579770.854233, "device_end": 1585579770.8550022, "host_queued_end": 1585579836.076122}, "device": "gpu", "nd_range": {"device_start": 1585579770.855018, "device_end": 1585579770.8550231}, "cmdq": 1, "read": {"device_start": -1, "device_end": -1}}, "FFC_sans_bias70": {"write": {"device_start": 1585579770.9066155, "host_queued_start": 1585579836.07601, "device_queued": 1585579770.8595667, "device_end": 1585579770.9067175, "host_queued_end": 1585579836.076122}, "device": "gpu", "nd_range": {"device_start": 1585579770.9067225, "device_end": 1585579770.9158764}, "cmdq": 2, "read": {"device_start": 1585579770.9158828, "device_end": 1585579770.9159741}}, "FFC_sans_bias58": {"write": {"device_start": -1, "host_queued_start": 1585579836.064044, "device_queued": -1, "device_end": -1, "host_queued_end": 1585579836.076122}, "device": "gpu", "nd_range": {"device_start": 1585579770.8849921, "device_end": 1585579770.8916752}, "cmdq": 0, "read": {"device_start": -1, "device_end": -1}}, "softmax41": {"write": {"device_start": -1, "host_queued_start": 1585579836.145657, "device_queued": -1, "device_end": -1, "host_queued_end": 1585579836.163447}, "device": "cpu", "nd_range": {"device_start": 2247611.2020357163, "device_end": 2247611.203100977}, "cmdq": 1, "read": {"device_start": -1, "device_end": -1}}, "FFC_sans_bias11": {"write": {"device_start": -1, "host_queued_start": 1585579836.110631, "device_queued": -1, "device_end": -1, "host_queued_end": 1585579836.163447}, "device": "cpu", "nd_range": {"device_start": 2247610.4757862333, "device_end": 2247610.597965653}, "cmdq": 1, "read": {"device_start": -1, "device_end": -1}}, "FFC_sans_bias10": {"write": {"device_start": -1, "host_queued_start": 1585579836.107353, "device_queued": -1, "device_end": -1, "host_queued_end": 1585579836.163447}, "device": "cpu", "nd_range": {"device_start": 2247610.475428339, "device_end": 2247610.5971388123}, "cmdq": 0, "read": {"device_start": -1, "device_end": -1}}, "coalesced_transpose3": {"write": {"device_start": -1, "host_queued_start": 1585579836.141157, "device_queued": -1, "device_end": -1, "host_queued_end": 1585579836.163447}, "device": "cpu", "nd_range": {"device_start": 2247610.98051501, "device_end": 2247610.9816247663}, "cmdq": 2, "read": {"device_start": -1, "device_end": -1}}, "FFC_sans_bias34": {"write": {"device_start": -1, "host_queued_start": 1585579836.160157, "device_queued": -1, "device_end": -1, "host_queued_end": 1585579836.163447}, "device": "cpu", "nd_range": {"device_start": 2247611.50999998, "device_end": 2247611.5959422393}, "cmdq": 1, "read": {"device_start": -1, "device_end": -1}}, "FFC_sans_bias15": {"write": {"device_start": -1, "host_queued_start": 1585579836.146331, "device_queued": -1, "device_end": -1, "host_queued_end": 1585579836.163447}, "device": "cpu", "nd_range": {"device_start": 2247611.227289075, "device_end": 2247611.350540221}, "cmdq": 0, "read": {"device_start": -1, "device_end": -1}}, "FFC_sans_bias31": {"write": {"device_start": -1, "host_queued_start": 1585579836.143939, "device_queued": -1, "device_end": -1, "host_queued_end": 1585579836.163447}, "device": "cpu", "nd_range": {"device_start": 2247611.124113557, "device_end": 2247611.200954352}, "cmdq": 1, "read": {"device_start": -1, "device_end": -1}}, "FFC_sans_bias16": {"write": {"device_start": -1, "host_queued_start": 1585579836.153732, "device_queued": -1, "device_end": -1, "host_queued_end": 1585579836.163447}, "device": "cpu", "nd_range": {"device_start": 2247611.399555304, "device_end": 2247611.493370215}, "cmdq": 2, "read": {"device_start": -1, "device_end": -1}}, "FFC_sans_bias19": {"write": {"device_start": -1, "host_queued_start": 1585579836.117178, "device_queued": -1, "device_end": -1, "host_queued_end": 1585579836.163447}, "device": "cpu", "nd_range": {"device_start": 2247610.5971603193, "device_end": 2247610.7186393463}, "cmdq": 0, "read": {"device_start": -1, "device_end": -1}}, "FFC_sans_bias18": {"write": {"device_start": -1, "host_queued_start": 1585579836.113889, "device_queued": -1, "device_end": -1, "host_queued_end": 1585579836.163447}, "device": "cpu", "nd_range": {"device_start": 2247610.608905, "device_end": 2247610.7376956833}, "cmdq": 2, "read": {"device_start": -1, "device_end": -1}}, "coalesced_transpose30": {"write": {"device_start": -1, "host_queued_start": 1585579836.142247, "device_queued": -1, "device_end": -1, "host_queued_end": 1585579836.163447}, "device": "cpu", "nd_range": {"device_start": 2247610.981652234, "device_end": 2247611.0009790403}, "cmdq": 2, "read": {"device_start": -1, "device_end": -1}}, "FFC_sans_bias69": {"write": {"device_start": -1, "host_queued_start": 1585579836.066078, "device_queued": -1, "device_end": -1, "host_queued_end": 1585579836.076122}, "device": "gpu", "nd_range": {"device_start": 1585579770.8963015, "device_end": 1585579770.8996646}, "cmdq": 3, "read": {"device_start": -1, "device_end": -1}}, "FFC_sans_bias38": {"write": {"device_start": -1, "host_queued_start": 1585579836.140801, "device_queued": -1, "device_end": -1, "host_queued_end": 1585579836.163447}, "device": "cpu", "nd_range": {"device_start": 2247610.8417907082, "device_end": 2247610.964052366}, "cmdq": 1, "read": {"device_start": -1, "device_end": -1}}, "coalesced_transpose57": {"write": {"device_start": -1, "host_queued_start": 1585579836.063065, "device_queued": -1, "device_end": -1, "host_queued_end": 1585579836.076122}, "device": "gpu", "nd_range": {"device_start": 1585579770.878546, "device_end": 1585579770.8849072}, "cmdq": 1, "read": {"device_start": -1, "device_end": -1}}, "empty26": {"write": {"device_start": -1, "host_queued_start": 1585579836.085728, "device_queued": -1, "device_end": -1, "host_queued_end": 1585579836.163447}, "device": "cpu", "nd_range": {"device_start": 2247610.3537326083, "device_end": 2247610.353737886}, "cmdq": 2, "read": {"device_start": -1, "device_end": -1}}, "coalesced_transpose12": {"write": {"device_start": -1, "host_queued_start": 1585579836.141487, "device_queued": -1, "device_end": -1, "host_queued_end": 1585579836.163447}, "device": "cpu", "nd_range": {"device_start": 2247610.962299835, "device_end": 2247610.96340803}, "cmdq": 0, "read": {"device_start": -1, "device_end": -1}}, "empty44": {"write": {"device_start": -1, "host_queued_start": 1585579836.091234, "device_queued": -1, "device_end": -1, "host_queued_end": 1585579836.163447}, "device": "cpu", "nd_range": {"device_start": 2247610.353098546, "device_end": 2247610.353099573}, "cmdq": 1, "read": {"device_start": -1, "device_end": -1}}, "coalesced_transpose21": {"write": {"device_start": -1, "host_queued_start": 1585579836.141817, "device_queued": -1, "device_end": -1, "host_queued_end": 1585579836.163447}, "device": "cpu", "nd_range": {"device_start": 2247610.9641733454, "device_end": 2247610.965378772}, "cmdq": 1, "read": {"device_start": -1, "device_end": -1}}, "FFC_sans_bias36": {"write": {"device_start": -1, "host_queued_start": 1585579836.134024, "device_queued": -1, "device_end": -1, "host_queued_end": 1585579836.163447}, "device": "cpu", "nd_range": {"device_start": 2247610.8673629393, "device_end": 2247610.980502284}, "cmdq": 2, "read": {"device_start": -1, "device_end": -1}}, "softmax14": {"write": {"device_start": -1, "host_queued_start": 1585579836.144829, "device_queued": -1, "device_end": -1, "host_queued_end": 1585579836.163447}, "device": "cpu", "nd_range": {"device_start": 2247611.200986743, "device_end": 2247611.202027114}, "cmdq": 1, "read": {"device_start": -1, "device_end": -1}}, "FFC_sans_bias13": {"write": {"device_start": -1, "host_queued_start": 1585579836.143263, "device_queued": -1, "device_end": -1, "host_queued_end": 1585579836.163447}, "device": "cpu", "nd_range": {"device_start": 2247611.0010010093, "device_end": 2247611.092318934}, "cmdq": 2, "read": {"device_start": -1, "device_end": -1}}, "empty8": {"write": {"device_start": -1, "host_queued_start": 1585579836.080038, "device_queued": -1, "device_end": -1, "host_queued_end": 1585579836.163447}, "device": "cpu", "nd_range": {"device_start": 2247610.353068001, "device_end": 2247610.35307866}, "cmdq": 0, "read": {"device_start": -1, "device_end": -1}}, "FFC_sans_bias42": {"write": {"device_start": -1, "host_queued_start": 1585579836.147351, "device_queued": -1, "device_end": -1, "host_queued_end": 1585579836.163447}, "device": "cpu", "nd_range": {"device_start": 2247611.350560131, "device_end": 2247611.449822809}, "cmdq": 0, "read": {"device_start": -1, "device_end": -1}}, "FFC_sans_bias43": {"write": {"device_start": -1, "host_queued_start": 1585579836.163392, "device_queued": -1, "device_end": -1, "host_queued_end": 1585579836.163447}, "device": "cpu", "nd_range": {"device_start": 2247611.493386454, "device_end": 2247611.5565364943}, "cmdq": 2, "read": {"device_start": -1, "device_end": -1}}, "FFC_sans_bias40": {"write": {"device_start": -1, "host_queued_start": 1585579836.144282, "device_queued": -1, "device_end": -1, "host_queued_end": 1585579836.163447}, "device": "cpu", "nd_range": {"device_start": 2247611.0923380023, "device_end": 2247611.152965901}, "cmdq": 2, "read": {"device_start": -1, "device_end": -1}}, "softmax32": {"write": {"device_start": -1, "host_queued_start": 1585579836.145383, "device_queued": -1, "device_end": -1, "host_queued_end": 1585579836.163447}, "device": "cpu", "nd_range": {"device_start": 2247611.2261548634, "device_end": 2247611.227261917}, "cmdq": 0, "read": {"device_start": -1, "device_end": -1}}, "FFC_sans_bias47": {"write": {"device_start": 1585579770.8560276, "host_queued_start": 1585579836.042149, "device_queued": 1585579770.855769, "device_end": 1585579770.8562932, "host_queued_end": 1585579836.076122}, "device": "gpu", "nd_range": {"device_start": 1585579770.8564386, "device_end": 1585579770.8655932}, "cmdq": 1, "read": {"device_start": -1, "device_end": -1}}, "FFC_sans_bias45": {"write": {"device_start": 1585579770.8553596, "host_queued_start": 1585579836.035397, "device_queued": 1585579770.8547077, "device_end": 1585579770.8556213, "host_queued_end": 1585579836.076122}, "device": "gpu", "nd_range": {"device_start": 1585579770.8556237, "device_end": 1585579770.8589897}, "cmdq": 3, "read": {"device_start": -1, "device_end": -1}}, "softmax50": {"write": {"device_start": -1, "host_queued_start": 1585579836.064618, "device_queued": -1, "device_end": -1, "host_queued_end": 1585579836.076122}, "device": "gpu", "nd_range": {"device_start": 1585579770.8883543, "device_end": 1585579770.896293}, "cmdq": 2, "read": {"device_start": -1, "device_end": -1}}, "FFC_sans_bias33": {"write": {"device_start": -1, "host_queued_start": 1585579836.147013, "device_queued": -1, "device_end": -1, "host_queued_end": 1585579836.163447}, "device": "cpu", "nd_range": {"device_start": 2247611.288890855, "device_end": 2247611.3995363903}, "cmdq": 2, "read": {"device_start": -1, "device_end": -1}}, "FFC_sans_bias63": {"write": {"device_start": 1585579770.8723776, "host_queued_start": 1585579836.0624, "device_queued": 1585579770.8572128, "device_end": 1585579770.8724782, "host_queued_end": 1585579836.076122}, "device": "gpu", "nd_range": {"device_start": 1585579770.8724813, "device_end": 1585579770.8849766}, "cmdq": 3, "read": {"device_start": -1, "device_end": -1}}, "FFC_sans_bias49": {"write": {"device_start": -1, "host_queued_start": 1585579836.06371, "device_queued": -1, "device_end": -1, "host_queued_end": 1585579836.076122}, "device": "gpu", "nd_range": {"device_start": 1585579770.8849835, "device_end": 1585579770.8883483}, "cmdq": 3, "read": {"device_start": -1, "device_end": -1}}, "FFC_sans_bias64": {"write": {"device_start": 1585579770.8659377, "host_queued_start": 1585579836.055737, "device_queued": 1585579770.8569632, "device_end": 1585579770.8660443, "host_queued_end": 1585579836.076122}, "device": "gpu", "nd_range": {"device_start": 1585579770.8660522, "device_end": 1585579770.8785415}, "cmdq": 1, "read": {"device_start": -1, "device_end": -1}}, "FFC_sans_bias65": {"write": {"device_start": 1585579770.8690765, "host_queued_start": 1585579836.059056, "device_queued": 1585579770.8570886, "device_end": 1585579770.8691802, "host_queued_end": 1585579836.076122}, "device": "gpu", "nd_range": {"device_start": 1585579770.8691843, "device_end": 1585579770.8818054}, "cmdq": 2, "read": {"device_start": -1, "device_end": -1}}, "FFC_sans_bias67": {"write": {"device_start": -1, "host_queued_start": 1585579836.064364, "device_queued": -1, "device_end": -1, "host_queued_end": 1585579836.076122}, "device": "gpu", "nd_range": {"device_start": 1585579770.8850002, "device_end": 1585579770.8948746}, "cmdq": 1, "read": {"device_start": -1, "device_end": -1}}, "FFC_sans_bias24": {"write": {"device_start": -1, "host_queued_start": 1585579836.146672, "device_queued": -1, "device_end": -1, "host_queued_end": 1585579836.163447}, "device": "cpu", "nd_range": {"device_start": 2247611.20311537, "device_end": 2247611.3277542633}, "cmdq": 1, "read": {"device_start": -1, "device_end": -1}}, "FFC_sans_bias25": {"write": {"device_start": -1, "host_queued_start": 1585579836.156929, "device_queued": -1, "device_end": -1, "host_queued_end": 1585579836.163447}, "device": "cpu", "nd_range": {"device_start": 2247611.449843733, "device_end": 2247611.59594223}, "cmdq": 0, "read": {"device_start": -1, "device_end": -1}}, "FFC_sans_bias27": {"write": {"device_start": -1, "host_queued_start": 1585579836.123883, "device_queued": -1, "device_end": -1, "host_queued_end": 1585579836.163447}, "device": "cpu", "nd_range": {"device_start": 2247610.737891083, "device_end": 2247610.867167957}, "cmdq": 2, "read": {"device_start": -1, "device_end": -1}}, "FFC_sans_bias20": {"write": {"device_start": -1, "host_queued_start": 1585579836.120618, "device_queued": -1, "device_end": -1, "host_queued_end": 1585579836.163447}, "device": "cpu", "nd_range": {"device_start": 2247610.597979151, "device_end": 2247610.72011941}, "cmdq": 1, "read": {"device_start": -1, "device_end": -1}}, "FFC_sans_bias22": {"write": {"device_start": -1, "host_queued_start": 1585579836.143599, "device_queued": -1, "device_end": -1, "host_queued_end": 1585579836.163447}, "device": "cpu", "nd_range": {"device_start": 2247610.965510169, "device_end": 2247611.0414426723}, "cmdq": 0, "read": {"device_start": -1, "device_end": -1}}, "softmax68": {"write": {"device_start": -1, "host_queued_start": 1585579836.065112, "device_queued": -1, "device_end": -1, "host_queued_end": 1585579836.076122}, "device": "gpu", "nd_range": {"device_start": 1585579770.8948836, "device_end": 1585579770.8952973}, "cmdq": 0, "read": {"device_start": -1, "device_end": -1}}, "softmax5": {"write": {"device_start": -1, "host_queued_start": 1585579836.144556, "device_queued": -1, "device_end": -1, "host_queued_end": 1585579836.163447}, "device": "cpu", "nd_range": {"device_start": 2247611.12235184, "device_end": 2247611.124103574}, "cmdq": 0, "read": {"device_start": -1, "device_end": -1}}, "FFC_sans_bias28": {"write": {"device_start": -1, "host_queued_start": 1585579836.127255, "device_queued": -1, "device_end": -1, "host_queued_end": 1585579836.163447}, "device": "cpu", "nd_range": {"device_start": 2247610.718659954, "device_end": 2247610.8401927263}, "cmdq": 0, "read": {"device_start": -1, "device_end": -1}}, "FFC_sans_bias29": {"write": {"device_start": -1, "host_queued_start": 1585579836.130641, "device_queued": -1, "device_end": -1, "host_queued_end": 1585579836.163447}, "device": "cpu", "nd_range": {"device_start": 2247610.720134919, "device_end": 2247610.841657307}, "cmdq": 1, "read": {"device_start": -1, "device_end": -1}}, "empty17": {"write": {"device_start": -1, "host_queued_start": 1585579836.082925, "device_queued": -1, "device_end": -1, "host_queued_end": 1585579836.163447}, "device": "cpu", "nd_range": {"device_start": 2247610.353068096, "device_end": 2247610.353078618}, "cmdq": 1, "read": {"device_start": -1, "device_end": -1}}, "softmax59": {"write": {"device_start": -1, "host_queued_start": 1585579836.064863, "device_queued": -1, "device_end": -1, "host_queued_end": 1585579836.076122}, "device": "gpu", "nd_range": {"device_start": 1585579770.8916855, "device_end": 1585579770.8962958}, "cmdq": 3, "read": {"device_start": -1, "device_end": -1}}, "empty71": {"write": {"device_start": 1585579770.8550363, "host_queued_start": 1585579836.0325, "device_queued": 1585579770.8545845, "device_end": 1585579770.85532, "host_queued_end": 1585579836.076122}, "device": "gpu", "nd_range": {"device_start": 1585579770.8553264, "device_end": 1585579770.8553314}, "cmdq": 2, "read": {"device_start": -1, "device_end": -1}}, "empty35": {"write": {"device_start": -1, "host_queued_start": 1585579836.088525, "device_queued": -1, "device_end": -1, "host_queued_end": 1585579836.163447}, "device": "cpu", "nd_range": {"device_start": 2247610.353098522, "device_end": 2247610.353099599}, "cmdq": 0, "read": {"device_start": -1, "device_end": -1}}, "empty53": {"write": {"device_start": 1585579770.854344, "host_queued_start": 1585579836.026342, "device_queued": 1585579770.8540077, "device_end": 1585579770.8545735, "host_queued_end": 1585579836.076122}, "device": "gpu", "nd_range": {"device_start": 1585579770.854619, "device_end": 1585579770.8546238}, "cmdq": 0, "read": {"device_start": -1, "device_end": -1}}, "FFC_sans_bias46": {"write": {"device_start": 1585579770.8556645, "host_queued_start": 1585579836.038782, "device_queued": 1585579770.8553336, "device_end": 1585579770.8557568, "host_queued_end": 1585579836.076122}, "device": "gpu", "nd_range": {"device_start": 1585579770.8557599, "device_end": 1585579770.862299}, "cmdq": 0, "read": {"device_start": -1, "device_end": -1}}, "coalesced_transpose66": {"write": {"device_start": -1, "host_queued_start": 1585579836.06338, "device_queued": -1, "device_end": -1, "host_queued_end": 1585579836.076122}, "device": "gpu", "nd_range": {"device_start": 1585579770.8818126, "device_end": 1585579770.884926}, "cmdq": 2, "read": {"device_start": -1, "device_end": -1}}, "coalesced_transpose48": {"write": {"device_start": -1, "host_queued_start": 1585579836.062757, "device_queued": -1, "device_end": -1, "host_queued_end": 1585579836.076122}, "device": "gpu", "nd_range": {"device_start": 1585579770.875295, "device_end": 1585579770.8848765}, "cmdq": 0, "read": {"device_start": -1, "device_end": -1}}}