{"FFC_sans_bias60": {"write": {"device_start": -1, "host_queued_start": 1585579524.52585, "device_queued": -1, "device_end": -1, "host_queued_end": 1585579524.545817}, "device": "gpu", "nd_range": {"device_start": 1585579459.4281685, "device_end": 1585579459.4347477}, "cmdq": 0, "read": {"device_start": -1, "device_end": -1}}, "FFC_sans_bias4": {"write": {"device_start": -1, "host_queued_start": 1585579524.574714, "device_queued": -1, "device_end": -1, "host_queued_end": 1585579524.58319}, "device": "cpu", "nd_range": {"device_start": 2247298.969332024, "device_end": 2247299.034908608}, "cmdq": 2, "read": {"device_start": -1, "device_end": -1}}, "FFC_sans_bias7": {"write": {"device_start": -1, "host_queued_start": 1585579524.579814, "device_queued": -1, "device_end": -1, "host_queued_end": 1585579524.58319}, "device": "cpu", "nd_range": {"device_start": 2247299.148401239, "device_end": 2247299.207945793}, "cmdq": 0, "read": {"device_start": -1, "device_end": -1}}, "FFC_sans_bias6": {"write": {"device_start": -1, "host_queued_start": 1585579524.576117, "device_queued": -1, "device_end": -1, "host_queued_end": 1585579524.58319}, "device": "cpu", "nd_range": {"device_start": 2247299.058601816, "device_end": 2247299.13731148}, "cmdq": 2, "read": {"device_start": -1, "device_end": -1}}, "FFC_sans_bias1": {"write": {"device_start": -1, "host_queued_start": 1585579524.55996, "device_queued": -1, "device_end": -1, "host_queued_end": 1585579524.58319}, "device": "cpu", "nd_range": {"device_start": 2247298.7736881543, "device_end": 2247298.9075404303}, "cmdq": 3, "read": {"device_start": -1, "device_end": -1}}, "FFC_sans_bias0": {"write": {"device_start": -1, "host_queued_start": 1585579524.556324, "device_queued": -1, "device_end": -1, "host_queued_end": 1585579524.58319}, "device": "cpu", "nd_range": {"device_start": 2247298.772907678, "device_end": 2247298.896189812}, "cmdq": 2, "read": {"device_start": -1, "device_end": -1}}, "FFC_sans_bias2": {"write": {"device_start": -1, "host_queued_start": 1585579524.563414, "device_queued": -1, "device_end": -1, "host_queued_end": 1585579524.58319}, "device": "cpu", "nd_range": {"device_start": 2247298.772840293, "device_end": 2247298.896220894}, "cmdq": 0, "read": {"device_start": -1, "device_end": -1}}, "FFC_sans_bias61": {"write": {"device_start": 1585579459.4483154, "host_queued_start": 1585579524.542398, "device_queued": 1585579459.342554, "device_end": 1585579459.448421, "host_queued_end": 1585579524.545817}, "device": "gpu", "nd_range": {"device_start": 1585579459.4484234, "device_end": 1585579459.4541423}, "cmdq": 0, "read": {"device_start": 1585579459.454145, "device_end": 1585579459.4542418}}, "FFC_sans_bias52": {"write": {"device_start": 1585579459.4385064, "host_queued_start": 1585579524.539171, "device_queued": 1585579459.3422647, "device_end": 1585579459.4386048, "host_queued_end": 1585579524.545817}, "device": "gpu", "nd_range": {"device_start": 1585579459.4386094, "device_end": 1585579459.4444613}, "cmdq": 1, "read": {"device_start": 1585579459.4444704, "device_end": 1585579459.4445634}}, "FFC_sans_bias9": {"write": {"device_start": -1, "host_queued_start": 1585579524.566872, "device_queued": -1, "device_end": -1, "host_queued_end": 1585579524.58319}, "device": "cpu", "nd_range": {"device_start": 2247298.772801169, "device_end": 2247298.94765134}, "cmdq": 1, "read": {"device_start": -1, "device_end": -1}}, "coalesced_transpose39": {"write": {"device_start": -1, "host_queued_start": 1585579524.520036, "device_queued": -1, "device_end": -1, "host_queued_end": 1585579524.545817}, "device": "gpu", "nd_range": {"device_start": 1585579459.3940318, "device_end": 1585579459.3940618}, "cmdq": 0, "read": {"device_start": -1, "device_end": -1}}, "FFC_sans_bias55": {"write": {"device_start": 1585579459.3781788, "host_queued_start": 1585579524.509341, "device_queued": 1585579459.3375325, "device_end": 1585579459.3782787, "host_queued_end": 1585579524.545817}, "device": "gpu", "nd_range": {"device_start": 1585579459.3782835, "device_end": 1585579459.3845253}, "cmdq": 0, "read": {"device_start": -1, "device_end": -1}}, "FFC_sans_bias54": {"write": {"device_start": 1585579459.3744898, "host_queued_start": 1585579524.506078, "device_queued": 1585579459.3373024, "device_end": 1585579459.3745966, "host_queued_end": 1585579524.545817}, "device": "gpu", "nd_range": {"device_start": 1585579459.3746023, "device_end": 1585579459.3812082}, "cmdq": 1, "read": {"device_start": -1, "device_end": -1}}, "FFC_sans_bias56": {"write": {"device_start": 1585579459.374143, "host_queued_start": 1585579524.502815, "device_queued": 1585579459.3370712, "device_end": 1585579459.3744876, "host_queued_end": 1585579524.545817}, "device": "gpu", "nd_range": {"device_start": 1585579459.374504, "device_end": 1585579459.3778722}, "cmdq": 0, "read": {"device_start": -1, "device_end": -1}}, "FFC_sans_bias51": {"write": {"device_start": -1, "host_queued_start": 1585579524.525542, "device_queued": -1, "device_end": -1, "host_queued_end": 1585579524.545817}, "device": "gpu", "nd_range": {"device_start": 1585579459.4183915, "device_end": 1585579459.4249454}, "cmdq": 1, "read": {"device_start": -1, "device_end": -1}}, "softmax23": {"write": {"device_start": -1, "host_queued_start": 1585579524.523055, "device_queued": -1, "device_end": -1, "host_queued_end": 1585579524.545817}, "device": "gpu", "nd_range": {"device_start": 1585579459.410552, "device_end": 1585579459.414367}, "cmdq": 0, "read": {"device_start": -1, "device_end": -1}}, "FFC_sans_bias37": {"write": {"device_start": 1585579459.3546157, "host_queued_start": 1585579524.486586, "device_queued": 1585579459.3359509, "device_end": 1585579459.3547173, "host_queued_end": 1585579524.545817}, "device": "gpu", "nd_range": {"device_start": 1585579459.3547227, "device_end": 1585579459.3607357}, "cmdq": 1, "read": {"device_start": -1, "device_end": -1}}, "empty62": {"write": {"device_start": 1585579459.3338256, "host_queued_start": 1585579524.457665, "device_queued": 1585579459.3334763, "device_end": 1585579459.3341014, "host_queued_end": 1585579524.545817}, "device": "gpu", "nd_range": {"device_start": 1585579459.3341122, "device_end": 1585579459.334117}, "cmdq": 0, "read": {"device_start": -1, "device_end": -1}}, "FFC_sans_bias70": {"write": {"device_start": 1585579459.4450262, "host_queued_start": 1585579524.545699, "device_queued": 1585579459.3427944, "device_end": 1585579459.4451237, "host_queued_end": 1585579524.545817}, "device": "gpu", "nd_range": {"device_start": 1585579459.4451258, "device_end": 1585579459.4509187}, "cmdq": 1, "read": {"device_start": 1585579459.4509225, "device_end": 1585579459.451019}}, "FFC_sans_bias58": {"write": {"device_start": -1, "host_queued_start": 1585579524.522494, "device_queued": -1, "device_end": -1, "host_queued_end": 1585579524.545817}, "device": "gpu", "nd_range": {"device_start": 1585579459.4041176, "device_end": 1585579459.4105506}, "cmdq": 0, "read": {"device_start": -1, "device_end": -1}}, "softmax41": {"write": {"device_start": -1, "host_queued_start": 1585579524.523561, "device_queued": -1, "device_end": -1, "host_queued_end": 1585579524.545817}, "device": "gpu", "nd_range": {"device_start": 1585579459.4143684, "device_end": 1585579459.4147856}, "cmdq": 0, "read": {"device_start": -1, "device_end": -1}}, "FFC_sans_bias11": {"write": {"device_start": -1, "host_queued_start": 1585579524.573669, "device_queued": -1, "device_end": -1, "host_queued_end": 1585579524.58319}, "device": "cpu", "nd_range": {"device_start": 2247298.907732067, "device_end": 2247299.015726}, "cmdq": 3, "read": {"device_start": -1, "device_end": -1}}, "FFC_sans_bias10": {"write": {"device_start": -1, "host_queued_start": 1585579524.570254, "device_queued": -1, "device_end": -1, "host_queued_end": 1585579524.58319}, "device": "cpu", "nd_range": {"device_start": 2247298.896217348, "device_end": 2247298.969315472}, "cmdq": 2, "read": {"device_start": -1, "device_end": -1}}, "coalesced_transpose3": {"write": {"device_start": -1, "host_queued_start": 1585579524.574029, "device_queued": -1, "device_end": -1, "host_queued_end": 1585579524.58319}, "device": "cpu", "nd_range": {"device_start": 2247298.9305653754, "device_end": 2247298.931657722}, "cmdq": 0, "read": {"device_start": -1, "device_end": -1}}, "FFC_sans_bias34": {"write": {"device_start": 1585579459.4317372, "host_queued_start": 1585579524.532667, "device_queued": 1585579459.3416514, "device_end": 1585579459.4318373, "host_queued_end": 1585579524.545817}, "device": "gpu", "nd_range": {"device_start": 1585579459.4318402, "device_end": 1585579459.4379144}, "cmdq": 1, "read": {"device_start": 1585579459.4379225, "device_end": 1585579459.4380186}}, "FFC_sans_bias15": {"write": {"device_start": -1, "host_queued_start": 1585579524.576453, "device_queued": -1, "device_end": -1, "host_queued_end": 1585579524.58319}, "device": "cpu", "nd_range": {"device_start": 2247299.075702275, "device_end": 2247299.126302802}, "cmdq": 3, "read": {"device_start": -1, "device_end": -1}}, "FFC_sans_bias31": {"write": {"device_start": -1, "host_queued_start": 1585579524.521558, "device_queued": -1, "device_end": -1, "host_queued_end": 1585579524.545817}, "device": "gpu", "nd_range": {"device_start": 1585579459.3973546, "device_end": 1585579459.4007955}, "cmdq": 1, "read": {"device_start": -1, "device_end": -1}}, "FFC_sans_bias16": {"write": {"device_start": -1, "host_queued_start": 1585579524.583135, "device_queued": -1, "device_end": -1, "host_queued_end": 1585579524.58319}, "device": "cpu", "nd_range": {"device_start": 2247299.1291750423, "device_end": 2247299.1826390103}, "cmdq": 1, "read": {"device_start": -1, "device_end": -1}}, "FFC_sans_bias19": {"write": {"device_start": 1585579459.3347895, "host_queued_start": 1585579524.466398, "device_queued": 1585579459.3345444, "device_end": 1585579459.3348885, "host_queued_end": 1585579524.545817}, "device": "gpu", "nd_range": {"device_start": 1585579459.334891, "device_end": 1585579459.3412163}, "cmdq": 1, "read": {"device_start": -1, "device_end": -1}}, "FFC_sans_bias18": {"write": {"device_start": 1585579459.3344223, "host_queued_start": 1585579524.463067, "device_queued": 1585579459.3341131, "device_end": 1585579459.3345196, "host_queued_end": 1585579524.545817}, "device": "gpu", "nd_range": {"device_start": 1585579459.3345273, "device_end": 1585579459.3378878}, "cmdq": 0, "read": {"device_start": -1, "device_end": -1}}, "coalesced_transpose30": {"write": {"device_start": -1, "host_queued_start": 1585579524.519739, "device_queued": -1, "device_end": -1, "host_queued_end": 1585579524.545817}, "device": "gpu", "nd_range": {"device_start": 1585579459.3941875, "device_end": 1585579459.397243}, "cmdq": 1, "read": {"device_start": -1, "device_end": -1}}, "FFC_sans_bias69": {"write": {"device_start": -1, "host_queued_start": 1585579524.526164, "device_queued": -1, "device_end": -1, "host_queued_end": 1585579524.545817}, "device": "gpu", "nd_range": {"device_start": 1585579459.4249468, "device_end": 1585579459.431453}, "cmdq": 1, "read": {"device_start": -1, "device_end": -1}}, "FFC_sans_bias38": {"write": {"device_start": 1585579459.3578684, "host_queued_start": 1585579524.489814, "device_queued": 1585579459.336174, "device_end": 1585579459.3579726, "host_queued_end": 1585579524.545817}, "device": "gpu", "nd_range": {"device_start": 1585579459.3579786, "device_end": 1585579459.3640125}, "cmdq": 0, "read": {"device_start": -1, "device_end": -1}}, "coalesced_transpose57": {"write": {"device_start": -1, "host_queued_start": 1585579524.52063, "device_queued": -1, "device_end": -1, "host_queued_end": 1585579524.545817}, "device": "gpu", "nd_range": {"device_start": 1585579459.3940635, "device_end": 1585579459.3940916}, "cmdq": 0, "read": {"device_start": -1, "device_end": -1}}, "empty26": {"write": {"device_start": 1585579459.3324952, "host_queued_start": 1585579524.44655, "device_queued": 1585579459.3321304, "device_end": 1585579459.3327186, "host_queued_end": 1585579524.545817}, "device": "gpu", "nd_range": {"device_start": 1585579459.3327222, "device_end": 1585579459.3327289}, "cmdq": 0, "read": {"device_start": -1, "device_end": -1}}, "coalesced_transpose12": {"write": {"device_start": -1, "host_queued_start": 1585579524.574366, "device_queued": -1, "device_end": -1, "host_queued_end": 1585579524.58319}, "device": "cpu", "nd_range": {"device_start": 2247298.986293745, "device_end": 2247298.994580027}, "cmdq": 1, "read": {"device_start": -1, "device_end": -1}}, "empty44": {"write": {"device_start": 1585579459.3331866, "host_queued_start": 1585579524.452521, "device_queued": 1585579459.3327868, "device_end": 1585579459.3334644, "host_queued_end": 1585579524.545817}, "device": "gpu", "nd_range": {"device_start": 1585579459.3334792, "device_end": 1585579459.3334844}, "cmdq": 0, "read": {"device_start": -1, "device_end": -1}}, "coalesced_transpose21": {"write": {"device_start": -1, "host_queued_start": 1585579524.519437, "device_queued": -1, "device_end": -1, "host_queued_end": 1585579524.545817}, "device": "gpu", "nd_range": {"device_start": 1585579459.3909552, "device_end": 1585579459.3940275}, "cmdq": 0, "read": {"device_start": -1, "device_end": -1}}, "FFC_sans_bias36": {"write": {"device_start": 1585579459.3513558, "host_queued_start": 1585579524.483329, "device_queued": 1585579459.335704, "device_end": 1585579459.351458, "host_queued_end": 1585579524.545817}, "device": "gpu", "nd_range": {"device_start": 1585579459.351463, "device_end": 1585579459.3574781}, "cmdq": 0, "read": {"device_start": -1, "device_end": -1}}, "softmax14": {"write": {"device_start": -1, "host_queued_start": 1585579524.57578, "device_queued": -1, "device_end": -1, "host_queued_end": 1585579524.58319}, "device": "cpu", "nd_range": {"device_start": 2247299.07474152, "device_end": 2247299.075685316}, "cmdq": 1, "read": {"device_start": -1, "device_end": -1}}, "FFC_sans_bias13": {"write": {"device_start": -1, "host_queued_start": 1585579524.575071, "device_queued": -1, "device_end": -1, "host_queued_end": 1585579524.58319}, "device": "cpu", "nd_range": {"device_start": 2247299.015745095, "device_end": 2247299.068144044}, "cmdq": 3, "read": {"device_start": -1, "device_end": -1}}, "empty8": {"write": {"device_start": -1, "host_queued_start": 1585579524.549931, "device_queued": -1, "device_end": -1, "host_queued_end": 1585579524.58319}, "device": "cpu", "nd_range": {"device_start": 2247298.7728126743, "device_end": 2247298.772817214}, "cmdq": 0, "read": {"device_start": -1, "device_end": -1}}, "FFC_sans_bias42": {"write": {"device_start": -1, "host_queued_start": 1585579524.525235, "device_queued": -1, "device_end": -1, "host_queued_end": 1585579524.545817}, "device": "gpu", "nd_range": {"device_start": 1585579459.421704, "device_end": 1585579459.4281676}, "cmdq": 0, "read": {"device_start": -1, "device_end": -1}}, "FFC_sans_bias43": {"write": {"device_start": 1585579459.441748, "host_queued_start": 1585579524.535918, "device_queued": 1585579459.3420029, "device_end": 1585579459.4418485, "host_queued_end": 1585579524.545817}, "device": "gpu", "nd_range": {"device_start": 1585579459.4418511, "device_end": 1585579459.4477417}, "cmdq": 0, "read": {"device_start": 1585579459.4477475, "device_end": 1585579459.447845}}, "FFC_sans_bias40": {"write": {"device_start": -1, "host_queued_start": 1585579524.521868, "device_queued": -1, "device_end": -1, "host_queued_end": 1585579524.545817}, "device": "gpu", "nd_range": {"device_start": 1585579459.3974693, "device_end": 1585579459.404116}, "cmdq": 0, "read": {"device_start": -1, "device_end": -1}}, "softmax32": {"write": {"device_start": -1, "host_queued_start": 1585579524.523315, "device_queued": -1, "device_end": -1, "host_queued_end": 1585579524.545817}, "device": "gpu", "nd_range": {"device_start": 1585579459.4137938, "device_end": 1585579459.4142046}, "cmdq": 1, "read": {"device_start": -1, "device_end": -1}}, "FFC_sans_bias47": {"write": {"device_start": 1585579459.3676379, "host_queued_start": 1585579524.499594, "device_queued": 1585579459.3368437, "device_end": 1585579459.3677406, "host_queued_end": 1585579524.545817}, "device": "gpu", "nd_range": {"device_start": 1585579459.3677478, "device_end": 1585579459.3737803}, "cmdq": 1, "read": {"device_start": -1, "device_end": -1}}, "FFC_sans_bias45": {"write": {"device_start": 1585579459.3611298, "host_queued_start": 1585579524.493056, "device_queued": 1585579459.3364134, "device_end": 1585579459.36123, "host_queued_end": 1585579524.545817}, "device": "gpu", "nd_range": {"device_start": 1585579459.361234, "device_end": 1585579459.3672664}, "cmdq": 1, "read": {"device_start": -1, "device_end": -1}}, "softmax50": {"write": {"device_start": -1, "host_queued_start": 1585579524.523807, "device_queued": -1, "device_end": -1, "host_queued_end": 1585579524.545817}, "device": "gpu", "nd_range": {"device_start": 1585579459.4142058, "device_end": 1585579459.4146192}, "cmdq": 1, "read": {"device_start": -1, "device_end": -1}}, "FFC_sans_bias33": {"write": {"device_start": -1, "host_queued_start": 1585579524.524922, "device_queued": -1, "device_end": -1, "host_queued_end": 1585579524.545817}, "device": "gpu", "nd_range": {"device_start": 1585579459.4150324, "device_end": 1585579459.41839}, "cmdq": 1, "read": {"device_start": -1, "device_end": -1}}, "FFC_sans_bias63": {"write": {"device_start": 1585579459.3879356, "host_queued_start": 1585579524.5191, "device_queued": 1585579459.3383586, "device_end": 1585579459.3880343, "host_queued_end": 1585579524.545817}, "device": "gpu", "nd_range": {"device_start": 1585579459.3880382, "device_end": 1585579459.394185}, "cmdq": 1, "read": {"device_start": -1, "device_end": -1}}, "FFC_sans_bias49": {"write": {"device_start": -1, "host_queued_start": 1585579524.522185, "device_queued": -1, "device_end": -1, "host_queued_end": 1585579524.545817}, "device": "gpu", "nd_range": {"device_start": 1585579459.4007971, "device_end": 1585579459.4073527}, "cmdq": 1, "read": {"device_start": -1, "device_end": -1}}, "FFC_sans_bias64": {"write": {"device_start": 1585579459.3815076, "host_queued_start": 1585579524.512586, "device_queued": 1585579459.3377693, "device_end": 1585579459.3816106, "host_queued_end": 1585579524.545817}, "device": "gpu", "nd_range": {"device_start": 1585579459.3816154, "device_end": 1585579459.3876348}, "cmdq": 1, "read": {"device_start": -1, "device_end": -1}}, "FFC_sans_bias65": {"write": {"device_start": 1585579459.3848145, "host_queued_start": 1585579524.515859, "device_queued": 1585579459.3380663, "device_end": 1585579459.3849182, "host_queued_end": 1585579524.545817}, "device": "gpu", "nd_range": {"device_start": 1585579459.3849227, "device_end": 1585579459.3909528}, "cmdq": 0, "read": {"device_start": -1, "device_end": -1}}, "FFC_sans_bias67": {"write": {"device_start": -1, "host_queued_start": 1585579524.522809, "device_queued": -1, "device_end": -1, "host_queued_end": 1585579524.545817}, "device": "gpu", "nd_range": {"device_start": 1585579459.4073539, "device_end": 1585579459.4137924}, "cmdq": 1, "read": {"device_start": -1, "device_end": -1}}, "FFC_sans_bias24": {"write": {"device_start": -1, "host_queued_start": 1585579524.524611, "device_queued": -1, "device_end": -1, "host_queued_end": 1585579524.545817}, "device": "gpu", "nd_range": {"device_start": 1585579459.4153388, "device_end": 1585579459.421703}, "cmdq": 0, "read": {"device_start": -1, "device_end": -1}}, "FFC_sans_bias25": {"write": {"device_start": 1585579459.4350147, "host_queued_start": 1585579524.529361, "device_queued": 1585579459.3412604, "device_end": 1585579459.4351096, "host_queued_end": 1585579524.545817}, "device": "gpu", "nd_range": {"device_start": 1585579459.435114, "device_end": 1585579459.4411638}, "cmdq": 0, "read": {"device_start": 1585579459.4411669, "device_end": 1585579459.441269}}, "FFC_sans_bias27": {"write": {"device_start": 1585579459.3416522, "host_queued_start": 1585579524.473126, "device_queued": 1585579459.3350172, "device_end": 1585579459.341768, "host_queued_end": 1585579524.545817}, "device": "gpu", "nd_range": {"device_start": 1585579459.341778, "device_end": 1585579459.347671}, "cmdq": 1, "read": {"device_start": -1, "device_end": -1}}, "FFC_sans_bias20": {"write": {"device_start": 1585579459.3382177, "host_queued_start": 1585579524.469757, "device_queued": 1585579459.3347943, "device_end": 1585579459.3383214, "host_queued_end": 1585579524.545817}, "device": "gpu", "nd_range": {"device_start": 1585579459.338325, "device_end": 1585579459.3445013}, "cmdq": 0, "read": {"device_start": -1, "device_end": -1}}, "FFC_sans_bias22": {"write": {"device_start": -1, "host_queued_start": 1585579524.521244, "device_queued": -1, "device_end": -1, "host_queued_end": 1585579524.545817}, "device": "gpu", "nd_range": {"device_start": 1585579459.394093, "device_end": 1585579459.3974679}, "cmdq": 0, "read": {"device_start": -1, "device_end": -1}}, "softmax68": {"write": {"device_start": -1, "host_queued_start": 1585579524.524305, "device_queued": -1, "device_end": -1, "host_queued_end": 1585579524.545817}, "device": "gpu", "nd_range": {"device_start": 1585579459.4146204, "device_end": 1585579459.415031}, "cmdq": 1, "read": {"device_start": -1, "device_end": -1}}, "softmax5": {"write": {"device_start": -1, "host_queued_start": 1585579524.575479, "device_queued": -1, "device_end": -1, "host_queued_end": 1585579524.58319}, "device": "cpu", "nd_range": {"device_start": 2247299.057480752, "device_end": 2247299.0584242223}, "cmdq": 0, "read": {"device_start": -1, "device_end": -1}}, "FFC_sans_bias28": {"write": {"device_start": 1585579459.3448584, "host_queued_start": 1585579524.476671, "device_queued": 1585579459.3352506, "device_end": 1585579459.3449597, "host_queued_end": 1585579524.545817}, "device": "gpu", "nd_range": {"device_start": 1585579459.3449655, "device_end": 1585579459.3509748}, "cmdq": 0, "read": {"device_start": -1, "device_end": -1}}, "FFC_sans_bias29": {"write": {"device_start": 1585579459.3480468, "host_queued_start": 1585579524.48001, "device_queued": 1585579459.3354762, "device_end": 1585579459.3481479, "host_queued_end": 1585579524.545817}, "device": "gpu", "nd_range": {"device_start": 1585579459.3481522, "device_end": 1585579459.354239}, "cmdq": 1, "read": {"device_start": -1, "device_end": -1}}, "empty17": {"write": {"device_start": -1, "host_queued_start": 1585579524.553007, "device_queued": -1, "device_end": -1, "host_queued_end": 1585579524.58319}, "device": "cpu", "nd_range": {"device_start": 2247298.772763114, "device_end": 2247298.772773264}, "cmdq": 1, "read": {"device_start": -1, "device_end": -1}}, "softmax59": {"write": {"device_start": -1, "host_queued_start": 1585579524.524052, "device_queued": -1, "device_end": -1, "host_queued_end": 1585579524.545817}, "device": "gpu", "nd_range": {"device_start": 1585579459.4147866, "device_end": 1585579459.4153376}, "cmdq": 0, "read": {"device_start": -1, "device_end": -1}}, "empty71": {"write": {"device_start": 1585579459.3341274, "host_queued_start": 1585579524.460246, "device_queued": 1585579459.3337715, "device_end": 1585579459.3344114, "host_queued_end": 1585579524.545817}, "device": "gpu", "nd_range": {"device_start": 1585579459.3344223, "device_end": 1585579459.3344283}, "cmdq": 1, "read": {"device_start": -1, "device_end": -1}}, "empty35": {"write": {"device_start": 1585579459.3328447, "host_queued_start": 1585579524.449861, "device_queued": 1585579459.332487, "device_end": 1585579459.3330703, "host_queued_end": 1585579524.545817}, "device": "gpu", "nd_range": {"device_start": 1585579459.3330739, "device_end": 1585579459.3330789}, "cmdq": 1, "read": {"device_start": -1, "device_end": -1}}, "empty53": {"write": {"device_start": 1585579459.3335035, "host_queued_start": 1585579524.455117, "device_queued": 1585579459.3330884, "device_end": 1585579459.3337598, "host_queued_end": 1585579524.545817}, "device": "gpu", "nd_range": {"device_start": 1585579459.3337634, "device_end": 1585579459.3337674}, "cmdq": 1, "read": {"device_start": -1, "device_end": -1}}, "FFC_sans_bias46": {"write": {"device_start": 1585579459.3643873, "host_queued_start": 1585579524.496318, "device_queued": 1585579459.3366258, "device_end": 1585579459.3644898, "host_queued_end": 1585579524.545817}, "device": "gpu", "nd_range": {"device_start": 1585579459.3644953, "device_end": 1585579459.37053}, "cmdq": 0, "read": {"device_start": -1, "device_end": -1}}, "coalesced_transpose66": {"write": {"device_start": -1, "host_queued_start": 1585579524.520931, "device_queued": -1, "device_end": -1, "host_queued_end": 1585579524.545817}, "device": "gpu", "nd_range": {"device_start": 1585579459.3973014, "device_end": 1585579459.3973532}, "cmdq": 1, "read": {"device_start": -1, "device_end": -1}}, "coalesced_transpose48": {"write": {"device_start": -1, "host_queued_start": 1585579524.520335, "device_queued": -1, "device_end": -1, "host_queued_end": 1585579524.545817}, "device": "gpu", "nd_range": {"device_start": 1585579459.39725, "device_end": 1585579459.3973002}, "cmdq": 1, "read": {"device_start": -1, "device_end": -1}}}