{"FFC_sans_bias60": {"write": {"device_start": -1, "host_queued_start": 1585579534.766226, "device_queued": -1, "device_end": -1, "host_queued_end": 1585579534.776529}, "device": "gpu", "nd_range": {"device_start": 1585579469.6121795, "device_end": 1585579469.6192763}, "cmdq": 0, "read": {"device_start": -1, "device_end": -1}}, "FFC_sans_bias4": {"write": {"device_start": -1, "host_queued_start": 1585579534.844816, "device_queued": -1, "device_end": -1, "host_queued_end": 1585579534.865758}, "device": "cpu", "nd_range": {"device_start": 2247309.6334723854, "device_end": 2247309.700125981}, "cmdq": 1, "read": {"device_start": -1, "device_end": -1}}, "FFC_sans_bias7": {"write": {"device_start": -1, "host_queued_start": 1585579534.852787, "device_queued": -1, "device_end": -1, "host_queued_end": 1585579534.865758}, "device": "cpu", "nd_range": {"device_start": 2247310.0506442264, "device_end": 2247310.2110160664}, "cmdq": 0, "read": {"device_start": -1, "device_end": -1}}, "FFC_sans_bias6": {"write": {"device_start": -1, "host_queued_start": 1585579534.848134, "device_queued": -1, "device_end": -1, "host_queued_end": 1585579534.865758}, "device": "cpu", "nd_range": {"device_start": 2247309.9190577543, "device_end": 2247309.999861908}, "cmdq": 3, "read": {"device_start": -1, "device_end": -1}}, "FFC_sans_bias1": {"write": {"device_start": -1, "host_queued_start": 1585579534.798216, "device_queued": -1, "device_end": -1, "host_queued_end": 1585579534.865758}, "device": "cpu", "nd_range": {"device_start": 2247309.0557484003, "device_end": 2247309.3516527372}, "cmdq": 2, "read": {"device_start": -1, "device_end": -1}}, "FFC_sans_bias0": {"write": {"device_start": -1, "host_queued_start": 1585579534.794913, "device_queued": -1, "device_end": -1, "host_queued_end": 1585579534.865758}, "device": "cpu", "nd_range": {"device_start": 2247309.055402614, "device_end": 2247309.3192596734}, "cmdq": 1, "read": {"device_start": -1, "device_end": -1}}, "FFC_sans_bias2": {"write": {"device_start": -1, "host_queued_start": 1585579534.801747, "device_queued": -1, "device_end": -1, "host_queued_end": 1585579534.865758}, "device": "cpu", "nd_range": {"device_start": 2247309.055450101, "device_end": 2247309.179669892}, "cmdq": 3, "read": {"device_start": -1, "device_end": -1}}, "FFC_sans_bias61": {"write": {"device_start": 1585579469.6235504, "host_queued_start": 1585579534.77314, "device_queued": 1585579469.5675066, "device_end": 1585579469.623666, "host_queued_end": 1585579534.776529}, "device": "gpu", "nd_range": {"device_start": 1585579469.623674, "device_end": 1585579469.6307704}, "cmdq": 1, "read": {"device_start": 1585579469.6307776, "device_end": 1585579469.6308653}}, "FFC_sans_bias52": {"write": {"device_start": 1585579469.6196582, "host_queued_start": 1585579534.769827, "device_queued": 1585579469.5672717, "device_end": 1585579469.61976, "host_queued_end": 1585579534.776529}, "device": "gpu", "nd_range": {"device_start": 1585579469.6197743, "device_end": 1585579469.626854}, "cmdq": 0, "read": {"device_start": 1585579469.6268568, "device_end": 1585579469.6269639}}, "FFC_sans_bias9": {"write": {"device_start": -1, "host_queued_start": 1585579534.805159, "device_queued": -1, "device_end": -1, "host_queued_end": 1585579534.865758}, "device": "cpu", "nd_range": {"device_start": 2247309.055411437, "device_end": 2247309.1789555573}, "cmdq": 0, "read": {"device_start": -1, "device_end": -1}}, "coalesced_transpose39": {"write": {"device_start": -1, "host_queued_start": 1585579534.844473, "device_queued": -1, "device_end": -1, "host_queued_end": 1585579534.865758}, "device": "cpu", "nd_range": {"device_start": 2247309.733750524, "device_end": 2247309.7344198553}, "cmdq": 0, "read": {"device_start": -1, "device_end": -1}}, "FFC_sans_bias55": {"write": {"device_start": 1585579469.5799623, "host_queued_start": 1585579534.75279, "device_queued": 1585579469.565048, "device_end": 1585579469.5800753, "host_queued_end": 1585579534.776529}, "device": "gpu", "nd_range": {"device_start": 1585579469.5800803, "device_end": 1585579469.5874097}, "cmdq": 0, "read": {"device_start": -1, "device_end": -1}}, "FFC_sans_bias54": {"write": {"device_start": 1585579469.5762968, "host_queued_start": 1585579534.749511, "device_queued": 1585579469.5648198, "device_end": 1585579469.5764, "host_queued_end": 1585579534.776529}, "device": "gpu", "nd_range": {"device_start": 1585579469.5764048, "device_end": 1585579469.5835116}, "cmdq": 1, "read": {"device_start": -1, "device_end": -1}}, "FFC_sans_bias56": {"write": {"device_start": 1585579469.5723617, "host_queued_start": 1585579534.746224, "device_queued": 1585579469.5645945, "device_end": 1585579469.5724673, "host_queued_end": 1585579534.776529}, "device": "gpu", "nd_range": {"device_start": 1585579469.5724711, "device_end": 1585579469.5795882}, "cmdq": 0, "read": {"device_start": -1, "device_end": -1}}, "FFC_sans_bias51": {"write": {"device_start": -1, "host_queued_start": 1585579534.765897, "device_queued": -1, "device_end": -1, "host_queued_end": 1585579534.776529}, "device": "gpu", "nd_range": {"device_start": 1585579469.6113162, "device_end": 1585579469.6153183}, "cmdq": 1, "read": {"device_start": -1, "device_end": -1}}, "softmax23": {"write": {"device_start": -1, "host_queued_start": 1585579534.847192, "device_queued": -1, "device_end": -1, "host_queued_end": 1585579534.865758}, "device": "cpu", "nd_range": {"device_start": 2247309.882535931, "device_end": 2247309.885145952}, "cmdq": 0, "read": {"device_start": -1, "device_end": -1}}, "FFC_sans_bias37": {"write": {"device_start": -1, "host_queued_start": 1585579534.83882, "device_queued": -1, "device_end": -1, "host_queued_end": 1585579534.865758}, "device": "cpu", "nd_range": {"device_start": 2247309.6760150134, "device_end": 2247309.733537944}, "cmdq": 2, "read": {"device_start": -1, "device_end": -1}}, "empty62": {"write": {"device_start": 1585579469.5632343, "host_queued_start": 1585579534.730817, "device_queued": 1585579469.5627568, "device_end": 1585579469.5635238, "host_queued_end": 1585579534.776529}, "device": "gpu", "nd_range": {"device_start": 1585579469.5635328, "device_end": 1585579469.5635376}, "cmdq": 1, "read": {"device_start": -1, "device_end": -1}}, "FFC_sans_bias70": {"write": {"device_start": 1585579469.6277246, "host_queued_start": 1585579534.77642, "device_queued": 1585579469.5677657, "device_end": 1585579469.627842, "host_queued_end": 1585579534.776529}, "device": "gpu", "nd_range": {"device_start": 1585579469.627849, "device_end": 1585579469.634649}, "cmdq": 0, "read": {"device_start": 1585579469.6346552, "device_end": 1585579469.6347492}}, "FFC_sans_bias58": {"write": {"device_start": -1, "host_queued_start": 1585579534.764496, "device_queued": -1, "device_end": -1, "host_queued_end": 1585579534.776529}, "device": "gpu", "nd_range": {"device_start": 1585579469.5989404, "device_end": 1585579469.60688}, "cmdq": 0, "read": {"device_start": -1, "device_end": -1}}, "softmax41": {"write": {"device_start": -1, "host_queued_start": 1585579534.847788, "device_queued": -1, "device_end": -1, "host_queued_end": 1585579534.865758}, "device": "cpu", "nd_range": {"device_start": 2247309.889491342, "device_end": 2247309.890440788}, "cmdq": 2, "read": {"device_start": -1, "device_end": -1}}, "FFC_sans_bias11": {"write": {"device_start": -1, "host_queued_start": 1585579534.811943, "device_queued": -1, "device_end": -1, "host_queued_end": 1585579534.865758}, "device": "cpu", "nd_range": {"device_start": 2247309.351676105, "device_end": 2247309.576830189}, "cmdq": 2, "read": {"device_start": -1, "device_end": -1}}, "FFC_sans_bias10": {"write": {"device_start": -1, "host_queued_start": 1585579534.808602, "device_queued": -1, "device_end": -1, "host_queued_end": 1585579534.865758}, "device": "cpu", "nd_range": {"device_start": 2247309.31944814, "device_end": 2247309.44668306}, "cmdq": 1, "read": {"device_start": -1, "device_end": -1}}, "coalesced_transpose3": {"write": {"device_start": -1, "host_queued_start": 1585579534.843076, "device_queued": -1, "device_end": -1, "host_queued_end": 1585579534.865758}, "device": "cpu", "nd_range": {"device_start": 2247309.556939702, "device_end": 2247309.558039642}, "cmdq": 0, "read": {"device_start": -1, "device_end": -1}}, "FFC_sans_bias34": {"write": {"device_start": -1, "host_queued_start": 1585579534.86244, "device_queued": -1, "device_end": -1, "host_queued_end": 1585579534.865758}, "device": "cpu", "nd_range": {"device_start": 2247310.093191627, "device_end": 2247310.2093522022}, "cmdq": 3, "read": {"device_start": -1, "device_end": -1}}, "FFC_sans_bias15": {"write": {"device_start": -1, "host_queued_start": 1585579534.848464, "device_queued": -1, "device_end": -1, "host_queued_end": 1585579534.865758}, "device": "cpu", "nd_range": {"device_start": 2247309.952851577, "device_end": 2247310.050620745}, "cmdq": 0, "read": {"device_start": -1, "device_end": -1}}, "FFC_sans_bias31": {"write": {"device_start": -1, "host_queued_start": 1585579534.845882, "device_queued": -1, "device_end": -1, "host_queued_end": 1585579534.865758}, "device": "cpu", "nd_range": {"device_start": 2247309.7346180533, "device_end": 2247309.83344652}, "cmdq": 0, "read": {"device_start": -1, "device_end": -1}}, "FFC_sans_bias16": {"write": {"device_start": -1, "host_queued_start": 1585579534.856026, "device_queued": -1, "device_end": -1, "host_queued_end": 1585579534.865758}, "device": "cpu", "nd_range": {"device_start": 2247310.072225882, "device_end": 2247310.208620722}, "cmdq": 1, "read": {"device_start": -1, "device_end": -1}}, "FFC_sans_bias19": {"write": {"device_start": -1, "host_queued_start": 1585579534.818503, "device_queued": -1, "device_end": -1, "host_queued_end": 1585579534.865758}, "device": "cpu", "nd_range": {"device_start": 2247309.179203708, "device_end": 2247309.3141830293}, "cmdq": 0, "read": {"device_start": -1, "device_end": -1}}, "FFC_sans_bias18": {"write": {"device_start": -1, "host_queued_start": 1585579534.815252, "device_queued": -1, "device_end": -1, "host_queued_end": 1585579534.865758}, "device": "cpu", "nd_range": {"device_start": 2247309.179859716, "device_end": 2247309.30272474}, "cmdq": 3, "read": {"device_start": -1, "device_end": -1}}, "coalesced_transpose30": {"write": {"device_start": -1, "host_queued_start": 1585579534.844142, "device_queued": -1, "device_end": -1, "host_queued_end": 1585579534.865758}, "device": "cpu", "nd_range": {"device_start": 2247309.547981033, "device_end": 2247309.549081655}, "cmdq": 3, "read": {"device_start": -1, "device_end": -1}}, "FFC_sans_bias69": {"write": {"device_start": -1, "host_queued_start": 1585579534.766536, "device_queued": -1, "device_end": -1, "host_queued_end": 1585579534.776529}, "device": "gpu", "nd_range": {"device_start": 1585579469.615324, "device_end": 1585579469.6231823}, "cmdq": 1, "read": {"device_start": -1, "device_end": -1}}, "FFC_sans_bias38": {"write": {"device_start": -1, "host_queued_start": 1585579534.842709, "device_queued": -1, "device_end": -1, "host_queued_end": 1585579534.865758}, "device": "cpu", "nd_range": {"device_start": 2247309.425681379, "device_end": 2247309.547760271}, "cmdq": 3, "read": {"device_start": -1, "device_end": -1}}, "coalesced_transpose57": {"write": {"device_start": -1, "host_queued_start": 1585579534.763569, "device_queued": -1, "device_end": -1, "host_queued_end": 1585579534.776529}, "device": "gpu", "nd_range": {"device_start": 1585579469.598904, "device_end": 1585579469.5989265}, "cmdq": 1, "read": {"device_start": -1, "device_end": -1}}, "empty26": {"write": {"device_start": -1, "host_queued_start": 1585579534.786172, "device_queued": -1, "device_end": -1, "host_queued_end": 1585579534.865758}, "device": "cpu", "nd_range": {"device_start": 2247309.055685346, "device_end": 2247309.0556890643}, "cmdq": 2, "read": {"device_start": -1, "device_end": -1}}, "coalesced_transpose12": {"write": {"device_start": -1, "host_queued_start": 1585579534.843414, "device_queued": -1, "device_end": -1, "host_queued_end": 1585579534.865758}, "device": "cpu", "nd_range": {"device_start": 2247309.6322373133, "device_end": 2247309.6333127883}, "cmdq": 1, "read": {"device_start": -1, "device_end": -1}}, "empty44": {"write": {"device_start": -1, "host_queued_start": 1585579534.791706, "device_queued": -1, "device_end": -1, "host_queued_end": 1585579534.865758}, "device": "cpu", "nd_range": {"device_start": 2247309.0554025173, "device_end": 2247309.055403712}, "cmdq": 0, "read": {"device_start": -1, "device_end": -1}}, "coalesced_transpose21": {"write": {"device_start": -1, "host_queued_start": 1585579534.843743, "device_queued": -1, "device_end": -1, "host_queued_end": 1585579534.865758}, "device": "cpu", "nd_range": {"device_start": 2247309.733732902, "device_end": 2247309.742284949}, "cmdq": 2, "read": {"device_start": -1, "device_end": -1}}, "FFC_sans_bias36": {"write": {"device_start": -1, "host_queued_start": 1585579534.83531, "device_queued": -1, "device_end": -1, "host_queued_end": 1585579534.865758}, "device": "cpu", "nd_range": {"device_start": 2247309.5657994803, "device_end": 2247309.632033001}, "cmdq": 1, "read": {"device_start": -1, "device_end": -1}}, "softmax14": {"write": {"device_start": -1, "host_queued_start": 1585579534.846891, "device_queued": -1, "device_end": -1, "host_queued_end": 1585579534.865758}, "device": "cpu", "nd_range": {"device_start": 2247309.917899607, "device_end": 2247309.918852217}, "cmdq": 3, "read": {"device_start": -1, "device_end": -1}}, "FFC_sans_bias13": {"write": {"device_start": -1, "host_queued_start": 1585579534.84517, "device_queued": -1, "device_end": -1, "host_queued_end": 1585579534.865758}, "device": "cpu", "nd_range": {"device_start": 2247309.752019442, "device_end": 2247309.888511707}, "cmdq": 2, "read": {"device_start": -1, "device_end": -1}}, "empty8": {"write": {"device_start": -1, "host_queued_start": 1585579534.780446, "device_queued": -1, "device_end": -1, "host_queued_end": 1585579534.865758}, "device": "cpu", "nd_range": {"device_start": 2247309.0553670092, "device_end": 2247309.0553780734}, "cmdq": 0, "read": {"device_start": -1, "device_end": -1}}, "FFC_sans_bias42": {"write": {"device_start": -1, "host_queued_start": 1585579534.849524, "device_queued": -1, "device_end": -1, "host_queued_end": 1585579534.865758}, "device": "cpu", "nd_range": {"device_start": 2247310.000089657, "device_end": 2247310.0929611}, "cmdq": 3, "read": {"device_start": -1, "device_end": -1}}, "FFC_sans_bias43": {"write": {"device_start": -1, "host_queued_start": 1585579534.865692, "device_queued": -1, "device_end": -1, "host_queued_end": 1585579534.865758}, "device": "cpu", "nd_range": {"device_start": 2247310.211027122, "device_end": 2247310.2505288203}, "cmdq": 0, "read": {"device_start": -1, "device_end": -1}}, "FFC_sans_bias40": {"write": {"device_start": -1, "host_queued_start": 1585579534.846305, "device_queued": -1, "device_end": -1, "host_queued_end": 1585579534.865758}, "device": "cpu", "nd_range": {"device_start": 2247309.7352485172, "device_end": 2247309.862941156}, "cmdq": 1, "read": {"device_start": -1, "device_end": -1}}, "softmax32": {"write": {"device_start": -1, "host_queued_start": 1585579534.847527, "device_queued": -1, "device_end": -1, "host_queued_end": 1585579534.865758}, "device": "cpu", "nd_range": {"device_start": 2247309.8629735243, "device_end": 2247309.86394516}, "cmdq": 1, "read": {"device_start": -1, "device_end": -1}}, "FFC_sans_bias47": {"write": {"device_start": 1585579469.5683618, "host_queued_start": 1585579534.742895, "device_queued": 1585579469.5643704, "device_end": 1585579469.568471, "host_queued_end": 1585579534.776529}, "device": "gpu", "nd_range": {"device_start": 1585579469.5684788, "device_end": 1585579469.575892}, "cmdq": 1, "read": {"device_start": -1, "device_end": -1}}, "FFC_sans_bias45": {"write": {"device_start": 1585579469.5639079, "host_queued_start": 1585579534.736298, "device_queued": 1585579469.5635352, "device_end": 1585579469.5639966, "host_queued_end": 1585579534.776529}, "device": "gpu", "nd_range": {"device_start": 1585579469.5639997, "device_end": 1585579469.5679827}, "cmdq": 1, "read": {"device_start": -1, "device_end": -1}}, "softmax50": {"write": {"device_start": -1, "host_queued_start": 1585579534.765076, "device_queued": -1, "device_end": -1, "host_queued_end": 1585579534.776529}, "device": "gpu", "nd_range": {"device_start": 1585579469.6068864, "device_end": 1585579469.6113026}, "cmdq": 0, "read": {"device_start": -1, "device_end": -1}}, "FFC_sans_bias33": {"write": {"device_start": -1, "host_queued_start": 1585579534.849131, "device_queued": -1, "device_end": -1, "host_queued_end": 1585579534.865758}, "device": "cpu", "nd_range": {"device_start": 2247309.8904487602, "device_end": 2247310.035546969}, "cmdq": 2, "read": {"device_start": -1, "device_end": -1}}, "FFC_sans_bias63": {"write": {"device_start": 1585579469.5916414, "host_queued_start": 1585579534.762922, "device_queued": 1585579469.5657294, "device_end": 1585579469.591748, "host_queued_end": 1585579534.776529}, "device": "gpu", "nd_range": {"device_start": 1585579469.5917516, "device_end": 1585579469.5988994}, "cmdq": 1, "read": {"device_start": -1, "device_end": -1}}, "FFC_sans_bias49": {"write": {"device_start": -1, "host_queued_start": 1585579534.764183, "device_queued": -1, "device_end": -1, "host_queued_end": 1585579534.776529}, "device": "gpu", "nd_range": {"device_start": 1585579469.5989325, "device_end": 1585579469.6029305}, "cmdq": 1, "read": {"device_start": -1, "device_end": -1}}, "FFC_sans_bias64": {"write": {"device_start": 1585579469.583898, "host_queued_start": 1585579534.756168, "device_queued": 1585579469.5652752, "device_end": 1585579469.5840015, "host_queued_end": 1585579534.776529}, "device": "gpu", "nd_range": {"device_start": 1585579469.584006, "device_end": 1585579469.5912523}, "cmdq": 1, "read": {"device_start": -1, "device_end": -1}}, "FFC_sans_bias65": {"write": {"device_start": 1585579469.587784, "host_queued_start": 1585579534.759633, "device_queued": 1585579469.5655031, "device_end": 1585579469.58789, "host_queued_end": 1585579534.776529}, "device": "gpu", "nd_range": {"device_start": 1585579469.587894, "device_end": 1585579469.5950863}, "cmdq": 0, "read": {"device_start": -1, "device_end": -1}}, "FFC_sans_bias67": {"write": {"device_start": -1, "host_queued_start": 1585579534.764822, "device_queued": -1, "device_end": -1, "host_queued_end": 1585579534.776529}, "device": "gpu", "nd_range": {"device_start": 1585579469.6029365, "device_end": 1585579469.6106343}, "cmdq": 1, "read": {"device_start": -1, "device_end": -1}}, "FFC_sans_bias24": {"write": {"device_start": -1, "host_queued_start": 1585579534.848801, "device_queued": -1, "device_end": -1, "host_queued_end": 1585579534.865758}, "device": "cpu", "nd_range": {"device_start": 2247309.887077256, "device_end": 2247309.95762966}, "cmdq": 1, "read": {"device_start": -1, "device_end": -1}}, "FFC_sans_bias25": {"write": {"device_start": -1, "host_queued_start": 1585579534.859262, "device_queued": -1, "device_end": -1, "host_queued_end": 1585579534.865758}, "device": "cpu", "nd_range": {"device_start": 2247310.035564288, "device_end": 2247310.158222426}, "cmdq": 2, "read": {"device_start": -1, "device_end": -1}}, "FFC_sans_bias27": {"write": {"device_start": -1, "host_queued_start": 1585579534.825146, "device_queued": -1, "device_end": -1, "host_queued_end": 1585579534.865758}, "device": "cpu", "nd_range": {"device_start": 2247309.576999444, "device_end": 2247309.6650979393}, "cmdq": 2, "read": {"device_start": -1, "device_end": -1}}, "FFC_sans_bias20": {"write": {"device_start": -1, "host_queued_start": 1585579534.821844, "device_queued": -1, "device_end": -1, "host_queued_end": 1585579534.865758}, "device": "cpu", "nd_range": {"device_start": 2247309.4467042563, "device_end": 2247309.5656304853}, "cmdq": 1, "read": {"device_start": -1, "device_end": -1}}, "FFC_sans_bias22": {"write": {"device_start": -1, "host_queued_start": 1585579534.845532, "device_queued": -1, "device_end": -1, "host_queued_end": 1585579534.865758}, "device": "cpu", "nd_range": {"device_start": 2247309.769746654, "device_end": 2247309.8814135133}, "cmdq": 3, "read": {"device_start": -1, "device_end": -1}}, "softmax68": {"write": {"device_start": -1, "host_queued_start": 1585579534.765579, "device_queued": -1, "device_end": -1, "host_queued_end": 1585579534.776529}, "device": "gpu", "nd_range": {"device_start": 1585579469.6113083, "device_end": 1585579469.612174}, "cmdq": 0, "read": {"device_start": -1, "device_end": -1}}, "softmax5": {"write": {"device_start": -1, "host_queued_start": 1585579534.846603, "device_queued": -1, "device_end": -1, "host_queued_end": 1585579534.865758}, "device": "cpu", "nd_range": {"device_start": 2247309.888527945, "device_end": 2247309.889482079}, "cmdq": 2, "read": {"device_start": -1, "device_end": -1}}, "FFC_sans_bias28": {"write": {"device_start": -1, "host_queued_start": 1585579534.828497, "device_queued": -1, "device_end": -1, "host_queued_end": 1585579534.865758}, "device": "cpu", "nd_range": {"device_start": 2247309.302950194, "device_end": 2247309.4254627014}, "cmdq": 3, "read": {"device_start": -1, "device_end": -1}}, "FFC_sans_bias29": {"write": {"device_start": -1, "host_queued_start": 1585579534.831803, "device_queued": -1, "device_end": -1, "host_queued_end": 1585579534.865758}, "device": "cpu", "nd_range": {"device_start": 2247309.314201783, "device_end": 2247309.5569280772}, "cmdq": 0, "read": {"device_start": -1, "device_end": -1}}, "empty17": {"write": {"device_start": -1, "host_queued_start": 1585579534.783482, "device_queued": -1, "device_end": -1, "host_queued_end": 1585579534.865758}, "device": "cpu", "nd_range": {"device_start": 2247309.05536786, "device_end": 2247309.055378043}, "cmdq": 1, "read": {"device_start": -1, "device_end": -1}}, "softmax59": {"write": {"device_start": -1, "host_queued_start": 1585579534.765329, "device_queued": -1, "device_end": -1, "host_queued_end": 1585579534.776529}, "device": "gpu", "nd_range": {"device_start": 1585579469.61064, "device_end": 1585579469.61113}, "cmdq": 1, "read": {"device_start": -1, "device_end": -1}}, "empty71": {"write": {"device_start": 1585579469.5635786, "host_queued_start": 1585579534.733495, "device_queued": 1585579469.5631118, "device_end": 1585579469.5638628, "host_queued_end": 1585579534.776529}, "device": "gpu", "nd_range": {"device_start": 1585579469.5638733, "device_end": 1585579469.563878}, "cmdq": 0, "read": {"device_start": -1, "device_end": -1}}, "empty35": {"write": {"device_start": -1, "host_queued_start": 1585579534.788945, "device_queued": -1, "device_end": -1, "host_queued_end": 1585579534.865758}, "device": "cpu", "nd_range": {"device_start": 2247309.0554239904, "device_end": 2247309.0554297133}, "cmdq": 3, "read": {"device_start": -1, "device_end": -1}}, "empty53": {"write": {"device_start": 1585579469.562872, "host_queued_start": 1585579534.727445, "device_queued": 1585579469.5625334, "device_end": 1585579469.5630972, "host_queued_end": 1585579534.776529}, "device": "gpu", "nd_range": {"device_start": 1585579469.5631049, "device_end": 1585579469.5631118}, "cmdq": 0, "read": {"device_start": -1, "device_end": -1}}, "FFC_sans_bias46": {"write": {"device_start": 1585579469.5642655, "host_queued_start": 1585579534.739624, "device_queued": 1585579469.564007, "device_end": 1585579469.5643609, "host_queued_end": 1585579534.776529}, "device": "gpu", "nd_range": {"device_start": 1585579469.5643635, "device_end": 1585579469.5719736}, "cmdq": 0, "read": {"device_start": -1, "device_end": -1}}, "coalesced_transpose66": {"write": {"device_start": -1, "host_queued_start": 1585579534.763867, "device_queued": -1, "device_end": -1, "host_queued_end": 1585579534.776529}, "device": "gpu", "nd_range": {"device_start": 1585579469.5986621, "device_end": 1585579469.5987186}, "cmdq": 0, "read": {"device_start": -1, "device_end": -1}}, "coalesced_transpose48": {"write": {"device_start": -1, "host_queued_start": 1585579534.763265, "device_queued": -1, "device_end": -1, "host_queued_end": 1585579534.776529}, "device": "gpu", "nd_range": {"device_start": 1585579469.595088, "device_end": 1585579469.5986567}, "cmdq": 0, "read": {"device_start": -1, "device_end": -1}}}