{"FFC_sans_bias60": {"write": {"device_start": -1, "host_queued_start": 1585579324.30208, "device_queued": -1, "device_end": -1, "host_queued_end": 1585579324.322112}, "device": "gpu", "nd_range": {"device_start": 1585579259.2192175, "device_end": 1585579259.2225602}, "cmdq": 0, "read": {"device_start": -1, "device_end": -1}}, "FFC_sans_bias4": {"write": {"device_start": -1, "host_queued_start": 1585579324.350688, "device_queued": -1, "device_end": -1, "host_queued_end": 1585579324.359493}, "device": "cpu", "nd_range": {"device_start": 2247098.7589764083, "device_end": 2247098.810872388}, "cmdq": 1, "read": {"device_start": -1, "device_end": -1}}, "FFC_sans_bias7": {"write": {"device_start": -1, "host_queued_start": 1585579324.355988, "device_queued": -1, "device_end": -1, "host_queued_end": 1585579324.359493}, "device": "cpu", "nd_range": {"device_start": 2247098.9039904852, "device_end": 2247098.993831459}, "cmdq": 1, "read": {"device_start": -1, "device_end": -1}}, "FFC_sans_bias6": {"write": {"device_start": -1, "host_queued_start": 1585579324.352073, "device_queued": -1, "device_end": -1, "host_queued_end": 1585579324.359493}, "device": "cpu", "nd_range": {"device_start": 2247098.833196687, "device_end": 2247098.903735773}, "cmdq": 2, "read": {"device_start": -1, "device_end": -1}}, "FFC_sans_bias1": {"write": {"device_start": -1, "host_queued_start": 1585579324.335937, "device_queued": -1, "device_end": -1, "host_queued_end": 1585579324.359493}, "device": "cpu", "nd_range": {"device_start": 2247098.549122164, "device_end": 2247098.67129197}, "cmdq": 0, "read": {"device_start": -1, "device_end": -1}}, "FFC_sans_bias0": {"write": {"device_start": -1, "host_queued_start": 1585579324.332379, "device_queued": -1, "device_end": -1, "host_queued_end": 1585579324.359493}, "device": "cpu", "nd_range": {"device_start": 2247098.549133059, "device_end": 2247098.6475080634}, "cmdq": 2, "read": {"device_start": -1, "device_end": -1}}, "FFC_sans_bias2": {"write": {"device_start": -1, "host_queued_start": 1585579324.339358, "device_queued": -1, "device_end": -1, "host_queued_end": 1585579324.359493}, "device": "cpu", "nd_range": {"device_start": 2247098.549123567, "device_end": 2247098.641566091}, "cmdq": 1, "read": {"device_start": -1, "device_end": -1}}, "FFC_sans_bias61": {"write": {"device_start": 1585579259.241876, "host_queued_start": 1585579324.318689, "device_queued": 1585579259.123466, "device_end": 1585579259.2419646, "host_queued_end": 1585579324.322112}, "device": "gpu", "nd_range": {"device_start": 1585579259.241971, "device_end": 1585579259.2452927}, "cmdq": 0, "read": {"device_start": 1585579259.245297, "device_end": 1585579259.245389}}, "FFC_sans_bias52": {"write": {"device_start": 1585579259.2379527, "host_queued_start": 1585579324.315434, "device_queued": 1585579259.1231985, "device_end": 1585579259.2380397, "host_queued_end": 1585579324.322112}, "device": "gpu", "nd_range": {"device_start": 1585579259.238044, "device_end": 1585579259.241372}, "cmdq": 0, "read": {"device_start": 1585579259.241378, "device_end": 1585579259.2414632}}, "FFC_sans_bias9": {"write": {"device_start": -1, "host_queued_start": 1585579324.342847, "device_queued": -1, "device_end": -1, "host_queued_end": 1585579324.359493}, "device": "cpu", "nd_range": {"device_start": 2247098.647803946, "device_end": 2247098.753796468}, "cmdq": 2, "read": {"device_start": -1, "device_end": -1}}, "coalesced_transpose39": {"write": {"device_start": -1, "host_queued_start": 1585579324.296205, "device_queued": -1, "device_end": -1, "host_queued_end": 1585579324.322112}, "device": "gpu", "nd_range": {"device_start": 1585579259.1831279, "device_end": 1585579259.1831453}, "cmdq": 0, "read": {"device_start": -1, "device_end": -1}}, "FFC_sans_bias55": {"write": {"device_start": 1585579259.1686797, "host_queued_start": 1585579324.285391, "device_queued": 1585579259.1187685, "device_end": 1585579259.168772, "host_queued_end": 1585579324.322112}, "device": "gpu", "nd_range": {"device_start": 1585579259.168775, "device_end": 1585579259.172124}, "cmdq": 0, "read": {"device_start": -1, "device_end": -1}}, "FFC_sans_bias54": {"write": {"device_start": 1585579259.1650352, "host_queued_start": 1585579324.282122, "device_queued": 1585579259.1185591, "device_end": 1585579259.1651287, "host_queued_end": 1585579324.322112}, "device": "gpu", "nd_range": {"device_start": 1585579259.165132, "device_end": 1585579259.1684659}, "cmdq": 0, "read": {"device_start": -1, "device_end": -1}}, "FFC_sans_bias56": {"write": {"device_start": 1585579259.1613827, "host_queued_start": 1585579324.27883, "device_queued": 1585579259.1183414, "device_end": 1585579259.161474, "host_queued_end": 1585579324.322112}, "device": "gpu", "nd_range": {"device_start": 1585579259.1614783, "device_end": 1585579259.1648126}, "cmdq": 0, "read": {"device_start": -1, "device_end": -1}}, "FFC_sans_bias51": {"write": {"device_start": -1, "host_queued_start": 1585579324.301765, "device_queued": -1, "device_end": -1, "host_queued_end": 1585579324.322112}, "device": "gpu", "nd_range": {"device_start": 1585579259.2158647, "device_end": 1585579259.2192166}, "cmdq": 0, "read": {"device_start": -1, "device_end": -1}}, "softmax23": {"write": {"device_start": -1, "host_queued_start": 1585579324.299274, "device_queued": -1, "device_end": -1, "host_queued_end": 1585579324.322112}, "device": "gpu", "nd_range": {"device_start": 1585579259.2032785, "device_end": 1585579259.2037}, "cmdq": 0, "read": {"device_start": -1, "device_end": -1}}, "FFC_sans_bias37": {"write": {"device_start": 1585579259.1426754, "host_queued_start": 1585579324.262525, "device_queued": 1585579259.1171892, "device_end": 1585579259.1427696, "host_queued_end": 1585579324.322112}, "device": "gpu", "nd_range": {"device_start": 1585579259.1427763, "device_end": 1585579259.146129}, "cmdq": 0, "read": {"device_start": -1, "device_end": -1}}, "empty62": {"write": {"device_start": 1585579259.1157084, "host_queued_start": 1585579324.233904, "device_queued": 1585579259.1147869, "device_end": 1585579259.115802, "host_queued_end": 1585579324.322112}, "device": "gpu", "nd_range": {"device_start": 1585579259.1158073, "device_end": 1585579259.1158104}, "cmdq": 0, "read": {"device_start": -1, "device_end": -1}}, "FFC_sans_bias70": {"write": {"device_start": 1585579259.245814, "host_queued_start": 1585579324.322, "device_queued": 1585579259.1237702, "device_end": 1585579259.2459066, "host_queued_end": 1585579324.322112}, "device": "gpu", "nd_range": {"device_start": 1585579259.2459095, "device_end": 1585579259.249238}, "cmdq": 0, "read": {"device_start": 1585579259.2492435, "device_end": 1585579259.2493513}}, "FFC_sans_bias58": {"write": {"device_start": -1, "host_queued_start": 1585579324.298712, "device_queued": -1, "device_end": -1, "host_queued_end": 1585579324.322112}, "device": "gpu", "nd_range": {"device_start": 1585579259.1965997, "device_end": 1585579259.1999269}, "cmdq": 0, "read": {"device_start": -1, "device_end": -1}}, "softmax41": {"write": {"device_start": -1, "host_queued_start": 1585579324.299763, "device_queued": -1, "device_end": -1, "host_queued_end": 1585579324.322112}, "device": "gpu", "nd_range": {"device_start": 1585579259.2041216, "device_end": 1585579259.2045434}, "cmdq": 0, "read": {"device_start": -1, "device_end": -1}}, "FFC_sans_bias11": {"write": {"device_start": -1, "host_queued_start": 1585579324.349644, "device_queued": -1, "device_end": -1, "host_queued_end": 1585579324.359493}, "device": "cpu", "nd_range": {"device_start": 2247098.64669544, "device_end": 2247098.709958216}, "cmdq": 1, "read": {"device_start": -1, "device_end": -1}}, "FFC_sans_bias10": {"write": {"device_start": -1, "host_queued_start": 1585579324.346207, "device_queued": -1, "device_end": -1, "host_queued_end": 1585579324.359493}, "device": "cpu", "nd_range": {"device_start": 2247098.671314732, "device_end": 2247098.758862251}, "cmdq": 0, "read": {"device_start": -1, "device_end": -1}}, "coalesced_transpose3": {"write": {"device_start": -1, "host_queued_start": 1585579324.350001, "device_queued": -1, "device_end": -1, "host_queued_end": 1585579324.359493}, "device": "cpu", "nd_range": {"device_start": 2247098.753815278, "device_end": 2247098.758966198}, "cmdq": 2, "read": {"device_start": -1, "device_end": -1}}, "FFC_sans_bias34": {"write": {"device_start": 1585579259.2300835, "host_queued_start": 1585579324.308899, "device_queued": 1585579259.1226516, "device_end": 1585579259.2301753, "host_queued_end": 1585579324.322112}, "device": "gpu", "nd_range": {"device_start": 1585579259.2301807, "device_end": 1585579259.2335155}, "cmdq": 0, "read": {"device_start": 1585579259.2335231, "device_end": 1585579259.2336082}}, "FFC_sans_bias15": {"write": {"device_start": -1, "host_queued_start": 1585579324.352414, "device_queued": -1, "device_end": -1, "host_queued_end": 1585579324.359493}, "device": "cpu", "nd_range": {"device_start": 2247098.834208508, "device_end": 2247098.927201176}, "cmdq": 0, "read": {"device_start": -1, "device_end": -1}}, "FFC_sans_bias31": {"write": {"device_start": -1, "host_queued_start": 1585579324.297756, "device_queued": -1, "device_end": -1, "host_queued_end": 1585579324.322112}, "device": "gpu", "nd_range": {"device_start": 1585579259.1865554, "device_end": 1585579259.189903}, "cmdq": 0, "read": {"device_start": -1, "device_end": -1}}, "FFC_sans_bias16": {"write": {"device_start": -1, "host_queued_start": 1585579324.359438, "device_queued": -1, "device_end": -1, "host_queued_end": 1585579324.359493}, "device": "cpu", "nd_range": {"device_start": 2247098.927216933, "device_end": 2247099.002415555}, "cmdq": 2, "read": {"device_start": -1, "device_end": -1}}, "FFC_sans_bias19": {"write": {"device_start": 1585579259.1201248, "host_queued_start": 1585579324.242645, "device_queued": 1585579259.1154952, "device_end": 1585579259.120226, "host_queued_end": 1585579324.322112}, "device": "gpu", "nd_range": {"device_start": 1585579259.1202338, "device_end": 1585579259.1235697}, "cmdq": 0, "read": {"device_start": -1, "device_end": -1}}, "FFC_sans_bias18": {"write": {"device_start": 1585579259.1164067, "host_queued_start": 1585579324.239294, "device_queued": 1585579259.1151779, "device_end": 1585579259.1164992, "host_queued_end": 1585579324.322112}, "device": "gpu", "nd_range": {"device_start": 1585579259.1165054, "device_end": 1585579259.1198273}, "cmdq": 0, "read": {"device_start": -1, "device_end": -1}}, "coalesced_transpose30": {"write": {"device_start": -1, "host_queued_start": 1585579324.295903, "device_queued": -1, "device_end": -1, "host_queued_end": 1585579324.322112}, "device": "gpu", "nd_range": {"device_start": 1585579259.1831074, "device_end": 1585579259.1831267}, "cmdq": 0, "read": {"device_start": -1, "device_end": -1}}, "FFC_sans_bias69": {"write": {"device_start": -1, "host_queued_start": 1585579324.302397, "device_queued": -1, "device_end": -1, "host_queued_end": 1585579324.322112}, "device": "gpu", "nd_range": {"device_start": 1585579259.2225614, "device_end": 1585579259.2258925}, "cmdq": 0, "read": {"device_start": -1, "device_end": -1}}, "FFC_sans_bias38": {"write": {"device_start": 1585579259.146462, "host_queued_start": 1585579324.265787, "device_queued": 1585579259.1174152, "device_end": 1585579259.146573, "host_queued_end": 1585579324.322112}, "device": "gpu", "nd_range": {"device_start": 1585579259.1465795, "device_end": 1585579259.1499412}, "cmdq": 0, "read": {"device_start": -1, "device_end": -1}}, "coalesced_transpose57": {"write": {"device_start": -1, "host_queued_start": 1585579324.296807, "device_queued": -1, "device_end": -1, "host_queued_end": 1585579324.322112}, "device": "gpu", "nd_range": {"device_start": 1585579259.1831658, "device_end": 1585579259.183184}, "cmdq": 0, "read": {"device_start": -1, "device_end": -1}}, "empty26": {"write": {"device_start": 1585579259.1141589, "host_queued_start": 1585579324.222825, "device_queued": 1585579259.1138139, "device_end": 1585579259.1142612, "host_queued_end": 1585579324.322112}, "device": "gpu", "nd_range": {"device_start": 1585579259.11427, "device_end": 1585579259.1142743}, "cmdq": 0, "read": {"device_start": -1, "device_end": -1}}, "coalesced_transpose12": {"write": {"device_start": -1, "host_queued_start": 1585579324.350336, "device_queued": -1, "device_end": -1, "host_queued_end": 1585579324.359493}, "device": "cpu", "nd_range": {"device_start": 2247098.7588760313, "device_end": 2247098.759562938}, "cmdq": 0, "read": {"device_start": -1, "device_end": -1}}, "empty44": {"write": {"device_start": 1585579259.1149735, "host_queued_start": 1585579324.228765, "device_queued": 1585579259.1143913, "device_end": 1585579259.1150706, "host_queued_end": 1585579324.322112}, "device": "gpu", "nd_range": {"device_start": 1585579259.1150758, "device_end": 1585579259.115079}, "cmdq": 0, "read": {"device_start": -1, "device_end": -1}}, "coalesced_transpose21": {"write": {"device_start": -1, "host_queued_start": 1585579324.2956, "device_queued": -1, "device_end": -1, "host_queued_end": 1585579324.322112}, "device": "gpu", "nd_range": {"device_start": 1585579259.1830885, "device_end": 1585579259.1831064}, "cmdq": 0, "read": {"device_start": -1, "device_end": -1}}, "FFC_sans_bias36": {"write": {"device_start": 1585579259.1388927, "host_queued_start": 1585579324.25923, "device_queued": 1585579259.1169658, "device_end": 1585579259.1389897, "host_queued_end": 1585579324.322112}, "device": "gpu", "nd_range": {"device_start": 1585579259.1389928, "device_end": 1585579259.142346}, "cmdq": 0, "read": {"device_start": -1, "device_end": -1}}, "softmax14": {"write": {"device_start": -1, "host_queued_start": 1585579324.351734, "device_queued": -1, "device_end": -1, "host_queued_end": 1585579324.359493}, "device": "cpu", "nd_range": {"device_start": 2247098.8332333593, "device_end": 2247098.8341912273}, "cmdq": 1, "read": {"device_start": -1, "device_end": -1}}, "FFC_sans_bias13": {"write": {"device_start": -1, "host_queued_start": 1585579324.351035, "device_queued": -1, "device_end": -1, "host_queued_end": 1585579324.359493}, "device": "cpu", "nd_range": {"device_start": 2247098.759573872, "device_end": 2247098.833164542}, "cmdq": 2, "read": {"device_start": -1, "device_end": -1}}, "empty8": {"write": {"device_start": -1, "host_queued_start": 1585579324.326287, "device_queued": -1, "device_end": -1, "host_queued_end": 1585579324.359493}, "device": "cpu", "nd_range": {"device_start": 2247098.549085639, "device_end": 2247098.5490989313}, "cmdq": 0, "read": {"device_start": -1, "device_end": -1}}, "FFC_sans_bias42": {"write": {"device_start": -1, "host_queued_start": 1585579324.301449, "device_queued": -1, "device_end": -1, "host_queued_end": 1585579324.322112}, "device": "gpu", "nd_range": {"device_start": 1585579259.212521, "device_end": 1585579259.2158637}, "cmdq": 0, "read": {"device_start": -1, "device_end": -1}}, "FFC_sans_bias43": {"write": {"device_start": 1585579259.2340186, "host_queued_start": 1585579324.312163, "device_queued": 1585579259.1229227, "device_end": 1585579259.2341082, "host_queued_end": 1585579324.322112}, "device": "gpu", "nd_range": {"device_start": 1585579259.234113, "device_end": 1585579259.2374434}, "cmdq": 0, "read": {"device_start": 1585579259.237447, "device_end": 1585579259.2375329}}, "FFC_sans_bias40": {"write": {"device_start": -1, "host_queued_start": 1585579324.298068, "device_queued": -1, "device_end": -1, "host_queued_end": 1585579324.322112}, "device": "gpu", "nd_range": {"device_start": 1585579259.189904, "device_end": 1585579259.1932425}, "cmdq": 0, "read": {"device_start": -1, "device_end": -1}}, "softmax32": {"write": {"device_start": -1, "host_queued_start": 1585579324.299521, "device_queued": -1, "device_end": -1, "host_queued_end": 1585579324.322112}, "device": "gpu", "nd_range": {"device_start": 1585579259.203701, "device_end": 1585579259.2041206}, "cmdq": 0, "read": {"device_start": -1, "device_end": -1}}, "FFC_sans_bias47": {"write": {"device_start": 1585579259.1576903, "host_queued_start": 1585579324.275578, "device_queued": 1585579259.1181197, "device_end": 1585579259.1577904, "host_queued_end": 1585579324.322112}, "device": "gpu", "nd_range": {"device_start": 1585579259.1577964, "device_end": 1585579259.1611497}, "cmdq": 0, "read": {"device_start": -1, "device_end": -1}}, "FFC_sans_bias45": {"write": {"device_start": 1585579259.1502547, "host_queued_start": 1585579324.269042, "device_queued": 1585579259.1176739, "device_end": 1585579259.150358, "host_queued_end": 1585579324.322112}, "device": "gpu", "nd_range": {"device_start": 1585579259.1503642, "device_end": 1585579259.153721}, "cmdq": 0, "read": {"device_start": -1, "device_end": -1}}, "softmax50": {"write": {"device_start": -1, "host_queued_start": 1585579324.300008, "device_queued": -1, "device_end": -1, "host_queued_end": 1585579324.322112}, "device": "gpu", "nd_range": {"device_start": 1585579259.2045443, "device_end": 1585579259.2049656}, "cmdq": 0, "read": {"device_start": -1, "device_end": -1}}, "FFC_sans_bias33": {"write": {"device_start": -1, "host_queued_start": 1585579324.301137, "device_queued": -1, "device_end": -1, "host_queued_end": 1585579324.322112}, "device": "gpu", "nd_range": {"device_start": 1585579259.209178, "device_end": 1585579259.21252}, "cmdq": 0, "read": {"device_start": -1, "device_end": -1}}, "FFC_sans_bias63": {"write": {"device_start": 1585579259.1796489, "host_queued_start": 1585579324.295261, "device_queued": 1585579259.1194284, "device_end": 1585579259.1797366, "host_queued_end": 1585579324.322112}, "device": "gpu", "nd_range": {"device_start": 1585579259.1797435, "device_end": 1585579259.1830873}, "cmdq": 0, "read": {"device_start": -1, "device_end": -1}}, "FFC_sans_bias49": {"write": {"device_start": -1, "host_queued_start": 1585579324.298389, "device_queued": -1, "device_end": -1, "host_queued_end": 1585579324.322112}, "device": "gpu", "nd_range": {"device_start": 1585579259.193244, "device_end": 1585579259.1965983}, "cmdq": 0, "read": {"device_start": -1, "device_end": -1}}, "FFC_sans_bias64": {"write": {"device_start": 1585579259.1723394, "host_queued_start": 1585579324.288701, "device_queued": 1585579259.1189876, "device_end": 1585579259.1724293, "host_queued_end": 1585579324.322112}, "device": "gpu", "nd_range": {"device_start": 1585579259.1724362, "device_end": 1585579259.175779}, "cmdq": 0, "read": {"device_start": -1, "device_end": -1}}, "FFC_sans_bias65": {"write": {"device_start": 1585579259.1759953, "host_queued_start": 1585579324.291961, "device_queued": 1585579259.1192055, "device_end": 1585579259.1760843, "host_queued_end": 1585579324.322112}, "device": "gpu", "nd_range": {"device_start": 1585579259.1760871, "device_end": 1585579259.1794336}, "cmdq": 0, "read": {"device_start": -1, "device_end": -1}}, "FFC_sans_bias67": {"write": {"device_start": -1, "host_queued_start": 1585579324.299024, "device_queued": -1, "device_end": -1, "host_queued_end": 1585579324.322112}, "device": "gpu", "nd_range": {"device_start": 1585579259.1999288, "device_end": 1585579259.2032773}, "cmdq": 0, "read": {"device_start": -1, "device_end": -1}}, "FFC_sans_bias24": {"write": {"device_start": -1, "host_queued_start": 1585579324.300796, "device_queued": -1, "device_end": -1, "host_queued_end": 1585579324.322112}, "device": "gpu", "nd_range": {"device_start": 1585579259.205814, "device_end": 1585579259.2091763}, "cmdq": 0, "read": {"device_start": -1, "device_end": -1}}, "FFC_sans_bias25": {"write": {"device_start": 1585579259.2261302, "host_queued_start": 1585579324.305607, "device_queued": 1585579259.1223812, "device_end": 1585579259.2262223, "host_queued_end": 1585579324.322112}, "device": "gpu", "nd_range": {"device_start": 1585579259.226226, "device_end": 1585579259.2295427}, "cmdq": 0, "read": {"device_start": 1585579259.2295516, "device_end": 1585579259.2296422}}, "FFC_sans_bias27": {"write": {"device_start": 1585579259.1276329, "host_queued_start": 1585579324.249168, "device_queued": 1585579259.1161637, "device_end": 1585579259.1277308, "host_queued_end": 1585579324.322112}, "device": "gpu", "nd_range": {"device_start": 1585579259.127738, "device_end": 1585579259.1310658}, "cmdq": 0, "read": {"device_start": -1, "device_end": -1}}, "FFC_sans_bias20": {"write": {"device_start": 1585579259.123893, "host_queued_start": 1585579324.245888, "device_queued": 1585579259.1158128, "device_end": 1585579259.123987, "host_queued_end": 1585579324.322112}, "device": "gpu", "nd_range": {"device_start": 1585579259.1239965, "device_end": 1585579259.127336}, "cmdq": 0, "read": {"device_start": -1, "device_end": -1}}, "FFC_sans_bias22": {"write": {"device_start": -1, "host_queued_start": 1585579324.297431, "device_queued": -1, "device_end": -1, "host_queued_end": 1585579324.322112}, "device": "gpu", "nd_range": {"device_start": 1585579259.1832044, "device_end": 1585579259.1865542}, "cmdq": 0, "read": {"device_start": -1, "device_end": -1}}, "softmax68": {"write": {"device_start": -1, "host_queued_start": 1585579324.300489, "device_queued": -1, "device_end": -1, "host_queued_end": 1585579324.322112}, "device": "gpu", "nd_range": {"device_start": 1585579259.205391, "device_end": 1585579259.205813}, "cmdq": 0, "read": {"device_start": -1, "device_end": -1}}, "softmax5": {"write": {"device_start": -1, "host_queued_start": 1585579324.351369, "device_queued": -1, "device_end": -1, "host_queued_end": 1585579324.359493}, "device": "cpu", "nd_range": {"device_start": 2247098.8108905843, "device_end": 2247098.8143397933}, "cmdq": 0, "read": {"device_start": -1, "device_end": -1}}, "FFC_sans_bias28": {"write": {"device_start": 1585579259.131368, "host_queued_start": 1585579324.252441, "device_queued": 1585579259.1165102, "device_end": 1585579259.131466, "host_queued_end": 1585579324.322112}, "device": "gpu", "nd_range": {"device_start": 1585579259.1314702, "device_end": 1585579259.13483}, "cmdq": 0, "read": {"device_start": -1, "device_end": -1}}, "FFC_sans_bias29": {"write": {"device_start": 1585579259.1351316, "host_queued_start": 1585579324.255957, "device_queued": 1585579259.1167336, "device_end": 1585579259.1352303, "host_queued_end": 1585579324.322112}, "device": "gpu", "nd_range": {"device_start": 1585579259.1352367, "device_end": 1585579259.1385798}, "cmdq": 0, "read": {"device_start": -1, "device_end": -1}}, "empty17": {"write": {"device_start": -1, "host_queued_start": 1585579324.329343, "device_queued": -1, "device_end": -1, "host_queued_end": 1585579324.359493}, "device": "cpu", "nd_range": {"device_start": 2247098.54908578, "device_end": 2247098.549098892}, "cmdq": 1, "read": {"device_start": -1, "device_end": -1}}, "softmax59": {"write": {"device_start": -1, "host_queued_start": 1585579324.300249, "device_queued": -1, "device_end": -1, "host_queued_end": 1585579324.322112}, "device": "gpu", "nd_range": {"device_start": 1585579259.2049673, "device_end": 1585579259.20539}, "cmdq": 0, "read": {"device_start": -1, "device_end": -1}}, "empty71": {"write": {"device_start": 1585579259.1160617, "host_queued_start": 1585579324.2365, "device_queued": 1585579259.114971, "device_end": 1585579259.116155, "host_queued_end": 1585579324.322112}, "device": "gpu", "nd_range": {"device_start": 1585579259.1161644, "device_end": 1585579259.1161678}, "cmdq": 0, "read": {"device_start": -1, "device_end": -1}}, "empty35": {"write": {"device_start": 1585579259.114585, "host_queued_start": 1585579324.226148, "device_queued": 1585579259.1141276, "device_end": 1585579259.1146836, "host_queued_end": 1585579324.322112}, "device": "gpu", "nd_range": {"device_start": 1585579259.114692, "device_end": 1585579259.114695}, "cmdq": 0, "read": {"device_start": -1, "device_end": -1}}, "empty53": {"write": {"device_start": 1585579259.115334, "host_queued_start": 1585579324.231357, "device_queued": 1585579259.1145694, "device_end": 1585579259.1154287, "host_queued_end": 1585579324.322112}, "device": "gpu", "nd_range": {"device_start": 1585579259.1154354, "device_end": 1585579259.1154385}, "cmdq": 0, "read": {"device_start": -1, "device_end": -1}}, "FFC_sans_bias46": {"write": {"device_start": 1585579259.153994, "host_queued_start": 1585579324.272316, "device_queued": 1585579259.1178932, "device_end": 1585579259.1540897, "host_queued_end": 1585579324.322112}, "device": "gpu", "nd_range": {"device_start": 1585579259.1540923, "device_end": 1585579259.1574407}, "cmdq": 0, "read": {"device_start": -1, "device_end": -1}}, "coalesced_transpose66": {"write": {"device_start": -1, "host_queued_start": 1585579324.297112, "device_queued": -1, "device_end": -1, "host_queued_end": 1585579324.322112}, "device": "gpu", "nd_range": {"device_start": 1585579259.1831853, "device_end": 1585579259.1832035}, "cmdq": 0, "read": {"device_start": -1, "device_end": -1}}, "coalesced_transpose48": {"write": {"device_start": -1, "host_queued_start": 1585579324.29651, "device_queued": -1, "device_end": -1, "host_queued_end": 1585579324.322112}, "device": "gpu", "nd_range": {"device_start": 1585579259.1831462, "device_end": 1585579259.1831648}, "cmdq": 0, "read": {"device_start": -1, "device_end": -1}}}