{"FFC_sans_bias60": {"write": {"device_start": -1, "host_queued_start": 1585579652.23378, "device_queued": -1, "device_end": -1, "host_queued_end": 1585579652.260336}, "device": "gpu", "nd_range": {"device_start": 1585579587.1716046, "device_end": 1585579587.1813006}, "cmdq": 2, "read": {"device_start": -1, "device_end": -1}}, "FFC_sans_bias4": {"write": {"device_start": -1, "host_queued_start": 1585579652.227281, "device_queued": -1, "device_end": -1, "host_queued_end": 1585579652.260336}, "device": "gpu", "nd_range": {"device_start": 1585579587.1276054, "device_end": 1585579587.1344142}, "cmdq": 1, "read": {"device_start": -1, "device_end": -1}}, "FFC_sans_bias7": {"write": {"device_start": 1585579587.1652682, "host_queued_start": 1585579652.237306, "device_queued": 1585579587.0559878, "device_end": 1585579587.1653676, "host_queued_end": 1585579652.260336}, "device": "gpu", "nd_range": {"device_start": 1585579587.1653817, "device_end": 1585579587.1748238}, "cmdq": 1, "read": {"device_start": 1585579587.1748352, "device_end": 1585579587.17493}}, "FFC_sans_bias6": {"write": {"device_start": -1, "host_queued_start": 1585579652.231881, "device_queued": -1, "device_end": -1, "host_queued_end": 1585579652.260336}, "device": "gpu", "nd_range": {"device_start": 1585579587.15263, "device_end": 1585579587.1618745}, "cmdq": 2, "read": {"device_start": -1, "device_end": -1}}, "FFC_sans_bias1": {"write": {"device_start": 1585579587.0463955, "host_queued_start": 1585579652.152442, "device_queued": 1585579587.046165, "device_end": 1585579587.0464904, "host_queued_end": 1585579652.260336}, "device": "gpu", "nd_range": {"device_start": 1585579587.0464942, "device_end": 1585579587.0528579}, "cmdq": 0, "read": {"device_start": -1, "device_end": -1}}, "FFC_sans_bias0": {"write": {"device_start": 1585579587.0460558, "host_queued_start": 1585579652.149155, "device_queued": 1585579587.0457237, "device_end": 1585579587.046149, "host_queued_end": 1585579652.260336}, "device": "gpu", "nd_range": {"device_start": 1585579587.0461547, "device_end": 1585579587.0495238}, "cmdq": 2, "read": {"device_start": -1, "device_end": -1}}, "FFC_sans_bias2": {"write": {"device_start": 1585579587.046726, "host_queued_start": 1585579652.155736, "device_queued": 1585579587.0464997, "device_end": 1585579587.0468214, "host_queued_end": 1585579652.260336}, "device": "gpu", "nd_range": {"device_start": 1585579587.0468392, "device_end": 1585579587.0560875}, "cmdq": 1, "read": {"device_start": -1, "device_end": -1}}, "FFC_sans_bias61": {"write": {"device_start": 1585579587.1952882, "host_queued_start": 1585579652.256954, "device_queued": 1585579587.0580435, "device_end": 1585579587.195384, "host_queued_end": 1585579652.260336}, "device": "gpu", "nd_range": {"device_start": 1585579587.195398, "device_end": 1585579587.204497}, "cmdq": 1, "read": {"device_start": 1585579587.2045033, "device_end": 1585579587.2045887}}, "FFC_sans_bias52": {"write": {"device_start": 1585579587.188916, "host_queued_start": 1585579652.253662, "device_queued": 1585579587.057598, "device_end": 1585579587.1890132, "host_queued_end": 1585579652.260336}, "device": "gpu", "nd_range": {"device_start": 1585579587.1890335, "device_end": 1585579587.1980538}, "cmdq": 0, "read": {"device_start": 1585579587.1980653, "device_end": 1585579587.1981516}}, "FFC_sans_bias9": {"write": {"device_start": 1585579587.0497909, "host_queued_start": 1585579652.159184, "device_queued": 1585579587.0466213, "device_end": 1585579587.0498884, "host_queued_end": 1585579652.260336}, "device": "gpu", "nd_range": {"device_start": 1585579587.049892, "device_end": 1585579587.059273}, "cmdq": 2, "read": {"device_start": -1, "device_end": -1}}, "coalesced_transpose39": {"write": {"device_start": -1, "host_queued_start": 1585579652.226009, "device_queued": -1, "device_end": -1, "host_queued_end": 1585579652.260336}, "device": "gpu", "nd_range": {"device_start": 1585579587.1241987, "device_end": 1585579587.1242452}, "cmdq": 0, "read": {"device_start": -1, "device_end": -1}}, "FFC_sans_bias55": {"write": {"device_start": 1585579587.105104, "host_queued_start": 1585579652.214684, "device_queued": 1585579587.0509923, "device_end": 1585579587.1052036, "host_queued_end": 1585579652.260336}, "device": "gpu", "nd_range": {"device_start": 1585579587.1052125, "device_end": 1585579587.1146374}, "cmdq": 1, "read": {"device_start": -1, "device_end": -1}}, "FFC_sans_bias54": {"write": {"device_start": 1585579587.1018867, "host_queued_start": 1585579652.211425, "device_queued": 1585579587.0507538, "device_end": 1585579587.1019874, "host_queued_end": 1585579652.260336}, "device": "gpu", "nd_range": {"device_start": 1585579587.1019945, "device_end": 1585579587.1113524}, "cmdq": 0, "read": {"device_start": -1, "device_end": -1}}, "FFC_sans_bias56": {"write": {"device_start": 1585579587.0985878, "host_queued_start": 1585579652.20816, "device_queued": 1585579587.0504127, "device_end": 1585579587.098686, "host_queued_end": 1585579652.260336}, "device": "gpu", "nd_range": {"device_start": 1585579587.098693, "device_end": 1585579587.108079}, "cmdq": 2, "read": {"device_start": -1, "device_end": -1}}, "FFC_sans_bias51": {"write": {"device_start": -1, "host_queued_start": 1585579652.233463, "device_queued": -1, "device_end": -1, "host_queued_end": 1585579652.260336}, "device": "gpu", "nd_range": {"device_start": 1585579587.1553025, "device_end": 1585579587.165017}, "cmdq": 1, "read": {"device_start": -1, "device_end": -1}}, "softmax23": {"write": {"device_start": -1, "host_queued_start": 1585579652.230255, "device_queued": -1, "device_end": -1, "host_queued_end": 1585579652.260336}, "device": "gpu", "nd_range": {"device_start": 1585579587.1473434, "device_end": 1585579587.1518798}, "cmdq": 2, "read": {"device_start": -1, "device_end": -1}}, "FFC_sans_bias37": {"write": {"device_start": 1585579587.082391, "host_queued_start": 1585579652.191849, "device_queued": 1585579587.0491393, "device_end": 1585579587.082493, "host_queued_end": 1585579652.260336}, "device": "gpu", "nd_range": {"device_start": 1585579587.082498, "device_end": 1585579587.09187}, "cmdq": 0, "read": {"device_start": -1, "device_end": -1}}, "empty62": {"write": {"device_start": 1585579587.0454803, "host_queued_start": 1585579652.143784, "device_queued": 1585579587.0451322, "device_end": 1585579587.0457025, "host_queued_end": 1585579652.260336}, "device": "gpu", "nd_range": {"device_start": 1585579587.0457115, "device_end": 1585579587.0457156}, "cmdq": 0, "read": {"device_start": -1, "device_end": -1}}, "FFC_sans_bias70": {"write": {"device_start": 1585579587.1921885, "host_queued_start": 1585579652.260221, "device_queued": 1585579587.057889, "device_end": 1585579587.1922853, "host_queued_end": 1585579652.260336}, "device": "gpu", "nd_range": {"device_start": 1585579587.1923, "device_end": 1585579587.2013505}, "cmdq": 2, "read": {"device_start": 1585579587.2013593, "device_end": 1585579587.2014444}}, "FFC_sans_bias58": {"write": {"device_start": -1, "host_queued_start": 1585579652.229175, "device_queued": -1, "device_end": -1, "host_queued_end": 1585579652.260336}, "device": "gpu", "nd_range": {"device_start": 1585579587.144091, "device_end": 1585579587.1505132}, "cmdq": 1, "read": {"device_start": -1, "device_end": -1}}, "softmax41": {"write": {"device_start": -1, "host_queued_start": 1585579652.230753, "device_queued": -1, "device_end": -1, "host_queued_end": 1585579652.260336}, "device": "gpu", "nd_range": {"device_start": 1585579587.1509514, "device_end": 1585579587.1513612}, "cmdq": 1, "read": {"device_start": -1, "device_end": -1}}, "FFC_sans_bias11": {"write": {"device_start": 1585579587.056439, "host_queued_start": 1585579652.165694, "device_queued": 1585579587.0472643, "device_end": 1585579587.0565436, "host_queued_end": 1585579652.260336}, "device": "gpu", "nd_range": {"device_start": 1585579587.0565512, "device_end": 1585579587.0658348}, "cmdq": 1, "read": {"device_start": -1, "device_end": -1}}, "FFC_sans_bias10": {"write": {"device_start": 1585579587.0531611, "host_queued_start": 1585579652.162428, "device_queued": 1585579587.0470355, "device_end": 1585579587.053263, "host_queued_end": 1585579652.260336}, "device": "gpu", "nd_range": {"device_start": 1585579587.053267, "device_end": 1585579587.0625272}, "cmdq": 0, "read": {"device_start": -1, "device_end": -1}}, "coalesced_transpose3": {"write": {"device_start": -1, "host_queued_start": 1585579652.224796, "device_queued": -1, "device_end": -1, "host_queued_end": 1585579652.260336}, "device": "gpu", "nd_range": {"device_start": 1585579587.1178432, "device_end": 1585579587.1241653}, "cmdq": 2, "read": {"device_start": -1, "device_end": -1}}, "FFC_sans_bias34": {"write": {"device_start": 1585579587.1859684, "host_queued_start": 1585579652.247094, "device_queued": 1585579587.0571308, "device_end": 1585579587.1860673, "host_queued_end": 1585579652.260336}, "device": "gpu", "nd_range": {"device_start": 1585579587.186084, "device_end": 1585579587.194751}, "cmdq": 1, "read": {"device_start": 1585579587.1947577, "device_end": 1585579587.1948462}}, "FFC_sans_bias15": {"write": {"device_start": -1, "host_queued_start": 1585579652.232197, "device_queued": -1, "device_end": -1, "host_queued_end": 1585579652.260336}, "device": "gpu", "nd_range": {"device_start": 1585579587.1525927, "device_end": 1585579587.1586065}, "cmdq": 0, "read": {"device_start": -1, "device_end": -1}}, "FFC_sans_bias31": {"write": {"device_start": -1, "host_queued_start": 1585579652.228234, "device_queued": -1, "device_end": -1, "host_queued_end": 1585579652.260336}, "device": "gpu", "nd_range": {"device_start": 1585579587.1344285, "device_end": 1585579587.1440768}, "cmdq": 1, "read": {"device_start": -1, "device_end": -1}}, "FFC_sans_bias16": {"write": {"device_start": 1585579587.1815438, "host_queued_start": 1585579652.240555, "device_queued": 1585579587.0558488, "device_end": 1585579587.181643, "host_queued_end": 1585579652.260336}, "device": "gpu", "nd_range": {"device_start": 1585579587.1816695, "device_end": 1585579587.1850336}, "cmdq": 2, "read": {"device_start": 1585579587.185036, "device_end": 1585579587.1851375}}, "FFC_sans_bias19": {"write": {"device_start": 1585579587.062803, "host_queued_start": 1585579652.17225, "device_queued": 1585579587.047723, "device_end": 1585579587.062905, "host_queued_end": 1585579652.260336}, "device": "gpu", "nd_range": {"device_start": 1585579587.0629113, "device_end": 1585579587.0723288}, "cmdq": 0, "read": {"device_start": -1, "device_end": -1}}, "FFC_sans_bias18": {"write": {"device_start": 1585579587.0595543, "host_queued_start": 1585579652.168991, "device_queued": 1585579587.0473876, "device_end": 1585579587.059654, "host_queued_end": 1585579652.260336}, "device": "gpu", "nd_range": {"device_start": 1585579587.0596602, "device_end": 1585579587.0690606}, "cmdq": 2, "read": {"device_start": -1, "device_end": -1}}, "coalesced_transpose30": {"write": {"device_start": -1, "host_queued_start": 1585579652.225703, "device_queued": -1, "device_end": -1, "host_queued_end": 1585579652.260336}, "device": "gpu", "nd_range": {"device_start": 1585579587.1241722, "device_end": 1585579587.124218}, "cmdq": 2, "read": {"device_start": -1, "device_end": -1}}, "FFC_sans_bias69": {"write": {"device_start": -1, "host_queued_start": 1585579652.234097, "device_queued": -1, "device_end": -1, "host_queued_end": 1585579652.260336}, "device": "gpu", "nd_range": {"device_start": 1585579587.1683095, "device_end": 1585579587.1780734}, "cmdq": 0, "read": {"device_start": -1, "device_end": -1}}, "FFC_sans_bias38": {"write": {"device_start": 1585579587.0856235, "host_queued_start": 1585579652.195125, "device_queued": 1585579587.0493894, "device_end": 1585579587.0857234, "host_queued_end": 1585579652.260336}, "device": "gpu", "nd_range": {"device_start": 1585579587.0857315, "device_end": 1585579587.0950928}, "cmdq": 1, "read": {"device_start": -1, "device_end": -1}}, "coalesced_transpose57": {"write": {"device_start": -1, "host_queued_start": 1585579652.226641, "device_queued": -1, "device_end": -1, "host_queued_end": 1585579652.260336}, "device": "gpu", "nd_range": {"device_start": 1585579587.1242313, "device_end": 1585579587.1242661}, "cmdq": 2, "read": {"device_start": -1, "device_end": -1}}, "empty26": {"write": {"device_start": 1585579587.0442533, "host_queued_start": 1585579652.133421, "device_queued": 1585579587.04385, "device_end": 1585579587.0445492, "host_queued_end": 1585579652.260336}, "device": "gpu", "nd_range": {"device_start": 1585579587.0445526, "device_end": 1585579587.0445573}, "cmdq": 2, "read": {"device_start": -1, "device_end": -1}}, "coalesced_transpose12": {"write": {"device_start": -1, "host_queued_start": 1585579652.2251, "device_queued": -1, "device_end": -1, "host_queued_end": 1585579652.260336}, "device": "gpu", "nd_range": {"device_start": 1585579587.121115, "device_end": 1585579587.1241977}, "cmdq": 0, "read": {"device_start": -1, "device_end": -1}}, "empty44": {"write": {"device_start": 1585579587.0448723, "host_queued_start": 1585579652.13864, "device_queued": 1585579587.0445695, "device_end": 1585579587.0451128, "host_queued_end": 1585579652.260336}, "device": "gpu", "nd_range": {"device_start": 1585579587.045116, "device_end": 1585579587.0451236}, "cmdq": 1, "read": {"device_start": -1, "device_end": -1}}, "coalesced_transpose21": {"write": {"device_start": -1, "host_queued_start": 1585579652.225403, "device_queued": -1, "device_end": -1, "host_queued_end": 1585579652.260336}, "device": "gpu", "nd_range": {"device_start": 1585579587.1243901, "device_end": 1585579587.1244142}, "cmdq": 1, "read": {"device_start": -1, "device_end": -1}}, "FFC_sans_bias36": {"write": {"device_start": 1585579587.0791461, "host_queued_start": 1585579652.188583, "device_queued": 1585579587.0487661, "device_end": 1585579587.079245, "host_queued_end": 1585579652.260336}, "device": "gpu", "nd_range": {"device_start": 1585579587.0792499, "device_end": 1585579587.0885808}, "cmdq": 2, "read": {"device_start": -1, "device_end": -1}}, "softmax14": {"write": {"device_start": -1, "host_queued_start": 1585579652.230007, "device_queued": -1, "device_end": -1, "host_queued_end": 1585579652.260336}, "device": "gpu", "nd_range": {"device_start": 1585579587.1505265, "device_end": 1585579587.150938}, "cmdq": 1, "read": {"device_start": -1, "device_end": -1}}, "FFC_sans_bias13": {"write": {"device_start": -1, "host_queued_start": 1585579652.227597, "device_queued": -1, "device_end": -1, "host_queued_end": 1585579652.260336}, "device": "gpu", "nd_range": {"device_start": 1585579587.1244082, "device_end": 1585579587.127763}, "cmdq": 2, "read": {"device_start": -1, "device_end": -1}}, "empty8": {"write": {"device_start": 1585579587.0435991, "host_queued_start": 1585579652.127422, "device_queued": 1585579587.0432498, "device_end": 1585579587.0437524, "host_queued_end": 1585579652.260336}, "device": "gpu", "nd_range": {"device_start": 1585579587.0437615, "device_end": 1585579587.043766}, "cmdq": 0, "read": {"device_start": -1, "device_end": -1}}, "FFC_sans_bias42": {"write": {"device_start": -1, "host_queued_start": 1585579652.233151, "device_queued": -1, "device_end": -1, "host_queued_end": 1585579652.260336}, "device": "gpu", "nd_range": {"device_start": 1585579587.1586194, "device_end": 1585579587.1682968}, "cmdq": 0, "read": {"device_start": -1, "device_end": -1}}, "FFC_sans_bias43": {"write": {"device_start": 1585579587.1856177, "host_queued_start": 1585579652.250343, "device_queued": 1585579587.056943, "device_end": 1585579587.1857162, "host_queued_end": 1585579652.260336}, "device": "gpu", "nd_range": {"device_start": 1585579587.1857312, "device_end": 1585579587.191655}, "cmdq": 2, "read": {"device_start": 1585579587.1916592, "device_end": 1585579587.1917486}}, "FFC_sans_bias40": {"write": {"device_start": -1, "host_queued_start": 1585579652.228546, "device_queued": -1, "device_end": -1, "host_queued_end": 1585579652.260336}, "device": "gpu", "nd_range": {"device_start": 1585579587.1277764, "device_end": 1585579587.1376216}, "cmdq": 2, "read": {"device_start": -1, "device_end": -1}}, "softmax32": {"write": {"device_start": -1, "host_queued_start": 1585579652.230502, "device_queued": -1, "device_end": -1, "host_queued_end": 1585579652.260336}, "device": "gpu", "nd_range": {"device_start": 1585579587.1481125, "device_end": 1585579587.1518621}, "cmdq": 0, "read": {"device_start": -1, "device_end": -1}}, "FFC_sans_bias47": {"write": {"device_start": 1585579587.0953677, "host_queued_start": 1585579652.204866, "device_queued": 1585579587.0502849, "device_end": 1585579587.0954695, "host_queued_end": 1585579652.260336}, "device": "gpu", "nd_range": {"device_start": 1585579587.095476, "device_end": 1585579587.1048343}, "cmdq": 1, "read": {"device_start": -1, "device_end": -1}}, "FFC_sans_bias45": {"write": {"device_start": 1585579587.0888608, "host_queued_start": 1585579652.198355, "device_queued": 1585579587.049567, "device_end": 1585579587.0889626, "host_queued_end": 1585579652.260336}, "device": "gpu", "nd_range": {"device_start": 1585579587.0889719, "device_end": 1585579587.0983129}, "cmdq": 2, "read": {"device_start": -1, "device_end": -1}}, "softmax50": {"write": {"device_start": -1, "host_queued_start": 1585579652.230999, "device_queued": -1, "device_end": -1, "host_queued_end": 1585579652.260336}, "device": "gpu", "nd_range": {"device_start": 1585579587.1518934, "device_end": 1585579587.152616}, "cmdq": 2, "read": {"device_start": -1, "device_end": -1}}, "FFC_sans_bias33": {"write": {"device_start": -1, "host_queued_start": 1585579652.232835, "device_queued": -1, "device_end": -1, "host_queued_end": 1585579652.260336}, "device": "gpu", "nd_range": {"device_start": 1585579587.1618886, "device_end": 1585579587.1715913}, "cmdq": 2, "read": {"device_start": -1, "device_end": -1}}, "FFC_sans_bias63": {"write": {"device_start": 1585579587.1149085, "host_queued_start": 1585579652.224444, "device_queued": 1585579587.0516973, "device_end": 1585579587.1150117, "host_queued_end": 1585579652.260336}, "device": "gpu", "nd_range": {"device_start": 1585579587.1150172, "device_end": 1585579587.1243844}, "cmdq": 1, "read": {"device_start": -1, "device_end": -1}}, "FFC_sans_bias49": {"write": {"device_start": -1, "host_queued_start": 1585579652.228859, "device_queued": -1, "device_end": -1, "host_queued_end": 1585579652.260336}, "device": "gpu", "nd_range": {"device_start": 1585579587.131113, "device_end": 1585579587.1407707}, "cmdq": 0, "read": {"device_start": -1, "device_end": -1}}, "FFC_sans_bias64": {"write": {"device_start": 1585579587.1083486, "host_queued_start": 1585579652.217935, "device_queued": 1585579587.0511177, "device_end": 1585579587.1084502, "host_queued_end": 1585579652.260336}, "device": "gpu", "nd_range": {"device_start": 1585579587.1084552, "device_end": 1585579587.117841}, "cmdq": 2, "read": {"device_start": -1, "device_end": -1}}, "FFC_sans_bias65": {"write": {"device_start": 1585579587.111619, "host_queued_start": 1585579652.221206, "device_queued": 1585579587.0514593, "device_end": 1585579587.111718, "host_queued_end": 1585579652.260336}, "device": "gpu", "nd_range": {"device_start": 1585579587.1117227, "device_end": 1585579587.1211138}, "cmdq": 0, "read": {"device_start": -1, "device_end": -1}}, "FFC_sans_bias67": {"write": {"device_start": -1, "host_queued_start": 1585579652.229502, "device_queued": -1, "device_end": -1, "host_queued_end": 1585579652.260336}, "device": "gpu", "nd_range": {"device_start": 1585579587.1376352, "device_end": 1585579587.1473298}, "cmdq": 2, "read": {"device_start": -1, "device_end": -1}}, "FFC_sans_bias24": {"write": {"device_start": -1, "host_queued_start": 1585579652.232519, "device_queued": -1, "device_end": -1, "host_queued_end": 1585579652.260336}, "device": "gpu", "nd_range": {"device_start": 1585579587.1519089, "device_end": 1585579587.1552894}, "cmdq": 1, "read": {"device_start": -1, "device_end": -1}}, "FFC_sans_bias25": {"write": {"device_start": 1585579587.1819, "host_queued_start": 1585579652.243789, "device_queued": 1585579587.0565796, "device_end": 1585579587.1819978, "host_queued_end": 1585579652.260336}, "device": "gpu", "nd_range": {"device_start": 1585579587.1820126, "device_end": 1585579587.1883647}, "cmdq": 0, "read": {"device_start": 1585579587.188369, "device_end": 1585579587.1884608}}, "FFC_sans_bias27": {"write": {"device_start": 1585579587.0693572, "host_queued_start": 1585579652.178781, "device_queued": 1585579587.048077, "device_end": 1585579587.0694664, "host_queued_end": 1585579652.260336}, "device": "gpu", "nd_range": {"device_start": 1585579587.069473, "device_end": 1585579587.078854}, "cmdq": 2, "read": {"device_start": -1, "device_end": -1}}, "FFC_sans_bias20": {"write": {"device_start": 1585579587.066123, "host_queued_start": 1585579652.17552, "device_queued": 1585579587.0479536, "device_end": 1585579587.0662246, "host_queued_end": 1585579652.260336}, "device": "gpu", "nd_range": {"device_start": 1585579587.06623, "device_end": 1585579587.075596}, "cmdq": 1, "read": {"device_start": -1, "device_end": -1}}, "FFC_sans_bias22": {"write": {"device_start": -1, "host_queued_start": 1585579652.227917, "device_queued": -1, "device_end": -1, "host_queued_end": 1585579652.260336}, "device": "gpu", "nd_range": {"device_start": 1585579587.1244438, "device_end": 1585579587.1310992}, "cmdq": 0, "read": {"device_start": -1, "device_end": -1}}, "softmax68": {"write": {"device_start": -1, "host_queued_start": 1585579652.231491, "device_queued": -1, "device_end": -1, "host_queued_end": 1585579652.260336}, "device": "gpu", "nd_range": {"device_start": 1585579587.1513746, "device_end": 1585579587.1517875}, "cmdq": 1, "read": {"device_start": -1, "device_end": -1}}, "softmax5": {"write": {"device_start": -1, "host_queued_start": 1585579652.229756, "device_queued": -1, "device_end": -1, "host_queued_end": 1585579652.260336}, "device": "gpu", "nd_range": {"device_start": 1585579587.1407843, "device_end": 1585579587.1480992}, "cmdq": 0, "read": {"device_start": -1, "device_end": -1}}, "FFC_sans_bias28": {"write": {"device_start": 1585579587.072627, "host_queued_start": 1585579652.182008, "device_queued": 1585579587.048413, "device_end": 1585579587.0727253, "host_queued_end": 1585579652.260336}, "device": "gpu", "nd_range": {"device_start": 1585579587.0727339, "device_end": 1585579587.0821087}, "cmdq": 0, "read": {"device_start": -1, "device_end": -1}}, "FFC_sans_bias29": {"write": {"device_start": 1585579587.0758827, "host_queued_start": 1585579652.185261, "device_queued": 1585579587.0486422, "device_end": 1585579587.075982, "host_queued_end": 1585579652.260336}, "device": "gpu", "nd_range": {"device_start": 1585579587.075986, "device_end": 1585579587.0853431}, "cmdq": 1, "read": {"device_start": -1, "device_end": -1}}, "empty17": {"write": {"device_start": 1585579587.043937, "host_queued_start": 1585579652.130805, "device_queued": 1585579587.0436199, "device_end": 1585579587.044208, "host_queued_end": 1585579652.260336}, "device": "gpu", "nd_range": {"device_start": 1585579587.0442147, "device_end": 1585579587.044221}, "cmdq": 1, "read": {"device_start": -1, "device_end": -1}}, "softmax59": {"write": {"device_start": -1, "host_queued_start": 1585579652.231244, "device_queued": -1, "device_end": -1, "host_queued_end": 1585579652.260336}, "device": "gpu", "nd_range": {"device_start": 1585579587.151876, "device_end": 1585579587.1525798}, "cmdq": 0, "read": {"device_start": -1, "device_end": -1}}, "empty71": {"write": {"device_start": 1585579587.0457714, "host_queued_start": 1585579652.14635, "device_queued": 1585579587.0454862, "device_end": 1585579587.0460124, "host_queued_end": 1585579652.260336}, "device": "gpu", "nd_range": {"device_start": 1585579587.046023, "device_end": 1585579587.046027}, "cmdq": 1, "read": {"device_start": -1, "device_end": -1}}, "empty35": {"write": {"device_start": 1585579587.0445628, "host_queued_start": 1585579652.136051, "device_queued": 1585579587.0442338, "device_end": 1585579587.0447636, "host_queued_end": 1585579652.260336}, "device": "gpu", "nd_range": {"device_start": 1585579587.04477, "device_end": 1585579587.044774}, "cmdq": 0, "read": {"device_start": -1, "device_end": -1}}, "empty53": {"write": {"device_start": 1585579587.045192, "host_queued_start": 1585579652.141198, "device_queued": 1585579587.044782, "device_end": 1585579587.0454705, "host_queued_end": 1585579652.260336}, "device": "gpu", "nd_range": {"device_start": 1585579587.0454807, "device_end": 1585579587.045495}, "cmdq": 2, "read": {"device_start": -1, "device_end": -1}}, "FFC_sans_bias46": {"write": {"device_start": 1585579587.0921507, "host_queued_start": 1585579652.201612, "device_queued": 1585579587.0500429, "device_end": 1585579587.0922506, "host_queued_end": 1585579652.260336}, "device": "gpu", "nd_range": {"device_start": 1585579587.0922573, "device_end": 1585579587.101613}, "cmdq": 0, "read": {"device_start": -1, "device_end": -1}}, "coalesced_transpose66": {"write": {"device_start": -1, "host_queued_start": 1585579652.226953, "device_queued": -1, "device_end": -1, "host_queued_end": 1585579652.260336}, "device": "gpu", "nd_range": {"device_start": 1585579587.1242585, "device_end": 1585579587.124285}, "cmdq": 0, "read": {"device_start": -1, "device_end": -1}}, "coalesced_transpose48": {"write": {"device_start": -1, "host_queued_start": 1585579652.226327, "device_queued": -1, "device_end": -1, "host_queued_end": 1585579652.260336}, "device": "gpu", "nd_range": {"device_start": 1585579587.1244252, "device_end": 1585579587.127591}, "cmdq": 1, "read": {"device_start": -1, "device_end": -1}}}